1,1,0.61,675.51,50.94,207.61,0.70382,-1,-1,-1
1,2,1370.39,514.35,33.77,99.99,0.64486,-1,-1,-1
1,3,1609.11,558.15,56.11,115.72,0.60239,-1,-1,-1
1,4,1526.19,561.34,46.58,112.38,0.42373,-1,-1,-1
1,5,121.73,708.25,52.92,96.51,0.41023,-1,-1,-1
1,6,500.83,551.07,35.88,89.51,0.35944,-1,-1,-1
1,7,539.67,551.46,32.50,88.90,0.31296,-1,-1,-1
1,8,1445.57,498.45,30.44,85.98,0.31295,-1,-1,-1
2,1,0.00,660.71,41.08,212.86,0.65662,-1,-1,-1
2,2,1372.33,513.32,33.54,101.13,0.64223,-1,-1,-1
2,3,1615.03,550.38,60.08,123.52,0.65964,-1,-1,-1
2,4,1531.59,558.83,48.22,115.34,0.56231,-1,-1,-1
2,5,109.85,699.00,50.60,95.76,0.55179,-1,-1,-1
2,6,500.38,536.10,38.59,94.54,0.32199,-1,-1,-1
2,8,1448.85,491.91,31.13,90.78,0.39037,-1,-1,-1
3,1,0.00,691.66,35.48,211.39,0.65063,-1,-1,-1
3,2,1373.86,508.37,37.34,105.43,0.58885,-1,-1,-1
3,3,1619.97,547.05,63.30,121.11,0.65416,-1,-1,-1
3,4,1537.45,552.41,49.64,117.57,0.65009,-1,-1,-1
3,5,106.13,724.38,45.89,96.95,0.52627,-1,-1,-1
3,6,500.04,550.86,37.96,92.90,0.36426,-1,-1,-1
3,8,1451.03,486.49,32.60,92.38,0.31864,-1,-1,-1
3,9,172.19,583.11,49.21,157.72,0.42736,-1,-1,-1
4,1,0.00,702.05,23.91,170.10,0.39352,-1,-1,-1
4,2,1379.63,505.86,36.58,108.80,0.71228,-1,-1,-1
4,3,1629.29,547.41,63.05,125.33,0.75983,-1,-1,-1
4,4,1548.29,552.22,44.58,120.73,0.65275,-1,-1,-1
4,5,93.45,722.14,43.52,100.45,0.58936,-1,-1,-1
4,6,499.09,546.83,36.80,93.73,0.43330,-1,-1,-1
4,8,1457.74,485.25,28.80,90.97,0.44567,-1,-1,-1
4,7,537.51,545.94,33.92,96.75,0.37041,-1,-1,-1
5,2,1384.07,514.83,34.31,110.63,0.71159,-1,-1,-1
5,3,1635.36,563.29,62.11,123.90,0.63640,-1,-1,-1
5,4,1550.50,561.65,49.30,121.87,0.40031,-1,-1,-1
5,5,78.58,714.71,43.76,103.13,0.50123,-1,-1,-1
5,6,496.72,540.08,34.16,96.22,0.44858,-1,-1,-1
5,8,1460.08,496.17,27.40,87.48,0.54651,-1,-1,-1
6,2,1391.04,526.81,31.63,108.66,0.63626,-1,-1,-1
6,3,1642.86,574.03,65.20,124.50,0.75713,-1,-1,-1
6,5,67.42,731.66,42.05,105.06,0.48395,-1,-1,-1
6,6,497.73,552.20,36.82,98.46,0.46379,-1,-1,-1
6,8,1464.07,505.81,26.62,87.96,0.53916,-1,-1,-1
6,9,143.49,580.87,55.00,164.40,0.45789,-1,-1,-1
7,2,1392.69,518.15,32.09,111.35,0.58162,-1,-1,-1
7,3,1650.31,569.95,65.34,128.16,0.74041,-1,-1,-1
7,5,51.73,730.69,41.75,108.48,0.33339,-1,-1,-1
7,6,493.95,540.53,36.79,103.00,0.37828,-1,-1,-1
7,8,1466.22,498.50,26.66,89.60,0.46615,-1,-1,-1
7,9,132.13,579.23,58.21,164.14,0.39087,-1,-1,-1
7,7,536.47,545.01,31.49,100.35,0.33755,-1,-1,-1
7,4,1563.13,566.72,54.07,126.28,0.57478,-1,-1,-1
8,2,1394.79,530.81,33.32,109.01,0.67183,-1,-1,-1
8,3,1657.20,577.82,66.23,129.84,0.66322,-1,-1,-1
8,5,36.68,741.00,43.47,108.90,0.49428,-1,-1,-1
8,6,493.51,548.13,35.93,102.39,0.35959,-1,-1,-1
8,8,1467.39,508.83,30.17,88.10,0.52310,-1,-1,-1
8,7,534.61,543.77,33.50,108.52,0.31424,-1,-1,-1
8,4,1569.52,579.79,52.04,123.87,0.54956,-1,-1,-1
9,2,1397.16,533.46,34.50,107.63,0.67437,-1,-1,-1
9,3,1663.49,583.07,66.35,132.21,0.69221,-1,-1,-1
9,5,17.84,737.76,46.36,114.79,0.61309,-1,-1,-1
9,6,490.92,549.11,35.83,99.18,0.31868,-1,-1,-1
9,8,1469.22,512.05,31.46,88.13,0.43287,-1,-1,-1
9,4,1576.30,587.12,50.93,123.83,0.50524,-1,-1,-1
9,15,1514.23,521.49,28.87,86.61,0.34434,-1,-1,-1
9,16,219.94,613.18,42.34,136.74,0.43334,-1,-1,-1
9,17,677.68,524.54,28.18,80.17,0.32077,-1,-1,-1
10,2,1398.46,542.64,35.36,107.06,0.65870,-1,-1,-1
10,3,1668.80,601.72,64.72,129.40,0.78679,-1,-1,-1
10,5,0.95,727.11,47.37,116.05,0.63994,-1,-1,-1
10,6,489.59,542.93,35.35,99.54,0.45814,-1,-1,-1
10,8,1471.89,523.68,29.94,87.58,0.32171,-1,-1,-1
10,4,1581.64,603.47,49.62,123.05,0.68461,-1,-1,-1
10,16,211.04,610.61,41.96,133.40,0.50922,-1,-1,-1
10,7,529.63,548.81,29.12,94.86,0.39019,-1,-1,-1
11,2,1400.62,530.70,37.14,106.89,0.67485,-1,-1,-1
11,3,1678.25,579.37,66.17,133.71,0.76575,-1,-1,-1
11,5,0.00,748.70,38.32,119.24,0.40787,-1,-1,-1
11,8,1472.23,510.81,32.67,86.87,0.38778,-1,-1,-1
11,4,1588.78,587.19,51.75,125.57,0.65540,-1,-1,-1
11,16,201.77,614.67,45.18,142.39,0.43038,-1,-1,-1
11,9,86.11,589.22,59.45,170.65,0.35391,-1,-1,-1
12,2,1403.03,533.05,37.65,109.69,0.68545,-1,-1,-1
12,3,1686.64,588.04,65.22,133.13,0.77074,-1,-1,-1
12,8,1474.43,514.34,36.26,89.17,0.38701,-1,-1,-1
12,4,1595.92,592.23,53.01,127.80,0.70690,-1,-1,-1
12,16,192.91,609.85,47.11,150.17,0.51313,-1,-1,-1
12,9,77.62,592.83,57.69,168.09,0.39827,-1,-1,-1
13,2,1407.73,529.71,35.66,106.59,0.71720,-1,-1,-1
13,3,1693.72,590.22,64.43,132.64,0.72335,-1,-1,-1
13,8,1476.28,511.50,38.97,90.66,0.42412,-1,-1,-1
13,4,1600.34,594.07,55.34,127.16,0.66623,-1,-1,-1
13,16,176.32,581.17,53.05,164.51,0.54740,-1,-1,-1
14,2,1408.31,528.52,36.29,103.53,0.66844,-1,-1,-1
14,3,1701.37,583.43,63.40,133.25,0.68388,-1,-1,-1
14,4,1609.26,586.99,55.66,128.92,0.62787,-1,-1,-1
14,16,167.92,596.26,52.90,165.32,0.31463,-1,-1,-1
14,6,480.35,550.18,33.42,96.67,0.30129,-1,-1,-1
14,7,518.33,545.87,33.88,101.10,0.31286,-1,-1,-1
14,9,54.16,584.57,56.48,175.13,0.35314,-1,-1,-1
15,2,1412.36,530.76,36.04,105.63,0.52911,-1,-1,-1
15,3,1711.01,584.61,62.44,137.23,0.75022,-1,-1,-1
15,4,1619.29,590.96,53.49,129.62,0.71901,-1,-1,-1
15,6,479.79,548.76,33.74,96.30,0.31139,-1,-1,-1
15,7,518.24,539.58,34.58,105.10,0.39871,-1,-1,-1
15,15,1533.61,517.31,32.14,92.00,0.31694,-1,-1,-1
16,2,1416.24,533.36,34.71,104.99,0.54589,-1,-1,-1
16,3,1716.78,591.36,60.90,136.57,0.74225,-1,-1,-1
16,4,1626.21,594.50,55.07,130.40,0.69745,-1,-1,-1
16,6,478.42,542.79,33.98,100.55,0.38478,-1,-1,-1
16,7,516.48,536.62,35.64,106.36,0.46323,-1,-1,-1
16,16,144.98,600.05,51.55,162.59,0.32995,-1,-1,-1
16,9,33.82,583.35,54.71,175.82,0.45809,-1,-1,-1
17,2,1418.27,532.66,36.92,107.43,0.60314,-1,-1,-1
17,3,1723.79,589.26,62.09,138.62,0.70993,-1,-1,-1
17,4,1634.54,589.71,54.80,133.51,0.69522,-1,-1,-1
17,6,475.83,544.87,35.47,102.08,0.51399,-1,-1,-1
17,7,513.52,539.81,37.90,107.26,0.48979,-1,-1,-1
17,16,133.26,604.16,49.08,168.02,0.43125,-1,-1,-1
17,9,20.55,589.24,54.12,180.15,0.38506,-1,-1,-1
18,2,1420.98,533.19,37.20,108.59,0.69918,-1,-1,-1
18,3,1733.15,592.97,61.36,138.14,0.70398,-1,-1,-1
18,4,1643.99,590.97,54.56,134.81,0.62566,-1,-1,-1
18,6,474.67,542.15,37.46,104.28,0.55467,-1,-1,-1
18,7,513.18,540.08,38.11,107.03,0.50156,-1,-1,-1
18,9,8.81,589.89,54.24,184.55,0.39463,-1,-1,-1
19,2,1423.12,534.06,37.86,108.14,0.73413,-1,-1,-1
19,3,1741.74,594.72,62.62,139.12,0.74837,-1,-1,-1
19,4,1651.58,592.14,54.81,135.34,0.44406,-1,-1,-1
19,6,473.37,540.55,37.77,105.87,0.51225,-1,-1,-1
19,7,511.55,539.61,39.34,108.04,0.51172,-1,-1,-1
19,9,0.00,588.86,50.59,185.83,0.37683,-1,-1,-1
20,2,1424.59,534.56,38.56,106.79,0.74769,-1,-1,-1
20,3,1750.13,596.23,62.74,139.82,0.74301,-1,-1,-1
20,4,1659.43,593.39,52.93,135.32,0.60538,-1,-1,-1
20,6,471.22,544.10,37.71,106.71,0.40134,-1,-1,-1
20,7,508.12,537.81,40.97,113.59,0.48401,-1,-1,-1
20,9,0.00,595.66,38.21,185.08,0.47918,-1,-1,-1
21,2,1426.45,533.54,39.80,110.64,0.69065,-1,-1,-1
21,3,1758.39,597.97,62.77,140.60,0.74625,-1,-1,-1
21,4,1667.00,596.53,54.46,137.07,0.68722,-1,-1,-1
21,6,468.87,547.96,35.63,102.68,0.45734,-1,-1,-1
21,7,506.78,538.43,40.14,113.99,0.52304,-1,-1,-1
21,9,0.00,610.90,25.32,171.04,0.37720,-1,-1,-1
22,2,1429.63,537.14,40.09,105.15,0.66921,-1,-1,-1
22,3,1770.49,601.31,60.77,139.05,0.74873,-1,-1,-1
22,4,1674.86,597.94,54.46,140.12,0.62647,-1,-1,-1
22,6,465.94,550.58,36.33,103.54,0.55547,-1,-1,-1
22,7,504.70,542.80,38.26,112.59,0.51162,-1,-1,-1
23,2,1431.35,538.46,40.31,108.46,0.66277,-1,-1,-1
23,3,1778.98,601.10,62.47,144.02,0.77168,-1,-1,-1
23,4,1681.36,600.28,55.86,142.54,0.72558,-1,-1,-1
23,6,465.32,549.55,34.77,105.63,0.42747,-1,-1,-1
23,7,500.35,546.37,41.04,110.04,0.54945,-1,-1,-1
23,17,665.59,528.02,25.95,78.25,0.32845,-1,-1,-1
24,2,1435.36,532.39,39.18,113.82,0.65382,-1,-1,-1
24,3,1788.39,595.18,64.68,149.76,0.71087,-1,-1,-1
24,4,1687.38,600.60,58.25,143.17,0.73072,-1,-1,-1
24,6,461.25,550.60,40.08,108.06,0.47403,-1,-1,-1
24,7,496.85,551.86,39.35,107.22,0.45787,-1,-1,-1
24,17,665.23,531.92,25.78,77.27,0.36864,-1,-1,-1
25,2,1438.06,535.89,40.45,119.18,0.66239,-1,-1,-1
25,3,1797.44,603.64,66.61,148.75,0.70940,-1,-1,-1
25,4,1695.78,607.47,56.64,147.35,0.72784,-1,-1,-1
25,6,458.56,548.29,42.99,113.19,0.43788,-1,-1,-1
25,7,496.26,552.86,39.02,108.90,0.46726,-1,-1,-1
26,2,1440.26,538.39,43.00,119.29,0.72271,-1,-1,-1
26,3,1806.95,608.03,68.30,147.58,0.58984,-1,-1,-1
26,4,1703.90,611.77,58.46,149.46,0.72518,-1,-1,-1
26,6,457.04,549.01,42.20,113.38,0.51066,-1,-1,-1
26,7,494.98,549.97,40.20,113.13,0.55056,-1,-1,-1
26,19,1529.72,519.73,27.92,85.99,0.47761,-1,-1,-1
26,17,664.26,534.82,26.91,79.16,0.40387,-1,-1,-1
27,2,1443.28,541.58,41.93,115.66,0.74743,-1,-1,-1
27,3,1814.20,611.39,73.01,150.26,0.65183,-1,-1,-1
27,4,1710.93,615.51,59.60,149.47,0.67389,-1,-1,-1
27,6,453.32,555.92,42.85,110.76,0.39291,-1,-1,-1
27,7,493.12,559.42,40.08,107.17,0.60967,-1,-1,-1
27,19,1530.79,520.86,31.77,86.23,0.69162,-1,-1,-1
28,2,1446.76,544.92,44.64,112.31,0.72805,-1,-1,-1
28,3,1822.87,611.54,74.60,155.45,0.77160,-1,-1,-1
28,4,1718.48,617.17,60.21,151.86,0.67385,-1,-1,-1
28,6,450.66,558.47,42.14,109.76,0.35210,-1,-1,-1
28,7,491.31,564.17,39.82,104.13,0.58624,-1,-1,-1
28,19,1533.88,524.99,33.86,84.00,0.53661,-1,-1,-1
29,2,1451.50,551.03,41.13,110.89,0.70814,-1,-1,-1
29,3,1830.48,620.53,75.31,159.09,0.69205,-1,-1,-1
29,4,1725.98,624.05,60.33,158.34,0.72285,-1,-1,-1
29,6,448.62,562.25,41.24,106.17,0.48915,-1,-1,-1
29,7,490.52,567.99,38.46,100.36,0.52821,-1,-1,-1
29,19,1536.32,527.24,34.24,89.52,0.56121,-1,-1,-1
30,2,1453.95,550.83,42.07,111.58,0.64194,-1,-1,-1
30,3,1836.86,621.19,78.49,153.71,0.63457,-1,-1,-1
30,4,1737.04,624.65,59.88,159.69,0.75275,-1,-1,-1
30,6,444.19,566.49,42.96,109.94,0.61479,-1,-1,-1
30,7,488.42,574.63,38.86,101.76,0.50040,-1,-1,-1
30,19,1538.57,525.79,34.78,91.48,0.56471,-1,-1,-1
31,2,1457.30,552.66,42.57,118.42,0.62871,-1,-1,-1
31,3,1850.72,626.27,69.28,151.13,0.63914,-1,-1,-1
31,4,1749.16,628.45,59.28,156.28,0.57905,-1,-1,-1
31,6,442.69,579.82,41.38,109.79,0.57574,-1,-1,-1
31,7,487.83,581.64,38.65,108.46,0.41697,-1,-1,-1
31,19,1542.74,526.22,34.24,96.14,0.48697,-1,-1,-1
32,2,1460.89,556.58,40.13,119.32,0.63738,-1,-1,-1
32,3,1858.38,634.60,61.62,158.54,0.68715,-1,-1,-1
32,4,1756.97,632.84,59.99,155.92,0.67679,-1,-1,-1
32,6,441.53,573.99,41.17,108.26,0.57233,-1,-1,-1
32,7,487.06,575.20,38.69,108.51,0.52656,-1,-1,-1
32,19,1545.90,529.58,33.67,93.27,0.59782,-1,-1,-1
32,17,658.85,556.13,29.87,75.35,0.35471,-1,-1,-1
33,2,1464.57,543.03,41.87,124.13,0.74280,-1,-1,-1
33,3,1870.00,622.99,50.00,167.04,0.66619,-1,-1,-1
33,4,1767.46,621.46,60.17,154.11,0.64615,-1,-1,-1
33,6,438.49,562.92,39.96,109.05,0.51493,-1,-1,-1
33,7,483.54,566.70,37.64,108.27,0.48748,-1,-1,-1
33,19,1549.75,518.13,33.60,91.63,0.65315,-1,-1,-1
33,17,653.18,544.33,32.55,78.68,0.31769,-1,-1,-1
34,2,1468.61,544.81,41.88,124.81,0.76055,-1,-1,-1
34,3,1880.91,631.53,39.09,151.94,0.55457,-1,-1,-1
34,4,1775.30,621.10,63.85,156.52,0.74544,-1,-1,-1
34,6,436.57,572.37,39.75,105.51,0.48031,-1,-1,-1
34,7,480.64,568.67,38.88,112.41,0.52050,-1,-1,-1
34,19,1553.28,518.34,33.03,93.01,0.59727,-1,-1,-1
35,2,1471.33,539.76,44.38,126.02,0.72995,-1,-1,-1
35,4,1784.61,621.39,65.75,158.11,0.63809,-1,-1,-1
35,6,435.58,563.27,40.01,105.07,0.42903,-1,-1,-1
35,7,478.48,559.60,38.67,111.74,0.37608,-1,-1,-1
35,19,1559.69,515.37,31.46,92.99,0.53351,-1,-1,-1
36,2,1476.40,536.34,43.87,128.76,0.75136,-1,-1,-1
36,4,1793.68,618.04,69.17,165.28,0.70687,-1,-1,-1
36,6,432.25,561.92,41.28,105.38,0.35212,-1,-1,-1
36,7,475.23,553.19,39.18,117.00,0.30156,-1,-1,-1
36,19,1564.64,514.43,30.97,91.62,0.34069,-1,-1,-1
37,2,1480.49,537.48,42.15,127.65,0.71928,-1,-1,-1
37,4,1800.59,621.77,73.75,168.71,0.77331,-1,-1,-1
37,6,429.59,553.47,39.24,109.44,0.35365,-1,-1,-1
37,7,470.62,541.41,41.69,123.82,0.47038,-1,-1,-1
37,19,1569.79,514.53,32.04,92.09,0.42685,-1,-1,-1
38,2,1484.45,532.69,41.55,129.67,0.71038,-1,-1,-1
38,4,1809.37,616.32,77.41,175.53,0.78103,-1,-1,-1
38,6,426.05,551.75,39.68,113.86,0.49796,-1,-1,-1
38,7,466.52,541.16,43.93,124.91,0.53761,-1,-1,-1
38,19,1574.50,504.71,31.61,95.94,0.47908,-1,-1,-1
39,2,1488.43,537.83,42.17,128.52,0.70324,-1,-1,-1
39,4,1821.01,627.81,76.20,175.35,0.75079,-1,-1,-1
39,6,423.82,542.78,39.16,115.08,0.45163,-1,-1,-1
39,7,465.46,530.51,43.44,127.60,0.47700,-1,-1,-1
39,19,1580.75,507.76,32.94,96.89,0.51436,-1,-1,-1
40,2,1491.77,536.02,41.97,127.40,0.71115,-1,-1,-1
40,4,1832.97,625.98,76.01,177.73,0.77933,-1,-1,-1
40,6,420.15,542.20,39.37,119.58,0.38431,-1,-1,-1
40,7,464.10,536.76,43.51,124.51,0.46936,-1,-1,-1
40,19,1583.05,501.13,35.46,102.11,0.32836,-1,-1,-1
41,2,1495.64,544.95,43.23,122.06,0.69695,-1,-1,-1
41,4,1844.64,633.10,74.61,180.05,0.75755,-1,-1,-1
41,6,419.35,536.42,39.92,123.66,0.40866,-1,-1,-1
41,7,463.20,536.80,44.36,122.59,0.46858,-1,-1,-1
41,19,1589.14,502.89,37.96,105.23,0.49602,-1,-1,-1
42,2,1500.80,547.60,43.28,121.02,0.68670,-1,-1,-1
42,4,1857.05,637.39,62.95,180.77,0.69202,-1,-1,-1
42,6,418.04,536.66,42.68,126.80,0.54918,-1,-1,-1
42,7,461.62,543.11,46.04,118.95,0.46196,-1,-1,-1
42,19,1594.51,506.17,36.01,102.71,0.57500,-1,-1,-1
42,17,646.57,522.03,33.24,90.90,0.30938,-1,-1,-1
43,2,1505.35,549.96,42.73,122.23,0.66782,-1,-1,-1
43,4,1869.33,644.28,50.67,174.16,0.66262,-1,-1,-1
43,6,415.49,536.28,44.70,129.96,0.54246,-1,-1,-1
43,7,457.83,534.83,47.18,130.02,0.41231,-1,-1,-1
43,19,1597.30,510.89,34.57,99.57,0.50657,-1,-1,-1
43,20,502.52,528.19,33.94,89.40,0.37189,-1,-1,-1
44,2,1511.08,552.09,42.83,121.01,0.62221,-1,-1,-1
44,4,1881.76,649.35,38.24,169.18,0.64081,-1,-1,-1
44,6,414.89,536.08,44.63,132.77,0.38121,-1,-1,-1
44,7,452.42,533.11,49.27,135.67,0.40041,-1,-1,-1
44,19,1600.58,510.13,37.46,101.02,0.53060,-1,-1,-1
45,2,1515.78,556.49,43.60,127.16,0.75725,-1,-1,-1
45,4,1892.79,669.62,27.21,162.44,0.47590,-1,-1,-1
45,6,415.62,533.55,42.63,132.57,0.37554,-1,-1,-1
45,7,451.31,530.81,48.36,135.89,0.32607,-1,-1,-1
45,19,1604.66,514.42,39.49,101.91,0.58890,-1,-1,-1
46,2,1519.97,554.96,43.21,132.66,0.75706,-1,-1,-1
46,6,408.45,538.99,46.85,128.96,0.31286,-1,-1,-1
46,7,448.56,533.64,47.85,137.13,0.34414,-1,-1,-1
46,19,1608.71,514.80,39.99,101.22,0.54869,-1,-1,-1
47,2,1524.93,558.73,43.36,132.13,0.72062,-1,-1,-1
47,7,448.69,536.28,45.06,133.86,0.32766,-1,-1,-1
47,19,1617.34,524.42,36.13,95.31,0.53026,-1,-1,-1
47,17,641.06,530.41,31.36,87.82,0.35341,-1,-1,-1
47,20,492.13,515.64,37.00,104.25,0.33613,-1,-1,-1
48,2,1528.64,560.23,44.79,133.41,0.70873,-1,-1,-1
48,7,447.39,543.32,45.36,132.48,0.36312,-1,-1,-1
48,19,1621.70,527.47,33.46,92.77,0.64922,-1,-1,-1
48,20,490.00,526.83,35.83,96.87,0.31557,-1,-1,-1
48,6,403.08,537.13,47.65,134.52,0.33996,-1,-1,-1
49,2,1533.43,560.55,44.84,135.91,0.71093,-1,-1,-1
49,7,445.70,548.41,44.34,128.41,0.54231,-1,-1,-1
49,19,1626.13,532.71,31.98,91.36,0.71562,-1,-1,-1
49,6,398.36,550.27,44.87,123.67,0.41661,-1,-1,-1
50,2,1538.14,557.51,45.83,137.41,0.69643,-1,-1,-1
50,7,444.46,556.23,43.60,120.58,0.56119,-1,-1,-1
50,19,1631.73,530.43,29.13,90.43,0.41618,-1,-1,-1
50,6,396.83,553.55,44.13,119.50,0.36352,-1,-1,-1
50,24,569.81,533.10,30.66,93.43,0.32244,-1,-1,-1
51,2,1542.42,561.35,46.29,137.88,0.69925,-1,-1,-1
51,7,442.24,564.66,43.13,112.40,0.55198,-1,-1,-1
51,19,1637.15,534.07,29.43,89.75,0.64385,-1,-1,-1
51,6,396.10,551.86,44.05,120.35,0.48966,-1,-1,-1
52,2,1546.58,558.82,49.40,145.73,0.70925,-1,-1,-1
52,7,441.16,568.45,41.61,109.90,0.56907,-1,-1,-1
52,19,1640.64,532.85,30.02,90.68,0.56290,-1,-1,-1
52,6,394.58,552.11,45.30,122.51,0.53732,-1,-1,-1
52,25,335.44,562.03,37.00,112.55,0.50295,-1,-1,-1
52,17,635.74,538.01,31.98,88.47,0.41331,-1,-1,-1
53,2,1550.77,557.43,51.13,150.83,0.68799,-1,-1,-1
53,7,439.01,566.97,43.59,113.00,0.53596,-1,-1,-1
53,19,1644.58,533.82,30.10,89.69,0.53406,-1,-1,-1
53,6,392.19,551.12,45.71,125.96,0.53111,-1,-1,-1
53,25,330.06,558.60,40.30,118.12,0.43166,-1,-1,-1
53,17,635.87,536.92,31.09,90.14,0.44000,-1,-1,-1
54,2,1553.76,556.83,52.43,153.44,0.72474,-1,-1,-1
54,7,436.20,567.58,44.30,112.87,0.56175,-1,-1,-1
54,19,1648.77,534.02,30.26,89.37,0.59263,-1,-1,-1
54,6,388.21,549.11,45.60,128.59,0.51630,-1,-1,-1
54,25,327.33,561.15,41.51,113.48,0.49997,-1,-1,-1
54,17,635.25,535.30,31.40,90.74,0.39541,-1,-1,-1
54,24,553.77,533.42,34.66,95.41,0.31090,-1,-1,-1
55,2,1558.11,554.60,52.70,157.58,0.74963,-1,-1,-1
55,7,434.56,564.16,44.51,117.08,0.46164,-1,-1,-1
55,19,1653.54,533.59,31.85,91.26,0.60383,-1,-1,-1
55,6,384.72,545.03,45.88,133.10,0.57093,-1,-1,-1
55,25,325.38,559.36,43.09,113.94,0.49452,-1,-1,-1
55,17,635.53,535.55,30.55,90.70,0.33952,-1,-1,-1
56,2,1562.70,554.07,52.27,157.56,0.73730,-1,-1,-1
56,7,431.05,563.66,43.64,118.31,0.35472,-1,-1,-1
56,19,1657.05,527.64,35.01,98.42,0.72288,-1,-1,-1
56,6,382.38,549.34,44.27,129.03,0.52266,-1,-1,-1
56,25,320.73,557.88,45.58,115.72,0.55407,-1,-1,-1
56,17,632.99,535.89,27.76,92.22,0.35233,-1,-1,-1
56,24,550.94,533.10,31.37,97.46,0.32900,-1,-1,-1
57,2,1567.39,551.74,53.26,157.85,0.71718,-1,-1,-1
57,7,426.69,561.60,43.97,119.35,0.45389,-1,-1,-1
57,19,1659.43,521.59,36.63,102.72,0.71779,-1,-1,-1
57,6,379.91,550.22,43.90,128.10,0.52485,-1,-1,-1
57,25,315.40,556.44,46.35,117.79,0.46085,-1,-1,-1
57,17,631.04,535.71,27.81,92.66,0.34816,-1,-1,-1
57,24,549.49,532.05,31.29,98.53,0.37437,-1,-1,-1
58,2,1571.58,555.30,53.22,153.82,0.63345,-1,-1,-1
58,7,422.02,559.33,44.73,120.39,0.46333,-1,-1,-1
58,19,1661.86,515.59,37.10,106.95,0.68227,-1,-1,-1
58,6,377.10,547.52,43.35,129.77,0.57522,-1,-1,-1
58,25,310.01,554.25,47.61,117.22,0.46626,-1,-1,-1
58,17,630.72,535.76,27.39,91.44,0.32707,-1,-1,-1
58,24,546.05,532.24,31.68,96.96,0.30485,-1,-1,-1
59,2,1577.82,561.11,51.20,149.14,0.63083,-1,-1,-1
59,7,418.56,559.77,45.44,118.32,0.41460,-1,-1,-1
59,19,1664.63,511.21,40.07,110.87,0.65778,-1,-1,-1
59,6,374.14,544.04,41.99,131.48,0.56189,-1,-1,-1
59,25,306.35,550.86,47.83,120.38,0.43602,-1,-1,-1
59,17,627.75,535.18,28.37,90.72,0.36997,-1,-1,-1
60,2,1581.57,560.32,51.50,151.24,0.62633,-1,-1,-1
60,7,416.21,562.93,47.05,115.48,0.38643,-1,-1,-1
60,19,1665.97,510.59,41.68,111.20,0.72093,-1,-1,-1
60,6,369.86,546.23,41.21,129.45,0.55103,-1,-1,-1
60,25,303.03,553.90,47.92,117.52,0.39533,-1,-1,-1
61,2,1585.39,549.84,52.81,156.70,0.62063,-1,-1,-1
61,7,414.03,562.40,47.93,117.57,0.42169,-1,-1,-1
61,19,1666.90,507.02,44.34,108.71,0.71702,-1,-1,-1
61,6,365.33,549.44,44.03,128.46,0.47702,-1,-1,-1
61,25,298.92,558.48,49.63,115.17,0.43449,-1,-1,-1
62,2,1589.71,556.22,53.40,156.25,0.70034,-1,-1,-1
62,7,413.15,552.44,44.08,124.24,0.34878,-1,-1,-1
62,19,1670.97,517.84,44.21,105.00,0.54885,-1,-1,-1
62,6,362.00,542.30,45.75,130.48,0.46048,-1,-1,-1
62,25,296.77,551.44,49.18,115.38,0.43841,-1,-1,-1
62,17,622.92,531.08,27.28,93.87,0.37506,-1,-1,-1
63,2,1595.98,542.91,55.09,155.33,0.64143,-1,-1,-1
63,7,411.64,571.10,45.96,120.40,0.36976,-1,-1,-1
63,19,1678.32,509.87,41.27,96.49,0.57163,-1,-1,-1
63,6,359.61,563.02,45.93,128.23,0.40088,-1,-1,-1
63,25,293.95,571.86,49.08,115.29,0.49578,-1,-1,-1
64,2,1600.23,562.44,55.40,153.40,0.62680,-1,-1,-1
64,7,404.85,549.49,45.18,127.44,0.33279,-1,-1,-1
64,19,1687.24,529.49,35.32,95.11,0.63731,-1,-1,-1
64,6,357.12,541.71,44.73,133.60,0.48496,-1,-1,-1
64,25,291.36,551.45,45.99,117.58,0.48488,-1,-1,-1
64,17,621.23,530.98,26.19,95.49,0.35017,-1,-1,-1
65,2,1602.43,561.85,56.46,151.05,0.72983,-1,-1,-1
65,7,401.09,558.51,45.38,123.31,0.38616,-1,-1,-1
65,19,1689.96,528.83,33.90,90.58,0.68084,-1,-1,-1
65,6,350.48,549.86,46.62,131.94,0.47890,-1,-1,-1
65,25,287.45,559.31,44.43,116.85,0.50911,-1,-1,-1
65,24,527.77,532.68,32.05,99.52,0.33996,-1,-1,-1
66,2,1609.75,559.81,56.71,149.91,0.72258,-1,-1,-1
66,7,397.81,567.09,48.19,123.62,0.50101,-1,-1,-1
66,19,1697.06,520.62,33.96,91.56,0.69146,-1,-1,-1
66,6,347.87,558.54,47.67,134.15,0.60090,-1,-1,-1
66,25,286.95,568.30,42.49,114.92,0.50831,-1,-1,-1
66,27,467.70,560.18,30.43,73.08,0.41390,-1,-1,-1
66,17,618.54,542.16,26.18,92.67,0.32682,-1,-1,-1
67,2,1613.68,570.40,55.54,153.78,0.73450,-1,-1,-1
67,7,394.12,556.22,46.05,121.85,0.55554,-1,-1,-1
67,19,1699.49,537.11,34.08,90.99,0.65390,-1,-1,-1
67,6,343.08,543.28,48.24,135.73,0.55191,-1,-1,-1
67,25,281.69,547.24,41.66,121.12,0.33539,-1,-1,-1
67,27,460.37,551.09,30.57,70.91,0.34298,-1,-1,-1
68,2,1617.02,564.20,57.20,152.57,0.73251,-1,-1,-1
68,7,388.64,563.57,49.61,123.06,0.54879,-1,-1,-1
68,19,1701.77,528.51,33.95,89.85,0.57789,-1,-1,-1
68,6,339.88,555.81,48.03,131.85,0.57776,-1,-1,-1
68,25,277.40,560.84,41.90,119.32,0.44457,-1,-1,-1
68,27,454.77,559.17,31.13,72.52,0.44737,-1,-1,-1
69,2,1621.49,572.34,57.93,156.18,0.75649,-1,-1,-1
69,7,385.78,557.27,46.99,123.39,0.49374,-1,-1,-1
69,19,1704.82,538.94,34.37,90.88,0.65007,-1,-1,-1
69,6,334.11,545.42,50.20,137.00,0.43979,-1,-1,-1
69,25,272.52,551.22,40.45,125.04,0.43992,-1,-1,-1
69,27,450.80,554.25,28.58,73.57,0.40451,-1,-1,-1
70,2,1625.17,567.29,59.28,156.81,0.77613,-1,-1,-1
70,7,380.61,556.28,47.95,127.05,0.58752,-1,-1,-1
70,19,1705.74,535.14,34.98,92.25,0.59566,-1,-1,-1
70,6,329.98,545.35,50.53,138.93,0.51927,-1,-1,-1
70,25,266.99,549.87,42.88,129.27,0.37455,-1,-1,-1
70,27,443.91,555.30,30.13,74.58,0.46118,-1,-1,-1
71,2,1629.54,571.40,58.93,158.89,0.75642,-1,-1,-1
71,7,375.08,553.75,48.41,128.58,0.56056,-1,-1,-1
71,19,1707.04,537.46,34.98,93.22,0.68901,-1,-1,-1
71,6,327.87,546.14,48.44,136.47,0.51476,-1,-1,-1
71,27,436.84,553.51,32.69,75.67,0.39558,-1,-1,-1
71,24,504.74,531.69,37.03,107.91,0.44289,-1,-1,-1
71,17,598.94,539.27,28.32,96.78,0.33798,-1,-1,-1
72,2,1632.99,562.41,60.32,169.28,0.78865,-1,-1,-1
72,7,370.69,555.01,47.97,130.13,0.61032,-1,-1,-1
72,19,1707.44,536.04,36.00,91.79,0.69024,-1,-1,-1
72,6,324.78,550.85,49.13,134.58,0.61641,-1,-1,-1
72,27,429.42,555.77,34.53,75.66,0.42422,-1,-1,-1
72,24,502.37,534.64,36.65,107.34,0.36984,-1,-1,-1
73,2,1637.85,564.65,60.28,171.81,0.67432,-1,-1,-1
73,7,366.40,549.15,47.73,132.77,0.58287,-1,-1,-1
73,19,1709.06,539.32,38.09,93.92,0.58284,-1,-1,-1
73,6,317.85,544.38,50.88,137.68,0.47067,-1,-1,-1
73,27,424.41,552.23,32.00,74.87,0.40555,-1,-1,-1
73,24,499.79,533.91,35.47,106.44,0.34321,-1,-1,-1
73,25,252.23,552.02,40.19,128.08,0.33683,-1,-1,-1
74,2,1641.26,568.23,63.67,169.04,0.72138,-1,-1,-1
74,7,362.84,548.88,48.80,134.46,0.49750,-1,-1,-1
74,19,1710.85,536.62,37.76,93.45,0.58534,-1,-1,-1
74,6,314.29,543.89,50.00,140.16,0.37266,-1,-1,-1
74,27,417.86,553.51,34.25,74.48,0.44664,-1,-1,-1
74,25,247.39,545.09,45.00,137.73,0.31661,-1,-1,-1
75,2,1643.80,575.90,64.68,165.52,0.74295,-1,-1,-1
75,7,356.09,553.85,47.61,130.29,0.60821,-1,-1,-1
75,19,1712.20,539.31,37.85,93.56,0.57012,-1,-1,-1
75,6,306.47,547.31,49.57,136.25,0.41638,-1,-1,-1
75,27,411.80,554.24,33.47,75.86,0.37586,-1,-1,-1
75,17,580.66,536.92,28.81,103.60,0.34573,-1,-1,-1
76,2,1647.55,578.05,64.48,164.47,0.73416,-1,-1,-1
76,7,350.97,551.55,48.34,131.16,0.49514,-1,-1,-1
76,19,1713.04,539.32,38.34,91.72,0.54717,-1,-1,-1
76,6,296.00,543.52,55.34,140.16,0.47539,-1,-1,-1
76,27,401.70,552.71,35.76,74.53,0.32754,-1,-1,-1
76,17,575.98,535.65,30.46,103.50,0.34073,-1,-1,-1
77,2,1649.47,580.79,67.08,163.64,0.71966,-1,-1,-1
77,7,344.01,550.55,48.57,132.56,0.61334,-1,-1,-1
77,19,1713.74,540.82,38.44,91.05,0.53637,-1,-1,-1
77,6,291.23,545.28,54.15,139.27,0.44759,-1,-1,-1
77,27,395.58,553.85,34.46,77.02,0.37044,-1,-1,-1
77,17,572.85,534.76,30.28,104.72,0.38539,-1,-1,-1
77,24,476.69,534.83,41.87,110.87,0.30629,-1,-1,-1
78,2,1652.60,581.68,68.17,164.45,0.73339,-1,-1,-1
78,7,339.56,551.71,48.07,132.94,0.52983,-1,-1,-1
78,19,1713.78,540.47,39.00,90.44,0.58268,-1,-1,-1
78,6,281.93,541.73,56.08,143.81,0.42751,-1,-1,-1
78,27,389.54,553.14,34.96,77.58,0.34271,-1,-1,-1
78,17,570.17,535.69,28.24,101.65,0.30511,-1,-1,-1
78,25,222.84,543.69,43.45,138.86,0.30231,-1,-1,-1
79,2,1653.80,584.52,71.60,162.89,0.75054,-1,-1,-1
79,7,333.61,548.78,49.60,135.61,0.55615,-1,-1,-1
79,19,1713.37,540.35,39.11,90.34,0.57468,-1,-1,-1
79,6,272.09,538.46,60.26,145.58,0.50171,-1,-1,-1
79,27,382.69,552.25,33.97,77.14,0.34340,-1,-1,-1
79,24,464.04,530.51,40.01,114.21,0.34369,-1,-1,-1
80,2,1654.45,582.09,74.67,166.37,0.72477,-1,-1,-1
80,7,327.21,552.42,50.01,134.69,0.60847,-1,-1,-1
80,19,1712.81,536.72,39.71,91.46,0.61131,-1,-1,-1
80,6,263.42,537.97,63.66,148.03,0.55732,-1,-1,-1
80,27,373.76,554.19,35.36,76.85,0.33604,-1,-1,-1
80,24,456.13,530.37,43.44,117.78,0.49049,-1,-1,-1
80,17,552.54,534.62,36.05,110.19,0.30650,-1,-1,-1
81,2,1657.24,582.23,73.59,166.98,0.75018,-1,-1,-1
81,7,319.39,552.95,51.04,134.02,0.57074,-1,-1,-1
81,19,1712.06,536.29,39.49,91.38,0.57028,-1,-1,-1
81,6,263.82,546.39,55.16,137.34,0.34885,-1,-1,-1
81,27,367.69,554.19,34.23,75.24,0.49623,-1,-1,-1
81,24,451.21,530.77,44.97,119.70,0.33464,-1,-1,-1
81,32,148.21,556.87,45.63,132.16,0.38108,-1,-1,-1
81,17,547.56,538.65,37.20,106.45,0.32786,-1,-1,-1
82,2,1659.94,583.18,72.83,170.11,0.73926,-1,-1,-1
82,7,312.17,554.67,49.87,132.44,0.49805,-1,-1,-1
82,19,1712.23,537.18,37.28,91.17,0.61256,-1,-1,-1
82,6,260.63,538.69,51.61,145.07,0.38150,-1,-1,-1
82,27,359.69,554.73,34.62,76.41,0.35227,-1,-1,-1
82,32,139.40,556.17,49.10,135.20,0.43440,-1,-1,-1
83,2,1665.12,582.59,68.92,171.92,0.70570,-1,-1,-1
83,7,304.80,558.24,51.37,131.18,0.66955,-1,-1,-1
83,19,1712.04,536.85,36.12,91.03,0.58924,-1,-1,-1
83,6,255.83,541.71,48.50,145.37,0.45929,-1,-1,-1
83,27,354.89,558.22,32.46,74.40,0.35731,-1,-1,-1
83,32,130.28,558.96,51.56,133.48,0.54496,-1,-1,-1
83,24,439.93,537.12,42.67,115.38,0.38254,-1,-1,-1
84,2,1665.24,579.97,72.71,176.77,0.72423,-1,-1,-1
84,7,296.61,561.84,54.24,128.56,0.53189,-1,-1,-1
84,19,1712.62,535.29,34.76,92.22,0.57101,-1,-1,-1
84,6,245.60,549.40,52.19,140.41,0.54138,-1,-1,-1
84,27,346.76,558.02,32.07,74.38,0.42469,-1,-1,-1
84,32,121.78,561.04,52.66,134.46,0.53372,-1,-1,-1
84,33,462.68,545.06,43.07,111.14,0.39089,-1,-1,-1
84,24,433.26,537.21,42.07,114.10,0.35888,-1,-1,-1
85,2,1667.71,581.48,72.71,179.66,0.76749,-1,-1,-1
85,7,290.81,562.66,51.52,129.15,0.50227,-1,-1,-1
85,19,1711.85,536.73,34.66,92.60,0.47571,-1,-1,-1
85,6,242.55,555.93,48.44,136.80,0.47862,-1,-1,-1
85,32,112.60,564.61,54.02,133.35,0.52656,-1,-1,-1
85,34,399.18,557.86,28.66,89.18,0.31391,-1,-1,-1
86,2,1671.30,580.70,71.18,179.81,0.76506,-1,-1,-1
86,7,284.37,561.76,49.93,131.33,0.58329,-1,-1,-1
86,19,1708.59,535.50,36.26,80.47,0.31399,-1,-1,-1
86,6,231.80,556.82,50.35,136.92,0.43053,-1,-1,-1
86,32,103.49,562.59,55.79,140.52,0.41352,-1,-1,-1
86,34,391.07,554.53,32.79,93.48,0.44653,-1,-1,-1
86,33,451.11,539.13,42.54,119.88,0.36082,-1,-1,-1
86,24,422.22,535.01,39.00,121.43,0.34228,-1,-1,-1
87,2,1672.52,584.25,72.21,180.29,0.79700,-1,-1,-1
87,7,279.34,563.69,51.53,132.25,0.57371,-1,-1,-1
87,6,225.14,556.53,50.37,139.09,0.49199,-1,-1,-1
87,32,96.03,562.21,58.99,137.68,0.53373,-1,-1,-1
87,34,383.42,554.22,35.59,97.46,0.54042,-1,-1,-1
87,33,442.74,545.02,42.25,117.77,0.39082,-1,-1,-1
87,24,415.18,537.56,39.95,120.89,0.30943,-1,-1,-1
88,2,1674.88,582.77,72.00,184.04,0.79778,-1,-1,-1
88,7,271.01,568.81,51.81,131.90,0.50282,-1,-1,-1
88,6,219.57,561.37,50.43,138.85,0.57312,-1,-1,-1
88,32,90.27,566.96,54.46,131.83,0.50285,-1,-1,-1
88,34,377.42,555.92,35.53,98.36,0.39872,-1,-1,-1
88,33,433.74,547.77,46.62,119.65,0.41586,-1,-1,-1
88,17,512.32,540.42,37.83,120.97,0.33857,-1,-1,-1
89,2,1678.45,584.30,70.42,188.55,0.80388,-1,-1,-1
89,7,265.04,567.30,51.60,132.19,0.47021,-1,-1,-1
89,6,214.56,558.51,48.70,142.67,0.31234,-1,-1,-1
89,32,83.32,563.06,54.38,135.51,0.46565,-1,-1,-1
89,34,368.85,554.34,32.76,99.11,0.45757,-1,-1,-1
89,33,429.74,546.27,43.69,122.54,0.58407,-1,-1,-1
90,2,1681.87,585.70,70.31,192.25,0.75703,-1,-1,-1
90,7,259.38,571.19,53.36,134.04,0.52961,-1,-1,-1
90,6,205.37,557.63,51.67,147.32,0.32560,-1,-1,-1
90,32,74.96,565.71,57.72,138.13,0.48454,-1,-1,-1
90,34,360.32,566.02,34.94,92.58,0.42774,-1,-1,-1
90,33,420.95,547.85,45.96,125.62,0.30542,-1,-1,-1
90,24,393.02,539.83,41.73,130.91,0.36057,-1,-1,-1
91,2,1684.62,595.30,72.46,188.68,0.78867,-1,-1,-1
91,7,249.91,558.84,63.60,149.04,0.43939,-1,-1,-1
91,6,199.67,559.96,51.02,146.32,0.38287,-1,-1,-1
91,32,67.49,566.68,56.60,141.21,0.45135,-1,-1,-1
91,34,353.98,570.10,34.14,90.08,0.37621,-1,-1,-1
91,33,413.88,550.38,46.32,125.42,0.57314,-1,-1,-1
91,24,385.33,545.62,42.54,124.87,0.31324,-1,-1,-1
92,2,1687.90,600.73,73.42,186.94,0.79636,-1,-1,-1
92,7,245.53,556.70,62.82,154.64,0.54594,-1,-1,-1
92,6,190.46,561.43,53.80,150.02,0.33489,-1,-1,-1
92,32,58.05,570.47,63.91,142.27,0.33620,-1,-1,-1
92,33,407.70,553.37,44.31,126.13,0.53751,-1,-1,-1
92,24,380.10,555.86,38.36,119.94,0.33571,-1,-1,-1
93,2,1689.26,605.29,73.98,187.00,0.80928,-1,-1,-1
93,7,241.07,566.97,56.26,146.08,0.55293,-1,-1,-1
93,6,184.64,555.42,53.61,159.94,0.56406,-1,-1,-1
93,33,401.00,556.07,44.22,127.24,0.52148,-1,-1,-1
93,24,371.25,555.05,36.79,125.79,0.30499,-1,-1,-1
93,34,339.14,579.29,33.43,88.86,0.40435,-1,-1,-1
94,2,1690.41,607.49,74.10,187.56,0.80382,-1,-1,-1
94,7,235.29,574.21,55.71,142.64,0.54259,-1,-1,-1
94,6,180.63,562.35,52.29,155.67,0.52318,-1,-1,-1
94,33,392.58,556.75,45.30,129.11,0.61944,-1,-1,-1
94,24,364.91,554.28,38.61,129.01,0.41288,-1,-1,-1
94,34,332.86,581.88,32.25,91.95,0.48237,-1,-1,-1
94,19,1697.42,540.92,38.86,82.57,0.37050,-1,-1,-1
95,2,1692.07,611.23,74.90,189.36,0.79160,-1,-1,-1
95,7,226.82,578.08,57.14,140.41,0.52142,-1,-1,-1
95,6,173.46,563.29,53.93,155.44,0.60169,-1,-1,-1
95,33,386.93,558.24,45.03,128.94,0.53398,-1,-1,-1
95,19,1694.60,542.36,40.73,90.68,0.48851,-1,-1,-1
96,2,1695.77,611.68,75.03,190.75,0.78855,-1,-1,-1
96,7,221.14,582.44,54.07,141.69,0.57556,-1,-1,-1
96,6,165.30,573.64,54.58,150.17,0.46266,-1,-1,-1
96,33,380.11,565.63,44.47,125.61,0.48388,-1,-1,-1
96,19,1693.51,541.78,43.16,94.47,0.52662,-1,-1,-1
96,24,352.64,558.30,35.04,130.00,0.34498,-1,-1,-1
96,34,316.79,584.63,32.20,89.65,0.45266,-1,-1,-1
97,2,1699.54,613.12,76.24,192.67,0.78567,-1,-1,-1
97,7,212.38,579.40,55.93,144.00,0.65204,-1,-1,-1
97,6,158.70,577.64,53.09,143.02,0.55609,-1,-1,-1
97,33,372.00,558.98,46.69,131.85,0.51665,-1,-1,-1
97,19,1692.58,544.15,42.86,94.59,0.53332,-1,-1,-1
97,24,343.63,553.22,38.40,133.71,0.47994,-1,-1,-1
97,34,308.31,578.74,33.87,96.92,0.58564,-1,-1,-1
98,2,1704.08,613.52,76.79,195.63,0.79190,-1,-1,-1
98,7,203.86,581.94,55.58,145.58,0.62143,-1,-1,-1
98,6,151.17,582.38,53.40,143.69,0.55955,-1,-1,-1
98,33,365.86,575.61,45.99,117.18,0.61051,-1,-1,-1
98,19,1691.04,545.70,41.56,95.45,0.50915,-1,-1,-1
98,24,336.08,560.27,39.37,130.93,0.30582,-1,-1,-1
98,17,453.12,564.90,35.25,118.01,0.33290,-1,-1,-1
99,2,1706.62,614.86,78.15,197.49,0.76025,-1,-1,-1
99,7,197.01,578.54,54.26,147.70,0.66554,-1,-1,-1
99,6,142.71,581.13,54.09,143.12,0.48241,-1,-1,-1
99,33,358.50,569.52,46.32,122.94,0.55810,-1,-1,-1
99,19,1688.69,546.09,42.12,100.83,0.50228,-1,-1,-1
99,24,329.26,557.14,37.37,132.41,0.45158,-1,-1,-1
99,37,414.39,573.38,40.67,119.37,0.37586,-1,-1,-1
99,34,290.51,587.14,34.37,90.15,0.48775,-1,-1,-1
100,2,1709.31,613.66,80.27,199.78,0.79468,-1,-1,-1
100,7,189.01,585.59,54.83,143.65,0.60901,-1,-1,-1
100,6,131.96,584.25,56.16,140.99,0.56739,-1,-1,-1
100,33,348.83,575.06,50.15,119.75,0.54665,-1,-1,-1
100,19,1685.91,547.47,42.55,101.67,0.64045,-1,-1,-1
100,24,320.11,560.75,38.98,131.98,0.40819,-1,-1,-1
100,34,281.49,587.92,35.31,94.84,0.59221,-1,-1,-1
100,17,441.63,563.54,33.04,107.79,0.44766,-1,-1,-1
101,2,1711.30,616.24,80.89,202.29,0.78653,-1,-1,-1
101,7,180.19,582.66,57.31,145.12,0.58591,-1,-1,-1
101,6,124.05,579.79,57.66,143.75,0.60324,-1,-1,-1
101,33,340.64,571.90,49.75,121.61,0.57069,-1,-1,-1
101,19,1684.80,550.21,40.07,103.21,0.71943,-1,-1,-1
101,24,310.36,572.02,37.77,119.29,0.38136,-1,-1,-1
101,34,273.06,588.22,34.05,92.33,0.44693,-1,-1,-1
101,38,1555.05,523.55,23.70,80.26,0.32485,-1,-1,-1
101,17,434.49,561.49,34.03,107.61,0.37459,-1,-1,-1
101,37,396.99,571.23,42.23,127.31,0.45288,-1,-1,-1
102,2,1713.25,619.22,82.37,200.95,0.81375,-1,-1,-1
102,7,171.99,583.70,57.56,145.29,0.56942,-1,-1,-1
102,6,115.07,581.60,57.96,145.57,0.62688,-1,-1,-1
102,33,332.44,575.07,49.51,120.73,0.61955,-1,-1,-1
102,19,1684.07,550.20,38.02,103.64,0.74128,-1,-1,-1
102,24,302.26,578.62,36.21,114.56,0.30356,-1,-1,-1
102,34,262.87,592.67,35.59,89.33,0.54179,-1,-1,-1
102,38,1549.34,522.08,25.17,81.29,0.38789,-1,-1,-1
102,17,430.81,561.77,31.83,109.63,0.38551,-1,-1,-1
102,37,389.28,573.41,43.22,126.79,0.37183,-1,-1,-1
103,2,1714.48,619.04,85.31,204.82,0.82629,-1,-1,-1
103,7,163.93,586.92,57.59,143.34,0.51827,-1,-1,-1
103,6,105.75,579.15,57.63,149.07,0.55242,-1,-1,-1
103,33,325.52,574.50,51.77,120.91,0.48583,-1,-1,-1
103,19,1683.35,550.09,36.78,103.10,0.71855,-1,-1,-1
103,34,255.16,590.17,36.27,96.58,0.44241,-1,-1,-1
103,38,1545.79,519.37,25.25,79.44,0.45366,-1,-1,-1
103,17,423.26,561.52,31.63,108.22,0.33620,-1,-1,-1
103,37,384.19,570.93,40.67,128.71,0.33810,-1,-1,-1
104,2,1715.78,624.06,86.55,207.08,0.81785,-1,-1,-1
104,7,154.94,588.78,52.89,139.23,0.42564,-1,-1,-1
104,6,95.95,576.47,58.23,149.82,0.56582,-1,-1,-1
104,33,316.24,576.62,50.96,117.50,0.35775,-1,-1,-1
104,19,1682.52,551.98,35.56,103.04,0.70768,-1,-1,-1
104,34,247.68,589.19,36.14,93.35,0.30843,-1,-1,-1
104,38,1544.81,521.37,23.25,76.94,0.37197,-1,-1,-1
104,17,415.82,558.28,33.34,107.37,0.44565,-1,-1,-1
104,37,374.44,573.37,40.91,126.06,0.47210,-1,-1,-1
104,25,35.41,577.93,52.50,140.47,0.30493,-1,-1,-1
105,2,1717.93,624.11,87.26,209.68,0.80595,-1,-1,-1
105,7,145.99,587.76,57.56,142.65,0.55088,-1,-1,-1
105,6,87.50,579.61,57.99,149.46,0.60132,-1,-1,-1
105,33,305.95,568.95,53.06,128.65,0.51700,-1,-1,-1
105,19,1681.41,549.96,34.88,103.75,0.66588,-1,-1,-1
105,34,238.12,592.11,37.27,92.19,0.44841,-1,-1,-1
105,17,408.59,559.42,34.35,113.88,0.40188,-1,-1,-1
105,37,367.40,570.69,41.18,131.88,0.37456,-1,-1,-1
105,25,25.11,580.71,53.99,143.24,0.41697,-1,-1,-1
106,2,1722.68,625.90,85.87,212.23,0.78004,-1,-1,-1
106,7,138.60,577.67,59.24,151.52,0.53160,-1,-1,-1
106,6,77.88,574.74,56.38,153.09,0.55980,-1,-1,-1
106,33,298.79,566.57,52.32,130.03,0.50225,-1,-1,-1
106,19,1678.99,549.71,34.20,105.64,0.60865,-1,-1,-1
106,34,228.13,589.45,36.67,95.29,0.35947,-1,-1,-1
106,37,360.50,566.91,40.16,135.23,0.51381,-1,-1,-1
106,38,1535.57,521.74,25.55,73.76,0.39703,-1,-1,-1
107,2,1726.36,623.22,85.14,216.20,0.78911,-1,-1,-1
107,7,130.23,583.43,56.95,147.13,0.40102,-1,-1,-1
107,6,68.25,573.22,58.26,155.55,0.59130,-1,-1,-1
107,33,288.33,560.34,53.51,137.47,0.46850,-1,-1,-1
107,19,1677.59,547.39,32.79,105.94,0.55339,-1,-1,-1
107,34,218.85,591.19,38.62,97.24,0.51864,-1,-1,-1
107,37,351.85,563.10,42.13,140.48,0.53567,-1,-1,-1
107,38,1532.75,520.21,27.65,76.29,0.44039,-1,-1,-1
107,24,257.55,588.86,36.87,113.99,0.39237,-1,-1,-1
107,17,393.87,560.39,34.63,107.40,0.50672,-1,-1,-1
107,25,8.50,576.48,51.78,144.86,0.39957,-1,-1,-1
108,2,1728.82,628.04,84.94,218.07,0.80294,-1,-1,-1
108,7,121.07,576.42,55.33,152.91,0.49893,-1,-1,-1
108,6,55.05,568.29,63.07,160.14,0.53555,-1,-1,-1
108,33,278.79,557.83,54.33,141.03,0.54801,-1,-1,-1
108,19,1676.69,549.32,31.23,106.70,0.46893,-1,-1,-1
108,34,209.91,587.18,37.53,100.38,0.58882,-1,-1,-1
108,37,342.60,561.94,44.37,141.86,0.53713,-1,-1,-1
108,38,1531.57,523.47,26.26,75.40,0.39182,-1,-1,-1
108,17,388.79,559.50,34.42,105.70,0.45628,-1,-1,-1
108,25,0.41,574.17,52.55,149.09,0.47866,-1,-1,-1
109,2,1730.90,628.42,86.09,221.47,0.80754,-1,-1,-1
109,7,113.27,574.89,57.87,156.64,0.41262,-1,-1,-1
109,6,44.83,569.46,63.64,160.22,0.48941,-1,-1,-1
109,33,268.06,567.03,55.38,136.82,0.41470,-1,-1,-1
109,19,1675.14,549.43,30.54,106.80,0.53656,-1,-1,-1
109,34,200.68,588.57,37.61,104.44,0.50783,-1,-1,-1
109,37,336.24,557.76,42.48,148.52,0.59199,-1,-1,-1
109,38,1527.28,522.60,26.85,74.89,0.39651,-1,-1,-1
109,17,381.41,558.81,35.23,110.75,0.45624,-1,-1,-1
109,25,0.00,574.80,43.36,154.29,0.36892,-1,-1,-1
110,2,1732.60,629.49,86.39,225.01,0.81267,-1,-1,-1
110,7,103.53,572.04,56.43,158.59,0.58321,-1,-1,-1
110,6,31.96,567.12,68.20,162.25,0.59163,-1,-1,-1
110,33,254.65,556.48,58.96,146.95,0.51463,-1,-1,-1
110,19,1674.31,550.81,29.00,107.43,0.35422,-1,-1,-1
110,34,190.53,587.16,38.78,105.33,0.53037,-1,-1,-1
110,37,326.63,561.84,44.12,143.58,0.61345,-1,-1,-1
110,17,374.05,557.21,35.07,108.94,0.44874,-1,-1,-1
110,25,0.00,571.95,33.44,154.84,0.38149,-1,-1,-1
111,2,1733.66,629.68,87.73,227.57,0.81172,-1,-1,-1
111,7,93.67,568.06,58.86,164.75,0.58852,-1,-1,-1
111,6,20.48,563.51,71.54,166.95,0.62250,-1,-1,-1
111,33,246.88,559.33,58.10,145.17,0.47620,-1,-1,-1
111,34,180.60,589.17,38.03,107.14,0.40326,-1,-1,-1
111,37,318.24,570.94,42.45,135.65,0.53143,-1,-1,-1
111,17,366.21,558.46,36.09,109.03,0.44923,-1,-1,-1
112,2,1734.91,632.35,89.61,228.25,0.80817,-1,-1,-1
112,7,84.50,572.67,59.55,161.69,0.57079,-1,-1,-1
112,6,9.50,566.57,76.42,166.07,0.53442,-1,-1,-1
112,33,238.67,567.50,56.26,138.87,0.59331,-1,-1,-1
112,34,170.98,592.62,36.60,103.56,0.48241,-1,-1,-1
112,37,308.07,570.85,41.52,138.70,0.55748,-1,-1,-1
112,17,357.72,559.55,36.80,111.44,0.55585,-1,-1,-1
112,24,202.34,591.36,42.11,115.21,0.30675,-1,-1,-1
113,2,1735.51,634.51,90.60,229.99,0.80368,-1,-1,-1
113,7,75.30,576.84,57.43,160.40,0.57914,-1,-1,-1
113,6,0.97,561.02,74.09,173.07,0.59650,-1,-1,-1
113,33,231.02,575.39,54.26,134.34,0.62003,-1,-1,-1
113,34,161.54,595.49,37.36,103.42,0.51986,-1,-1,-1
113,37,298.86,572.35,39.44,139.76,0.60067,-1,-1,-1
113,17,349.65,562.17,36.60,111.51,0.43426,-1,-1,-1
114,2,1737.57,635.00,90.23,231.01,0.79853,-1,-1,-1
114,7,63.29,567.95,59.63,169.20,0.65004,-1,-1,-1
114,6,1.11,571.49,62.80,164.21,0.54683,-1,-1,-1
114,33,218.85,580.86,55.02,129.42,0.57911,-1,-1,-1
114,34,151.66,597.45,34.89,102.93,0.61907,-1,-1,-1
114,37,290.41,571.89,41.53,141.22,0.49187,-1,-1,-1
114,17,341.47,564.49,36.66,109.43,0.50978,-1,-1,-1
115,2,1739.23,636.57,91.09,231.85,0.79175,-1,-1,-1
115,7,52.80,565.71,60.01,173.03,0.65230,-1,-1,-1
115,6,0.84,573.49,54.51,162.35,0.46689,-1,-1,-1
115,33,201.96,571.34,61.54,139.11,0.54298,-1,-1,-1
115,34,141.61,596.80,36.56,105.24,0.61639,-1,-1,-1
115,37,280.02,578.71,38.53,136.24,0.57174,-1,-1,-1
115,17,333.47,564.11,37.75,111.61,0.64186,-1,-1,-1
116,2,1741.14,636.59,91.69,234.98,0.79907,-1,-1,-1
116,7,43.86,571.93,58.29,170.24,0.60543,-1,-1,-1
116,6,0.00,582.22,49.15,157.97,0.62788,-1,-1,-1
116,33,195.89,575.78,58.62,140.52,0.54124,-1,-1,-1
116,34,130.69,599.61,35.34,103.79,0.57387,-1,-1,-1
116,37,271.12,579.99,37.75,137.73,0.47353,-1,-1,-1
116,17,324.00,567.42,39.08,110.81,0.61166,-1,-1,-1
117,2,1741.44,638.72,93.72,238.32,0.80852,-1,-1,-1
117,7,32.61,573.54,59.37,170.40,0.59552,-1,-1,-1
117,6,0.00,583.72,41.08,157.43,0.62848,-1,-1,-1
117,33,186.12,570.42,58.61,145.89,0.49150,-1,-1,-1
117,34,119.22,599.87,36.98,101.59,0.57586,-1,-1,-1
117,37,259.41,565.97,39.06,152.67,0.60945,-1,-1,-1
117,17,314.62,566.73,40.55,112.62,0.54254,-1,-1,-1
118,2,1743.08,637.40,95.82,244.08,0.80352,-1,-1,-1
118,7,21.85,577.24,60.25,169.67,0.51410,-1,-1,-1
118,6,0.00,588.98,30.86,154.91,0.49592,-1,-1,-1
118,33,179.40,580.73,54.43,139.36,0.54758,-1,-1,-1
118,34,109.55,600.75,37.65,104.92,0.50874,-1,-1,-1
118,37,249.28,571.16,38.49,151.69,0.66102,-1,-1,-1
118,17,308.41,561.70,38.63,118.63,0.64649,-1,-1,-1
119,2,1745.68,639.78,99.17,246.09,0.82163,-1,-1,-1
119,7,11.05,572.49,61.60,177.67,0.59506,-1,-1,-1
119,33,169.28,579.20,54.19,144.55,0.45748,-1,-1,-1
119,34,99.91,601.60,35.10,105.58,0.47608,-1,-1,-1
119,37,239.54,565.29,40.23,159.68,0.60965,-1,-1,-1
119,17,299.57,563.30,39.67,118.45,0.55125,-1,-1,-1
119,39,1742.75,566.07,46.92,97.71,0.35304,-1,-1,-1
119,24,125.95,596.32,42.83,124.26,0.41270,-1,-1,-1
120,2,1748.18,643.82,103.26,245.61,0.81259,-1,-1,-1
120,7,4.95,565.53,58.04,188.14,0.57863,-1,-1,-1
120,33,158.59,582.93,53.54,144.00,0.60089,-1,-1,-1
120,34,89.61,601.81,34.13,111.08,0.42468,-1,-1,-1
120,37,226.93,571.50,42.37,157.37,0.64864,-1,-1,-1
120,17,290.88,561.85,39.98,123.13,0.57893,-1,-1,-1
120,39,1742.48,558.79,43.99,107.85,0.41003,-1,-1,-1
121,2,1751.58,645.22,104.21,248.42,0.80908,-1,-1,-1
121,7,0.00,555.61,54.74,197.55,0.58025,-1,-1,-1
121,33,146.46,586.22,56.08,140.68,0.58796,-1,-1,-1
121,34,78.29,602.02,35.92,112.52,0.59200,-1,-1,-1
121,37,217.27,570.21,43.20,160.98,0.55966,-1,-1,-1
121,17,285.71,563.25,37.50,120.04,0.63048,-1,-1,-1
121,39,1741.25,555.20,43.70,113.84,0.43646,-1,-1,-1
121,24,103.87,601.09,43.19,127.89,0.52244,-1,-1,-1
122,2,1755.52,646.19,101.92,251.85,0.80840,-1,-1,-1
122,7,0.00,555.63,45.47,200.03,0.61861,-1,-1,-1
122,33,138.97,592.54,53.53,140.97,0.51018,-1,-1,-1
122,34,67.41,604.99,36.00,110.90,0.40755,-1,-1,-1
122,37,205.22,573.31,46.90,159.90,0.65842,-1,-1,-1
122,17,275.60,564.06,40.13,120.57,0.60057,-1,-1,-1
122,39,1739.78,553.42,42.80,117.31,0.39395,-1,-1,-1
123,2,1760.17,649.83,98.74,254.57,0.80877,-1,-1,-1
123,7,0.00,568.35,38.14,187.83,0.56818,-1,-1,-1
123,33,128.27,598.80,56.30,139.44,0.44934,-1,-1,-1
123,34,54.48,607.87,37.72,115.17,0.31579,-1,-1,-1
123,37,194.14,580.99,49.27,154.97,0.59623,-1,-1,-1
123,17,266.19,559.80,42.11,128.82,0.66021,-1,-1,-1
123,39,1739.54,554.70,42.13,119.63,0.40825,-1,-1,-1
123,24,81.42,605.29,43.84,131.08,0.43644,-1,-1,-1
124,2,1764.22,649.38,98.36,259.46,0.81613,-1,-1,-1
124,7,0.00,588.00,27.58,170.57,0.48595,-1,-1,-1
124,34,42.79,609.07,37.72,116.67,0.31041,-1,-1,-1
124,37,184.59,587.83,48.31,150.09,0.62827,-1,-1,-1
124,17,260.41,567.56,39.34,123.01,0.58671,-1,-1,-1
124,39,1739.10,555.06,42.40,117.53,0.41575,-1,-1,-1
125,2,1769.01,648.54,102.03,262.16,0.81642,-1,-1,-1
125,34,31.39,611.32,36.21,114.38,0.45955,-1,-1,-1
125,37,173.62,590.28,50.99,149.24,0.64271,-1,-1,-1
125,17,251.18,570.11,39.94,121.26,0.53479,-1,-1,-1
125,39,1737.10,554.45,42.43,118.73,0.33141,-1,-1,-1
125,40,87.15,580.29,51.12,149.31,0.31782,-1,-1,-1
125,41,565.66,525.90,30.34,68.79,0.41583,-1,-1,-1
125,24,59.64,614.52,39.22,121.61,0.30842,-1,-1,-1
126,2,1773.26,650.65,103.76,263.14,0.81145,-1,-1,-1
126,34,20.31,614.37,38.14,113.41,0.41179,-1,-1,-1
126,37,161.24,595.66,53.57,146.80,0.58434,-1,-1,-1
126,17,242.97,567.55,39.93,126.29,0.58279,-1,-1,-1
126,33,97.67,620.51,53.61,114.72,0.31632,-1,-1,-1
127,2,1777.45,651.46,104.94,266.17,0.81992,-1,-1,-1
127,34,5.45,621.58,38.48,106.63,0.35900,-1,-1,-1
127,37,152.84,601.12,51.96,145.10,0.59469,-1,-1,-1
127,17,236.00,570.17,39.07,126.19,0.57930,-1,-1,-1
127,33,84.25,624.94,56.79,115.54,0.47335,-1,-1,-1
127,39,1729.10,556.02,42.62,109.50,0.34189,-1,-1,-1
127,41,553.91,526.40,30.65,68.94,0.34758,-1,-1,-1
127,24,35.45,621.49,39.46,120.68,0.38191,-1,-1,-1
128,2,1780.76,653.64,106.61,267.64,0.81930,-1,-1,-1
128,34,0.00,621.47,29.91,109.35,0.34083,-1,-1,-1
128,37,141.38,603.08,54.18,144.53,0.54989,-1,-1,-1
128,17,225.28,563.28,40.55,133.38,0.61226,-1,-1,-1
128,33,71.70,624.36,58.64,118.03,0.46699,-1,-1,-1
128,39,1727.24,557.60,41.65,107.10,0.40173,-1,-1,-1
128,41,546.73,527.65,32.35,68.72,0.41873,-1,-1,-1
129,2,1785.59,656.01,110.82,269.57,0.82361,-1,-1,-1
129,34,0.00,623.41,19.47,109.34,0.31186,-1,-1,-1
129,37,130.49,600.52,52.26,150.80,0.51549,-1,-1,-1
129,17,218.00,566.16,39.83,133.34,0.59155,-1,-1,-1
129,33,63.06,623.35,55.87,122.57,0.35722,-1,-1,-1
129,39,1726.59,557.02,39.55,108.41,0.37782,-1,-1,-1
129,41,543.57,528.30,29.63,68.30,0.34326,-1,-1,-1
130,2,1788.10,657.96,115.12,272.06,0.82159,-1,-1,-1
130,37,117.12,603.63,58.37,151.15,0.32962,-1,-1,-1
130,17,209.44,565.68,40.84,135.49,0.55498,-1,-1,-1
130,33,48.94,622.94,56.90,126.67,0.38953,-1,-1,-1
130,39,1724.65,557.00,36.88,113.73,0.39853,-1,-1,-1
130,43,28.67,587.33,51.80,156.92,0.43999,-1,-1,-1
130,24,0.00,623.35,29.73,116.55,0.38667,-1,-1,-1
131,2,1791.30,659.45,118.10,276.80,0.83170,-1,-1,-1
131,37,105.12,599.85,51.38,156.66,0.43098,-1,-1,-1
131,17,200.45,572.31,41.07,129.52,0.47156,-1,-1,-1
131,39,1717.60,557.60,41.85,118.01,0.46862,-1,-1,-1
131,43,14.44,588.20,54.01,152.29,0.48534,-1,-1,-1
131,41,533.13,526.58,29.41,71.40,0.40610,-1,-1,-1
132,2,1796.18,660.90,120.35,283.69,0.86519,-1,-1,-1
132,37,94.30,599.27,47.69,160.58,0.43052,-1,-1,-1
132,17,191.62,569.74,41.40,133.50,0.64347,-1,-1,-1
132,39,1714.54,555.73,43.77,119.74,0.45374,-1,-1,-1
132,43,2.33,585.14,52.57,159.23,0.55133,-1,-1,-1
133,2,1802.34,663.04,117.53,289.43,0.88220,-1,-1,-1
133,37,80.26,595.06,49.30,167.74,0.54585,-1,-1,-1
133,17,182.01,566.57,43.86,136.12,0.53239,-1,-1,-1
133,39,1712.37,557.17,45.37,120.16,0.44773,-1,-1,-1
133,43,0.00,587.55,43.03,162.63,0.34626,-1,-1,-1
133,33,14.04,627.94,58.80,134.12,0.35784,-1,-1,-1
133,41,523.73,527.40,31.00,71.54,0.45301,-1,-1,-1
134,2,1807.35,665.16,112.65,294.80,0.85074,-1,-1,-1
134,37,50.67,580.92,66.56,188.15,0.49634,-1,-1,-1
134,17,173.37,567.23,42.18,138.34,0.55930,-1,-1,-1
134,39,1710.16,556.42,46.59,120.27,0.48077,-1,-1,-1
134,33,1.60,628.82,56.49,138.01,0.48410,-1,-1,-1
134,41,520.58,529.21,27.41,71.97,0.42524,-1,-1,-1
135,2,1811.11,665.97,108.89,301.28,0.81468,-1,-1,-1
135,37,32.62,574.51,74.08,198.22,0.54156,-1,-1,-1
135,17,165.88,569.89,40.83,138.19,0.54404,-1,-1,-1
135,39,1705.64,555.04,50.04,120.06,0.50325,-1,-1,-1
135,33,0.00,620.86,46.88,147.38,0.56755,-1,-1,-1
135,41,514.98,528.39,28.83,73.37,0.54735,-1,-1,-1
136,2,1817.30,669.54,102.70,305.29,0.83771,-1,-1,-1
136,37,22.00,573.64,75.21,200.94,0.52554,-1,-1,-1
136,17,157.04,567.45,41.15,140.76,0.39289,-1,-1,-1
136,39,1701.52,556.11,50.84,115.94,0.47186,-1,-1,-1
136,33,0.00,621.81,35.46,147.19,0.60074,-1,-1,-1
136,41,509.03,527.15,28.32,73.74,0.53678,-1,-1,-1
137,2,1823.62,677.50,96.38,307.35,0.77460,-1,-1,-1
137,37,15.95,573.23,70.56,204.61,0.62630,-1,-1,-1
137,17,148.65,572.88,40.33,137.78,0.40317,-1,-1,-1
137,39,1699.41,555.92,51.14,114.77,0.50362,-1,-1,-1
137,33,0.00,634.46,26.09,138.15,0.46936,-1,-1,-1
137,41,503.52,527.41,29.30,75.29,0.54810,-1,-1,-1
138,2,1829.92,679.26,90.08,310.75,0.78342,-1,-1,-1
138,37,9.50,571.80,64.59,206.06,0.63802,-1,-1,-1
138,17,140.55,572.05,40.81,139.63,0.49434,-1,-1,-1
138,39,1697.47,556.17,51.08,113.47,0.48958,-1,-1,-1
138,41,499.67,529.58,29.99,73.26,0.58178,-1,-1,-1
138,47,1570.55,557.96,44.50,105.97,0.57034,-1,-1,-1
139,2,1833.30,679.75,86.70,315.41,0.77014,-1,-1,-1
139,37,2.54,575.43,59.13,202.96,0.61633,-1,-1,-1
139,39,1696.56,556.67,49.80,110.84,0.50765,-1,-1,-1
139,41,495.41,528.10,27.67,72.79,0.44007,-1,-1,-1
139,47,1568.61,554.56,39.66,108.81,0.59448,-1,-1,-1
140,2,1840.02,682.17,79.98,312.76,0.75043,-1,-1,-1
140,37,0.00,574.90,48.93,210.76,0.62561,-1,-1,-1
140,39,1697.27,553.04,48.15,114.65,0.52849,-1,-1,-1
140,41,490.26,527.06,28.60,73.48,0.49692,-1,-1,-1
140,47,1566.67,550.59,37.23,111.44,0.66266,-1,-1,-1
140,17,122.40,562.69,42.07,152.65,0.37485,-1,-1,-1
141,2,1847.14,680.00,72.86,312.29,0.68021,-1,-1,-1
141,37,0.00,579.31,37.63,208.69,0.59103,-1,-1,-1
141,39,1698.60,551.79,45.54,115.78,0.45233,-1,-1,-1
141,41,485.40,527.89,27.77,73.81,0.52641,-1,-1,-1
141,47,1563.43,549.78,38.22,111.67,0.72735,-1,-1,-1
142,2,1854.25,693.15,65.75,300.27,0.64259,-1,-1,-1
142,39,1700.82,554.91,41.93,114.63,0.43785,-1,-1,-1
142,41,480.75,527.24,28.45,75.14,0.49950,-1,-1,-1
142,47,1560.32,551.24,40.04,108.57,0.68078,-1,-1,-1
142,48,399.65,530.97,26.08,64.44,0.36423,-1,-1,-1
143,2,1860.19,703.47,59.71,297.23,0.59269,-1,-1,-1
143,39,1699.37,561.10,40.86,109.97,0.36894,-1,-1,-1
143,41,476.42,526.64,30.76,73.91,0.53734,-1,-1,-1
143,47,1556.91,553.36,40.25,109.28,0.58987,-1,-1,-1
144,2,1866.40,714.91,53.40,263.77,0.47479,-1,-1,-1
144,39,1696.57,566.41,41.93,107.64,0.45866,-1,-1,-1
144,41,473.22,527.52,28.46,74.94,0.59425,-1,-1,-1
144,47,1554.15,556.12,38.07,109.40,0.70975,-1,-1,-1
145,39,1694.35,570.23,42.46,107.02,0.60191,-1,-1,-1
145,41,467.84,527.06,28.55,74.18,0.52568,-1,-1,-1
145,47,1549.23,557.77,37.33,108.21,0.69611,-1,-1,-1
145,48,382.54,529.16,27.91,64.90,0.40837,-1,-1,-1
146,39,1693.29,573.19,42.66,102.31,0.62107,-1,-1,-1
146,41,463.31,526.02,28.02,74.66,0.58516,-1,-1,-1
146,47,1545.30,556.04,38.50,110.35,0.64989,-1,-1,-1
146,48,378.96,529.31,26.88,64.43,0.40553,-1,-1,-1
147,39,1691.13,574.57,41.61,103.18,0.53394,-1,-1,-1
147,41,457.20,526.82,29.27,75.66,0.52438,-1,-1,-1
147,47,1540.57,557.48,39.13,109.68,0.67654,-1,-1,-1
147,48,372.52,531.00,27.99,65.18,0.32055,-1,-1,-1
148,39,1684.68,569.81,45.55,106.80,0.47121,-1,-1,-1
148,41,452.51,528.89,30.01,74.24,0.59049,-1,-1,-1
148,47,1532.23,555.16,44.68,112.66,0.69049,-1,-1,-1
148,48,363.77,529.76,28.84,66.61,0.31196,-1,-1,-1
149,39,1680.96,569.96,44.15,105.88,0.61045,-1,-1,-1
149,41,448.02,529.50,29.18,74.86,0.55756,-1,-1,-1
149,47,1520.77,554.28,52.79,113.61,0.68677,-1,-1,-1
149,48,358.13,530.03,30.34,67.72,0.37171,-1,-1,-1
150,39,1679.25,567.14,43.00,107.15,0.66826,-1,-1,-1
150,41,442.77,528.48,29.82,76.40,0.58403,-1,-1,-1
150,47,1512.83,558.00,58.20,109.68,0.71928,-1,-1,-1
150,48,355.21,530.07,28.58,68.05,0.40726,-1,-1,-1
151,39,1675.62,567.11,43.09,107.52,0.58676,-1,-1,-1
151,41,435.68,527.96,30.45,77.92,0.54143,-1,-1,-1
151,47,1509.03,559.48,58.24,109.03,0.70045,-1,-1,-1
151,48,349.24,533.09,28.69,68.15,0.34067,-1,-1,-1
152,39,1672.52,566.73,43.12,105.73,0.51275,-1,-1,-1
152,41,429.20,529.69,30.96,76.96,0.55894,-1,-1,-1
152,47,1506.77,558.00,56.21,110.41,0.69932,-1,-1,-1
153,39,1672.94,566.27,38.61,96.97,0.40940,-1,-1,-1
153,41,424.40,530.41,28.89,75.35,0.52510,-1,-1,-1
153,47,1501.88,556.97,57.42,110.08,0.66109,-1,-1,-1
153,48,336.79,535.98,29.69,66.23,0.31103,-1,-1,-1
154,41,417.13,532.14,30.11,76.81,0.51541,-1,-1,-1
154,47,1497.28,553.70,53.83,113.19,0.66896,-1,-1,-1
155,41,411.16,530.41,29.75,79.26,0.57483,-1,-1,-1
155,47,1491.86,552.26,50.72,113.07,0.64954,-1,-1,-1
156,41,403.54,532.61,30.72,78.76,0.53377,-1,-1,-1
156,47,1487.72,550.60,46.87,115.38,0.66849,-1,-1,-1
157,41,397.80,535.14,30.31,77.75,0.58359,-1,-1,-1
157,47,1481.13,551.08,45.36,113.76,0.67190,-1,-1,-1
157,53,1301.58,521.30,30.35,72.47,0.34409,-1,-1,-1
157,54,1439.94,533.93,23.25,88.06,0.50869,-1,-1,-1
157,48,307.98,538.73,27.02,68.75,0.31824,-1,-1,-1
158,41,393.04,536.03,29.11,78.73,0.53198,-1,-1,-1
158,47,1474.48,548.63,45.44,116.01,0.73062,-1,-1,-1
158,53,1297.23,520.88,31.02,73.91,0.32114,-1,-1,-1
158,54,1436.94,533.83,22.38,88.52,0.42688,-1,-1,-1
158,48,303.73,540.44,26.68,69.29,0.31208,-1,-1,-1
159,41,387.80,537.43,28.51,78.27,0.56678,-1,-1,-1
159,47,1469.84,546.14,44.27,117.86,0.71153,-1,-1,-1
160,41,380.40,538.66,30.42,79.49,0.50027,-1,-1,-1
160,47,1465.82,545.79,43.12,119.01,0.67525,-1,-1,-1
161,41,376.24,538.46,30.11,79.31,0.49732,-1,-1,-1
161,47,1461.37,546.41,43.36,117.97,0.65072,-1,-1,-1
161,53,1285.53,517.63,29.49,76.32,0.30330,-1,-1,-1
162,41,371.27,539.69,31.26,78.38,0.52747,-1,-1,-1
162,47,1457.16,549.18,44.01,113.55,0.67747,-1,-1,-1
163,41,364.87,540.56,31.55,79.73,0.46513,-1,-1,-1
163,47,1451.20,549.69,46.44,113.46,0.64561,-1,-1,-1
164,41,360.52,540.17,32.26,80.05,0.53691,-1,-1,-1
164,47,1446.78,548.64,47.15,114.23,0.62536,-1,-1,-1
165,41,354.82,541.63,32.15,80.50,0.50515,-1,-1,-1
165,47,1439.30,547.90,50.40,115.58,0.66635,-1,-1,-1
166,41,350.41,543.26,30.02,79.49,0.55087,-1,-1,-1
166,47,1434.05,548.21,50.46,115.55,0.67993,-1,-1,-1
167,41,344.98,543.29,30.92,78.84,0.62447,-1,-1,-1
167,47,1431.70,545.03,47.07,117.24,0.66574,-1,-1,-1
168,41,338.95,542.99,32.97,79.42,0.57547,-1,-1,-1
168,47,1428.32,543.23,44.50,117.25,0.66448,-1,-1,-1
169,41,334.41,543.69,34.03,79.06,0.56182,-1,-1,-1
169,47,1424.96,544.00,42.53,117.49,0.67603,-1,-1,-1
170,41,330.22,543.06,32.21,78.95,0.55160,-1,-1,-1
170,47,1421.01,540.51,41.73,120.27,0.67357,-1,-1,-1
171,41,325.37,543.50,32.04,77.92,0.56280,-1,-1,-1
171,47,1415.31,539.55,43.81,123.26,0.56717,-1,-1,-1
172,41,320.67,541.87,31.56,78.13,0.57798,-1,-1,-1
172,47,1410.91,535.51,43.24,125.82,0.62048,-1,-1,-1
173,41,315.16,541.09,32.88,80.84,0.57404,-1,-1,-1
173,47,1405.98,532.83,43.79,128.48,0.56394,-1,-1,-1
174,41,310.78,542.83,34.19,79.40,0.60026,-1,-1,-1
174,47,1402.32,531.21,45.40,131.03,0.63815,-1,-1,-1
175,41,306.44,541.56,34.92,79.73,0.48519,-1,-1,-1
175,47,1392.99,531.93,52.60,131.44,0.66480,-1,-1,-1
176,41,301.65,541.88,34.34,80.62,0.58590,-1,-1,-1
176,47,1387.69,534.71,55.46,129.57,0.67707,-1,-1,-1
177,41,297.14,541.73,34.90,78.50,0.65120,-1,-1,-1
177,47,1384.31,534.32,56.33,130.41,0.70552,-1,-1,-1
178,41,293.21,542.13,34.35,80.92,0.60858,-1,-1,-1
178,47,1384.55,534.78,53.96,130.61,0.67211,-1,-1,-1
179,41,289.25,540.67,34.79,82.99,0.61186,-1,-1,-1
179,47,1385.17,535.97,50.71,129.50,0.68106,-1,-1,-1
179,39,1607.58,542.91,38.95,128.17,0.42750,-1,-1,-1
180,41,284.34,543.40,35.89,81.93,0.56355,-1,-1,-1
180,47,1383.80,535.38,49.15,130.40,0.70416,-1,-1,-1
180,39,1607.62,543.12,38.66,128.93,0.40585,-1,-1,-1
181,41,280.62,543.34,35.74,83.23,0.55717,-1,-1,-1
181,47,1383.19,536.36,44.21,128.00,0.71251,-1,-1,-1
181,39,1601.05,544.13,48.00,128.85,0.36746,-1,-1,-1
182,41,275.20,543.73,35.44,83.44,0.59364,-1,-1,-1
182,47,1379.92,536.95,43.52,127.80,0.72788,-1,-1,-1
182,39,1602.75,544.99,46.72,128.27,0.43617,-1,-1,-1
183,41,271.97,544.39,34.07,84.80,0.64196,-1,-1,-1
183,47,1375.96,536.77,43.86,128.52,0.73959,-1,-1,-1
183,39,1606.28,548.52,43.74,125.64,0.42033,-1,-1,-1
184,41,267.03,546.37,34.46,84.35,0.62219,-1,-1,-1
184,47,1373.11,536.07,43.11,129.43,0.76345,-1,-1,-1
184,39,1608.13,545.29,42.07,128.92,0.43710,-1,-1,-1
185,41,262.54,547.85,34.94,83.53,0.55032,-1,-1,-1
185,47,1370.55,534.61,43.88,131.34,0.74742,-1,-1,-1
185,39,1608.05,543.44,41.92,131.46,0.46203,-1,-1,-1
186,41,258.94,547.42,35.41,84.66,0.52171,-1,-1,-1
186,47,1369.16,534.17,42.64,132.38,0.71927,-1,-1,-1
186,39,1606.89,544.65,43.61,129.15,0.36675,-1,-1,-1
187,41,254.82,548.59,35.00,85.64,0.56832,-1,-1,-1
187,47,1366.90,533.59,42.58,133.13,0.70564,-1,-1,-1
187,39,1599.47,542.63,50.86,132.01,0.33439,-1,-1,-1
188,41,250.18,549.85,34.96,86.24,0.56646,-1,-1,-1
188,47,1364.47,534.16,43.65,134.27,0.67511,-1,-1,-1
188,39,1595.58,546.00,55.83,131.07,0.43863,-1,-1,-1
189,41,246.62,550.25,34.75,89.17,0.51713,-1,-1,-1
189,47,1359.49,532.51,48.10,137.34,0.64207,-1,-1,-1
189,39,1595.10,544.83,58.19,132.94,0.46376,-1,-1,-1
190,41,241.98,549.86,36.32,90.42,0.55302,-1,-1,-1
190,47,1356.19,533.57,50.15,136.04,0.67600,-1,-1,-1
190,39,1594.17,541.48,60.29,135.88,0.51435,-1,-1,-1
191,41,238.21,553.22,36.49,88.30,0.50215,-1,-1,-1
191,47,1353.63,534.46,51.76,135.31,0.66655,-1,-1,-1
191,39,1595.11,539.80,62.48,137.16,0.50978,-1,-1,-1
192,41,234.24,552.92,37.88,88.02,0.53483,-1,-1,-1
192,47,1351.44,539.72,51.51,129.56,0.62660,-1,-1,-1
192,39,1601.68,540.12,55.39,135.13,0.48903,-1,-1,-1
193,41,228.83,555.84,38.36,86.66,0.60635,-1,-1,-1
193,47,1349.60,540.74,51.81,130.00,0.66057,-1,-1,-1
193,39,1602.80,539.35,56.32,135.98,0.54899,-1,-1,-1
194,41,225.65,559.26,36.12,85.54,0.58909,-1,-1,-1
194,47,1348.07,541.86,50.16,128.66,0.67275,-1,-1,-1
194,39,1606.04,547.12,55.68,128.24,0.51928,-1,-1,-1
195,41,222.32,559.77,34.82,84.56,0.51201,-1,-1,-1
195,47,1345.86,541.37,49.30,129.64,0.68725,-1,-1,-1
195,39,1604.07,547.47,58.93,127.99,0.54533,-1,-1,-1
196,41,218.67,560.95,35.11,86.33,0.46551,-1,-1,-1
196,47,1345.66,542.10,47.27,130.85,0.67816,-1,-1,-1
196,39,1607.07,548.22,57.89,127.45,0.54312,-1,-1,-1
197,41,214.17,561.89,35.71,86.40,0.46756,-1,-1,-1
197,47,1345.35,541.45,45.48,131.82,0.62874,-1,-1,-1
197,39,1610.86,549.12,54.32,125.75,0.45837,-1,-1,-1
198,41,211.42,562.66,34.47,85.85,0.53939,-1,-1,-1
198,47,1345.18,542.66,43.59,128.68,0.49409,-1,-1,-1
198,39,1617.22,551.38,49.10,123.02,0.50083,-1,-1,-1
199,41,207.22,562.74,34.92,86.64,0.51844,-1,-1,-1
199,47,1344.00,543.64,43.56,126.76,0.62189,-1,-1,-1
199,39,1620.77,553.61,45.69,121.13,0.57258,-1,-1,-1
200,41,202.76,563.53,37.02,88.43,0.47199,-1,-1,-1
200,47,1342.58,544.81,44.61,126.58,0.62687,-1,-1,-1
200,39,1621.29,555.08,45.65,119.98,0.52819,-1,-1,-1
201,41,200.31,563.79,35.21,89.14,0.47312,-1,-1,-1
201,47,1341.39,547.75,44.77,124.02,0.65044,-1,-1,-1
201,39,1619.76,553.96,49.53,121.74,0.61855,-1,-1,-1
202,41,194.62,563.54,36.94,91.59,0.60603,-1,-1,-1
202,47,1339.59,548.81,45.47,124.45,0.67601,-1,-1,-1
202,39,1621.14,554.05,50.81,123.05,0.60718,-1,-1,-1
203,41,189.74,564.08,39.82,92.24,0.55717,-1,-1,-1
203,47,1337.41,551.37,47.35,120.90,0.70540,-1,-1,-1
203,39,1624.22,553.90,49.78,124.22,0.56635,-1,-1,-1
204,41,187.02,565.61,39.66,91.84,0.56109,-1,-1,-1
204,47,1336.33,551.22,47.87,121.26,0.71684,-1,-1,-1
204,39,1630.10,552.96,47.51,123.39,0.61321,-1,-1,-1
204,59,122.66,488.57,49.93,124.84,0.39261,-1,-1,-1
205,41,182.70,566.71,38.46,91.19,0.57344,-1,-1,-1
205,47,1335.34,547.88,47.69,124.63,0.72624,-1,-1,-1
205,39,1631.64,554.48,47.30,120.87,0.61082,-1,-1,-1
206,41,178.12,567.62,39.51,90.72,0.57499,-1,-1,-1
206,47,1335.06,548.05,47.29,125.22,0.73755,-1,-1,-1
206,39,1628.29,555.24,52.53,122.41,0.51017,-1,-1,-1
207,41,173.26,570.02,39.39,92.10,0.57266,-1,-1,-1
207,47,1334.10,549.31,47.06,126.37,0.75994,-1,-1,-1
207,39,1627.53,557.19,55.65,122.63,0.48825,-1,-1,-1
208,41,168.79,570.64,39.04,92.39,0.55969,-1,-1,-1
208,47,1332.81,547.97,48.68,128.81,0.74764,-1,-1,-1
208,39,1641.19,557.29,45.51,122.17,0.41683,-1,-1,-1
209,41,165.43,569.62,39.14,93.02,0.52441,-1,-1,-1
209,47,1331.42,545.43,49.37,132.13,0.74684,-1,-1,-1
209,39,1646.22,558.46,43.34,123.08,0.61453,-1,-1,-1
210,41,162.63,570.78,37.87,93.36,0.45619,-1,-1,-1
210,47,1330.50,543.26,49.06,134.35,0.74509,-1,-1,-1
210,39,1647.80,559.87,45.32,123.49,0.57364,-1,-1,-1
211,41,158.86,571.24,40.92,94.89,0.57286,-1,-1,-1
211,47,1330.00,545.21,47.83,133.76,0.76337,-1,-1,-1
211,39,1653.54,566.06,43.57,119.73,0.52941,-1,-1,-1
212,41,155.79,570.71,40.81,95.39,0.60428,-1,-1,-1
212,47,1328.71,546.33,48.77,132.37,0.73843,-1,-1,-1
212,39,1658.00,560.57,46.06,126.32,0.52785,-1,-1,-1
213,41,153.49,571.78,40.74,95.25,0.55199,-1,-1,-1
213,47,1328.87,548.55,49.07,131.70,0.73487,-1,-1,-1
213,39,1651.90,561.71,57.71,128.49,0.48225,-1,-1,-1
214,41,150.82,574.17,41.01,94.57,0.59404,-1,-1,-1
214,47,1330.08,547.30,49.32,133.44,0.67575,-1,-1,-1
214,39,1654.26,559.99,60.35,128.39,0.51384,-1,-1,-1
215,41,149.30,571.19,40.06,95.05,0.59206,-1,-1,-1
215,47,1330.44,548.11,49.47,134.88,0.67787,-1,-1,-1
215,39,1667.09,559.89,51.69,129.76,0.54303,-1,-1,-1
216,41,147.22,574.21,37.53,93.05,0.42548,-1,-1,-1
216,47,1332.16,550.24,48.70,134.99,0.66881,-1,-1,-1
216,39,1675.49,562.57,47.23,126.41,0.60531,-1,-1,-1
217,41,143.59,572.98,36.62,94.83,0.47625,-1,-1,-1
217,47,1333.15,550.33,48.72,135.57,0.70160,-1,-1,-1
217,39,1681.31,561.57,45.75,124.93,0.48329,-1,-1,-1
218,41,140.36,573.33,37.45,94.37,0.48999,-1,-1,-1
218,47,1335.25,549.15,47.72,135.57,0.74591,-1,-1,-1
218,39,1677.35,561.33,60.16,127.28,0.48982,-1,-1,-1
218,67,0.00,578.09,19.59,84.22,0.41920,-1,-1,-1
219,41,139.77,572.72,38.31,94.91,0.48659,-1,-1,-1
219,47,1337.22,550.11,47.16,136.33,0.76117,-1,-1,-1
219,39,1689.73,561.67,53.09,126.35,0.54035,-1,-1,-1
219,67,0.00,578.89,17.81,84.66,0.33327,-1,-1,-1
219,68,23.14,580.73,34.94,84.95,0.43287,-1,-1,-1
220,41,137.92,576.07,38.48,95.14,0.45931,-1,-1,-1
220,47,1339.06,548.65,48.18,138.35,0.76296,-1,-1,-1
220,39,1696.05,562.50,51.85,124.83,0.53930,-1,-1,-1
220,68,16.44,580.57,38.41,90.61,0.56069,-1,-1,-1
221,41,134.10,573.99,39.34,96.72,0.46478,-1,-1,-1
221,47,1342.25,548.14,47.65,141.14,0.75297,-1,-1,-1
221,39,1704.52,565.97,46.97,123.19,0.52179,-1,-1,-1
221,68,11.81,579.63,40.29,88.41,0.53518,-1,-1,-1
222,41,130.85,573.81,40.05,98.45,0.48108,-1,-1,-1
222,47,1345.67,545.52,45.64,140.12,0.75739,-1,-1,-1
222,39,1701.22,560.51,60.95,127.14,0.50418,-1,-1,-1
222,68,10.66,579.93,40.06,89.31,0.55398,-1,-1,-1
223,41,129.14,574.15,39.51,98.26,0.50147,-1,-1,-1
223,47,1347.36,546.69,46.51,140.04,0.75586,-1,-1,-1
223,39,1714.65,563.09,52.61,126.20,0.53422,-1,-1,-1
223,68,9.49,579.49,38.26,89.65,0.46017,-1,-1,-1
224,41,128.39,577.57,40.65,97.10,0.47256,-1,-1,-1
224,47,1349.05,544.13,47.31,141.25,0.75711,-1,-1,-1
224,39,1721.59,560.86,50.54,126.06,0.47808,-1,-1,-1
225,41,127.36,577.49,40.42,97.24,0.49963,-1,-1,-1
225,47,1350.91,545.54,48.02,139.22,0.74817,-1,-1,-1
225,39,1728.60,556.74,54.28,129.17,0.54341,-1,-1,-1
226,41,126.02,585.07,42.06,94.31,0.42369,-1,-1,-1
226,47,1352.64,546.57,48.14,137.65,0.70117,-1,-1,-1
226,39,1732.09,556.75,58.68,126.80,0.51152,-1,-1,-1
226,69,970.27,524.97,31.87,72.34,0.34517,-1,-1,-1
226,68,0.64,597.41,34.70,82.03,0.35526,-1,-1,-1
227,41,122.12,584.90,40.93,95.60,0.30984,-1,-1,-1
227,47,1354.39,547.18,48.89,139.27,0.74862,-1,-1,-1
227,39,1743.19,558.43,52.68,126.38,0.52431,-1,-1,-1
227,68,0.01,595.79,32.44,83.59,0.33462,-1,-1,-1
228,41,118.91,586.59,38.78,96.05,0.33670,-1,-1,-1
228,47,1356.67,548.13,48.53,141.50,0.74627,-1,-1,-1
228,39,1751.06,554.36,54.01,128.69,0.54415,-1,-1,-1
228,68,0.00,592.17,31.10,89.16,0.30917,-1,-1,-1
229,41,117.18,586.30,37.09,96.42,0.40612,-1,-1,-1
229,47,1358.59,548.19,48.36,141.29,0.74550,-1,-1,-1
229,39,1753.75,557.27,58.91,128.10,0.50329,-1,-1,-1
230,41,116.78,587.13,34.75,97.20,0.30006,-1,-1,-1
230,47,1362.13,548.99,48.43,140.74,0.74889,-1,-1,-1
230,39,1764.25,555.47,55.60,127.44,0.53983,-1,-1,-1
231,41,115.93,587.40,35.28,97.30,0.33379,-1,-1,-1
231,47,1363.69,551.97,49.33,138.78,0.73454,-1,-1,-1
231,39,1774.19,554.63,56.19,130.33,0.55928,-1,-1,-1
232,47,1366.76,552.40,48.61,138.56,0.73474,-1,-1,-1
232,39,1778.49,553.34,62.19,131.39,0.51909,-1,-1,-1
233,47,1368.68,551.40,48.79,140.84,0.76596,-1,-1,-1
233,39,1789.76,556.38,59.24,128.98,0.53671,-1,-1,-1
234,47,1371.17,552.87,48.58,138.78,0.70433,-1,-1,-1
234,39,1793.94,558.86,64.38,129.02,0.45391,-1,-1,-1
234,72,32.15,495.49,51.68,142.66,0.33504,-1,-1,-1
234,41,108.82,590.05,39.41,97.16,0.34315,-1,-1,-1
235,47,1374.87,553.72,48.67,137.02,0.66413,-1,-1,-1
235,39,1807.43,559.31,59.40,129.02,0.46015,-1,-1,-1
236,47,1378.08,552.90,51.26,136.84,0.70319,-1,-1,-1
236,39,1822.98,553.80,56.85,126.15,0.52735,-1,-1,-1
236,72,27.45,488.53,51.36,148.98,0.34964,-1,-1,-1
237,47,1380.45,551.89,53.73,137.24,0.69989,-1,-1,-1
237,39,1834.57,549.60,57.47,126.45,0.50375,-1,-1,-1
237,41,105.06,582.77,39.42,103.50,0.30751,-1,-1,-1
238,47,1384.66,553.14,51.49,136.82,0.71355,-1,-1,-1
238,39,1845.91,547.05,57.89,134.84,0.50735,-1,-1,-1
238,41,104.77,582.53,41.20,104.46,0.37755,-1,-1,-1
239,47,1387.45,554.53,51.70,135.18,0.68435,-1,-1,-1
239,39,1850.68,545.12,63.03,139.84,0.46555,-1,-1,-1
239,41,104.62,578.92,44.00,105.50,0.38201,-1,-1,-1
240,47,1391.07,550.91,50.58,140.62,0.72189,-1,-1,-1
240,39,1863.96,543.16,56.04,134.71,0.45186,-1,-1,-1
240,41,103.78,578.25,44.76,106.06,0.39875,-1,-1,-1
241,47,1396.08,548.86,48.91,144.41,0.75543,-1,-1,-1
241,39,1871.69,546.12,48.31,136.72,0.47722,-1,-1,-1
241,41,103.36,576.64,43.54,107.81,0.42831,-1,-1,-1
242,47,1400.86,548.27,48.72,145.86,0.67464,-1,-1,-1
242,41,104.16,577.62,43.64,106.99,0.41341,-1,-1,-1
243,47,1405.24,550.13,47.97,143.47,0.69047,-1,-1,-1
243,41,104.55,576.13,45.54,108.47,0.40935,-1,-1,-1
244,47,1410.30,553.79,48.02,139.91,0.71451,-1,-1,-1
244,41,104.35,576.30,44.29,108.31,0.36301,-1,-1,-1
245,47,1416.71,555.83,46.58,139.24,0.76558,-1,-1,-1
245,41,105.26,577.13,43.68,109.31,0.38082,-1,-1,-1
246,47,1422.54,554.82,46.62,140.85,0.76189,-1,-1,-1
246,41,105.30,577.31,41.82,109.97,0.36320,-1,-1,-1
247,47,1427.70,555.38,46.87,141.11,0.74153,-1,-1,-1
247,41,105.13,579.33,41.65,110.03,0.41987,-1,-1,-1
247,75,1318.07,582.07,45.97,133.70,0.47553,-1,-1,-1
248,47,1433.93,556.12,47.18,141.62,0.75633,-1,-1,-1
248,41,105.42,581.53,40.58,109.01,0.38597,-1,-1,-1
248,75,1327.46,583.14,47.34,131.97,0.37981,-1,-1,-1
248,72,24.92,486.26,46.94,154.24,0.32278,-1,-1,-1
249,47,1440.26,554.43,46.71,144.89,0.79467,-1,-1,-1
249,41,105.74,583.96,42.39,109.27,0.40618,-1,-1,-1
249,75,1334.55,581.99,48.81,132.57,0.38238,-1,-1,-1
250,47,1446.60,549.35,47.65,148.82,0.72146,-1,-1,-1
250,41,106.11,586.42,43.51,108.47,0.45429,-1,-1,-1
250,75,1340.29,581.15,48.05,131.09,0.30098,-1,-1,-1
251,47,1454.81,545.57,44.36,155.72,0.75274,-1,-1,-1
251,41,106.97,587.26,42.60,108.47,0.39304,-1,-1,-1
252,47,1461.17,547.58,44.94,152.37,0.74069,-1,-1,-1
252,41,110.22,588.82,38.21,105.09,0.30855,-1,-1,-1
253,47,1468.78,541.94,45.10,156.72,0.74537,-1,-1,-1
253,41,115.22,591.48,38.70,105.28,0.44883,-1,-1,-1
254,47,1473.92,539.29,46.16,158.38,0.70323,-1,-1,-1
254,41,118.59,591.41,38.62,105.79,0.46481,-1,-1,-1
255,47,1481.10,536.02,45.12,157.15,0.71154,-1,-1,-1
255,41,120.02,594.11,40.56,107.72,0.38648,-1,-1,-1
255,72,28.03,509.66,51.35,142.76,0.31385,-1,-1,-1
256,47,1489.11,538.04,46.36,156.47,0.72607,-1,-1,-1
256,41,123.36,593.98,40.98,110.80,0.41074,-1,-1,-1
257,47,1497.81,537.36,45.14,154.13,0.70857,-1,-1,-1
257,41,128.04,595.08,45.23,110.01,0.32816,-1,-1,-1
258,47,1505.90,543.24,45.84,151.23,0.64229,-1,-1,-1
258,41,131.43,596.36,45.19,109.78,0.34600,-1,-1,-1
258,77,0.57,609.96,23.29,95.71,0.44913,-1,-1,-1
258,72,34.90,505.57,53.36,153.67,0.30140,-1,-1,-1
259,47,1512.46,549.66,49.41,145.92,0.59417,-1,-1,-1
259,41,132.70,595.13,43.73,111.07,0.37629,-1,-1,-1
259,77,0.82,610.41,25.79,95.17,0.47292,-1,-1,-1
259,72,38.02,507.18,53.02,149.82,0.42457,-1,-1,-1
260,47,1513.13,551.22,60.55,147.04,0.66999,-1,-1,-1
260,41,133.03,598.63,42.56,109.39,0.31951,-1,-1,-1
260,77,0.63,611.81,29.27,94.44,0.41342,-1,-1,-1
261,47,1520.85,553.18,64.49,145.43,0.57725,-1,-1,-1
261,41,135.72,600.97,42.30,108.05,0.39404,-1,-1,-1
261,77,0.25,612.12,31.45,96.25,0.50032,-1,-1,-1
262,47,1522.47,562.23,73.75,136.06,0.43986,-1,-1,-1
262,41,140.08,601.14,37.79,108.00,0.45791,-1,-1,-1
262,77,0.26,611.02,30.32,97.09,0.49872,-1,-1,-1
262,78,978.65,510.32,27.70,85.74,0.33770,-1,-1,-1
263,41,141.91,602.18,39.02,106.87,0.31358,-1,-1,-1
263,77,0.00,612.31,32.52,95.43,0.46700,-1,-1,-1
263,78,982.12,516.45,29.08,81.57,0.34195,-1,-1,-1
264,77,0.00,611.96,33.56,96.42,0.51602,-1,-1,-1
264,78,985.08,519.91,27.66,77.92,0.30765,-1,-1,-1
264,72,50.79,514.53,48.45,143.30,0.33766,-1,-1,-1
265,77,0.15,614.25,34.10,93.62,0.46337,-1,-1,-1
265,78,989.46,514.90,29.56,83.06,0.41709,-1,-1,-1
265,41,147.35,600.17,44.31,109.52,0.37197,-1,-1,-1
266,77,0.25,613.83,37.63,93.98,0.46218,-1,-1,-1
266,78,995.84,513.61,29.42,84.47,0.44001,-1,-1,-1
266,47,1572.85,574.65,65.20,136.43,0.40500,-1,-1,-1
267,77,0.19,613.56,41.25,94.63,0.49521,-1,-1,-1
267,78,1002.54,516.93,27.43,80.82,0.35591,-1,-1,-1
267,41,151.52,599.69,44.52,111.96,0.40118,-1,-1,-1
268,77,2.28,612.59,42.49,98.24,0.46687,-1,-1,-1
268,78,1007.77,517.39,28.52,81.95,0.32981,-1,-1,-1
268,81,1049.81,510.85,36.80,99.15,0.44240,-1,-1,-1
269,77,3.91,610.34,44.61,99.78,0.49406,-1,-1,-1
269,81,1057.86,507.57,40.56,99.84,0.47824,-1,-1,-1
269,41,154.81,598.66,43.92,113.41,0.39000,-1,-1,-1
270,77,6.30,608.28,46.38,99.11,0.46380,-1,-1,-1
270,81,1064.83,504.59,38.90,96.58,0.42424,-1,-1,-1
270,41,157.36,594.72,43.06,114.12,0.33880,-1,-1,-1
270,78,1021.98,510.36,27.69,86.61,0.38256,-1,-1,-1
271,77,10.60,609.61,44.25,97.11,0.54013,-1,-1,-1
271,81,1069.57,505.59,37.88,96.66,0.42482,-1,-1,-1
271,41,161.50,595.21,42.30,112.50,0.42996,-1,-1,-1
271,84,1583.92,592.39,53.56,187.41,0.46710,-1,-1,-1
271,78,1026.03,510.55,28.01,86.50,0.30990,-1,-1,-1
272,77,12.01,605.59,44.09,99.55,0.51364,-1,-1,-1
272,81,1074.65,508.46,36.62,97.33,0.37420,-1,-1,-1
272,78,1031.87,514.57,27.12,81.15,0.30134,-1,-1,-1
273,77,13.90,606.19,45.01,100.30,0.59341,-1,-1,-1
273,81,1079.54,507.71,42.15,99.29,0.36461,-1,-1,-1
273,41,167.60,591.74,46.65,115.46,0.38111,-1,-1,-1
274,77,14.62,601.07,44.30,102.36,0.44566,-1,-1,-1
274,81,1087.80,506.59,41.13,95.78,0.48174,-1,-1,-1
274,85,1063.93,506.29,24.03,91.57,0.37746,-1,-1,-1
274,84,1624.45,591.09,69.07,211.91,0.32623,-1,-1,-1
275,77,16.03,598.86,47.03,106.13,0.61483,-1,-1,-1
275,81,1094.31,507.02,37.44,96.15,0.39281,-1,-1,-1
275,84,1638.17,583.28,81.41,223.49,0.42942,-1,-1,-1
275,78,1048.83,511.31,29.51,85.67,0.36209,-1,-1,-1
276,77,17.71,599.85,47.71,105.19,0.62815,-1,-1,-1
276,81,1100.14,506.89,35.38,96.68,0.30709,-1,-1,-1
276,84,1653.98,581.54,79.96,233.78,0.65071,-1,-1,-1
276,41,175.07,589.94,45.76,116.99,0.42534,-1,-1,-1
277,77,20.04,598.10,47.77,106.84,0.60572,-1,-1,-1
277,81,1102.95,503.54,38.05,98.82,0.31591,-1,-1,-1
277,84,1668.78,588.31,80.98,231.33,0.50538,-1,-1,-1
277,41,177.68,589.47,44.60,117.43,0.34494,-1,-1,-1
277,78,1057.38,504.89,33.45,91.88,0.38373,-1,-1,-1
278,77,21.27,598.80,48.10,108.73,0.59572,-1,-1,-1
278,81,1109.14,505.85,40.95,96.74,0.34033,-1,-1,-1
278,84,1681.91,594.29,84.55,230.54,0.45238,-1,-1,-1
278,41,177.42,591.20,46.21,118.52,0.37383,-1,-1,-1
278,87,1175.70,515.71,31.17,95.85,0.39768,-1,-1,-1
278,78,1070.36,505.45,28.28,93.52,0.39203,-1,-1,-1
279,77,23.65,598.07,48.49,109.73,0.60582,-1,-1,-1
279,81,1116.76,517.03,36.36,85.11,0.31247,-1,-1,-1
279,84,1695.30,595.13,88.45,235.59,0.59894,-1,-1,-1
279,41,179.21,591.16,46.42,118.74,0.43720,-1,-1,-1
279,78,1072.75,508.45,30.34,91.22,0.43604,-1,-1,-1
280,77,25.49,600.73,48.87,111.34,0.62884,-1,-1,-1
280,41,181.56,598.76,45.22,113.97,0.46530,-1,-1,-1
280,89,1152.55,525.22,22.32,77.80,0.31642,-1,-1,-1
280,47,1707.41,559.64,70.02,171.65,0.40838,-1,-1,-1
281,77,25.96,601.69,50.47,112.49,0.62836,-1,-1,-1
281,41,184.82,599.45,45.08,114.94,0.41870,-1,-1,-1
281,47,1720.61,552.91,68.36,181.67,0.30717,-1,-1,-1
281,87,1195.72,517.91,32.36,93.47,0.33362,-1,-1,-1
281,81,1124.68,507.54,39.33,96.01,0.34453,-1,-1,-1
281,84,1722.68,606.61,104.00,235.58,0.54938,-1,-1,-1
282,77,28.06,604.08,49.74,111.23,0.61836,-1,-1,-1
282,41,187.07,598.83,47.28,116.62,0.47316,-1,-1,-1
282,90,1741.69,552.65,44.34,93.42,0.31117,-1,-1,-1
282,91,1236.65,545.87,41.82,117.13,0.34068,-1,-1,-1
282,87,1199.13,517.75,32.64,93.69,0.32888,-1,-1,-1
282,84,1734.12,610.62,114.66,236.37,0.62792,-1,-1,-1
283,77,30.43,608.81,48.78,109.08,0.60239,-1,-1,-1
283,41,188.93,599.97,50.58,117.76,0.46880,-1,-1,-1
283,84,1771.18,609.98,100.75,240.51,0.62199,-1,-1,-1
283,47,1746.85,550.06,56.56,180.16,0.49260,-1,-1,-1
284,77,32.56,610.18,48.34,109.72,0.63954,-1,-1,-1
284,41,191.84,601.41,49.17,117.93,0.38187,-1,-1,-1
284,84,1796.49,610.49,100.74,244.02,0.74792,-1,-1,-1
284,92,1292.57,535.03,41.59,121.59,0.38944,-1,-1,-1
284,47,1754.15,549.89,57.49,182.80,0.62296,-1,-1,-1
285,77,35.13,611.53,47.36,110.12,0.63905,-1,-1,-1
285,41,194.56,601.17,50.80,119.57,0.44020,-1,-1,-1
285,84,1822.02,612.54,94.68,245.80,0.81088,-1,-1,-1
285,92,1299.60,536.67,47.38,118.38,0.42376,-1,-1,-1
285,47,1765.56,549.73,59.28,183.01,0.64491,-1,-1,-1
285,91,1255.05,536.90,44.20,122.67,0.37260,-1,-1,-1
286,77,36.15,612.76,47.83,111.47,0.64662,-1,-1,-1
286,41,196.96,601.45,51.79,121.19,0.42136,-1,-1,-1
286,84,1842.72,611.75,77.28,250.49,0.74569,-1,-1,-1
286,92,1310.94,535.93,44.45,117.99,0.34311,-1,-1,-1
286,47,1777.37,547.09,61.16,187.69,0.71396,-1,-1,-1
287,77,37.29,613.44,49.10,112.33,0.63247,-1,-1,-1
287,41,199.32,605.05,51.67,120.47,0.43385,-1,-1,-1
287,84,1864.06,615.18,55.94,251.29,0.70131,-1,-1,-1
287,47,1793.38,547.75,61.21,190.32,0.70237,-1,-1,-1
288,77,38.63,614.34,50.79,112.22,0.61285,-1,-1,-1
288,41,201.01,605.06,47.75,121.97,0.49245,-1,-1,-1
288,84,1886.75,640.46,33.25,226.69,0.58675,-1,-1,-1
288,47,1804.19,546.89,67.06,193.60,0.67197,-1,-1,-1
288,92,1332.29,532.27,37.87,122.17,0.30452,-1,-1,-1
289,77,39.41,615.10,51.16,113.65,0.57012,-1,-1,-1
289,41,202.15,607.23,42.85,120.65,0.38921,-1,-1,-1
289,47,1818.38,544.92,66.29,196.88,0.72792,-1,-1,-1
290,77,41.23,612.69,52.27,115.79,0.60947,-1,-1,-1
290,41,203.87,605.49,45.75,122.65,0.43261,-1,-1,-1
290,47,1832.21,543.54,70.93,198.82,0.76080,-1,-1,-1
291,77,43.70,613.80,54.07,118.10,0.61537,-1,-1,-1
291,47,1847.54,539.92,64.32,203.11,0.75797,-1,-1,-1
291,89,1212.07,522.95,40.18,78.16,0.37518,-1,-1,-1
291,92,1357.23,534.19,29.67,115.82,0.31913,-1,-1,-1
292,77,45.08,613.01,54.27,121.06,0.66339,-1,-1,-1
292,47,1860.51,540.36,59.49,204.90,0.71295,-1,-1,-1
292,89,1212.10,520.11,45.56,79.93,0.35063,-1,-1,-1
292,92,1362.73,535.68,33.51,118.29,0.38117,-1,-1,-1
292,41,210.30,608.50,53.44,123.86,0.37024,-1,-1,-1
293,77,47.14,614.53,53.79,122.65,0.65049,-1,-1,-1
293,47,1875.81,540.56,44.19,207.51,0.62448,-1,-1,-1
293,41,215.28,610.93,51.36,123.74,0.43182,-1,-1,-1
294,77,47.92,617.94,54.03,121.15,0.60060,-1,-1,-1
294,41,216.85,611.45,50.31,124.07,0.46531,-1,-1,-1
295,77,47.84,619.89,55.71,119.79,0.61463,-1,-1,-1
295,41,215.62,613.62,45.39,123.12,0.43902,-1,-1,-1
295,92,1378.01,539.53,34.83,120.48,0.31105,-1,-1,-1
296,77,48.34,620.59,57.10,119.28,0.56362,-1,-1,-1
296,41,215.35,613.84,46.39,124.50,0.44137,-1,-1,-1
296,92,1380.41,547.07,38.01,117.06,0.45597,-1,-1,-1
297,77,48.88,621.25,57.77,120.18,0.60971,-1,-1,-1
297,41,220.98,614.77,45.42,124.43,0.37270,-1,-1,-1
297,92,1383.22,553.87,39.69,110.62,0.45478,-1,-1,-1
298,77,49.22,620.84,57.54,120.33,0.60863,-1,-1,-1
298,41,224.15,612.20,46.62,126.59,0.41866,-1,-1,-1
298,92,1388.87,548.00,41.67,117.62,0.42219,-1,-1,-1
298,94,1351.26,534.44,43.12,137.54,0.41289,-1,-1,-1
299,77,49.48,622.53,57.34,119.62,0.61516,-1,-1,-1
299,41,226.47,615.11,45.95,124.78,0.46547,-1,-1,-1
299,92,1395.97,560.26,42.19,110.48,0.32285,-1,-1,-1
299,94,1353.93,533.74,49.87,146.80,0.33248,-1,-1,-1
299,89,1261.25,522.98,34.60,89.64,0.30349,-1,-1,-1
300,77,49.47,620.89,57.98,122.69,0.58719,-1,-1,-1
300,41,228.41,615.08,48.15,125.67,0.49893,-1,-1,-1
300,92,1399.83,555.75,48.51,119.08,0.30411,-1,-1,-1
300,89,1270.52,525.65,28.58,86.77,0.30201,-1,-1,-1
301,77,48.99,623.56,56.53,122.85,0.50487,-1,-1,-1
301,41,228.55,616.52,49.91,126.33,0.48292,-1,-1,-1
301,95,1320.27,528.10,34.82,93.35,0.33309,-1,-1,-1
301,96,1358.78,530.77,43.31,95.42,0.41765,-1,-1,-1
302,77,48.65,622.86,57.45,123.98,0.49288,-1,-1,-1
302,41,228.40,614.72,50.25,128.77,0.49593,-1,-1,-1
302,89,1287.60,527.58,33.34,87.92,0.36968,-1,-1,-1
303,77,46.64,628.15,56.57,124.07,0.46555,-1,-1,-1
303,41,227.91,621.28,50.68,127.74,0.44718,-1,-1,-1
303,89,1292.21,526.22,35.18,92.98,0.34246,-1,-1,-1
304,77,46.74,627.35,55.75,123.96,0.44861,-1,-1,-1
304,41,228.43,621.79,50.16,127.33,0.51541,-1,-1,-1
305,77,48.31,635.27,57.80,119.73,0.46160,-1,-1,-1
305,41,227.88,628.08,50.99,125.84,0.48485,-1,-1,-1
305,89,1306.61,532.69,36.81,94.92,0.32436,-1,-1,-1
306,77,47.52,635.61,57.56,118.10,0.43429,-1,-1,-1
306,41,229.20,627.61,50.23,126.47,0.48516,-1,-1,-1
307,77,46.04,635.00,59.07,120.71,0.48133,-1,-1,-1
307,41,229.01,627.11,50.25,128.02,0.49151,-1,-1,-1
307,99,1340.40,529.84,40.78,106.33,0.44270,-1,-1,-1
308,77,44.48,639.07,61.11,125.21,0.55500,-1,-1,-1
308,41,227.80,630.77,48.77,130.52,0.46230,-1,-1,-1
308,99,1344.40,528.33,40.38,109.26,0.39515,-1,-1,-1
309,77,44.04,636.27,60.98,126.55,0.61672,-1,-1,-1
309,41,226.91,627.53,47.63,132.75,0.43839,-1,-1,-1
310,77,42.71,638.79,61.38,126.76,0.59617,-1,-1,-1
310,41,225.59,630.36,49.16,133.04,0.43620,-1,-1,-1
311,77,41.16,641.35,62.96,126.92,0.62936,-1,-1,-1
311,41,227.98,631.94,52.45,133.00,0.36836,-1,-1,-1
311,99,1361.73,528.47,41.80,116.75,0.32864,-1,-1,-1
312,77,39.85,640.99,62.48,126.76,0.58052,-1,-1,-1
312,41,226.65,630.66,52.67,133.63,0.38351,-1,-1,-1
313,77,38.80,643.60,63.63,128.78,0.64166,-1,-1,-1
313,41,228.05,635.49,55.13,133.27,0.36261,-1,-1,-1
314,77,37.32,645.20,62.04,128.88,0.54445,-1,-1,-1
314,41,227.56,637.92,52.46,134.40,0.37368,-1,-1,-1
315,77,36.75,644.55,60.56,129.19,0.54439,-1,-1,-1
315,41,227.75,636.98,51.33,136.25,0.40261,-1,-1,-1
316,77,34.82,645.46,58.69,130.01,0.41803,-1,-1,-1
316,41,226.62,637.66,50.68,137.00,0.38410,-1,-1,-1
316,103,1392.40,576.91,48.22,151.24,0.44693,-1,-1,-1
317,77,34.43,645.96,56.47,130.88,0.40051,-1,-1,-1
317,41,226.32,638.32,50.74,137.18,0.41563,-1,-1,-1
317,103,1395.48,553.91,55.51,182.58,0.44023,-1,-1,-1
318,77,33.75,647.23,56.15,131.45,0.46644,-1,-1,-1
318,41,226.05,639.92,48.61,136.28,0.39630,-1,-1,-1
318,103,1398.24,554.11,60.48,186.30,0.46354,-1,-1,-1
319,77,32.75,648.51,55.08,131.60,0.44263,-1,-1,-1
319,41,226.42,641.35,50.83,136.17,0.37407,-1,-1,-1
319,103,1400.33,576.67,59.34,167.21,0.40333,-1,-1,-1
319,92,1520.00,587.64,48.49,139.18,0.39229,-1,-1,-1
320,77,29.60,648.10,57.49,133.56,0.45071,-1,-1,-1
320,41,225.66,641.11,52.06,138.15,0.42041,-1,-1,-1
320,92,1525.46,590.02,48.11,134.81,0.42894,-1,-1,-1
321,77,26.72,648.55,59.67,135.37,0.51005,-1,-1,-1
321,41,224.71,640.15,53.19,140.22,0.42843,-1,-1,-1
321,92,1531.58,594.43,47.64,130.23,0.40185,-1,-1,-1
321,103,1403.81,596.95,59.95,148.54,0.35432,-1,-1,-1
322,77,24.09,648.43,60.23,136.33,0.47271,-1,-1,-1
322,41,223.70,638.41,53.71,142.26,0.46186,-1,-1,-1
322,92,1535.33,589.68,54.67,136.87,0.50257,-1,-1,-1
322,103,1405.17,606.00,62.06,140.99,0.33694,-1,-1,-1
323,77,20.91,648.11,61.26,137.78,0.51846,-1,-1,-1
323,41,222.73,636.39,54.58,145.13,0.36521,-1,-1,-1
323,92,1540.41,585.93,56.73,141.31,0.57742,-1,-1,-1
323,103,1405.78,596.03,66.42,152.58,0.41528,-1,-1,-1
324,77,17.33,646.36,61.45,138.34,0.51046,-1,-1,-1
324,41,215.70,634.44,49.68,145.07,0.35601,-1,-1,-1
324,92,1543.98,589.75,56.96,137.69,0.53800,-1,-1,-1
325,77,14.68,647.15,62.08,137.25,0.51831,-1,-1,-1
325,41,218.65,633.98,54.03,146.74,0.38825,-1,-1,-1
325,92,1548.84,603.77,53.68,127.09,0.49682,-1,-1,-1
325,103,1414.78,595.94,65.74,153.89,0.55299,-1,-1,-1
326,77,11.03,647.83,61.54,137.36,0.56022,-1,-1,-1
326,41,219.10,635.38,54.25,146.77,0.41198,-1,-1,-1
326,92,1552.03,595.91,51.59,136.31,0.48590,-1,-1,-1
326,103,1416.15,598.40,64.12,151.60,0.53956,-1,-1,-1
327,77,8.21,646.47,61.34,137.44,0.61614,-1,-1,-1
327,41,214.78,636.57,56.58,144.64,0.49180,-1,-1,-1
327,92,1555.80,600.72,52.46,133.01,0.47873,-1,-1,-1
327,103,1418.25,599.57,62.74,151.05,0.61884,-1,-1,-1
327,106,1780.48,539.51,40.22,111.87,0.44637,-1,-1,-1
328,77,5.27,652.40,61.08,134.56,0.60337,-1,-1,-1
328,41,208.99,638.33,60.83,147.09,0.41032,-1,-1,-1
328,92,1559.35,593.64,53.30,141.03,0.38961,-1,-1,-1
328,103,1419.40,596.44,64.35,154.94,0.60219,-1,-1,-1
328,106,1786.24,540.52,40.20,117.55,0.54203,-1,-1,-1
329,77,7.71,648.81,54.41,135.45,0.48460,-1,-1,-1
329,41,203.21,632.39,52.63,149.82,0.33368,-1,-1,-1
329,92,1562.94,587.62,53.50,149.03,0.49878,-1,-1,-1
329,103,1419.76,596.98,63.90,153.26,0.58138,-1,-1,-1
330,77,4.82,651.59,51.91,132.60,0.51591,-1,-1,-1
330,41,200.50,632.15,50.57,150.89,0.35118,-1,-1,-1
330,92,1564.09,587.08,57.33,155.60,0.47722,-1,-1,-1
330,103,1422.87,597.01,60.38,154.62,0.50765,-1,-1,-1
330,106,1797.79,541.42,44.32,121.65,0.49146,-1,-1,-1
331,77,3.22,651.22,50.92,132.81,0.51514,-1,-1,-1
331,41,197.13,631.41,49.78,152.71,0.34900,-1,-1,-1
331,92,1556.64,564.76,68.30,177.71,0.35511,-1,-1,-1
331,103,1428.03,596.15,57.17,154.76,0.64560,-1,-1,-1
331,106,1802.07,536.11,49.17,125.86,0.53634,-1,-1,-1
332,77,1.38,647.08,47.10,133.05,0.51607,-1,-1,-1
332,41,192.87,628.93,50.26,152.37,0.32992,-1,-1,-1
332,92,1567.26,582.72,61.35,154.91,0.42693,-1,-1,-1
332,103,1430.81,599.49,56.35,151.37,0.62734,-1,-1,-1
332,106,1805.73,534.19,49.15,126.93,0.35267,-1,-1,-1
333,77,0.00,645.92,43.62,133.45,0.56819,-1,-1,-1
333,41,188.10,627.53,60.57,153.62,0.39034,-1,-1,-1
333,92,1571.98,574.97,58.36,164.23,0.34520,-1,-1,-1
333,103,1430.39,596.73,60.42,155.30,0.52452,-1,-1,-1
333,106,1812.22,528.69,49.02,129.23,0.44069,-1,-1,-1
334,77,0.00,646.20,38.65,132.52,0.57676,-1,-1,-1
334,41,181.90,629.95,50.15,151.80,0.34914,-1,-1,-1
334,92,1579.13,580.16,56.38,156.97,0.46974,-1,-1,-1
334,103,1424.66,594.34,67.48,158.06,0.52233,-1,-1,-1
334,106,1819.38,524.30,49.59,129.88,0.51679,-1,-1,-1
335,77,0.00,645.72,32.99,133.19,0.49222,-1,-1,-1
335,41,175.69,630.48,46.70,150.86,0.37489,-1,-1,-1
335,92,1583.44,586.62,57.71,148.88,0.37598,-1,-1,-1
335,103,1417.24,593.96,80.61,159.59,0.34359,-1,-1,-1
335,106,1825.23,520.09,49.31,134.38,0.63771,-1,-1,-1
336,77,0.00,647.97,28.83,133.93,0.53719,-1,-1,-1
336,41,174.71,628.92,44.95,154.22,0.39936,-1,-1,-1
336,92,1579.31,552.07,61.31,191.50,0.30297,-1,-1,-1
336,103,1419.39,589.19,84.54,163.76,0.57268,-1,-1,-1
336,106,1828.57,514.37,52.73,136.31,0.56413,-1,-1,-1
337,77,0.00,646.99,23.51,135.92,0.42170,-1,-1,-1
337,41,174.14,628.83,49.68,158.21,0.40509,-1,-1,-1
337,92,1575.77,539.63,65.85,211.13,0.43712,-1,-1,-1
337,103,1425.31,592.59,82.09,167.09,0.66244,-1,-1,-1
337,106,1835.47,518.58,52.33,136.43,0.46486,-1,-1,-1
338,77,0.00,663.50,18.77,125.64,0.33652,-1,-1,-1
338,41,172.32,633.53,54.13,158.89,0.41395,-1,-1,-1
338,92,1574.37,532.34,68.86,217.24,0.37045,-1,-1,-1
338,103,1428.97,592.67,85.49,167.19,0.56547,-1,-1,-1
338,106,1841.08,517.76,51.59,133.44,0.59989,-1,-1,-1
339,41,168.05,638.03,57.08,158.31,0.49858,-1,-1,-1
339,92,1580.07,535.07,70.17,225.41,0.52218,-1,-1,-1
339,103,1427.41,598.25,92.52,167.72,0.71937,-1,-1,-1
339,106,1846.43,519.59,49.94,133.28,0.56686,-1,-1,-1
340,41,167.95,639.87,55.56,157.12,0.47306,-1,-1,-1
340,92,1577.61,534.98,77.76,230.24,0.57493,-1,-1,-1
340,103,1430.72,597.21,92.82,169.65,0.75270,-1,-1,-1
340,106,1850.46,518.35,50.36,132.43,0.57588,-1,-1,-1
341,41,158.88,640.94,49.53,160.81,0.36583,-1,-1,-1
341,92,1591.15,545.18,62.99,226.41,0.36727,-1,-1,-1
341,103,1433.84,601.79,90.00,171.62,0.73568,-1,-1,-1
342,41,157.13,643.19,47.07,161.30,0.48961,-1,-1,-1
342,92,1587.95,552.69,69.17,221.61,0.31634,-1,-1,-1
342,103,1426.88,603.21,92.84,175.46,0.69323,-1,-1,-1
342,110,189.80,637.71,46.42,156.18,0.31532,-1,-1,-1
343,41,148.64,649.43,49.31,162.21,0.52911,-1,-1,-1
343,92,1576.69,549.62,82.02,229.49,0.41330,-1,-1,-1
343,103,1437.86,612.66,78.04,172.05,0.60426,-1,-1,-1
344,41,140.83,653.49,55.10,163.21,0.48674,-1,-1,-1
344,92,1573.25,560.99,89.96,224.16,0.32936,-1,-1,-1
344,103,1441.40,617.71,73.18,171.67,0.67580,-1,-1,-1
344,106,1876.07,534.41,43.53,131.93,0.45568,-1,-1,-1
345,41,136.57,659.74,54.20,164.21,0.36969,-1,-1,-1
345,103,1443.98,620.76,70.48,179.06,0.61392,-1,-1,-1
345,106,1878.15,537.89,41.85,132.99,0.47107,-1,-1,-1
345,110,174.49,656.30,45.40,152.18,0.40428,-1,-1,-1
346,41,129.77,663.55,55.29,168.39,0.36752,-1,-1,-1
346,103,1441.84,623.42,68.93,181.79,0.59152,-1,-1,-1
346,106,1880.23,536.45,39.77,139.02,0.47437,-1,-1,-1
346,112,1573.78,594.91,52.80,182.83,0.41372,-1,-1,-1
346,114,1361.61,575.63,65.95,195.59,0.34226,-1,-1,-1
346,92,1576.00,587.06,92.86,210.36,0.43264,-1,-1,-1
347,41,119.99,669.37,56.39,170.04,0.45701,-1,-1,-1
347,103,1435.56,627.21,74.90,185.12,0.59993,-1,-1,-1
347,106,1884.61,540.56,35.39,137.92,0.32537,-1,-1,-1
347,112,1574.48,595.87,56.69,191.57,0.51679,-1,-1,-1
347,114,1362.09,581.50,62.51,194.19,0.35493,-1,-1,-1
348,41,117.20,671.20,56.07,170.53,0.58412,-1,-1,-1
348,103,1444.01,630.41,65.80,187.05,0.65625,-1,-1,-1
348,112,1576.19,598.93,62.41,190.62,0.51486,-1,-1,-1
348,115,1397.53,594.41,62.40,186.45,0.43278,-1,-1,-1
349,41,107.54,673.58,61.47,170.36,0.46528,-1,-1,-1
349,103,1444.93,634.26,67.76,190.75,0.68742,-1,-1,-1
349,112,1578.64,610.26,64.28,185.41,0.43678,-1,-1,-1
349,115,1395.63,595.55,65.06,190.12,0.51191,-1,-1,-1
349,114,1356.52,597.73,61.85,183.35,0.41653,-1,-1,-1
350,41,102.71,672.01,60.54,173.10,0.48904,-1,-1,-1
350,103,1443.77,638.53,75.06,191.14,0.65046,-1,-1,-1
350,112,1580.62,615.06,71.29,184.01,0.57401,-1,-1,-1
350,115,1395.26,597.90,61.11,190.45,0.40782,-1,-1,-1
350,114,1356.43,604.43,64.77,180.54,0.40351,-1,-1,-1
350,110,150.08,667.47,49.46,158.28,0.38006,-1,-1,-1
351,41,95.71,672.68,60.30,175.50,0.56019,-1,-1,-1
351,103,1441.46,643.85,81.49,189.37,0.70460,-1,-1,-1
351,112,1582.23,611.10,71.53,187.66,0.41049,-1,-1,-1
351,115,1393.49,600.16,63.23,191.24,0.35190,-1,-1,-1
351,114,1354.78,607.58,69.92,178.47,0.41408,-1,-1,-1
351,110,144.49,667.65,50.68,157.58,0.39024,-1,-1,-1
352,41,87.32,674.24,62.26,176.60,0.56967,-1,-1,-1
352,103,1432.51,649.53,92.00,190.33,0.65999,-1,-1,-1
352,112,1584.28,609.50,78.58,201.09,0.52734,-1,-1,-1
352,114,1356.94,607.44,66.28,182.39,0.45305,-1,-1,-1
353,41,80.46,678.13,65.36,173.33,0.43515,-1,-1,-1
353,103,1435.07,651.75,92.99,191.69,0.66785,-1,-1,-1
353,112,1584.39,610.40,76.35,203.52,0.57617,-1,-1,-1
353,114,1356.65,605.10,65.15,186.40,0.49106,-1,-1,-1
353,115,1397.65,600.66,51.61,192.84,0.45125,-1,-1,-1
353,110,135.84,670.80,51.59,161.47,0.35994,-1,-1,-1
354,41,77.48,681.72,66.20,172.83,0.52031,-1,-1,-1
354,103,1443.11,655.90,86.48,195.87,0.68968,-1,-1,-1
354,112,1583.91,617.71,74.46,201.60,0.55916,-1,-1,-1
354,114,1349.67,606.00,69.32,188.43,0.48700,-1,-1,-1
354,115,1395.34,602.18,60.55,193.37,0.34796,-1,-1,-1
354,110,129.57,671.34,53.24,163.91,0.37833,-1,-1,-1
355,41,81.79,679.57,55.42,177.46,0.41274,-1,-1,-1
355,103,1444.87,657.48,85.04,196.66,0.65709,-1,-1,-1
355,112,1583.31,625.57,74.40,196.27,0.57903,-1,-1,-1
355,114,1349.03,607.48,64.88,190.13,0.43067,-1,-1,-1
355,115,1392.19,604.33,61.03,196.66,0.42913,-1,-1,-1
355,110,123.21,668.56,49.92,166.23,0.46471,-1,-1,-1
356,41,64.39,681.24,63.66,177.97,0.42460,-1,-1,-1
356,103,1441.80,658.99,91.87,198.71,0.69566,-1,-1,-1
356,114,1347.56,604.85,63.99,195.12,0.39011,-1,-1,-1
356,115,1391.27,608.76,60.84,199.09,0.36704,-1,-1,-1
356,110,116.29,666.27,53.42,170.83,0.39394,-1,-1,-1
356,92,1581.13,632.37,78.77,197.18,0.57780,-1,-1,-1
357,41,69.31,680.17,54.05,177.54,0.38956,-1,-1,-1
357,103,1445.94,665.41,88.50,198.23,0.75788,-1,-1,-1
357,114,1347.57,591.02,58.74,209.92,0.36594,-1,-1,-1
357,115,1386.57,612.05,65.10,200.34,0.37838,-1,-1,-1
357,92,1577.76,642.42,83.18,193.37,0.64094,-1,-1,-1
358,41,61.54,682.81,57.28,180.42,0.54440,-1,-1,-1
358,103,1448.90,670.30,84.35,195.04,0.78448,-1,-1,-1
358,114,1349.58,595.66,52.88,204.56,0.43979,-1,-1,-1
358,115,1386.18,614.02,68.40,199.87,0.52323,-1,-1,-1
358,92,1575.93,647.24,89.07,191.12,0.62604,-1,-1,-1
359,41,50.27,690.33,57.62,177.43,0.36947,-1,-1,-1
359,103,1450.34,679.26,80.65,193.75,0.66806,-1,-1,-1
359,114,1346.32,594.39,53.50,191.52,0.41178,-1,-1,-1
359,115,1385.81,615.26,70.90,202.10,0.46437,-1,-1,-1
359,92,1577.75,650.70,91.89,193.67,0.66904,-1,-1,-1
359,110,97.27,672.95,48.17,172.56,0.43477,-1,-1,-1
360,41,41.38,691.79,58.43,178.30,0.40909,-1,-1,-1
360,103,1452.91,684.51,76.45,193.75,0.72133,-1,-1,-1
360,114,1342.44,594.51,56.42,208.59,0.55251,-1,-1,-1
360,115,1380.47,620.78,76.76,199.98,0.41493,-1,-1,-1
360,92,1579.57,656.64,92.01,195.99,0.61920,-1,-1,-1
360,110,92.91,674.34,48.63,170.64,0.39740,-1,-1,-1
361,41,33.94,690.37,59.89,181.95,0.49173,-1,-1,-1
361,103,1454.20,686.32,72.57,197.88,0.73448,-1,-1,-1
361,114,1341.44,593.32,55.09,209.18,0.45657,-1,-1,-1
361,115,1376.70,621.12,78.30,201.51,0.45158,-1,-1,-1
361,92,1579.97,661.07,92.96,195.38,0.67874,-1,-1,-1
361,110,84.52,679.67,52.29,170.80,0.43436,-1,-1,-1
362,41,25.15,691.92,65.42,184.21,0.44132,-1,-1,-1
362,103,1453.74,685.71,75.32,203.77,0.73215,-1,-1,-1
362,114,1341.11,598.02,54.64,218.16,0.52981,-1,-1,-1
362,115,1374.58,623.60,83.98,205.79,0.49491,-1,-1,-1
362,92,1581.95,663.53,90.52,200.11,0.64484,-1,-1,-1
362,110,77.79,682.45,49.67,171.98,0.49674,-1,-1,-1
363,41,17.66,694.70,67.04,188.96,0.38533,-1,-1,-1
363,103,1454.67,681.97,75.44,214.96,0.74102,-1,-1,-1
363,114,1339.64,599.21,55.51,221.19,0.54489,-1,-1,-1
363,115,1376.02,619.93,84.16,212.15,0.49276,-1,-1,-1
363,92,1583.39,662.54,86.82,203.75,0.56328,-1,-1,-1
363,110,69.61,684.70,51.27,176.00,0.43514,-1,-1,-1
364,41,10.29,695.60,66.35,188.67,0.43235,-1,-1,-1
364,103,1452.42,688.02,80.41,220.39,0.75885,-1,-1,-1
364,114,1337.86,607.98,55.49,207.22,0.31161,-1,-1,-1
364,115,1374.32,627.81,68.84,211.37,0.47062,-1,-1,-1
364,92,1582.14,664.55,82.03,211.79,0.62990,-1,-1,-1
364,110,63.64,684.87,51.22,177.95,0.37159,-1,-1,-1
365,41,4.48,700.97,64.67,192.00,0.45019,-1,-1,-1
365,103,1449.67,691.98,88.49,221.22,0.69897,-1,-1,-1
365,114,1338.06,623.26,51.36,176.53,0.33587,-1,-1,-1
365,115,1372.72,630.15,70.51,215.47,0.53583,-1,-1,-1
365,92,1582.85,666.28,77.81,214.10,0.59826,-1,-1,-1
365,110,54.82,691.94,54.86,178.43,0.38484,-1,-1,-1
366,41,4.41,704.56,57.17,190.55,0.50919,-1,-1,-1
366,103,1448.60,696.98,94.22,223.62,0.72576,-1,-1,-1
366,114,1338.72,631.92,51.10,201.29,0.36427,-1,-1,-1
366,115,1372.16,632.64,69.71,217.73,0.60454,-1,-1,-1
366,92,1580.57,665.84,76.21,217.77,0.67398,-1,-1,-1
366,110,48.57,694.10,53.87,175.82,0.56159,-1,-1,-1
367,41,1.38,713.02,53.91,187.91,0.51590,-1,-1,-1
367,103,1452.16,704.40,93.24,222.79,0.71108,-1,-1,-1
367,114,1335.56,639.12,50.39,175.64,0.49469,-1,-1,-1
367,115,1373.02,637.57,68.74,215.96,0.57633,-1,-1,-1
367,92,1578.65,663.86,80.11,229.04,0.65002,-1,-1,-1
367,110,43.28,701.81,51.53,173.67,0.53694,-1,-1,-1
368,41,0.00,715.93,47.06,190.33,0.46476,-1,-1,-1
368,103,1455.16,710.83,92.13,223.83,0.71318,-1,-1,-1
368,114,1333.83,644.69,49.85,169.87,0.47497,-1,-1,-1
368,115,1372.34,639.88,64.70,217.52,0.58966,-1,-1,-1
368,92,1576.52,665.01,84.66,234.89,0.63156,-1,-1,-1
368,110,35.44,706.88,52.94,174.35,0.38336,-1,-1,-1
369,41,0.00,716.97,42.14,195.43,0.48363,-1,-1,-1
369,103,1459.73,711.19,90.78,227.92,0.57123,-1,-1,-1
369,114,1329.97,645.62,54.92,195.63,0.55754,-1,-1,-1
369,115,1373.18,641.58,63.08,217.91,0.58055,-1,-1,-1
369,92,1576.89,664.00,85.86,238.35,0.63219,-1,-1,-1
369,110,26.19,709.45,55.38,178.52,0.60263,-1,-1,-1
370,41,0.00,719.69,31.78,195.64,0.37694,-1,-1,-1
370,103,1460.55,715.40,92.44,230.34,0.63870,-1,-1,-1
370,114,1327.12,645.72,58.02,211.73,0.34627,-1,-1,-1
370,115,1369.39,643.92,64.64,220.49,0.51723,-1,-1,-1
370,92,1568.48,663.77,96.71,241.00,0.65700,-1,-1,-1
370,110,14.66,712.04,56.75,180.90,0.44579,-1,-1,-1
370,119,1505.36,576.62,42.58,67.51,0.34537,-1,-1,-1
371,41,0.00,723.94,27.91,189.51,0.35665,-1,-1,-1
371,103,1461.65,718.50,92.54,230.43,0.71880,-1,-1,-1
371,115,1366.75,644.96,66.94,222.46,0.48847,-1,-1,-1
371,92,1561.06,665.95,107.60,239.08,0.69488,-1,-1,-1
371,110,9.27,714.74,55.91,185.13,0.55219,-1,-1,-1
371,119,1505.20,576.87,44.46,67.60,0.31042,-1,-1,-1
372,103,1461.24,720.14,94.07,232.58,0.72432,-1,-1,-1
372,115,1363.12,646.23,69.73,224.25,0.52019,-1,-1,-1
372,92,1556.50,668.06,113.78,241.34,0.66755,-1,-1,-1
372,110,1.38,717.17,57.53,184.16,0.64689,-1,-1,-1
373,103,1460.30,720.34,96.05,234.97,0.72409,-1,-1,-1
373,115,1360.26,648.43,72.04,224.49,0.49467,-1,-1,-1
373,92,1559.51,670.32,112.89,244.06,0.68559,-1,-1,-1
373,110,0.00,725.65,52.47,180.96,0.54975,-1,-1,-1
373,114,1317.91,650.12,56.87,176.36,0.31105,-1,-1,-1
374,103,1456.73,722.10,96.65,237.32,0.71389,-1,-1,-1
374,115,1358.47,652.14,73.84,223.57,0.58873,-1,-1,-1
374,92,1559.05,675.50,113.14,244.38,0.65560,-1,-1,-1
374,110,0.00,729.61,43.08,177.85,0.65754,-1,-1,-1
374,114,1313.45,646.05,56.28,169.99,0.32057,-1,-1,-1
375,103,1455.55,723.64,90.25,239.45,0.70471,-1,-1,-1
375,115,1357.19,655.37,76.73,222.88,0.58397,-1,-1,-1
375,92,1560.34,674.39,109.08,245.84,0.63454,-1,-1,-1
375,110,0.00,732.84,35.25,179.22,0.57363,-1,-1,-1
376,103,1455.81,725.36,84.45,241.58,0.70252,-1,-1,-1
376,115,1352.37,654.10,78.75,222.89,0.50937,-1,-1,-1
376,92,1558.96,677.26,105.86,244.43,0.61192,-1,-1,-1
376,110,0.00,734.93,24.89,174.80,0.53120,-1,-1,-1
376,120,1704.57,609.27,48.63,139.62,0.35647,-1,-1,-1
377,103,1455.59,725.32,82.77,246.37,0.67846,-1,-1,-1
377,115,1347.17,650.44,85.29,226.69,0.58445,-1,-1,-1
377,92,1555.75,680.96,101.87,239.03,0.59793,-1,-1,-1
377,120,1710.65,603.67,58.18,147.46,0.33260,-1,-1,-1
378,103,1456.54,726.25,80.96,252.64,0.64483,-1,-1,-1
378,115,1341.66,648.13,86.94,231.19,0.43040,-1,-1,-1
378,92,1551.20,683.07,101.37,242.68,0.65023,-1,-1,-1
378,120,1720.90,604.65,59.93,144.08,0.51560,-1,-1,-1
379,103,1456.31,726.08,79.80,259.93,0.66914,-1,-1,-1
379,115,1336.96,648.09,72.04,199.59,0.30504,-1,-1,-1
379,92,1547.84,679.56,95.31,247.54,0.70730,-1,-1,-1
379,120,1719.99,600.46,62.77,145.00,0.35268,-1,-1,-1
380,103,1454.52,725.42,79.91,266.18,0.69322,-1,-1,-1
380,115,1331.60,647.84,64.19,184.03,0.41269,-1,-1,-1
380,92,1541.79,679.40,95.80,251.20,0.66457,-1,-1,-1
380,120,1727.27,599.85,52.94,145.00,0.31798,-1,-1,-1
381,103,1452.75,726.72,87.67,268.66,0.70527,-1,-1,-1
381,115,1327.41,647.42,60.34,182.34,0.41789,-1,-1,-1
381,92,1532.71,679.41,90.25,257.40,0.61551,-1,-1,-1
382,103,1449.98,730.84,89.79,269.63,0.68671,-1,-1,-1
382,115,1323.12,648.21,58.77,181.64,0.62068,-1,-1,-1
382,92,1532.20,678.68,81.98,260.01,0.58589,-1,-1,-1
382,122,1444.89,559.54,44.54,82.92,0.37418,-1,-1,-1
382,120,1717.52,591.21,61.16,152.77,0.46368,-1,-1,-1
383,103,1446.95,735.64,94.25,269.14,0.71649,-1,-1,-1
383,115,1320.13,648.51,55.19,184.70,0.66739,-1,-1,-1
383,92,1528.39,684.18,82.24,254.11,0.56050,-1,-1,-1
383,120,1713.23,593.05,56.45,148.88,0.35387,-1,-1,-1
383,119,1506.08,563.21,44.94,66.59,0.30204,-1,-1,-1
384,103,1443.70,739.72,99.13,271.15,0.73502,-1,-1,-1
384,115,1316.79,647.84,53.00,186.75,0.67307,-1,-1,-1
384,92,1520.85,684.57,87.61,257.96,0.58580,-1,-1,-1
384,120,1711.56,595.20,55.28,147.86,0.38347,-1,-1,-1
384,122,1439.37,561.42,46.50,80.81,0.31705,-1,-1,-1
385,103,1440.23,742.18,99.71,272.09,0.74802,-1,-1,-1
385,92,1517.57,687.88,90.53,253.95,0.60557,-1,-1,-1
385,120,1714.94,592.96,65.24,153.27,0.43349,-1,-1,-1
385,122,1436.24,565.71,48.17,76.49,0.39124,-1,-1,-1
386,103,1434.48,745.61,97.12,274.44,0.74886,-1,-1,-1
386,92,1512.32,693.31,94.57,253.46,0.57054,-1,-1,-1
386,120,1717.20,594.08,66.95,156.26,0.30197,-1,-1,-1
386,122,1433.07,561.84,47.08,81.19,0.38814,-1,-1,-1
386,119,1494.32,558.80,49.00,74.16,0.34838,-1,-1,-1
387,103,1431.60,745.95,93.66,275.62,0.70296,-1,-1,-1
387,92,1506.27,693.25,96.86,256.09,0.65590,-1,-1,-1
387,120,1723.86,589.23,66.34,155.82,0.31788,-1,-1,-1
387,119,1492.35,554.97,51.58,76.14,0.43242,-1,-1,-1
387,114,1239.69,643.17,65.48,217.71,0.49513,-1,-1,-1
388,103,1428.54,747.52,91.90,280.87,0.66102,-1,-1,-1
388,92,1496.54,685.94,102.28,269.14,0.59807,-1,-1,-1
388,119,1488.90,558.10,54.52,75.52,0.39272,-1,-1,-1
388,114,1234.31,647.18,59.83,216.35,0.49259,-1,-1,-1
389,103,1425.82,747.85,93.08,287.88,0.59333,-1,-1,-1
389,92,1487.26,684.63,109.47,273.84,0.64120,-1,-1,-1
389,114,1220.03,646.19,65.95,219.49,0.48348,-1,-1,-1
389,120,1731.48,590.01,63.58,161.11,0.30300,-1,-1,-1
390,103,1417.28,749.29,99.21,291.43,0.61019,-1,-1,-1
390,92,1484.60,689.27,108.70,269.54,0.56190,-1,-1,-1
390,114,1220.75,647.21,61.26,224.38,0.48394,-1,-1,-1
390,115,1274.66,644.25,58.68,223.80,0.43357,-1,-1,-1
390,119,1482.67,558.34,47.18,75.86,0.32169,-1,-1,-1
391,103,1408.27,752.69,108.14,296.94,0.57785,-1,-1,-1
391,92,1480.59,706.99,108.35,250.40,0.56714,-1,-1,-1
391,114,1214.61,649.88,59.11,223.87,0.34128,-1,-1,-1
391,131,1530.94,563.84,45.20,83.33,0.39007,-1,-1,-1
391,119,1481.46,559.27,50.36,80.91,0.43389,-1,-1,-1
391,122,1413.40,554.72,45.39,89.63,0.51612,-1,-1,-1
392,103,1399.51,755.34,109.34,297.34,0.67367,-1,-1,-1
392,92,1471.21,707.95,112.12,251.52,0.52036,-1,-1,-1
392,114,1198.87,647.86,66.84,228.36,0.49095,-1,-1,-1
392,131,1525.49,560.29,43.80,90.49,0.33626,-1,-1,-1
392,132,1339.30,553.02,52.33,112.53,0.38101,-1,-1,-1
392,122,1407.15,552.10,46.57,91.43,0.36642,-1,-1,-1
392,120,1734.16,588.74,58.16,173.37,0.33187,-1,-1,-1
392,115,1251.66,646.80,66.01,233.29,0.49271,-1,-1,-1
393,103,1393.68,760.93,111.27,297.75,0.65210,-1,-1,-1
393,114,1190.12,647.20,67.81,231.59,0.48017,-1,-1,-1
393,131,1519.52,562.68,43.85,91.17,0.42636,-1,-1,-1
393,132,1334.80,553.70,52.39,116.24,0.42829,-1,-1,-1
393,120,1731.72,601.49,59.12,163.40,0.40834,-1,-1,-1
393,119,1469.90,562.27,49.73,80.00,0.54964,-1,-1,-1
394,103,1387.74,764.37,107.94,299.72,0.58459,-1,-1,-1
394,114,1182.27,650.00,66.80,230.28,0.50178,-1,-1,-1
394,132,1329.37,554.08,50.46,116.43,0.44889,-1,-1,-1
394,120,1730.46,603.60,56.75,159.86,0.45863,-1,-1,-1
394,119,1463.23,562.15,53.15,78.07,0.35036,-1,-1,-1
394,122,1386.47,549.80,55.46,96.21,0.44804,-1,-1,-1
395,103,1380.01,767.33,102.74,301.87,0.67930,-1,-1,-1
395,114,1170.71,649.21,69.40,236.59,0.65239,-1,-1,-1
395,132,1321.82,555.95,51.37,121.10,0.56205,-1,-1,-1
395,120,1728.02,600.45,56.30,164.93,0.46176,-1,-1,-1
395,119,1458.52,560.69,47.44,80.01,0.35491,-1,-1,-1
395,122,1385.39,549.04,51.13,95.89,0.55135,-1,-1,-1
395,92,1443.76,710.89,88.51,256.05,0.51250,-1,-1,-1
395,131,1508.39,563.10,43.70,87.01,0.33587,-1,-1,-1
396,103,1372.41,770.90,104.79,302.91,0.74658,-1,-1,-1
396,114,1161.46,648.72,70.41,227.49,0.57819,-1,-1,-1
396,132,1315.40,557.71,51.79,122.82,0.46742,-1,-1,-1
396,120,1726.46,598.27,56.87,169.54,0.49846,-1,-1,-1
396,119,1447.69,558.74,48.67,81.79,0.35182,-1,-1,-1
396,122,1382.01,548.34,46.96,97.89,0.41610,-1,-1,-1
396,92,1433.03,706.11,87.00,253.64,0.49523,-1,-1,-1
397,103,1365.19,772.94,103.12,305.52,0.64414,-1,-1,-1
397,114,1149.62,648.79,72.34,230.93,0.60264,-1,-1,-1
397,132,1311.74,561.45,49.82,122.48,0.47201,-1,-1,-1
397,120,1723.83,601.15,56.10,168.60,0.50766,-1,-1,-1
397,119,1444.15,561.38,50.52,82.77,0.56038,-1,-1,-1
397,122,1373.23,550.06,45.65,97.44,0.47176,-1,-1,-1
397,92,1419.99,714.01,86.97,259.63,0.41704,-1,-1,-1
397,131,1495.76,562.95,45.52,89.66,0.45608,-1,-1,-1
398,103,1356.62,771.49,109.89,306.44,0.53359,-1,-1,-1
398,114,1140.60,648.67,73.74,237.65,0.54498,-1,-1,-1
398,132,1302.33,558.96,48.15,125.32,0.64880,-1,-1,-1
398,120,1717.41,604.71,55.98,165.31,0.43942,-1,-1,-1
398,119,1436.78,559.59,51.41,86.07,0.32419,-1,-1,-1
398,122,1366.46,551.11,46.93,95.62,0.45527,-1,-1,-1
399,103,1348.08,769.67,111.57,310.33,0.33513,-1,-1,-1
399,114,1129.19,651.90,69.92,229.72,0.61090,-1,-1,-1
399,132,1293.52,554.39,49.79,128.21,0.59579,-1,-1,-1
399,120,1713.15,604.96,58.50,163.32,0.47874,-1,-1,-1
399,122,1360.57,554.48,41.30,92.74,0.33352,-1,-1,-1
399,131,1479.38,558.22,44.86,93.61,0.36428,-1,-1,-1
400,103,1339.36,770.98,111.59,309.02,0.38574,-1,-1,-1
400,114,1112.73,652.75,87.14,256.22,0.54615,-1,-1,-1
400,132,1288.40,556.70,43.34,126.90,0.60798,-1,-1,-1
400,120,1710.89,609.22,65.20,162.33,0.33918,-1,-1,-1
400,122,1350.12,551.04,42.67,97.08,0.51275,-1,-1,-1
400,131,1471.58,559.24,44.77,93.79,0.44337,-1,-1,-1
400,119,1420.40,561.78,51.33,83.77,0.52495,-1,-1,-1
401,103,1325.16,772.29,114.21,307.71,0.56612,-1,-1,-1
401,114,1095.71,656.04,85.70,252.11,0.70106,-1,-1,-1
401,132,1278.29,554.14,45.84,130.28,0.66171,-1,-1,-1
401,120,1707.18,610.39,60.32,161.30,0.33988,-1,-1,-1
401,122,1340.85,547.23,44.17,99.98,0.46856,-1,-1,-1
401,131,1464.58,558.85,44.40,92.08,0.30966,-1,-1,-1
401,135,1375.66,723.92,68.47,150.28,0.34867,-1,-1,-1
401,119,1411.27,560.48,52.04,84.13,0.34392,-1,-1,-1
402,103,1314.69,775.63,115.41,304.37,0.64463,-1,-1,-1
402,114,1076.40,655.94,97.05,252.90,0.65258,-1,-1,-1
402,132,1268.25,552.24,46.96,130.01,0.49364,-1,-1,-1
402,122,1325.98,541.76,49.08,106.79,0.43928,-1,-1,-1
402,131,1455.05,556.51,45.29,96.41,0.30081,-1,-1,-1
403,103,1303.28,766.92,122.26,313.00,0.64098,-1,-1,-1
403,114,1059.19,656.14,107.64,273.61,0.66530,-1,-1,-1
403,132,1261.25,552.85,42.28,129.30,0.46270,-1,-1,-1
403,122,1315.32,542.02,50.75,106.01,0.51977,-1,-1,-1
403,131,1446.14,556.88,49.29,98.69,0.36822,-1,-1,-1
403,119,1394.87,559.55,53.94,86.14,0.43120,-1,-1,-1
404,103,1287.14,767.73,127.32,312.27,0.73114,-1,-1,-1
404,114,1058.80,659.09,99.39,280.95,0.67188,-1,-1,-1
404,132,1251.21,549.17,43.54,130.91,0.49455,-1,-1,-1
404,122,1308.80,542.64,47.78,106.12,0.55464,-1,-1,-1
404,131,1435.70,559.95,48.00,92.87,0.44633,-1,-1,-1
404,119,1385.03,557.74,54.35,88.69,0.42579,-1,-1,-1
405,103,1264.29,778.33,137.80,301.67,0.62114,-1,-1,-1
405,114,1041.34,660.05,103.89,282.44,0.63057,-1,-1,-1
405,132,1241.56,547.01,40.05,134.01,0.49125,-1,-1,-1
405,122,1296.82,541.66,49.13,108.28,0.44090,-1,-1,-1
405,131,1425.16,559.77,46.91,94.58,0.44814,-1,-1,-1
405,119,1374.69,558.79,52.31,87.98,0.33003,-1,-1,-1
406,103,1220.40,781.79,166.92,297.85,0.57834,-1,-1,-1
406,114,1016.43,661.13,113.78,284.36,0.74659,-1,-1,-1
406,132,1229.63,547.22,42.33,130.65,0.61942,-1,-1,-1
406,122,1289.55,541.60,45.75,106.25,0.62218,-1,-1,-1
406,131,1415.11,556.79,46.97,95.56,0.39438,-1,-1,-1
407,103,1191.87,781.83,180.88,298.10,0.61243,-1,-1,-1
407,114,996.90,663.86,119.34,286.75,0.55163,-1,-1,-1
407,132,1218.27,544.07,43.41,137.38,0.52498,-1,-1,-1
407,122,1279.07,547.02,44.22,102.86,0.56743,-1,-1,-1
407,131,1404.37,554.03,46.99,101.96,0.42097,-1,-1,-1
407,120,1672.66,601.56,72.50,187.10,0.33980,-1,-1,-1
407,119,1352.47,558.37,47.24,90.68,0.36668,-1,-1,-1
408,103,1188.75,790.47,169.70,288.54,0.56802,-1,-1,-1
408,114,988.81,666.49,111.28,288.45,0.62913,-1,-1,-1
408,132,1205.17,545.37,45.34,134.33,0.57564,-1,-1,-1
408,122,1267.27,543.94,43.50,104.72,0.62659,-1,-1,-1
408,131,1394.35,555.83,45.01,97.64,0.41073,-1,-1,-1
408,119,1340.90,559.14,46.74,88.90,0.36005,-1,-1,-1
409,103,1185.82,792.13,154.02,287.61,0.70341,-1,-1,-1
409,114,966.72,665.76,118.02,292.22,0.68432,-1,-1,-1
409,132,1193.43,543.42,45.88,137.63,0.55657,-1,-1,-1
409,122,1252.40,546.19,47.31,104.49,0.48335,-1,-1,-1
409,131,1381.97,553.12,45.40,102.83,0.42336,-1,-1,-1
409,119,1328.48,558.39,46.07,91.19,0.36780,-1,-1,-1
409,120,1657.15,585.03,69.14,213.95,0.34521,-1,-1,-1
410,103,1182.54,804.79,137.29,275.21,0.54476,-1,-1,-1
410,114,945.11,667.89,117.97,294.45,0.71234,-1,-1,-1
410,132,1180.49,542.86,46.68,136.85,0.56704,-1,-1,-1
410,122,1239.84,542.81,48.01,106.79,0.58036,-1,-1,-1
410,131,1371.81,550.45,43.89,106.99,0.34214,-1,-1,-1
410,119,1323.34,559.12,48.66,90.67,0.39631,-1,-1,-1
410,120,1649.69,588.77,67.46,215.97,0.34823,-1,-1,-1
411,103,1164.71,813.39,136.95,265.88,0.73952,-1,-1,-1
411,114,930.80,669.33,115.53,294.18,0.54287,-1,-1,-1
411,132,1167.83,540.95,46.04,140.17,0.39840,-1,-1,-1
411,122,1227.56,544.30,47.42,107.39,0.51248,-1,-1,-1
411,131,1357.51,550.22,46.59,107.29,0.44930,-1,-1,-1
411,119,1307.09,558.19,48.58,92.56,0.40739,-1,-1,-1
412,103,1149.39,822.73,133.24,255.00,0.70015,-1,-1,-1
412,114,904.23,667.37,130.68,300.41,0.67831,-1,-1,-1
412,132,1152.53,540.26,48.03,137.56,0.51590,-1,-1,-1
412,122,1215.22,540.34,44.97,110.41,0.56050,-1,-1,-1
412,131,1345.53,552.13,44.25,103.16,0.50337,-1,-1,-1
412,119,1293.67,556.55,44.72,92.88,0.34829,-1,-1,-1
412,120,1632.84,600.42,59.90,201.36,0.41012,-1,-1,-1
413,103,1120.86,817.94,141.63,261.16,0.59896,-1,-1,-1
413,114,890.31,669.10,129.77,300.32,0.66175,-1,-1,-1
413,132,1138.52,541.11,45.66,138.28,0.45152,-1,-1,-1
413,122,1198.76,537.92,46.63,115.45,0.56521,-1,-1,-1
413,131,1331.30,550.12,43.93,107.43,0.42927,-1,-1,-1
413,119,1279.87,555.62,42.16,94.00,0.45477,-1,-1,-1
414,103,1111.45,824.70,130.81,254.77,0.66993,-1,-1,-1
414,114,867.05,671.30,120.26,302.16,0.70090,-1,-1,-1
414,122,1182.95,538.19,48.92,115.49,0.66068,-1,-1,-1
414,131,1318.31,551.58,45.53,105.04,0.47272,-1,-1,-1
414,119,1266.04,553.18,43.91,97.54,0.46057,-1,-1,-1
414,138,1860.78,590.37,55.97,180.35,0.36087,-1,-1,-1
415,103,1080.37,822.60,138.36,256.42,0.56400,-1,-1,-1
415,114,840.52,671.64,120.40,304.76,0.71642,-1,-1,-1
415,122,1165.91,536.05,51.13,117.64,0.62998,-1,-1,-1
415,131,1304.67,550.11,44.17,108.16,0.50688,-1,-1,-1
415,119,1252.24,555.95,49.17,94.11,0.45828,-1,-1,-1
415,132,1110.02,543.22,46.56,135.04,0.48782,-1,-1,-1
416,103,1065.90,827.05,131.07,250.01,0.64245,-1,-1,-1
416,114,814.57,672.14,114.25,307.66,0.75552,-1,-1,-1
416,122,1148.72,535.11,51.60,118.14,0.58324,-1,-1,-1
416,131,1288.08,551.26,46.85,106.12,0.47268,-1,-1,-1
416,119,1237.92,553.93,43.97,94.78,0.45206,-1,-1,-1
416,132,1095.15,538.25,48.56,140.32,0.53544,-1,-1,-1
417,103,1029.49,830.66,142.08,246.53,0.53963,-1,-1,-1
417,114,785.82,674.81,113.04,308.69,0.73050,-1,-1,-1
417,122,1134.34,533.43,53.06,118.62,0.53935,-1,-1,-1
417,131,1274.41,551.43,44.52,107.19,0.39350,-1,-1,-1
417,119,1222.45,554.76,46.53,93.48,0.43414,-1,-1,-1
417,132,1081.63,538.90,48.67,132.58,0.41637,-1,-1,-1
417,138,1816.38,584.35,61.81,188.61,0.39979,-1,-1,-1
418,103,1016.47,833.79,130.56,245.01,0.66173,-1,-1,-1
418,114,755.92,675.70,113.19,311.25,0.79456,-1,-1,-1
418,122,1117.43,531.55,55.78,118.72,0.71091,-1,-1,-1
418,131,1257.33,551.66,44.52,106.62,0.40518,-1,-1,-1
418,119,1207.44,556.57,43.04,91.69,0.51339,-1,-1,-1
418,132,1062.85,539.14,49.99,136.25,0.47232,-1,-1,-1
418,141,1621.62,604.41,72.29,173.44,0.42464,-1,-1,-1
418,138,1797.41,582.78,82.28,198.56,0.46962,-1,-1,-1
419,103,1004.71,836.33,116.48,242.84,0.66420,-1,-1,-1
419,114,720.95,676.52,120.36,315.24,0.79981,-1,-1,-1
419,122,1102.02,530.75,52.89,118.46,0.57043,-1,-1,-1
419,131,1241.03,549.69,46.27,106.12,0.37462,-1,-1,-1
419,119,1192.48,551.81,41.52,95.17,0.56440,-1,-1,-1
419,132,1047.37,538.84,50.51,133.76,0.47217,-1,-1,-1
419,141,1608.59,610.66,75.67,168.82,0.58067,-1,-1,-1
419,138,1780.12,575.74,95.24,209.59,0.49844,-1,-1,-1
420,103,975.84,837.79,116.63,242.21,0.71218,-1,-1,-1
420,114,688.68,679.36,125.30,315.84,0.76632,-1,-1,-1
420,122,1088.44,531.40,51.76,116.68,0.60993,-1,-1,-1
420,131,1224.97,552.37,45.71,105.86,0.36042,-1,-1,-1
420,119,1176.61,553.08,45.17,94.04,0.53831,-1,-1,-1
420,132,1031.99,533.63,50.88,135.38,0.44543,-1,-1,-1
420,141,1590.47,613.66,78.08,166.20,0.44620,-1,-1,-1
420,138,1766.00,575.99,81.20,203.90,0.61919,-1,-1,-1
420,142,904.63,782.82,109.80,296.91,0.55632,-1,-1,-1
421,103,947.10,835.87,118.20,244.13,0.65818,-1,-1,-1
421,114,658.23,680.64,128.80,317.79,0.78279,-1,-1,-1
421,122,1071.16,531.82,54.08,117.08,0.65033,-1,-1,-1
421,131,1206.90,550.68,46.46,107.27,0.45734,-1,-1,-1
421,119,1160.12,553.61,45.89,94.71,0.50555,-1,-1,-1
421,132,1011.80,535.83,52.19,138.01,0.51355,-1,-1,-1
421,141,1580.08,611.60,77.69,168.02,0.47166,-1,-1,-1
421,138,1751.31,577.48,74.03,204.25,0.64583,-1,-1,-1
421,142,872.66,772.98,118.07,307.02,0.33587,-1,-1,-1
422,103,915.92,842.80,120.64,236.71,0.76886,-1,-1,-1
422,114,625.96,679.06,138.29,325.46,0.81178,-1,-1,-1
422,122,1052.69,529.44,53.04,117.01,0.58087,-1,-1,-1
422,131,1189.31,547.53,49.20,109.64,0.39356,-1,-1,-1
422,119,1143.01,551.51,44.25,95.04,0.49115,-1,-1,-1
422,132,990.35,529.17,57.33,142.54,0.54080,-1,-1,-1
422,141,1558.83,609.11,83.28,171.10,0.50521,-1,-1,-1
422,142,852.27,786.33,107.44,292.42,0.51457,-1,-1,-1
423,103,882.79,848.32,123.12,231.46,0.74982,-1,-1,-1
423,114,598.34,682.09,136.69,325.30,0.74537,-1,-1,-1
423,122,1032.65,528.14,56.72,118.95,0.55526,-1,-1,-1
423,119,1124.43,552.13,48.35,94.90,0.36316,-1,-1,-1
423,132,970.58,528.06,56.00,140.95,0.50096,-1,-1,-1
423,141,1550.31,607.99,72.32,171.31,0.63570,-1,-1,-1
423,142,817.14,799.40,108.65,278.76,0.54599,-1,-1,-1
423,138,1718.68,577.61,69.02,204.51,0.54092,-1,-1,-1
424,103,855.89,855.77,118.70,224.11,0.71081,-1,-1,-1
424,114,563.55,686.80,143.85,324.99,0.76554,-1,-1,-1
424,122,1013.06,528.49,58.83,117.51,0.57951,-1,-1,-1
424,119,1105.65,551.67,45.49,94.65,0.41064,-1,-1,-1
424,132,953.74,527.07,53.67,140.01,0.55688,-1,-1,-1
424,141,1537.15,609.57,67.83,170.22,0.60446,-1,-1,-1
424,142,787.33,813.27,108.57,266.16,0.47022,-1,-1,-1
424,138,1695.37,573.60,69.89,206.50,0.55721,-1,-1,-1
425,103,822.33,861.87,119.29,218.13,0.74752,-1,-1,-1
425,114,523.51,687.20,149.20,329.53,0.74092,-1,-1,-1
425,122,994.24,527.86,57.14,120.68,0.53145,-1,-1,-1
425,132,933.70,526.16,54.41,141.81,0.48044,-1,-1,-1
425,141,1520.76,609.22,66.20,169.72,0.61608,-1,-1,-1
425,142,753.29,806.62,108.43,272.31,0.50218,-1,-1,-1
425,138,1673.71,572.65,71.95,207.73,0.65897,-1,-1,-1
426,103,790.63,867.24,118.40,212.60,0.71290,-1,-1,-1
426,114,484.99,691.35,137.11,329.73,0.60794,-1,-1,-1
426,122,975.98,527.20,56.88,121.49,0.56344,-1,-1,-1
426,132,915.50,523.04,54.93,145.07,0.51427,-1,-1,-1
426,141,1506.78,609.71,62.24,167.49,0.56804,-1,-1,-1
426,142,721.16,815.45,101.03,264.08,0.37902,-1,-1,-1
426,138,1654.74,576.24,71.39,202.91,0.66750,-1,-1,-1
426,131,1111.08,545.11,45.56,111.81,0.34001,-1,-1,-1
426,119,1068.46,549.38,45.19,97.23,0.35740,-1,-1,-1
427,103,756.36,873.59,119.14,206.41,0.49780,-1,-1,-1
427,114,441.64,696.57,167.90,333.65,0.69187,-1,-1,-1
427,122,957.24,529.97,54.95,121.26,0.50676,-1,-1,-1
427,132,895.69,526.38,55.24,140.69,0.48042,-1,-1,-1
427,141,1489.08,608.87,65.01,170.43,0.53685,-1,-1,-1
427,138,1633.02,579.67,74.06,203.47,0.56838,-1,-1,-1
427,146,1128.85,540.05,40.06,119.84,0.32121,-1,-1,-1
427,131,1090.14,546.46,47.78,112.90,0.31879,-1,-1,-1
427,120,1432.43,591.19,59.72,220.91,0.30356,-1,-1,-1
428,103,720.63,884.78,118.48,195.22,0.53774,-1,-1,-1
428,114,407.00,700.64,176.29,339.89,0.57095,-1,-1,-1
428,122,937.02,530.90,55.97,123.75,0.52181,-1,-1,-1
428,132,869.09,528.75,60.29,142.05,0.57392,-1,-1,-1
428,141,1470.59,609.00,65.39,172.50,0.43603,-1,-1,-1
428,138,1610.96,583.03,76.18,204.31,0.58045,-1,-1,-1
428,120,1413.80,622.63,73.79,206.42,0.35641,-1,-1,-1
428,142,626.91,834.00,124.41,226.53,0.32482,-1,-1,-1
429,103,685.28,893.15,116.43,186.82,0.65844,-1,-1,-1
429,114,383.55,703.69,145.17,323.20,0.42311,-1,-1,-1
429,122,917.70,531.01,54.42,125.34,0.43216,-1,-1,-1
429,132,852.29,531.00,54.85,137.63,0.41689,-1,-1,-1
429,141,1452.95,610.23,69.13,178.34,0.46658,-1,-1,-1
429,138,1585.59,586.77,81.67,203.60,0.41654,-1,-1,-1
429,120,1393.52,623.57,70.36,211.66,0.31035,-1,-1,-1
429,142,584.69,846.69,125.08,211.06,0.44978,-1,-1,-1
429,131,1053.21,551.99,50.20,118.76,0.33587,-1,-1,-1
430,103,638.58,904.17,125.44,175.83,0.66541,-1,-1,-1
430,114,329.88,708.81,163.68,331.55,0.72253,-1,-1,-1
430,122,894.00,531.86,57.23,126.58,0.32535,-1,-1,-1
430,132,827.06,532.04,63.84,136.64,0.30303,-1,-1,-1
430,141,1436.98,612.30,70.36,184.14,0.61953,-1,-1,-1
430,138,1561.29,588.40,81.12,202.08,0.65465,-1,-1,-1
430,120,1370.25,633.38,79.41,203.45,0.35644,-1,-1,-1
430,142,539.85,858.34,124.48,209.95,0.53346,-1,-1,-1
430,149,616.09,789.17,82.28,161.73,0.41149,-1,-1,-1
430,131,1029.62,555.58,50.60,120.60,0.43988,-1,-1,-1
431,103,610.33,915.07,111.51,164.93,0.53369,-1,-1,-1
431,114,299.63,713.32,147.96,329.54,0.57270,-1,-1,-1
431,132,802.06,540.48,64.36,134.65,0.41766,-1,-1,-1
431,141,1414.78,616.46,73.43,183.51,0.48569,-1,-1,-1
431,138,1540.18,592.84,83.40,204.97,0.43422,-1,-1,-1
431,131,1011.90,560.56,47.87,121.34,0.46451,-1,-1,-1
431,119,976.91,560.61,38.45,107.24,0.45990,-1,-1,-1
431,146,1051.96,562.39,45.28,113.56,0.30668,-1,-1,-1
432,103,573.37,925.39,105.36,154.46,0.63933,-1,-1,-1
432,114,250.31,716.41,161.76,344.79,0.33338,-1,-1,-1
432,141,1399.53,618.45,76.79,181.04,0.44249,-1,-1,-1
432,138,1516.45,592.68,84.48,205.75,0.60795,-1,-1,-1
432,131,989.24,559.10,51.26,127.20,0.52425,-1,-1,-1
432,150,522.78,805.62,93.25,169.53,0.48545,-1,-1,-1
432,119,959.83,563.36,36.17,105.95,0.47464,-1,-1,-1
432,146,1029.33,558.57,42.95,115.14,0.36978,-1,-1,-1
432,120,1329.75,635.53,81.85,214.83,0.32996,-1,-1,-1
432,142,444.46,870.94,142.35,208.10,0.50557,-1,-1,-1
433,103,529.77,936.95,107.11,143.05,0.64649,-1,-1,-1
433,114,212.14,724.70,156.75,331.69,0.56530,-1,-1,-1
433,141,1380.74,625.16,79.93,180.19,0.37747,-1,-1,-1
433,138,1495.79,596.03,90.60,210.06,0.51098,-1,-1,-1
433,131,965.07,561.86,54.62,130.37,0.48595,-1,-1,-1
433,150,486.02,813.19,86.14,159.53,0.54057,-1,-1,-1
433,119,939.17,566.41,34.69,105.09,0.42591,-1,-1,-1
433,120,1311.47,650.21,77.13,205.08,0.30515,-1,-1,-1
433,142,354.86,872.06,186.93,207.94,0.67884,-1,-1,-1
433,132,758.72,540.61,61.03,137.43,0.42556,-1,-1,-1
434,103,486.04,947.62,106.37,130.42,0.62432,-1,-1,-1
434,114,166.35,728.92,118.23,337.95,0.66670,-1,-1,-1
434,141,1360.34,625.85,85.98,182.54,0.56404,-1,-1,-1
434,138,1474.75,595.22,82.43,210.43,0.55483,-1,-1,-1
434,131,939.71,562.34,58.45,130.83,0.50655,-1,-1,-1
434,150,438.19,817.63,91.52,170.35,0.55011,-1,-1,-1
434,120,1285.69,635.56,89.77,223.16,0.44445,-1,-1,-1
434,142,301.87,878.66,193.97,201.34,0.73960,-1,-1,-1
434,132,738.42,539.34,59.72,135.73,0.36550,-1,-1,-1
435,103,435.93,959.89,109.65,118.97,0.61489,-1,-1,-1
435,114,117.00,734.15,103.96,341.48,0.68780,-1,-1,-1
435,141,1342.55,629.30,84.24,181.50,0.56112,-1,-1,-1
435,138,1454.35,599.12,77.30,209.41,0.53051,-1,-1,-1
435,150,392.04,825.74,99.41,168.80,0.53114,-1,-1,-1
435,120,1266.02,639.14,87.11,225.49,0.40254,-1,-1,-1
435,142,262.12,886.78,186.02,193.22,0.71254,-1,-1,-1
435,132,717.39,541.93,61.67,133.47,0.34295,-1,-1,-1
435,119,885.85,566.00,43.70,109.70,0.31476,-1,-1,-1
436,103,385.76,967.92,111.50,111.31,0.58629,-1,-1,-1
436,114,63.08,735.92,105.69,343.09,0.73311,-1,-1,-1
436,141,1323.48,630.78,86.88,181.65,0.60817,-1,-1,-1
436,138,1431.41,600.29,75.16,208.83,0.63373,-1,-1,-1
436,150,343.32,831.42,99.49,175.74,0.52508,-1,-1,-1
436,120,1242.28,638.99,84.80,230.09,0.55872,-1,-1,-1
436,142,230.22,892.60,167.74,187.40,0.77470,-1,-1,-1
436,132,694.86,541.97,58.15,134.12,0.41118,-1,-1,-1
436,119,869.60,567.17,38.50,112.54,0.34140,-1,-1,-1
436,146,944.80,555.76,41.80,128.20,0.44378,-1,-1,-1
436,131,897.48,565.34,58.36,130.47,0.43396,-1,-1,-1
437,103,334.68,977.58,102.95,101.29,0.51863,-1,-1,-1
437,114,9.60,739.66,124.05,340.34,0.74271,-1,-1,-1
437,141,1302.00,633.25,88.94,182.54,0.67620,-1,-1,-1
437,138,1409.59,601.15,69.22,208.80,0.53665,-1,-1,-1
437,150,294.36,842.83,97.66,173.84,0.58419,-1,-1,-1
437,120,1223.62,644.33,77.77,232.31,0.57132,-1,-1,-1
437,142,183.39,902.34,163.75,177.66,0.77884,-1,-1,-1
437,132,673.41,547.69,59.88,132.38,0.38793,-1,-1,-1
437,119,846.06,568.49,39.65,117.38,0.37336,-1,-1,-1
437,146,922.57,558.66,44.05,129.64,0.52875,-1,-1,-1
437,131,878.80,568.13,55.26,130.10,0.41317,-1,-1,-1
438,103,276.85,991.29,94.16,86.90,0.49608,-1,-1,-1
438,141,1282.59,631.71,85.30,184.43,0.59374,-1,-1,-1
438,138,1385.76,598.05,67.31,208.44,0.64255,-1,-1,-1
438,150,244.44,840.43,98.21,188.57,0.47720,-1,-1,-1
438,120,1204.76,644.55,74.69,236.73,0.57076,-1,-1,-1
438,142,130.01,910.73,159.94,169.27,0.74748,-1,-1,-1
438,132,650.38,547.07,61.55,133.32,0.53976,-1,-1,-1
438,131,857.92,567.50,55.88,132.20,0.49135,-1,-1,-1
439,103,216.13,1001.83,96.32,76.91,0.55888,-1,-1,-1
439,141,1263.57,632.30,79.54,183.43,0.59005,-1,-1,-1
439,138,1361.47,599.01,66.10,209.83,0.60375,-1,-1,-1
439,120,1180.63,646.14,83.22,239.95,0.60691,-1,-1,-1
439,142,72.84,919.84,156.85,160.16,0.77234,-1,-1,-1
439,132,627.77,548.09,61.32,134.57,0.44952,-1,-1,-1
439,131,835.30,567.91,54.37,133.66,0.46376,-1,-1,-1
439,122,692.55,546.57,55.14,130.39,0.30959,-1,-1,-1
439,146,881.55,561.19,42.47,128.12,0.32183,-1,-1,-1
440,103,155.45,1014.08,100.33,65.46,0.36268,-1,-1,-1
440,141,1242.98,633.85,79.67,189.61,0.53976,-1,-1,-1
440,138,1336.26,600.51,67.67,209.21,0.60678,-1,-1,-1
440,120,1154.40,653.08,89.96,239.89,0.68232,-1,-1,-1
440,142,10.17,929.05,158.89,150.95,0.73668,-1,-1,-1
440,132,603.37,551.85,53.07,130.10,0.62911,-1,-1,-1
440,131,813.24,569.13,52.54,135.83,0.44174,-1,-1,-1
440,122,671.05,545.90,53.78,132.87,0.38473,-1,-1,-1
440,150,138.02,860.94,95.75,183.63,0.47468,-1,-1,-1
441,141,1223.72,633.69,75.19,194.64,0.53561,-1,-1,-1
441,138,1308.71,599.12,71.06,217.02,0.58383,-1,-1,-1
441,120,1129.53,656.43,95.18,240.29,0.76327,-1,-1,-1
441,142,0.00,939.97,102.67,139.93,0.57678,-1,-1,-1
441,132,579.99,548.97,52.79,132.68,0.54858,-1,-1,-1
441,131,792.36,568.81,50.15,136.71,0.38470,-1,-1,-1
441,122,646.43,540.76,55.49,137.07,0.33813,-1,-1,-1
441,150,79.21,869.91,106.57,200.24,0.43171,-1,-1,-1
441,119,758.99,567.39,38.06,126.82,0.39270,-1,-1,-1
441,146,836.64,561.71,44.21,131.75,0.45772,-1,-1,-1
442,141,1206.21,636.36,71.83,194.47,0.51992,-1,-1,-1
442,138,1284.77,600.55,69.57,215.71,0.60212,-1,-1,-1
442,120,1103.31,666.59,99.07,233.14,0.76846,-1,-1,-1
442,132,555.60,549.85,51.13,130.79,0.51480,-1,-1,-1
442,131,769.60,568.50,49.16,138.42,0.44377,-1,-1,-1
442,122,621.67,537.66,58.53,142.35,0.37531,-1,-1,-1
442,150,13.08,879.37,116.85,199.02,0.65944,-1,-1,-1
442,119,737.05,569.55,35.89,129.72,0.43522,-1,-1,-1
442,146,813.48,564.41,45.79,129.69,0.33166,-1,-1,-1
443,141,1185.61,637.28,72.18,197.44,0.68050,-1,-1,-1
443,138,1257.31,602.67,71.49,219.86,0.59084,-1,-1,-1
443,120,1079.45,673.61,105.49,228.63,0.78297,-1,-1,-1
443,132,531.29,563.55,46.97,119.27,0.51812,-1,-1,-1
443,131,747.20,570.25,47.69,137.70,0.35933,-1,-1,-1
443,122,595.67,529.24,62.60,149.57,0.39940,-1,-1,-1
443,119,713.43,571.20,36.04,132.34,0.45641,-1,-1,-1
444,141,1163.35,638.73,73.03,197.38,0.71252,-1,-1,-1
444,138,1230.72,604.32,73.69,217.65,0.65954,-1,-1,-1
444,120,1052.73,676.81,106.54,230.83,0.71564,-1,-1,-1
444,132,505.02,566.33,45.70,117.34,0.57846,-1,-1,-1
444,131,722.37,568.79,48.51,140.29,0.33512,-1,-1,-1
444,119,690.22,572.90,35.81,131.82,0.37523,-1,-1,-1
444,146,770.74,566.66,45.33,130.10,0.33108,-1,-1,-1
445,141,1139.92,637.92,75.35,202.63,0.65175,-1,-1,-1
445,138,1204.12,602.90,69.92,222.27,0.61452,-1,-1,-1
445,120,1027.47,678.03,101.87,233.91,0.77162,-1,-1,-1
445,132,480.31,569.95,44.68,118.56,0.57180,-1,-1,-1
445,131,699.42,569.61,47.08,139.76,0.36916,-1,-1,-1
445,119,665.29,573.59,36.54,135.44,0.47105,-1,-1,-1
445,146,744.27,567.12,46.23,132.51,0.36545,-1,-1,-1
445,122,549.93,517.06,61.22,159.75,0.35481,-1,-1,-1
446,141,1117.85,639.26,74.07,202.31,0.67966,-1,-1,-1
446,138,1179.13,603.34,73.01,222.09,0.67255,-1,-1,-1
446,120,999.94,677.11,99.25,240.12,0.77308,-1,-1,-1
446,132,453.79,570.86,46.38,118.71,0.57031,-1,-1,-1
446,131,674.29,568.28,47.61,142.97,0.41691,-1,-1,-1
446,119,640.30,573.72,37.59,136.11,0.35074,-1,-1,-1
446,122,524.25,515.32,60.78,161.37,0.41441,-1,-1,-1
447,141,1090.58,642.89,75.84,203.13,0.68375,-1,-1,-1
447,138,1153.24,601.60,72.66,223.67,0.69564,-1,-1,-1
447,120,974.18,673.58,95.31,249.31,0.64426,-1,-1,-1
447,132,426.78,572.75,46.99,117.80,0.55366,-1,-1,-1
447,119,615.90,573.29,40.06,137.72,0.35435,-1,-1,-1
447,122,498.38,515.25,61.33,160.45,0.36038,-1,-1,-1
448,141,1067.39,640.75,74.43,204.52,0.63158,-1,-1,-1
448,138,1125.75,603.29,68.65,221.30,0.66090,-1,-1,-1
448,120,943.65,671.66,94.68,253.93,0.68025,-1,-1,-1
448,132,399.01,574.23,48.29,116.31,0.42866,-1,-1,-1
448,122,476.82,515.99,57.82,160.97,0.35888,-1,-1,-1
448,153,1000.72,615.75,64.27,166.07,0.38943,-1,-1,-1
449,141,1041.38,639.43,78.37,208.13,0.63467,-1,-1,-1
449,138,1098.26,604.90,64.64,220.31,0.56712,-1,-1,-1
449,120,913.26,670.63,104.86,264.90,0.68998,-1,-1,-1
449,132,369.99,570.54,52.79,119.81,0.62327,-1,-1,-1
449,122,449.46,507.47,64.20,170.09,0.33771,-1,-1,-1
449,146,651.50,562.21,45.69,135.69,0.34274,-1,-1,-1
450,141,1020.11,641.83,72.78,203.84,0.52182,-1,-1,-1
450,138,1071.40,606.05,61.07,220.46,0.46271,-1,-1,-1
450,120,883.10,674.75,99.20,260.53,0.64824,-1,-1,-1
450,132,340.40,568.34,54.08,121.38,0.54820,-1,-1,-1
450,155,1834.69,776.65,79.45,302.94,0.78365,-1,-1,-1
450,131,574.77,562.59,43.48,152.77,0.31328,-1,-1,-1
450,153,943.31,614.54,70.96,209.39,0.42602,-1,-1,-1
451,141,990.64,636.92,83.08,213.26,0.52332,-1,-1,-1
451,138,1040.00,606.71,60.99,227.91,0.31740,-1,-1,-1
451,120,851.33,680.95,93.45,267.24,0.76511,-1,-1,-1
451,132,313.14,566.72,52.75,122.77,0.35305,-1,-1,-1
451,155,1805.12,774.81,104.67,304.01,0.84027,-1,-1,-1
451,153,916.35,616.30,70.71,218.66,0.43631,-1,-1,-1
452,141,964.70,621.12,86.71,232.58,0.44608,-1,-1,-1
452,120,818.87,686.13,100.38,270.54,0.80279,-1,-1,-1
452,132,284.50,567.27,48.42,123.34,0.49444,-1,-1,-1
452,155,1773.06,774.71,134.78,303.15,0.85520,-1,-1,-1
452,153,893.60,619.44,66.04,220.54,0.36542,-1,-1,-1
452,119,486.36,568.01,40.00,147.61,0.39830,-1,-1,-1
453,141,940.02,618.50,89.38,236.98,0.56199,-1,-1,-1
453,120,787.17,691.87,104.04,269.26,0.73588,-1,-1,-1
453,132,252.96,569.56,50.61,123.92,0.35129,-1,-1,-1
453,155,1741.20,773.66,167.16,304.34,0.84863,-1,-1,-1
453,119,459.19,567.57,40.75,152.42,0.38043,-1,-1,-1
454,141,914.68,614.65,84.09,245.02,0.67461,-1,-1,-1
454,120,751.73,695.61,104.04,271.78,0.77762,-1,-1,-1
454,132,224.16,570.96,50.91,124.11,0.34340,-1,-1,-1
454,155,1710.83,772.80,184.19,307.20,0.85620,-1,-1,-1
454,119,429.78,569.57,42.40,155.39,0.43997,-1,-1,-1
454,146,525.31,561.59,52.19,140.18,0.32126,-1,-1,-1
454,153,841.26,619.78,64.34,219.34,0.42696,-1,-1,-1
455,141,887.91,616.88,82.11,247.95,0.72889,-1,-1,-1
455,120,717.18,699.60,101.42,274.14,0.78554,-1,-1,-1
455,155,1680.48,772.67,192.53,307.33,0.85224,-1,-1,-1
455,119,401.78,571.78,43.67,158.13,0.48132,-1,-1,-1
455,146,499.70,564.15,48.53,142.82,0.39729,-1,-1,-1
455,153,814.14,629.54,62.21,218.45,0.68287,-1,-1,-1
456,141,860.61,614.43,79.02,251.18,0.69147,-1,-1,-1
456,120,680.71,697.48,94.30,288.66,0.78355,-1,-1,-1
456,155,1646.96,768.47,197.62,311.53,0.85847,-1,-1,-1
456,119,372.97,572.16,42.48,161.19,0.34187,-1,-1,-1
456,146,474.52,561.86,47.08,145.78,0.49260,-1,-1,-1
456,153,783.44,631.11,65.21,222.69,0.59923,-1,-1,-1
457,141,826.70,620.28,85.11,251.71,0.57853,-1,-1,-1
457,120,643.88,697.37,90.72,303.71,0.77240,-1,-1,-1
457,155,1612.84,763.41,198.87,316.59,0.85226,-1,-1,-1
457,119,342.40,570.64,42.34,158.90,0.39385,-1,-1,-1
457,146,444.02,562.68,51.16,145.91,0.44568,-1,-1,-1
457,153,754.87,632.32,70.56,225.99,0.62585,-1,-1,-1
457,132,126.92,558.47,52.08,140.63,0.31791,-1,-1,-1
458,141,795.38,621.79,88.29,256.13,0.70112,-1,-1,-1
458,120,607.01,700.66,99.02,314.08,0.74072,-1,-1,-1
458,155,1577.84,761.00,200.25,318.55,0.85049,-1,-1,-1
458,119,311.48,572.56,44.33,163.12,0.47096,-1,-1,-1
458,146,412.35,561.47,55.81,148.13,0.43061,-1,-1,-1
458,153,721.68,637.63,70.78,224.97,0.63224,-1,-1,-1
458,132,89.21,552.19,60.47,149.30,0.52805,-1,-1,-1
459,141,766.33,658.52,88.17,224.03,0.47704,-1,-1,-1
459,120,566.18,704.52,102.06,322.65,0.73562,-1,-1,-1
459,155,1543.28,756.90,200.49,323.10,0.85013,-1,-1,-1
459,119,279.38,575.36,46.91,164.48,0.44092,-1,-1,-1
459,153,691.00,646.54,70.68,217.46,0.53322,-1,-1,-1
459,132,54.56,555.19,59.33,150.32,0.49632,-1,-1,-1
459,158,238.29,577.26,50.79,160.61,0.32010,-1,-1,-1
460,141,729.60,668.72,94.68,219.18,0.60464,-1,-1,-1
460,120,521.45,707.49,104.28,333.59,0.73625,-1,-1,-1
460,155,1507.89,758.07,199.36,321.93,0.85359,-1,-1,-1
460,119,247.29,578.09,47.11,162.64,0.32940,-1,-1,-1
460,153,658.48,650.37,71.56,220.89,0.66095,-1,-1,-1
460,146,356.70,566.92,57.94,149.83,0.42190,-1,-1,-1
461,141,702.36,651.03,88.76,242.50,0.69832,-1,-1,-1
461,120,474.54,721.39,107.99,332.75,0.71027,-1,-1,-1
461,155,1473.79,760.14,196.13,319.86,0.86500,-1,-1,-1
461,119,217.11,580.71,46.14,161.91,0.33323,-1,-1,-1
461,153,623.81,653.75,72.85,225.71,0.60358,-1,-1,-1
461,146,327.84,565.65,51.88,154.12,0.36565,-1,-1,-1
461,132,0.00,555.36,36.75,155.47,0.39651,-1,-1,-1
461,158,166.84,584.46,70.15,161.90,0.34073,-1,-1,-1
462,141,669.92,640.45,90.91,258.04,0.58975,-1,-1,-1
462,120,427.48,731.44,117.70,328.94,0.75607,-1,-1,-1
462,155,1439.34,771.02,193.44,308.98,0.85055,-1,-1,-1
462,119,183.57,580.31,48.56,167.48,0.42134,-1,-1,-1
462,153,591.28,654.23,73.23,229.54,0.50531,-1,-1,-1
462,146,298.52,567.21,52.72,153.24,0.33934,-1,-1,-1
462,158,133.46,582.65,67.32,164.98,0.36558,-1,-1,-1
463,141,634.48,646.43,101.93,259.47,0.72164,-1,-1,-1
463,120,382.46,739.56,124.46,330.09,0.77596,-1,-1,-1
463,155,1404.83,785.29,190.82,294.71,0.84843,-1,-1,-1
463,119,144.30,586.54,57.02,164.54,0.35916,-1,-1,-1
463,153,555.30,655.26,76.40,233.76,0.58349,-1,-1,-1
463,158,95.83,612.22,63.68,137.52,0.37873,-1,-1,-1
464,141,598.68,645.46,106.99,265.22,0.67876,-1,-1,-1
464,120,334.04,748.51,136.36,329.17,0.66819,-1,-1,-1
464,155,1369.29,799.10,189.98,280.90,0.87230,-1,-1,-1
464,119,106.74,588.94,59.73,167.40,0.33870,-1,-1,-1
464,153,519.14,659.05,84.53,235.32,0.53581,-1,-1,-1
465,141,559.42,647.26,112.43,267.97,0.70930,-1,-1,-1
465,120,283.24,750.78,152.34,329.22,0.72008,-1,-1,-1
465,155,1333.13,813.58,189.47,265.91,0.85703,-1,-1,-1
465,153,483.89,658.24,87.01,239.10,0.66303,-1,-1,-1
465,131,122.23,575.86,58.72,167.60,0.36479,-1,-1,-1
466,141,526.80,672.82,109.54,252.18,0.67153,-1,-1,-1
466,120,227.87,757.83,166.84,322.17,0.80470,-1,-1,-1
466,155,1299.74,826.84,188.73,253.16,0.82785,-1,-1,-1
466,153,445.62,654.34,93.80,249.32,0.62006,-1,-1,-1
466,119,28.75,593.65,67.50,168.82,0.32476,-1,-1,-1
467,141,489.10,681.45,113.18,251.70,0.66651,-1,-1,-1
467,120,173.22,763.60,175.06,316.40,0.84091,-1,-1,-1
467,155,1267.35,838.32,185.71,241.68,0.79819,-1,-1,-1
467,153,405.75,662.04,101.98,249.68,0.56945,-1,-1,-1
467,146,132.90,562.17,73.93,176.62,0.37729,-1,-1,-1
468,141,452.61,694.37,109.35,243.79,0.60717,-1,-1,-1
468,120,116.14,766.05,182.99,313.95,0.85350,-1,-1,-1
468,155,1232.35,847.48,182.88,230.96,0.84185,-1,-1,-1
468,153,369.45,664.87,91.42,251.77,0.37138,-1,-1,-1
468,146,105.84,574.42,66.91,170.93,0.32589,-1,-1,-1
469,141,412.49,697.28,112.52,246.03,0.55988,-1,-1,-1
469,120,55.60,772.83,189.78,307.17,0.84131,-1,-1,-1
469,155,1202.35,855.51,176.77,224.07,0.85748,-1,-1,-1
469,153,331.08,667.44,79.43,243.82,0.53306,-1,-1,-1
470,141,372.99,699.57,113.09,250.85,0.66542,-1,-1,-1
470,120,1.46,775.72,187.23,304.28,0.84461,-1,-1,-1
470,155,1169.22,856.72,174.76,223.28,0.84290,-1,-1,-1
470,153,289.34,662.63,98.60,262.94,0.51714,-1,-1,-1
471,141,336.77,699.79,111.15,255.27,0.68092,-1,-1,-1
471,120,0.00,782.74,133.10,297.26,0.77050,-1,-1,-1
471,155,1132.18,855.01,174.82,224.81,0.84985,-1,-1,-1
471,153,249.09,660.74,98.40,274.63,0.52877,-1,-1,-1
472,141,297.18,699.10,110.18,257.80,0.66048,-1,-1,-1
472,155,1093.41,853.08,175.89,226.83,0.82652,-1,-1,-1
472,153,210.62,654.75,107.64,282.68,0.57664,-1,-1,-1
473,141,259.45,699.83,107.15,261.83,0.68843,-1,-1,-1
473,155,1053.75,852.20,178.86,227.54,0.84921,-1,-1,-1
473,153,167.13,658.89,111.47,287.98,0.56310,-1,-1,-1
474,141,220.30,703.26,101.73,261.53,0.69037,-1,-1,-1
474,155,1013.09,851.13,182.80,228.13,0.85062,-1,-1,-1
474,153,124.39,657.43,113.99,292.80,0.65245,-1,-1,-1
475,141,177.66,702.39,100.69,269.01,0.70612,-1,-1,-1
475,155,971.95,850.85,180.86,227.83,0.83399,-1,-1,-1
475,153,77.83,662.88,104.68,291.64,0.59242,-1,-1,-1
476,141,129.42,705.07,107.86,272.49,0.75367,-1,-1,-1
476,155,930.03,857.34,174.90,221.87,0.75490,-1,-1,-1
476,153,29.17,678.86,104.23,279.05,0.63819,-1,-1,-1
477,141,80.72,705.24,111.80,279.88,0.71388,-1,-1,-1
477,155,886.89,862.44,187.82,216.65,0.65956,-1,-1,-1
477,153,0.00,705.33,82.55,251.07,0.38048,-1,-1,-1
478,141,27.44,713.90,98.59,255.55,0.36860,-1,-1,-1
478,155,842.48,868.61,193.62,211.02,0.75499,-1,-1,-1
479,155,796.97,880.13,193.55,199.60,0.67493,-1,-1,-1
480,155,751.06,889.64,192.54,190.06,0.66407,-1,-1,-1
481,155,704.87,884.50,188.86,195.50,0.78553,-1,-1,-1
482,155,681.04,880.71,163.92,199.25,0.77405,-1,-1,-1
483,155,620.00,878.84,171.41,200.61,0.81500,-1,-1,-1
483,163,1790.62,657.29,96.83,235.62,0.71688,-1,-1,-1
483,164,1721.36,648.85,81.64,139.80,0.48714,-1,-1,-1
484,155,564.57,877.59,175.18,201.74,0.83343,-1,-1,-1
484,163,1751.20,656.10,96.30,239.34,0.65630,-1,-1,-1
485,155,511.31,878.61,174.15,200.98,0.83235,-1,-1,-1
485,163,1709.95,658.61,91.32,236.82,0.63234,-1,-1,-1
485,164,1646.81,645.73,73.90,148.77,0.55109,-1,-1,-1
486,155,458.94,880.40,173.59,198.49,0.84988,-1,-1,-1
486,163,1670.96,657.59,84.04,212.43,0.60082,-1,-1,-1
486,164,1599.55,643.59,82.93,181.34,0.41420,-1,-1,-1
487,155,404.77,888.43,173.43,190.92,0.85583,-1,-1,-1
487,163,1630.15,659.55,82.40,204.34,0.39496,-1,-1,-1
488,155,351.72,899.48,172.98,179.97,0.85818,-1,-1,-1
488,163,1588.43,660.19,79.29,164.11,0.39109,-1,-1,-1
488,164,1512.31,647.64,88.14,232.00,0.36220,-1,-1,-1
489,155,303.19,913.19,167.84,165.41,0.84456,-1,-1,-1
489,163,1549.71,661.13,72.37,144.37,0.38125,-1,-1,-1
489,164,1458.55,651.99,98.91,242.61,0.65629,-1,-1,-1
490,155,254.65,926.99,159.11,152.21,0.82166,-1,-1,-1
490,163,1507.00,666.84,72.82,137.56,0.44731,-1,-1,-1
490,164,1410.26,660.43,104.73,242.94,0.69627,-1,-1,-1
491,155,205.99,943.21,152.95,136.79,0.80671,-1,-1,-1
491,163,1456.74,671.85,81.19,135.66,0.34284,-1,-1,-1
491,164,1365.60,665.51,103.00,243.51,0.70227,-1,-1,-1
492,155,153.93,951.58,149.51,128.42,0.80230,-1,-1,-1
492,163,1412.08,677.55,85.85,137.07,0.33553,-1,-1,-1
492,164,1326.70,670.06,98.83,245.01,0.62615,-1,-1,-1
493,155,100.25,959.88,149.84,120.12,0.80626,-1,-1,-1
493,163,1370.76,679.11,82.75,134.44,0.37999,-1,-1,-1
493,164,1288.06,670.76,93.04,250.99,0.64244,-1,-1,-1
494,155,41.76,966.32,147.89,113.68,0.79737,-1,-1,-1
494,163,1327.53,682.95,81.09,137.77,0.48092,-1,-1,-1
494,164,1251.27,674.21,83.48,257.97,0.65433,-1,-1,-1
495,155,0.00,968.39,130.36,111.61,0.80444,-1,-1,-1
495,163,1284.03,688.07,78.60,140.04,0.47296,-1,-1,-1
495,164,1214.28,679.02,70.64,260.13,0.58837,-1,-1,-1
496,155,0.00,968.49,62.08,111.32,0.59208,-1,-1,-1
496,164,1172.67,683.61,67.94,267.17,0.62939,-1,-1,-1
497,164,1129.24,682.07,64.87,268.57,0.59925,-1,-1,-1
497,163,1173.95,689.51,100.75,246.58,0.56135,-1,-1,-1
498,164,1080.71,681.23,69.72,272.22,0.65822,-1,-1,-1
498,163,1129.53,689.29,97.57,257.41,0.47461,-1,-1,-1
499,164,1031.18,681.51,72.76,273.23,0.66070,-1,-1,-1
499,163,1092.86,686.99,92.28,266.66,0.55332,-1,-1,-1
500,164,982.80,679.38,78.96,273.43,0.73159,-1,-1,-1
500,163,1051.99,685.42,87.28,266.62,0.62319,-1,-1,-1
501,164,933.47,680.69,87.56,275.10,0.72792,-1,-1,-1
501,163,1007.76,685.83,86.41,275.23,0.65878,-1,-1,-1
502,164,884.69,680.55,92.11,273.39,0.68599,-1,-1,-1
502,163,963.02,684.00,83.06,279.69,0.59067,-1,-1,-1
503,164,836.26,682.54,96.41,270.48,0.69086,-1,-1,-1
503,163,916.13,683.01,80.98,278.62,0.58554,-1,-1,-1
504,164,787.40,682.70,99.13,273.99,0.76147,-1,-1,-1
504,163,872.36,684.78,80.70,283.01,0.58946,-1,-1,-1
504,167,1831.43,651.47,77.01,165.80,0.72134,-1,-1,-1
505,164,737.58,683.35,100.62,285.48,0.78476,-1,-1,-1
505,163,826.37,689.17,81.88,298.27,0.58967,-1,-1,-1
505,167,1797.99,646.94,79.95,174.22,0.60517,-1,-1,-1
506,164,687.55,688.17,95.80,292.32,0.70650,-1,-1,-1
506,163,773.36,694.60,87.93,303.29,0.57417,-1,-1,-1
506,167,1764.65,653.99,77.86,169.27,0.66667,-1,-1,-1
506,168,1845.10,660.11,57.50,177.55,0.61444,-1,-1,-1
507,164,639.62,692.91,92.08,293.04,0.76080,-1,-1,-1
507,163,701.40,699.26,109.94,314.24,0.70697,-1,-1,-1
507,167,1737.16,654.68,71.15,166.38,0.64238,-1,-1,-1
507,168,1813.12,653.61,73.99,181.54,0.73237,-1,-1,-1
508,164,592.28,699.69,86.42,295.81,0.76036,-1,-1,-1
508,163,643.63,709.12,118.06,325.67,0.72981,-1,-1,-1
508,167,1701.97,657.72,74.52,167.41,0.56271,-1,-1,-1
508,168,1780.24,661.02,78.07,179.71,0.60531,-1,-1,-1
509,164,543.01,707.86,82.47,302.80,0.68866,-1,-1,-1
509,163,593.09,716.39,116.44,326.26,0.74780,-1,-1,-1
509,167,1667.99,663.75,76.32,168.85,0.69449,-1,-1,-1
509,168,1745.59,660.57,78.56,180.69,0.72130,-1,-1,-1
509,169,1731.08,563.20,41.08,102.68,0.53643,-1,-1,-1
510,164,489.79,712.92,85.15,305.44,0.63691,-1,-1,-1
510,163,546.52,723.61,110.76,332.05,0.67747,-1,-1,-1
510,167,1637.02,670.34,71.92,168.04,0.68400,-1,-1,-1
510,168,1710.84,667.00,77.59,181.44,0.69117,-1,-1,-1
511,164,435.37,720.55,87.37,300.26,0.61709,-1,-1,-1
511,163,495.71,733.11,109.16,332.58,0.74932,-1,-1,-1
511,167,1599.98,673.10,71.93,169.28,0.71624,-1,-1,-1
511,168,1676.98,668.61,73.32,182.63,0.72701,-1,-1,-1
512,164,380.64,727.51,87.54,310.72,0.53856,-1,-1,-1
512,163,425.95,742.58,127.63,326.82,0.71845,-1,-1,-1
512,167,1561.34,672.96,77.00,176.57,0.70490,-1,-1,-1
512,168,1641.40,672.86,75.59,184.53,0.67473,-1,-1,-1
512,169,1648.33,569.77,33.45,101.39,0.45742,-1,-1,-1
513,164,293.60,733.44,117.94,315.75,0.64298,-1,-1,-1
513,163,372.51,748.70,127.93,331.30,0.70040,-1,-1,-1
513,167,1525.18,672.22,80.87,178.97,0.75153,-1,-1,-1
513,168,1607.77,672.78,71.45,188.67,0.66000,-1,-1,-1
513,169,1620.09,567.54,35.15,106.06,0.34979,-1,-1,-1
514,164,217.99,739.93,136.73,322.77,0.54366,-1,-1,-1
514,163,311.77,754.00,131.91,326.00,0.76530,-1,-1,-1
514,167,1492.80,675.89,77.20,179.59,0.63809,-1,-1,-1
514,168,1570.18,673.46,77.47,195.48,0.68105,-1,-1,-1
514,169,1591.38,570.07,35.71,109.94,0.52178,-1,-1,-1
515,164,154.38,748.37,149.23,326.97,0.38631,-1,-1,-1
515,163,259.60,759.47,129.04,320.53,0.64228,-1,-1,-1
515,167,1462.01,674.97,74.66,180.23,0.70320,-1,-1,-1
515,168,1536.85,673.66,73.33,198.59,0.65562,-1,-1,-1
515,169,1562.35,570.08,38.37,111.51,0.63127,-1,-1,-1
516,164,96.57,752.82,139.38,327.18,0.35677,-1,-1,-1
516,163,202.86,763.41,122.93,316.59,0.63143,-1,-1,-1
516,167,1430.07,674.38,72.61,180.19,0.75019,-1,-1,-1
516,168,1504.49,677.24,72.86,199.37,0.61373,-1,-1,-1
516,169,1535.51,570.45,38.77,112.94,0.64635,-1,-1,-1
517,163,120.46,768.88,147.63,311.12,0.74838,-1,-1,-1
517,167,1396.05,673.21,75.26,184.30,0.69154,-1,-1,-1
517,168,1472.35,674.33,74.51,201.49,0.66834,-1,-1,-1
517,169,1508.13,570.67,38.85,110.04,0.61538,-1,-1,-1
517,171,1850.27,737.80,64.03,269.38,0.66864,-1,-1,-1
518,163,62.92,775.45,143.33,304.55,0.67642,-1,-1,-1
518,167,1359.55,675.30,80.92,184.99,0.54645,-1,-1,-1
518,168,1442.23,679.93,60.50,195.01,0.61120,-1,-1,-1
518,169,1479.91,571.38,39.96,107.70,0.57694,-1,-1,-1
518,171,1822.44,734.22,83.18,273.22,0.65956,-1,-1,-1
518,164,0.00,759.90,109.60,317.21,0.48667,-1,-1,-1
519,163,0.62,783.24,148.46,296.76,0.80308,-1,-1,-1
519,167,1323.11,675.65,85.28,186.89,0.69229,-1,-1,-1
519,168,1411.34,678.29,60.49,195.49,0.66358,-1,-1,-1
519,169,1452.62,568.95,42.80,107.40,0.54723,-1,-1,-1
519,171,1785.62,732.79,100.93,272.88,0.74175,-1,-1,-1
520,163,0.00,789.70,86.13,290.30,0.38152,-1,-1,-1
520,167,1288.42,675.61,87.06,188.73,0.75031,-1,-1,-1
520,168,1376.42,677.43,71.70,197.12,0.71747,-1,-1,-1
520,169,1427.15,569.66,42.62,103.87,0.54096,-1,-1,-1
520,171,1752.62,732.94,105.66,274.50,0.59997,-1,-1,-1
521,167,1254.18,680.28,88.40,185.75,0.72203,-1,-1,-1
521,168,1347.28,678.86,70.55,202.28,0.71173,-1,-1,-1
521,169,1401.47,570.31,43.22,102.38,0.55775,-1,-1,-1
521,171,1715.47,732.25,111.23,276.45,0.58233,-1,-1,-1
522,167,1224.44,680.38,84.10,185.93,0.72139,-1,-1,-1
522,168,1315.43,677.95,68.43,203.22,0.67695,-1,-1,-1
522,169,1375.54,569.47,46.28,101.67,0.54003,-1,-1,-1
522,171,1670.19,731.76,121.71,278.00,0.38201,-1,-1,-1
523,167,1193.84,683.76,79.68,182.79,0.73380,-1,-1,-1
523,168,1281.56,678.97,72.91,206.11,0.70225,-1,-1,-1
523,169,1350.56,568.95,50.17,101.90,0.53983,-1,-1,-1
523,171,1641.88,729.95,120.59,272.02,0.66812,-1,-1,-1
524,167,1164.77,686.65,76.77,184.88,0.71203,-1,-1,-1
524,168,1250.36,681.41,73.57,207.16,0.72409,-1,-1,-1
524,169,1324.45,570.13,53.07,101.03,0.56551,-1,-1,-1
524,171,1611.49,727.31,117.80,275.26,0.69036,-1,-1,-1
525,167,1133.49,683.56,72.66,192.37,0.67811,-1,-1,-1
525,168,1216.14,679.63,74.12,213.02,0.63776,-1,-1,-1
525,169,1299.97,570.49,53.81,101.57,0.58119,-1,-1,-1
525,171,1579.50,728.37,118.36,275.33,0.79295,-1,-1,-1
526,167,1100.67,685.62,71.53,195.03,0.74375,-1,-1,-1
526,168,1179.14,679.02,79.89,218.78,0.72619,-1,-1,-1
526,169,1275.83,572.47,50.98,99.77,0.58382,-1,-1,-1
526,171,1546.02,724.82,118.89,276.67,0.77434,-1,-1,-1
527,167,1070.91,685.19,69.90,196.11,0.68465,-1,-1,-1
527,168,1144.16,681.50,81.39,220.32,0.67883,-1,-1,-1
527,169,1253.07,572.94,48.49,99.36,0.54917,-1,-1,-1
527,171,1514.61,723.22,116.62,274.57,0.54038,-1,-1,-1
528,167,1037.72,686.72,70.66,201.37,0.70010,-1,-1,-1
528,168,1109.78,685.04,84.90,223.47,0.75750,-1,-1,-1
528,169,1229.76,573.33,49.48,100.01,0.60329,-1,-1,-1
528,171,1480.00,725.77,118.40,271.06,0.70118,-1,-1,-1
529,167,1003.82,688.09,73.05,207.50,0.73322,-1,-1,-1
529,168,1067.70,688.09,95.05,227.53,0.75849,-1,-1,-1
529,169,1206.63,572.84,48.81,100.75,0.58974,-1,-1,-1
529,171,1442.89,726.41,123.33,275.18,0.62999,-1,-1,-1
530,167,969.66,694.82,74.79,209.55,0.66809,-1,-1,-1
530,168,1031.50,690.68,99.55,230.27,0.67771,-1,-1,-1
530,169,1183.73,572.67,46.89,100.65,0.61445,-1,-1,-1
530,171,1409.89,728.07,126.96,283.74,0.74024,-1,-1,-1
531,167,936.72,699.27,75.94,207.64,0.62354,-1,-1,-1
531,168,996.45,696.25,105.19,231.72,0.70483,-1,-1,-1
531,169,1162.31,571.39,45.55,102.33,0.62009,-1,-1,-1
531,171,1379.54,727.32,130.76,290.42,0.81856,-1,-1,-1
532,167,899.04,702.95,82.47,211.73,0.66218,-1,-1,-1
532,168,962.08,702.18,107.11,237.56,0.68978,-1,-1,-1
532,169,1141.99,571.69,44.61,104.85,0.66823,-1,-1,-1
532,171,1351.14,732.66,135.11,291.20,0.70739,-1,-1,-1
533,167,862.16,707.35,85.13,210.37,0.68680,-1,-1,-1
533,168,935.11,703.32,102.92,242.06,0.71133,-1,-1,-1
533,169,1119.40,570.51,45.72,106.99,0.65387,-1,-1,-1
533,171,1325.66,735.46,122.19,293.08,0.73709,-1,-1,-1
534,167,831.92,706.58,84.22,212.58,0.65248,-1,-1,-1
534,168,909.44,706.41,97.55,237.01,0.76233,-1,-1,-1
534,169,1097.54,571.09,44.69,108.66,0.65322,-1,-1,-1
534,171,1298.31,737.82,115.72,293.92,0.71337,-1,-1,-1
535,167,801.86,706.29,83.34,221.07,0.67533,-1,-1,-1
535,168,880.73,708.03,92.94,242.92,0.75042,-1,-1,-1
535,169,1076.51,570.05,43.06,110.24,0.65504,-1,-1,-1
535,171,1273.79,739.20,112.72,294.73,0.73973,-1,-1,-1
536,167,770.57,707.09,78.72,227.07,0.67484,-1,-1,-1
536,168,846.61,708.37,94.09,249.92,0.83281,-1,-1,-1
536,169,1057.69,573.98,43.03,108.86,0.58255,-1,-1,-1
536,171,1249.57,739.39,109.95,294.43,0.77140,-1,-1,-1
537,167,737.86,705.53,69.07,235.31,0.63727,-1,-1,-1
537,168,816.86,710.24,88.85,252.20,0.70172,-1,-1,-1
537,169,1035.68,575.16,43.73,107.39,0.65996,-1,-1,-1
537,171,1222.62,734.69,106.65,296.93,0.68987,-1,-1,-1
538,167,703.63,708.35,66.02,234.21,0.56985,-1,-1,-1
538,168,779.77,710.60,88.62,258.77,0.69562,-1,-1,-1
538,169,1016.61,578.59,43.65,108.77,0.65256,-1,-1,-1
538,171,1195.82,736.72,104.08,294.91,0.78541,-1,-1,-1
539,167,669.03,711.46,70.28,231.85,0.71349,-1,-1,-1
539,168,746.56,712.15,90.37,265.88,0.79244,-1,-1,-1
539,169,996.95,577.05,43.04,109.65,0.67314,-1,-1,-1
539,171,1170.47,734.09,105.14,295.46,0.75074,-1,-1,-1
540,167,625.72,716.17,84.71,237.81,0.64087,-1,-1,-1
540,168,716.59,716.31,82.44,267.81,0.65942,-1,-1,-1
540,169,978.20,578.43,43.39,111.21,0.68488,-1,-1,-1
540,171,1141.71,736.72,104.84,300.45,0.75266,-1,-1,-1
541,167,579.45,720.65,99.02,245.50,0.70541,-1,-1,-1
541,168,674.96,721.85,95.05,273.18,0.67916,-1,-1,-1
541,169,957.74,579.36,43.28,112.22,0.62791,-1,-1,-1
541,171,1113.08,739.35,102.97,301.14,0.72481,-1,-1,-1
542,167,529.08,724.38,113.72,249.58,0.69163,-1,-1,-1
542,168,633.84,729.13,100.85,274.75,0.70864,-1,-1,-1
542,169,937.01,583.18,45.99,112.01,0.70081,-1,-1,-1
542,171,1073.01,749.03,114.18,309.77,0.63852,-1,-1,-1
543,167,492.24,729.44,124.61,253.94,0.70359,-1,-1,-1
543,168,600.67,733.94,101.78,279.25,0.78048,-1,-1,-1
543,169,918.23,583.87,47.35,110.74,0.68514,-1,-1,-1
543,171,1049.31,750.59,112.28,306.38,0.72789,-1,-1,-1
544,167,450.81,744.63,133.41,259.49,0.72746,-1,-1,-1
544,168,560.43,746.58,106.73,295.09,0.70939,-1,-1,-1
544,169,896.72,586.42,47.78,111.85,0.70918,-1,-1,-1
544,171,1024.54,758.63,112.34,309.19,0.70778,-1,-1,-1
545,167,422.20,745.52,135.06,251.16,0.71772,-1,-1,-1
545,168,529.30,746.13,107.41,294.72,0.75799,-1,-1,-1
545,169,878.51,583.54,49.51,111.67,0.70189,-1,-1,-1
545,171,993.69,754.87,114.72,312.90,0.74290,-1,-1,-1
546,167,385.69,745.83,128.60,258.47,0.74185,-1,-1,-1
546,168,488.47,749.11,111.37,302.83,0.76410,-1,-1,-1
546,169,857.56,583.78,48.88,112.12,0.71173,-1,-1,-1
546,171,969.17,756.50,113.94,311.79,0.69618,-1,-1,-1
547,167,358.27,746.51,112.12,262.63,0.72213,-1,-1,-1
547,168,457.38,751.90,105.16,300.09,0.82009,-1,-1,-1
547,169,838.72,583.70,50.29,112.07,0.72309,-1,-1,-1
547,171,937.48,754.55,120.48,312.63,0.74296,-1,-1,-1
548,167,320.15,750.41,105.29,271.34,0.73526,-1,-1,-1
548,168,418.52,753.20,101.42,305.22,0.79943,-1,-1,-1
548,169,819.38,584.56,51.76,112.14,0.75398,-1,-1,-1
548,171,913.08,759.55,117.98,306.26,0.76606,-1,-1,-1
548,175,890.72,570.82,20.06,57.36,0.31212,-1,-1,-1
549,167,282.98,758.07,104.25,271.50,0.76356,-1,-1,-1
549,168,377.92,757.71,107.44,310.57,0.79288,-1,-1,-1
549,169,798.57,582.66,53.62,113.26,0.71520,-1,-1,-1
549,171,885.08,754.64,121.47,309.82,0.77871,-1,-1,-1
549,175,870.93,569.89,24.99,58.75,0.35193,-1,-1,-1
550,167,244.64,759.04,100.77,280.97,0.72953,-1,-1,-1
550,168,337.55,759.61,114.62,313.40,0.75514,-1,-1,-1
550,169,780.17,582.96,53.46,115.12,0.71794,-1,-1,-1
550,171,860.67,756.74,119.01,309.56,0.73589,-1,-1,-1
551,167,201.26,761.40,99.75,293.97,0.73733,-1,-1,-1
551,168,294.66,763.75,110.86,309.87,0.72158,-1,-1,-1
551,169,761.88,584.40,51.84,115.84,0.69765,-1,-1,-1
551,171,842.74,768.49,111.72,298.85,0.62971,-1,-1,-1
551,175,836.99,562.75,29.46,63.19,0.38425,-1,-1,-1
552,167,158.18,766.46,100.39,304.58,0.70013,-1,-1,-1
552,168,247.57,767.39,113.59,311.35,0.79231,-1,-1,-1
552,169,743.15,584.27,54.38,115.16,0.75476,-1,-1,-1
552,171,807.65,731.53,122.27,342.43,0.72868,-1,-1,-1
553,167,111.53,772.32,101.53,307.05,0.69084,-1,-1,-1
553,168,198.41,774.87,117.44,305.13,0.74044,-1,-1,-1
553,169,724.48,582.91,55.62,117.30,0.70226,-1,-1,-1
553,171,788.67,738.89,118.67,338.73,0.71132,-1,-1,-1
554,167,66.59,780.68,104.09,299.32,0.70740,-1,-1,-1
554,168,148.07,782.11,124.49,297.89,0.77603,-1,-1,-1
554,169,704.99,582.51,56.63,118.88,0.70299,-1,-1,-1
554,171,765.57,751.53,118.87,327.85,0.75565,-1,-1,-1
554,175,786.62,552.29,33.05,74.10,0.35822,-1,-1,-1
555,167,20.02,789.37,107.02,290.63,0.74604,-1,-1,-1
555,168,101.51,793.67,133.13,286.33,0.76078,-1,-1,-1
555,169,688.13,583.97,53.69,118.63,0.71970,-1,-1,-1
555,171,726.16,757.28,134.33,317.62,0.70787,-1,-1,-1
555,175,767.18,546.92,37.66,78.50,0.42276,-1,-1,-1
556,167,0.00,795.78,78.16,284.22,0.66191,-1,-1,-1
556,168,54.89,802.60,129.60,277.40,0.79853,-1,-1,-1
556,169,669.71,581.01,54.32,120.30,0.76420,-1,-1,-1
556,171,699.66,760.61,132.87,304.30,0.74803,-1,-1,-1
557,168,4.68,814.17,128.50,265.83,0.82903,-1,-1,-1
557,169,651.47,579.42,53.20,121.12,0.73943,-1,-1,-1
557,171,680.01,764.34,126.83,310.59,0.70290,-1,-1,-1
557,175,736.17,544.72,38.16,78.52,0.40368,-1,-1,-1
558,168,0.00,818.26,73.97,259.47,0.70414,-1,-1,-1
558,169,632.65,577.09,54.98,124.34,0.75433,-1,-1,-1
558,171,652.92,764.32,126.62,311.08,0.76176,-1,-1,-1
559,169,615.81,576.07,54.04,125.86,0.74016,-1,-1,-1
559,171,627.27,764.89,127.77,311.11,0.80138,-1,-1,-1
559,175,702.14,539.50,37.10,82.14,0.37417,-1,-1,-1
560,169,598.03,579.52,53.42,125.91,0.76872,-1,-1,-1
560,171,606.73,761.63,124.62,317.29,0.78974,-1,-1,-1
560,175,688.16,537.27,38.99,83.60,0.34667,-1,-1,-1
561,169,579.60,576.45,57.21,130.08,0.74321,-1,-1,-1
561,171,579.21,759.05,125.78,320.95,0.83021,-1,-1,-1
562,169,561.87,580.02,58.36,129.98,0.71256,-1,-1,-1
562,171,552.18,758.77,127.50,321.23,0.79095,-1,-1,-1
562,175,665.38,542.53,29.49,79.67,0.30626,-1,-1,-1
563,169,545.09,582.89,60.41,130.54,0.76186,-1,-1,-1
563,171,529.34,757.51,123.20,322.49,0.86064,-1,-1,-1
564,169,530.08,585.67,60.40,128.59,0.68519,-1,-1,-1
564,171,502.84,759.32,124.76,320.68,0.82129,-1,-1,-1
565,169,512.15,584.81,61.01,131.67,0.71297,-1,-1,-1
565,171,473.05,761.48,129.97,318.52,0.72282,-1,-1,-1
566,169,495.40,585.59,64.25,131.11,0.76824,-1,-1,-1
566,171,439.51,765.39,141.23,314.61,0.72038,-1,-1,-1
567,169,480.52,588.02,63.50,132.43,0.77361,-1,-1,-1
567,171,415.49,775.75,141.88,304.25,0.83603,-1,-1,-1
568,169,463.02,588.31,64.62,134.15,0.73238,-1,-1,-1
568,171,382.04,783.52,150.88,296.17,0.78935,-1,-1,-1
569,169,443.30,588.64,69.89,136.16,0.69362,-1,-1,-1
569,171,356.16,789.19,154.92,290.81,0.79197,-1,-1,-1
570,169,428.51,588.38,69.03,138.56,0.72653,-1,-1,-1
570,171,329.73,790.63,156.68,288.49,0.79397,-1,-1,-1
571,169,413.63,591.12,68.78,138.86,0.71428,-1,-1,-1
571,171,304.59,795.13,157.75,284.77,0.81976,-1,-1,-1
572,169,396.72,594.38,69.58,138.20,0.66659,-1,-1,-1
572,171,281.54,798.15,153.97,279.87,0.58031,-1,-1,-1
572,177,1855.99,589.04,62.92,163.48,0.42917,-1,-1,-1
573,169,380.84,594.53,68.83,141.46,0.71772,-1,-1,-1
573,171,261.29,798.82,149.24,245.25,0.57025,-1,-1,-1
573,177,1861.76,590.75,56.68,161.75,0.45636,-1,-1,-1
574,169,365.39,597.34,70.59,141.56,0.70349,-1,-1,-1
574,171,226.29,800.31,156.50,267.94,0.54519,-1,-1,-1
574,177,1858.17,589.20,52.09,161.20,0.41030,-1,-1,-1
575,169,346.66,597.97,72.85,141.04,0.71104,-1,-1,-1
575,171,203.57,800.03,151.43,242.79,0.62707,-1,-1,-1
576,169,329.22,599.64,73.89,144.23,0.74440,-1,-1,-1
576,171,169.06,806.23,158.02,261.26,0.68760,-1,-1,-1
576,177,1835.68,588.01,63.24,172.65,0.39648,-1,-1,-1
577,169,312.54,598.96,75.50,144.58,0.68626,-1,-1,-1
577,171,144.12,807.64,155.66,231.22,0.52473,-1,-1,-1
577,177,1827.96,583.71,64.31,180.04,0.43511,-1,-1,-1
578,169,295.13,597.96,76.30,148.89,0.75316,-1,-1,-1
578,171,154.42,812.52,118.64,212.01,0.33259,-1,-1,-1
579,169,278.71,597.80,73.67,151.81,0.75469,-1,-1,-1
579,171,95.88,817.79,149.10,209.15,0.58731,-1,-1,-1
579,177,1815.23,586.55,59.74,181.00,0.53767,-1,-1,-1
580,169,263.31,600.41,74.10,151.33,0.67908,-1,-1,-1
580,171,58.03,823.43,158.10,232.57,0.46980,-1,-1,-1
580,177,1810.13,590.55,58.85,179.00,0.63162,-1,-1,-1
581,169,245.95,597.76,74.84,157.34,0.75985,-1,-1,-1
581,171,13.07,829.01,171.89,243.65,0.76117,-1,-1,-1
581,177,1805.48,590.52,60.00,181.09,0.46650,-1,-1,-1
582,169,230.44,598.50,72.91,158.37,0.76743,-1,-1,-1
582,171,0.00,833.57,157.63,244.95,0.80518,-1,-1,-1
582,177,1797.17,589.91,62.61,183.57,0.59447,-1,-1,-1
583,169,211.71,599.52,77.72,160.18,0.74977,-1,-1,-1
583,171,0.00,836.66,130.95,237.79,0.63604,-1,-1,-1
583,177,1790.52,601.15,64.23,173.50,0.51223,-1,-1,-1
584,169,195.11,598.72,79.45,166.05,0.78591,-1,-1,-1
584,171,0.00,836.93,101.06,238.71,0.73307,-1,-1,-1
584,177,1784.41,611.94,64.04,163.32,0.47575,-1,-1,-1
585,169,184.06,600.83,77.01,170.99,0.81164,-1,-1,-1
585,171,0.00,843.70,72.06,235.22,0.71079,-1,-1,-1
585,177,1778.89,609.18,64.78,164.88,0.30281,-1,-1,-1
586,169,167.77,604.04,79.00,170.75,0.72141,-1,-1,-1
586,171,0.00,899.34,42.60,180.66,0.52718,-1,-1,-1
586,177,1774.75,593.84,64.41,178.20,0.38766,-1,-1,-1
587,169,154.41,607.05,81.62,170.94,0.77671,-1,-1,-1
587,177,1773.37,592.13,57.33,168.29,0.36131,-1,-1,-1
587,181,1235.72,526.21,28.47,77.51,0.32120,-1,-1,-1
588,169,142.00,609.47,82.40,173.35,0.78471,-1,-1,-1
588,177,1771.80,586.58,56.71,164.72,0.46475,-1,-1,-1
589,169,126.73,612.57,85.01,174.17,0.76950,-1,-1,-1
589,177,1768.12,583.74,55.74,163.17,0.57460,-1,-1,-1
590,169,113.38,614.19,85.81,177.62,0.75954,-1,-1,-1
590,177,1768.49,582.42,57.69,168.73,0.66477,-1,-1,-1
591,169,100.30,614.51,84.20,179.53,0.78614,-1,-1,-1
591,177,1765.03,581.32,60.07,169.28,0.75369,-1,-1,-1
591,181,1225.64,527.54,30.16,75.99,0.42841,-1,-1,-1
592,169,85.48,618.35,86.12,177.80,0.79114,-1,-1,-1
592,177,1764.62,579.64,61.88,168.25,0.73039,-1,-1,-1
592,181,1226.02,528.93,28.70,74.82,0.36504,-1,-1,-1
593,169,71.73,617.81,86.24,182.01,0.76622,-1,-1,-1
593,177,1763.85,582.06,62.36,168.36,0.77086,-1,-1,-1
593,181,1224.48,529.10,28.21,75.05,0.44061,-1,-1,-1
593,183,332.45,534.29,41.39,99.22,0.57493,-1,-1,-1
594,169,57.18,620.78,91.06,184.38,0.75703,-1,-1,-1
594,177,1761.20,579.39,66.02,171.41,0.71660,-1,-1,-1
594,181,1223.34,528.49,29.12,74.22,0.41709,-1,-1,-1
594,183,329.61,536.38,39.24,97.74,0.46502,-1,-1,-1
595,169,44.70,621.08,89.27,188.23,0.78988,-1,-1,-1
595,177,1754.71,581.09,77.00,175.79,0.72653,-1,-1,-1
595,181,1224.38,528.21,29.34,76.10,0.41023,-1,-1,-1
595,183,325.77,536.56,40.52,96.08,0.50611,-1,-1,-1
596,169,30.60,625.45,90.81,189.59,0.79267,-1,-1,-1
596,177,1750.63,578.88,82.42,177.34,0.73144,-1,-1,-1
596,181,1224.97,526.51,29.38,76.28,0.42143,-1,-1,-1
596,183,319.80,536.54,43.17,97.17,0.50009,-1,-1,-1
597,169,15.66,626.45,91.45,192.69,0.75923,-1,-1,-1
597,177,1756.34,586.76,80.03,173.53,0.74901,-1,-1,-1
597,181,1227.79,528.83,28.09,76.53,0.36234,-1,-1,-1
597,183,314.82,533.00,42.36,103.19,0.67761,-1,-1,-1
598,169,1.45,636.60,96.36,192.94,0.78930,-1,-1,-1
598,177,1759.55,585.66,81.58,171.65,0.76245,-1,-1,-1
598,181,1228.86,528.65,27.56,76.34,0.34443,-1,-1,-1
598,183,309.84,536.73,42.45,104.84,0.53679,-1,-1,-1
599,169,0.00,639.98,86.25,193.21,0.78913,-1,-1,-1
599,177,1764.81,581.33,82.59,172.82,0.77111,-1,-1,-1
599,181,1231.31,524.81,28.07,78.68,0.48423,-1,-1,-1
599,183,308.45,541.01,42.09,100.60,0.49988,-1,-1,-1
600,169,0.00,646.68,74.51,192.18,0.77994,-1,-1,-1
600,177,1765.79,581.15,82.76,176.08,0.78632,-1,-1,-1
600,181,1231.93,521.46,29.17,83.11,0.58786,-1,-1,-1
600,183,304.28,544.22,43.76,98.87,0.48847,-1,-1,-1
601,169,0.00,650.12,61.54,192.61,0.70826,-1,-1,-1
601,177,1773.35,579.88,76.55,178.29,0.78118,-1,-1,-1
601,181,1233.09,522.27,29.11,82.80,0.40262,-1,-1,-1
601,183,298.89,540.95,46.97,103.12,0.47437,-1,-1,-1
602,169,0.00,659.71,50.11,185.11,0.50657,-1,-1,-1
602,177,1781.47,576.59,69.80,181.24,0.70954,-1,-1,-1
602,181,1234.02,520.88,28.88,83.74,0.34536,-1,-1,-1
602,183,294.86,537.85,49.14,108.09,0.43907,-1,-1,-1
603,169,0.00,670.13,36.00,178.41,0.44141,-1,-1,-1
603,177,1787.13,577.44,64.72,181.96,0.62682,-1,-1,-1
603,181,1234.78,518.90,30.48,86.95,0.40137,-1,-1,-1
603,183,291.42,526.73,49.24,120.42,0.54739,-1,-1,-1
604,177,1798.65,574.59,54.77,185.91,0.47081,-1,-1,-1
604,181,1236.68,519.10,30.42,88.14,0.54412,-1,-1,-1
604,183,288.90,539.83,48.51,109.44,0.60293,-1,-1,-1
605,177,1809.35,578.71,48.18,183.44,0.50770,-1,-1,-1
605,181,1238.89,517.80,30.06,88.45,0.61761,-1,-1,-1
605,183,285.73,522.83,51.22,125.46,0.46537,-1,-1,-1
606,181,1242.21,515.03,28.70,90.60,0.61784,-1,-1,-1
606,183,282.86,527.73,51.07,120.92,0.55065,-1,-1,-1
607,181,1244.02,514.77,29.11,91.37,0.61498,-1,-1,-1
607,183,280.19,537.31,51.03,112.58,0.57055,-1,-1,-1
608,181,1246.97,516.00,29.50,90.99,0.30600,-1,-1,-1
608,183,278.04,539.66,49.75,108.44,0.61933,-1,-1,-1
609,181,1249.83,516.97,30.99,90.33,0.53962,-1,-1,-1
609,183,276.62,544.59,48.96,101.28,0.47919,-1,-1,-1
610,181,1252.03,517.39,32.50,91.64,0.48880,-1,-1,-1
610,183,274.14,529.04,49.60,114.59,0.55916,-1,-1,-1
611,181,1255.07,516.36,30.71,95.64,0.43121,-1,-1,-1
611,183,271.35,515.71,50.92,127.58,0.57532,-1,-1,-1
611,177,1819.64,587.28,44.99,178.94,0.39267,-1,-1,-1
612,181,1259.19,519.06,29.97,94.53,0.45640,-1,-1,-1
612,183,268.00,506.76,50.62,137.00,0.63600,-1,-1,-1
612,177,1824.51,590.58,44.93,180.76,0.41712,-1,-1,-1
613,181,1262.67,521.43,29.66,93.01,0.56460,-1,-1,-1
613,183,264.29,498.99,53.30,143.78,0.69129,-1,-1,-1
613,177,1827.68,594.52,48.88,179.88,0.54396,-1,-1,-1
614,181,1265.54,523.55,29.55,91.44,0.62283,-1,-1,-1
614,183,261.24,497.27,54.28,146.33,0.74397,-1,-1,-1
614,177,1832.42,596.53,58.05,185.71,0.56118,-1,-1,-1
615,181,1267.56,524.68,30.01,91.16,0.61806,-1,-1,-1
615,183,258.62,496.12,52.99,148.14,0.74136,-1,-1,-1
615,177,1837.65,600.65,61.75,192.88,0.52641,-1,-1,-1
616,181,1269.31,527.18,30.70,93.50,0.63114,-1,-1,-1
616,183,255.85,498.18,50.41,147.03,0.62199,-1,-1,-1
616,177,1844.77,604.13,60.17,193.02,0.57397,-1,-1,-1
617,181,1272.24,528.15,30.74,95.75,0.57785,-1,-1,-1
617,183,253.76,499.24,50.43,144.95,0.64037,-1,-1,-1
617,177,1850.31,610.05,56.27,191.54,0.57027,-1,-1,-1
618,181,1274.63,530.78,31.97,96.29,0.55158,-1,-1,-1
618,183,250.49,501.63,49.75,143.49,0.63196,-1,-1,-1
618,177,1853.81,611.20,62.32,196.34,0.65834,-1,-1,-1
619,181,1276.21,531.92,33.70,96.18,0.60637,-1,-1,-1
619,183,248.21,504.68,49.66,142.71,0.64396,-1,-1,-1
619,177,1859.88,609.55,60.07,202.22,0.63084,-1,-1,-1
620,181,1277.19,532.77,36.19,98.43,0.63430,-1,-1,-1
620,183,245.93,505.53,49.90,143.00,0.59141,-1,-1,-1
620,177,1867.82,610.22,52.18,206.63,0.65961,-1,-1,-1
621,181,1282.04,530.68,35.22,101.99,0.60104,-1,-1,-1
621,183,244.06,502.76,49.82,147.20,0.62084,-1,-1,-1
621,177,1875.97,609.45,44.03,207.25,0.53151,-1,-1,-1
622,181,1287.11,530.92,32.11,105.16,0.57230,-1,-1,-1
622,183,241.59,502.00,49.28,148.33,0.66766,-1,-1,-1
622,177,1881.02,611.14,38.98,202.27,0.61516,-1,-1,-1
623,181,1292.49,528.59,33.51,104.54,0.63363,-1,-1,-1
623,183,238.79,500.85,49.21,153.77,0.63546,-1,-1,-1
623,177,1887.98,604.61,32.02,197.80,0.39955,-1,-1,-1
624,181,1295.94,530.14,35.25,105.54,0.62051,-1,-1,-1
624,183,237.65,499.05,48.27,153.89,0.66838,-1,-1,-1
625,181,1300.75,534.99,35.84,103.66,0.63052,-1,-1,-1
625,183,236.29,509.82,48.47,148.84,0.65858,-1,-1,-1
626,181,1305.15,530.82,40.82,107.72,0.55792,-1,-1,-1
626,183,235.48,517.30,49.01,138.36,0.67706,-1,-1,-1
627,181,1311.66,529.80,39.68,109.37,0.64565,-1,-1,-1
627,183,234.74,533.88,48.39,128.74,0.63397,-1,-1,-1
628,181,1317.89,531.60,39.17,108.64,0.63446,-1,-1,-1
628,183,235.14,538.10,48.53,124.33,0.64322,-1,-1,-1
629,181,1324.29,529.67,39.87,107.06,0.71210,-1,-1,-1
629,183,234.71,551.41,48.00,117.62,0.70308,-1,-1,-1
630,181,1330.60,529.57,42.32,107.50,0.67562,-1,-1,-1
630,183,235.82,551.59,48.02,118.34,0.67189,-1,-1,-1
630,187,312.47,491.79,18.93,37.01,0.35792,-1,-1,-1
631,181,1339.63,529.09,39.77,109.33,0.67681,-1,-1,-1
631,183,236.36,551.91,50.58,117.38,0.64411,-1,-1,-1
632,181,1346.21,530.47,40.70,108.88,0.71295,-1,-1,-1
632,183,237.64,554.56,51.95,118.36,0.62099,-1,-1,-1
633,181,1354.22,534.75,42.71,108.95,0.66122,-1,-1,-1
633,183,238.48,551.96,53.87,122.21,0.61057,-1,-1,-1
634,181,1362.48,536.22,41.32,107.90,0.64078,-1,-1,-1
634,183,239.74,553.57,51.70,124.21,0.60239,-1,-1,-1
635,181,1370.00,533.87,43.64,115.93,0.72558,-1,-1,-1
635,183,241.64,549.38,52.44,127.41,0.55279,-1,-1,-1
636,181,1377.73,538.18,43.14,114.29,0.60748,-1,-1,-1
636,183,243.35,551.51,51.86,128.97,0.58622,-1,-1,-1
637,181,1388.52,539.50,41.23,115.51,0.47846,-1,-1,-1
637,183,245.30,542.96,53.41,138.10,0.52891,-1,-1,-1
638,181,1396.81,538.81,43.01,120.13,0.60697,-1,-1,-1
638,183,246.46,537.41,54.13,146.78,0.61395,-1,-1,-1
639,181,1410.52,548.91,38.59,114.59,0.45486,-1,-1,-1
639,183,248.66,536.18,54.24,148.95,0.64896,-1,-1,-1
640,181,1418.93,553.12,39.81,109.47,0.36587,-1,-1,-1
640,183,250.96,535.83,52.96,152.17,0.65297,-1,-1,-1
641,181,1430.24,554.34,38.34,106.42,0.52013,-1,-1,-1
641,183,254.21,537.51,52.38,152.30,0.66123,-1,-1,-1
642,181,1441.78,558.48,38.68,105.90,0.56328,-1,-1,-1
642,183,257.30,534.86,52.13,155.08,0.56525,-1,-1,-1
643,181,1454.44,562.29,36.85,98.84,0.36136,-1,-1,-1
643,183,259.75,531.26,51.20,160.76,0.55122,-1,-1,-1
644,183,262.68,529.61,48.84,163.09,0.42565,-1,-1,-1
645,183,266.61,557.07,47.80,137.45,0.38643,-1,-1,-1
645,181,1479.57,564.92,34.99,76.75,0.41698,-1,-1,-1
646,183,271.15,568.55,47.07,128.24,0.41504,-1,-1,-1
646,181,1489.88,564.19,39.42,72.04,0.46637,-1,-1,-1
647,183,275.33,546.10,44.59,150.57,0.46525,-1,-1,-1
648,183,279.50,558.72,46.13,138.69,0.52310,-1,-1,-1
649,183,283.45,540.61,45.34,149.64,0.49459,-1,-1,-1
650,183,285.57,535.35,48.05,158.63,0.59439,-1,-1,-1
651,183,291.30,532.54,49.93,164.39,0.42972,-1,-1,-1
652,183,299.17,542.47,46.65,141.26,0.57256,-1,-1,-1
653,183,307.35,553.32,44.28,132.33,0.33383,-1,-1,-1
654,183,312.71,556.79,42.68,133.84,0.57264,-1,-1,-1
655,183,320.06,530.73,42.28,156.41,0.49476,-1,-1,-1
656,183,327.12,534.29,44.73,163.54,0.53970,-1,-1,-1
656,188,1634.26,563.36,49.31,55.19,0.32891,-1,-1,-1
657,183,335.82,533.14,45.30,169.74,0.55217,-1,-1,-1
657,188,1655.39,565.27,46.98,60.29,0.34314,-1,-1,-1
658,183,345.81,561.37,44.58,145.18,0.39547,-1,-1,-1
658,188,1675.58,570.53,44.74,62.14,0.32576,-1,-1,-1
659,183,349.84,585.87,49.39,136.39,0.36352,-1,-1,-1
660,183,356.83,587.87,47.30,131.96,0.49321,-1,-1,-1
661,183,359.91,591.46,49.99,131.81,0.56429,-1,-1,-1
661,188,1723.34,598.65,58.98,64.76,0.39871,-1,-1,-1
662,183,365.87,595.75,52.63,127.22,0.53693,-1,-1,-1
662,188,1745.76,607.22,57.97,61.32,0.30736,-1,-1,-1
663,183,376.84,598.48,49.18,121.90,0.53373,-1,-1,-1
664,183,382.36,593.24,53.22,124.18,0.60556,-1,-1,-1
665,183,388.79,597.16,55.92,119.49,0.48623,-1,-1,-1
666,183,394.03,593.77,62.06,119.55,0.64507,-1,-1,-1
667,183,397.22,589.06,71.46,124.85,0.56252,-1,-1,-1
668,183,398.98,584.73,83.21,133.28,0.60193,-1,-1,-1
669,183,405.51,577.06,93.23,138.94,0.43622,-1,-1,-1
669,193,394.93,518.13,25.62,77.14,0.36815,-1,-1,-1
670,183,413.73,572.42,98.40,142.23,0.62810,-1,-1,-1
670,193,400.71,513.42,28.31,80.00,0.63986,-1,-1,-1
671,183,424.97,568.93,98.25,144.45,0.57770,-1,-1,-1
671,193,405.27,511.52,28.05,78.09,0.49203,-1,-1,-1
672,193,411.22,509.00,28.00,76.39,0.44643,-1,-1,-1
675,193,428.13,492.66,32.01,82.96,0.38871,-1,-1,-1
676,195,560.39,480.01,21.73,48.94,0.32894,-1,-1,-1
676,193,431.34,498.18,31.46,82.27,0.54833,-1,-1,-1
677,195,571.39,481.36,19.86,44.65,0.37546,-1,-1,-1
677,193,438.05,493.61,33.77,84.91,0.45597,-1,-1,-1
678,193,441.49,495.78,35.69,86.77,0.37872,-1,-1,-1
679,193,448.21,510.16,36.65,83.98,0.36522,-1,-1,-1
679,183,532.17,573.86,100.60,145.54,0.55055,-1,-1,-1
680,183,565.27,568.93,81.53,141.45,0.33726,-1,-1,-1
680,195,595.06,487.46,18.66,43.82,0.33116,-1,-1,-1
681,183,582.96,596.24,79.88,141.05,0.42599,-1,-1,-1
682,183,602.99,619.42,76.06,137.93,0.36477,-1,-1,-1
683,183,618.17,593.29,61.76,137.35,0.32494,-1,-1,-1
683,193,463.02,521.63,32.55,88.99,0.35591,-1,-1,-1
684,193,465.41,516.48,34.70,83.80,0.30016,-1,-1,-1
685,193,469.84,518.34,33.73,81.62,0.43057,-1,-1,-1
686,193,474.67,509.53,31.49,82.15,0.47685,-1,-1,-1
686,183,661.82,573.07,50.68,128.44,0.43326,-1,-1,-1
687,193,482.12,507.43,31.99,80.54,0.43826,-1,-1,-1
687,195,628.53,474.53,21.96,57.37,0.44087,-1,-1,-1
688,193,486.23,506.16,29.96,80.80,0.37109,-1,-1,-1
688,195,633.93,477.29,20.70,53.00,0.30392,-1,-1,-1
689,199,663.06,568.52,112.17,149.07,0.42973,-1,-1,-1
690,199,677.29,565.08,110.37,151.57,0.46791,-1,-1,-1
690,193,495.47,502.45,27.63,82.25,0.46015,-1,-1,-1
690,195,647.89,475.90,20.72,50.80,0.36189,-1,-1,-1
691,199,696.20,565.25,108.60,152.45,0.59000,-1,-1,-1
691,193,500.92,503.64,26.48,80.55,0.32027,-1,-1,-1
691,195,652.90,474.53,20.19,50.06,0.38123,-1,-1,-1
692,199,716.63,569.62,101.46,148.44,0.44916,-1,-1,-1
692,193,507.58,501.19,26.91,81.88,0.55591,-1,-1,-1
692,195,658.99,475.26,17.99,48.46,0.34124,-1,-1,-1
693,199,761.36,573.33,72.78,145.68,0.52653,-1,-1,-1
693,193,511.22,497.64,32.00,86.84,0.37988,-1,-1,-1
693,195,666.56,475.44,19.76,47.73,0.32762,-1,-1,-1
694,199,775.58,581.53,78.66,142.00,0.48240,-1,-1,-1
694,193,512.46,499.59,35.08,88.18,0.49584,-1,-1,-1
694,195,672.02,477.14,19.58,50.77,0.35699,-1,-1,-1
695,199,792.89,585.73,77.87,145.37,0.35912,-1,-1,-1
695,193,517.09,500.80,33.85,87.95,0.52190,-1,-1,-1
695,195,677.58,477.23,19.89,52.61,0.41080,-1,-1,-1
696,193,525.77,500.96,32.12,83.94,0.43507,-1,-1,-1
697,193,529.49,503.70,32.34,82.85,0.48825,-1,-1,-1
698,193,533.13,501.39,32.17,87.37,0.47257,-1,-1,-1
698,195,695.14,477.69,19.33,52.58,0.37527,-1,-1,-1
699,193,535.18,500.27,33.88,89.65,0.30154,-1,-1,-1
699,195,699.83,477.04,20.30,53.39,0.48081,-1,-1,-1
699,199,843.61,584.29,94.95,157.58,0.57996,-1,-1,-1
700,193,537.33,502.25,35.35,92.14,0.52898,-1,-1,-1
700,195,703.16,479.66,20.22,52.95,0.46188,-1,-1,-1
700,199,855.25,584.84,102.65,159.59,0.58900,-1,-1,-1
701,193,543.22,504.29,33.61,91.14,0.40233,-1,-1,-1
701,199,878.95,589.48,96.26,158.83,0.49954,-1,-1,-1
702,193,549.66,506.42,33.31,88.18,0.36191,-1,-1,-1
702,199,917.88,596.61,76.30,156.00,0.58820,-1,-1,-1
702,195,717.99,478.79,19.13,54.29,0.42871,-1,-1,-1
703,193,554.06,505.10,32.48,89.88,0.55334,-1,-1,-1
703,199,947.37,602.98,64.13,155.33,0.53850,-1,-1,-1
703,195,722.07,474.86,21.12,58.79,0.41893,-1,-1,-1
704,193,555.56,508.91,33.99,91.18,0.58480,-1,-1,-1
704,199,958.33,610.87,70.65,155.38,0.64874,-1,-1,-1
704,195,725.69,476.87,21.07,60.37,0.36584,-1,-1,-1
705,193,555.44,508.45,38.84,93.69,0.53630,-1,-1,-1
705,199,977.18,612.47,68.95,156.02,0.64808,-1,-1,-1
705,195,728.38,476.19,21.18,60.29,0.40613,-1,-1,-1
706,193,560.57,510.53,35.59,93.73,0.61115,-1,-1,-1
706,199,987.85,617.23,76.82,158.93,0.75836,-1,-1,-1
707,193,563.54,513.43,34.50,95.27,0.66140,-1,-1,-1
707,199,998.21,615.66,87.01,166.30,0.74281,-1,-1,-1
707,195,739.01,487.16,21.57,54.15,0.33805,-1,-1,-1
708,193,566.58,517.76,33.43,95.93,0.68875,-1,-1,-1
708,199,1000.53,617.46,102.96,171.60,0.67485,-1,-1,-1
708,195,742.80,490.53,21.57,53.11,0.37075,-1,-1,-1
709,193,568.35,521.00,34.42,97.92,0.64299,-1,-1,-1
709,199,1006.17,612.20,119.30,177.54,0.76379,-1,-1,-1
709,195,745.53,492.77,22.29,53.60,0.36164,-1,-1,-1
710,193,573.74,528.94,33.88,93.07,0.64060,-1,-1,-1
710,199,1017.87,622.27,125.23,180.51,0.77490,-1,-1,-1
710,195,749.63,500.88,20.68,53.10,0.38739,-1,-1,-1
711,193,575.00,533.62,34.74,89.99,0.53038,-1,-1,-1
711,199,1041.80,620.35,122.46,178.32,0.71146,-1,-1,-1
711,195,750.34,503.28,20.18,52.18,0.41584,-1,-1,-1
712,193,576.65,536.54,36.36,92.39,0.71758,-1,-1,-1
712,199,1067.72,630.49,114.46,178.28,0.47907,-1,-1,-1
712,195,755.81,506.23,26.98,52.49,0.38426,-1,-1,-1
713,193,576.21,534.63,37.22,94.32,0.73738,-1,-1,-1
713,199,1112.38,630.45,88.22,172.76,0.57984,-1,-1,-1
713,195,759.82,505.04,25.26,50.92,0.34757,-1,-1,-1
714,193,579.12,544.40,38.01,97.57,0.65494,-1,-1,-1
714,199,1129.85,635.00,97.42,170.52,0.73783,-1,-1,-1
714,195,762.32,511.64,22.71,52.39,0.43139,-1,-1,-1
715,193,579.82,540.52,38.29,101.83,0.59000,-1,-1,-1
715,199,1143.63,636.79,99.44,173.88,0.74584,-1,-1,-1
715,195,764.96,506.15,20.92,58.73,0.42710,-1,-1,-1
716,193,580.64,543.64,38.40,101.71,0.50824,-1,-1,-1
716,199,1157.46,632.77,103.28,178.21,0.76847,-1,-1,-1
716,195,767.93,504.27,23.11,60.49,0.41455,-1,-1,-1
717,193,580.23,545.10,39.52,102.30,0.55735,-1,-1,-1
717,199,1174.18,632.18,104.41,183.76,0.78139,-1,-1,-1
717,195,771.42,508.82,22.29,55.89,0.32171,-1,-1,-1
718,193,583.80,551.37,37.01,98.75,0.48400,-1,-1,-1
718,199,1190.12,626.43,109.24,192.45,0.79138,-1,-1,-1
718,195,773.09,509.43,23.05,55.55,0.37303,-1,-1,-1
719,193,585.09,547.08,37.51,100.11,0.53570,-1,-1,-1
719,199,1209.20,632.29,109.91,194.58,0.66139,-1,-1,-1
720,193,585.15,552.00,39.36,101.60,0.56770,-1,-1,-1
720,199,1229.02,631.57,114.65,197.71,0.67217,-1,-1,-1
721,193,587.69,551.86,40.84,102.96,0.49169,-1,-1,-1
721,199,1257.80,635.52,103.48,181.11,0.47762,-1,-1,-1
721,195,782.77,512.74,25.15,55.74,0.34611,-1,-1,-1
722,193,591.71,553.43,38.90,102.99,0.53588,-1,-1,-1
722,199,1291.79,645.08,91.06,193.39,0.47304,-1,-1,-1
722,195,786.05,515.89,23.90,52.90,0.36361,-1,-1,-1
723,193,594.20,551.24,39.18,105.04,0.37044,-1,-1,-1
723,199,1312.14,653.52,98.99,194.38,0.44895,-1,-1,-1
723,195,790.51,514.25,25.38,54.63,0.37297,-1,-1,-1
724,193,594.90,562.46,38.18,103.88,0.48540,-1,-1,-1
724,199,1344.09,663.71,93.69,196.56,0.54925,-1,-1,-1
724,195,793.18,524.06,24.26,53.84,0.36373,-1,-1,-1
725,193,595.78,565.21,37.75,103.87,0.57045,-1,-1,-1
725,199,1370.54,663.16,92.55,202.90,0.71104,-1,-1,-1
725,195,796.86,524.65,23.34,53.24,0.47305,-1,-1,-1
726,193,597.62,564.65,37.17,103.56,0.57401,-1,-1,-1
726,199,1386.12,672.66,101.62,207.84,0.62048,-1,-1,-1
726,195,800.16,521.69,21.56,56.06,0.36217,-1,-1,-1
727,193,597.61,571.33,41.04,105.91,0.71565,-1,-1,-1
727,199,1424.94,672.87,85.29,184.06,0.40534,-1,-1,-1
728,193,598.42,568.79,42.12,106.27,0.67298,-1,-1,-1
728,199,1419.30,681.89,117.49,209.09,0.58087,-1,-1,-1
729,193,598.46,566.27,43.52,109.13,0.63826,-1,-1,-1
729,199,1432.83,681.20,131.74,218.54,0.72293,-1,-1,-1
729,195,813.11,524.23,20.58,57.08,0.38349,-1,-1,-1
730,193,599.79,569.63,45.28,110.99,0.56719,-1,-1,-1
730,199,1496.03,687.65,100.07,224.85,0.45673,-1,-1,-1
730,195,817.14,524.87,21.06,59.18,0.35051,-1,-1,-1
731,193,600.31,564.90,46.82,114.93,0.66810,-1,-1,-1
731,195,818.71,524.07,22.40,59.48,0.40617,-1,-1,-1
731,214,1527.88,554.23,31.42,77.56,0.32116,-1,-1,-1
732,193,601.43,564.76,47.07,116.61,0.67550,-1,-1,-1
732,195,820.17,524.88,22.91,58.28,0.49089,-1,-1,-1
732,199,1561.14,701.37,84.38,230.10,0.50636,-1,-1,-1
733,193,602.45,566.73,46.76,116.01,0.64984,-1,-1,-1
733,195,821.30,522.68,23.94,60.14,0.52880,-1,-1,-1
733,199,1589.81,705.26,87.12,228.93,0.70232,-1,-1,-1
734,193,602.62,560.45,46.98,120.41,0.68685,-1,-1,-1
734,195,824.23,524.44,21.63,54.91,0.40029,-1,-1,-1
734,199,1599.64,709.34,106.04,230.69,0.62816,-1,-1,-1
735,193,602.26,562.50,47.65,121.77,0.69494,-1,-1,-1
735,199,1615.80,705.19,119.32,233.26,0.74403,-1,-1,-1
735,215,837.45,527.86,23.92,51.80,0.37602,-1,-1,-1
736,193,606.09,559.46,45.91,122.32,0.67500,-1,-1,-1
736,199,1633.53,706.00,131.78,244.77,0.71529,-1,-1,-1
736,195,832.73,523.72,22.83,52.78,0.38167,-1,-1,-1
737,193,606.81,560.79,46.22,122.43,0.65827,-1,-1,-1
737,199,1658.68,697.59,134.80,258.26,0.79458,-1,-1,-1
737,195,834.72,523.11,24.15,53.16,0.37735,-1,-1,-1
738,193,606.72,563.09,47.70,122.98,0.65918,-1,-1,-1
738,199,1685.38,705.96,139.12,263.18,0.75505,-1,-1,-1
738,195,836.60,525.52,23.07,53.15,0.35355,-1,-1,-1
739,193,607.05,564.61,49.29,123.79,0.65649,-1,-1,-1
739,199,1713.73,717.40,150.52,261.97,0.75334,-1,-1,-1
739,195,839.44,524.82,22.73,54.72,0.35679,-1,-1,-1
740,193,607.33,567.13,49.69,123.86,0.68475,-1,-1,-1
740,199,1744.02,732.79,149.45,254.53,0.74670,-1,-1,-1
740,195,840.76,524.57,22.45,56.39,0.42142,-1,-1,-1
741,193,607.95,568.95,49.44,124.28,0.67764,-1,-1,-1
741,199,1779.52,733.32,140.48,263.41,0.58229,-1,-1,-1
741,195,842.35,526.88,22.69,55.87,0.47781,-1,-1,-1
742,193,608.82,570.66,48.22,123.88,0.64560,-1,-1,-1
742,199,1823.74,749.78,96.26,258.61,0.43294,-1,-1,-1
742,195,843.17,528.26,22.55,56.33,0.51000,-1,-1,-1
742,217,875.15,530.86,22.34,52.41,0.37339,-1,-1,-1
743,193,607.23,572.01,50.96,125.34,0.63039,-1,-1,-1
743,195,844.22,529.27,22.32,55.68,0.44869,-1,-1,-1
744,193,605.88,571.92,51.12,126.97,0.62978,-1,-1,-1
744,195,844.67,528.75,22.04,55.99,0.48035,-1,-1,-1
745,193,604.10,573.80,52.51,128.71,0.66676,-1,-1,-1
745,195,844.57,526.71,22.31,59.84,0.49780,-1,-1,-1
746,193,603.23,573.73,51.37,130.38,0.62640,-1,-1,-1
746,195,844.32,525.19,22.98,62.62,0.51611,-1,-1,-1
746,217,877.21,536.46,21.58,50.78,0.30455,-1,-1,-1
747,193,602.91,575.23,51.37,132.52,0.65400,-1,-1,-1
747,195,844.61,525.04,23.89,64.11,0.50420,-1,-1,-1
748,193,602.56,575.19,51.40,133.51,0.67354,-1,-1,-1
749,193,602.32,577.32,51.42,132.63,0.67520,-1,-1,-1
749,195,846.72,527.27,22.71,61.96,0.33811,-1,-1,-1
750,193,601.77,579.17,51.52,131.06,0.62340,-1,-1,-1
750,195,848.18,528.53,22.53,58.53,0.33641,-1,-1,-1
