1,1,118.00,157.54,79.99,171.15,0.84845,-1,-1,-1
1,2,16.00,148.77,74.72,190.84,0.81570,-1,-1,-1
2,1,118.42,154.90,82.05,174.51,0.84731,-1,-1,-1
2,2,18.04,145.32,74.01,194.59,0.85639,-1,-1,-1
3,1,125.01,153.60,68.50,177.38,0.71249,-1,-1,-1
3,2,22.54,137.98,73.90,203.04,0.82902,-1,-1,-1
4,1,129.91,154.25,78.50,179.25,0.84645,-1,-1,-1
4,2,27.40,142.06,73.00,201.25,0.81954,-1,-1,-1
4,3,253.17,193.94,24.97,67.02,0.47964,-1,-1,-1
5,1,136.06,157.10,83.71,180.36,0.81421,-1,-1,-1
5,2,34.89,140.87,73.44,207.06,0.86969,-1,-1,-1
5,3,263.45,198.90,23.52,64.63,0.54369,-1,-1,-1
6,1,141.19,155.30,86.49,183.92,0.83386,-1,-1,-1
6,2,35.36,140.42,77.99,209.41,0.85312,-1,-1,-1
6,3,269.46,198.21,24.88,66.28,0.58488,-1,-1,-1
6,4,222.79,197.90,23.85,67.03,0.61542,-1,-1,-1
6,5,251.25,197.58,21.84,66.04,0.43178,-1,-1,-1
7,1,144.44,152.28,88.02,187.27,0.85955,-1,-1,-1
7,2,38.65,139.34,77.05,210.55,0.83562,-1,-1,-1
7,3,274.53,198.78,25.91,63.78,0.67444,-1,-1,-1
7,4,226.53,197.92,24.90,66.24,0.65636,-1,-1,-1
7,5,257.06,196.09,21.54,62.98,0.60328,-1,-1,-1
8,1,151.68,152.92,89.09,190.50,0.87047,-1,-1,-1
8,2,42.65,140.13,78.23,213.55,0.82459,-1,-1,-1
8,3,281.17,201.03,26.56,64.81,0.58628,-1,-1,-1
8,4,234.46,200.34,24.65,65.62,0.68275,-1,-1,-1
8,5,264.99,198.18,20.58,64.11,0.55575,-1,-1,-1
9,1,156.42,151.63,88.33,193.23,0.86724,-1,-1,-1
9,2,46.99,139.56,77.87,214.28,0.83018,-1,-1,-1
9,3,287.67,200.20,25.71,65.66,0.71940,-1,-1,-1
9,4,240.42,203.04,24.92,63.22,0.56384,-1,-1,-1
9,5,270.01,198.76,22.03,65.90,0.64817,-1,-1,-1
10,1,164.46,148.33,88.46,197.81,0.86998,-1,-1,-1
10,2,49.81,135.59,83.58,220.07,0.85692,-1,-1,-1
10,3,296.29,201.15,25.62,65.07,0.63520,-1,-1,-1
10,4,250.23,198.55,25.37,67.21,0.64841,-1,-1,-1
10,5,278.85,197.13,21.84,66.96,0.45721,-1,-1,-1
11,1,170.77,147.26,89.26,200.89,0.86101,-1,-1,-1
11,2,54.48,135.25,85.35,222.12,0.86765,-1,-1,-1
11,3,305.41,201.24,22.89,64.65,0.64628,-1,-1,-1
11,4,256.16,200.40,23.08,65.11,0.48930,-1,-1,-1
11,5,285.34,197.68,22.97,67.40,0.69698,-1,-1,-1
11,11,143.69,195.72,28.56,69.94,0.56382,-1,-1,-1
12,1,181.62,148.22,92.14,204.90,0.87030,-1,-1,-1
12,2,64.04,132.63,85.09,230.84,0.88086,-1,-1,-1
12,3,316.61,205.26,22.65,63.19,0.50163,-1,-1,-1
12,4,268.89,200.69,24.33,67.54,0.62537,-1,-1,-1
12,11,153.86,198.43,29.71,69.18,0.57561,-1,-1,-1
13,1,184.04,147.18,96.26,208.80,0.85866,-1,-1,-1
13,2,67.20,138.87,86.26,226.39,0.85624,-1,-1,-1
13,3,321.47,197.65,24.44,70.30,0.46218,-1,-1,-1
13,4,275.33,200.24,24.06,68.07,0.51153,-1,-1,-1
13,11,158.88,196.84,30.43,70.68,0.57011,-1,-1,-1
13,5,303.82,203.25,21.30,63.75,0.47635,-1,-1,-1
14,1,197.10,145.23,95.37,211.87,0.82896,-1,-1,-1
14,2,80.82,131.20,83.57,235.75,0.87140,-1,-1,-1
14,3,334.51,202.55,22.32,65.04,0.37389,-1,-1,-1
14,4,287.18,202.62,23.76,64.43,0.59011,-1,-1,-1
14,11,170.55,195.87,30.04,71.25,0.59912,-1,-1,-1
14,5,316.56,201.85,21.84,64.71,0.57763,-1,-1,-1
15,1,208.70,145.14,95.93,215.88,0.85986,-1,-1,-1
15,2,86.45,136.00,85.85,234.59,0.86016,-1,-1,-1
15,3,346.03,204.79,25.40,64.63,0.62017,-1,-1,-1
15,4,297.53,202.78,22.91,66.09,0.57810,-1,-1,-1
15,11,181.88,197.47,29.04,71.02,0.66057,-1,-1,-1
15,5,326.46,201.13,22.83,66.74,0.51947,-1,-1,-1
15,14,1.76,144.82,40.42,163.59,0.53824,-1,-1,-1
16,1,212.00,143.38,99.08,216.97,0.84505,-1,-1,-1
16,2,81.79,126.30,93.39,243.59,0.87745,-1,-1,-1
16,3,352.05,200.38,26.77,66.70,0.54414,-1,-1,-1
16,4,301.35,198.81,23.68,66.55,0.68709,-1,-1,-1
16,11,185.80,193.53,29.85,71.65,0.64259,-1,-1,-1
16,5,331.04,196.04,23.82,69.76,0.55151,-1,-1,-1
16,14,1.56,142.60,45.03,156.80,0.43127,-1,-1,-1
17,1,213.92,140.29,105.75,222.44,0.77350,-1,-1,-1
17,2,83.95,123.95,93.71,247.72,0.89820,-1,-1,-1
17,3,354.65,190.87,26.18,74.43,0.49114,-1,-1,-1
17,4,306.04,196.52,23.98,68.83,0.59805,-1,-1,-1
17,11,189.13,192.69,29.04,71.85,0.64267,-1,-1,-1
17,5,334.99,195.30,23.45,69.93,0.44804,-1,-1,-1
17,14,0.58,141.09,59.95,149.89,0.37822,-1,-1,-1
18,1,216.18,138.15,110.15,229.01,0.85714,-1,-1,-1
18,2,83.79,123.74,96.49,252.48,0.90123,-1,-1,-1
18,4,311.50,195.59,22.60,70.61,0.70544,-1,-1,-1
18,11,193.40,194.21,27.91,70.62,0.54664,-1,-1,-1
18,14,0.20,140.75,54.93,154.74,0.49726,-1,-1,-1
19,1,216.84,133.08,112.64,234.37,0.86656,-1,-1,-1
19,2,81.20,118.68,98.00,257.25,0.90632,-1,-1,-1
19,4,311.51,192.40,24.54,71.13,0.62254,-1,-1,-1
19,11,193.87,192.21,28.60,70.31,0.51503,-1,-1,-1
19,14,0.00,137.49,47.90,156.19,0.30731,-1,-1,-1
20,1,214.51,128.74,113.96,240.67,0.88772,-1,-1,-1
20,2,76.59,113.27,98.84,264.43,0.90286,-1,-1,-1
20,11,192.25,188.17,28.62,72.23,0.58106,-1,-1,-1
21,1,213.90,126.80,116.40,247.04,0.87908,-1,-1,-1
21,2,73.02,108.60,101.41,273.16,0.89876,-1,-1,-1
21,11,192.20,186.91,28.09,73.95,0.66079,-1,-1,-1
21,16,42.23,186.30,25.38,69.73,0.57179,-1,-1,-1
21,14,0.00,131.87,38.48,164.32,0.52151,-1,-1,-1
22,1,214.63,122.95,118.45,252.99,0.88297,-1,-1,-1
22,2,69.29,103.97,105.11,280.00,0.88495,-1,-1,-1
22,11,194.20,185.51,27.37,73.72,0.35189,-1,-1,-1
22,16,41.83,183.40,28.02,70.91,0.41089,-1,-1,-1
22,14,0.00,128.96,38.06,207.34,0.34999,-1,-1,-1
23,1,215.75,124.05,119.63,259.82,0.88129,-1,-1,-1
23,2,68.36,105.23,107.39,288.12,0.89650,-1,-1,-1
23,11,198.15,190.11,26.37,73.46,0.57920,-1,-1,-1
23,16,48.80,190.52,24.11,68.12,0.36628,-1,-1,-1
23,14,0.58,132.98,38.76,223.98,0.35682,-1,-1,-1
24,1,220.01,121.66,117.56,265.11,0.79883,-1,-1,-1
24,2,65.88,103.91,111.39,294.24,0.86009,-1,-1,-1
24,14,0.84,132.85,39.65,190.45,0.43557,-1,-1,-1
25,1,228.58,120.85,112.94,274.29,0.88095,-1,-1,-1
25,2,62.37,103.02,115.59,303.07,0.89108,-1,-1,-1
25,14,0.56,133.90,38.39,178.66,0.36196,-1,-1,-1
26,1,230.46,117.19,111.25,281.04,0.87114,-1,-1,-1
26,2,58.43,100.43,118.39,309.31,0.88245,-1,-1,-1
26,14,0.29,132.68,37.30,175.04,0.36591,-1,-1,-1
27,1,235.34,113.09,110.95,288.54,0.88080,-1,-1,-1
27,2,55.26,95.72,121.31,316.32,0.89716,-1,-1,-1
27,14,0.00,130.13,37.62,172.72,0.46260,-1,-1,-1
28,1,240.08,111.14,110.77,294.82,0.88505,-1,-1,-1
28,2,54.02,94.06,123.69,323.10,0.90215,-1,-1,-1
28,14,0.36,129.77,38.47,171.71,0.33774,-1,-1,-1
29,1,236.20,105.29,120.46,303.10,0.86586,-1,-1,-1
29,2,51.21,86.85,127.82,336.37,0.88169,-1,-1,-1
30,1,235.39,103.19,123.40,310.05,0.88384,-1,-1,-1
30,2,47.92,83.94,131.47,345.01,0.88876,-1,-1,-1
30,14,0.00,125.07,36.81,178.87,0.30508,-1,-1,-1
31,1,243.35,98.89,121.23,320.15,0.87907,-1,-1,-1
31,2,43.55,80.10,137.82,353.60,0.89464,-1,-1,-1
31,20,392.93,175.80,20.97,34.14,0.33148,-1,-1,-1
32,1,252.61,96.75,120.91,330.51,0.87693,-1,-1,-1
32,2,44.59,77.82,140.18,363.37,0.87901,-1,-1,-1
32,21,147.28,80.22,47.78,176.08,0.52845,-1,-1,-1
32,3,408.17,190.61,25.94,75.60,0.66750,-1,-1,-1
33,1,260.16,90.02,126.14,338.76,0.86140,-1,-1,-1
33,2,51.77,70.90,139.82,373.45,0.88869,-1,-1,-1
33,21,153.69,76.63,46.95,181.73,0.37571,-1,-1,-1
33,3,418.54,188.42,26.50,75.29,0.67411,-1,-1,-1
33,4,360.90,186.72,26.99,75.34,0.62799,-1,-1,-1
34,1,269.34,89.06,130.13,350.00,0.85782,-1,-1,-1
34,2,58.14,70.65,141.80,381.34,0.88516,-1,-1,-1
34,21,158.89,75.78,53.31,181.10,0.50998,-1,-1,-1
34,3,426.48,188.30,27.02,77.88,0.66044,-1,-1,-1
34,4,368.64,187.34,29.08,76.56,0.68279,-1,-1,-1
34,5,402.14,180.46,24.35,82.97,0.49606,-1,-1,-1
35,1,272.67,88.71,142.00,359.69,0.85509,-1,-1,-1
35,2,64.73,70.64,141.32,387.77,0.90435,-1,-1,-1
35,3,435.21,190.79,27.92,78.21,0.65843,-1,-1,-1
35,4,377.40,189.77,28.53,76.91,0.70600,-1,-1,-1
35,23,1.45,118.93,35.43,103.78,0.61126,-1,-1,-1
35,5,410.52,187.30,24.49,78.50,0.48003,-1,-1,-1
36,1,275.04,81.82,156.90,369.76,0.89373,-1,-1,-1
36,2,71.34,63.41,145.49,399.22,0.89467,-1,-1,-1
36,3,447.52,189.44,28.31,78.20,0.66417,-1,-1,-1
36,4,388.04,188.76,28.06,76.43,0.58276,-1,-1,-1
36,5,421.24,182.60,25.79,82.17,0.48666,-1,-1,-1
36,21,174.69,71.71,55.62,183.12,0.55701,-1,-1,-1
37,1,273.75,78.32,165.31,378.51,0.89076,-1,-1,-1
37,2,71.69,60.86,148.24,406.28,0.90143,-1,-1,-1
37,3,452.16,190.05,27.38,78.47,0.62025,-1,-1,-1
37,4,391.70,189.18,28.33,76.33,0.65547,-1,-1,-1
37,5,425.15,186.19,24.52,79.47,0.32046,-1,-1,-1
37,21,177.41,70.87,54.36,185.54,0.43612,-1,-1,-1
38,1,278.41,76.54,174.00,388.48,0.88788,-1,-1,-1
38,2,71.34,58.84,152.25,416.00,0.87596,-1,-1,-1
38,3,457.41,190.49,28.48,80.23,0.72806,-1,-1,-1
38,4,397.84,193.60,28.84,74.01,0.49736,-1,-1,-1
38,5,430.45,189.27,26.25,79.03,0.54669,-1,-1,-1
38,21,181.19,70.78,56.54,193.54,0.45295,-1,-1,-1
39,1,282.87,70.57,178.99,398.32,0.89030,-1,-1,-1
39,2,69.35,53.41,157.31,425.16,0.87885,-1,-1,-1
39,3,460.79,187.73,31.75,81.66,0.67314,-1,-1,-1
39,4,402.99,194.62,27.56,71.30,0.55834,-1,-1,-1
39,5,434.67,187.10,26.30,78.46,0.57798,-1,-1,-1
39,21,182.62,64.58,57.37,195.94,0.55677,-1,-1,-1
40,1,285.30,67.09,186.52,410.88,0.88754,-1,-1,-1
40,2,67.81,52.78,162.17,427.22,0.88461,-1,-1,-1
40,3,465.18,188.73,31.83,82.99,0.70349,-1,-1,-1
40,4,408.92,199.05,24.77,70.05,0.46580,-1,-1,-1
40,5,438.96,186.97,27.61,81.24,0.53660,-1,-1,-1
40,21,185.14,63.66,56.72,199.80,0.69579,-1,-1,-1
41,1,287.95,63.39,192.18,416.61,0.88326,-1,-1,-1
41,2,63.79,49.29,166.52,430.71,0.89033,-1,-1,-1
41,3,468.11,189.00,31.67,59.21,0.61623,-1,-1,-1
41,5,440.43,188.15,27.37,80.26,0.54875,-1,-1,-1
41,21,183.55,62.74,57.61,200.15,0.73830,-1,-1,-1
41,23,0.22,114.42,49.21,153.26,0.38539,-1,-1,-1
42,1,283.50,56.38,197.89,423.62,0.89983,-1,-1,-1
42,2,51.92,41.65,171.50,438.35,0.89146,-1,-1,-1
42,3,465.39,187.51,33.28,43.08,0.53782,-1,-1,-1
42,21,178.10,55.96,59.13,207.29,0.63334,-1,-1,-1
43,1,281.96,52.95,204.23,427.05,0.90448,-1,-1,-1
43,2,46.85,36.04,173.60,443.96,0.89634,-1,-1,-1
43,3,464.66,190.00,31.58,33.08,0.52696,-1,-1,-1
43,21,175.68,51.52,58.54,208.27,0.64781,-1,-1,-1
43,11,265.84,186.79,24.80,76.79,0.32660,-1,-1,-1
44,1,281.72,49.68,210.16,430.32,0.90402,-1,-1,-1
44,2,43.13,30.40,177.42,449.60,0.89764,-1,-1,-1
44,21,175.29,48.13,59.29,212.52,0.64347,-1,-1,-1
44,11,266.86,186.81,25.67,77.71,0.36308,-1,-1,-1
45,1,283.49,45.88,214.61,434.12,0.89639,-1,-1,-1
45,2,41.15,26.70,179.67,453.30,0.89507,-1,-1,-1
45,21,175.96,46.33,61.03,215.45,0.64775,-1,-1,-1
45,11,267.90,185.64,27.28,77.82,0.45398,-1,-1,-1
46,1,279.48,42.43,223.06,437.57,0.90931,-1,-1,-1
46,2,36.02,20.45,184.23,459.55,0.88353,-1,-1,-1
46,21,174.72,44.55,62.30,218.41,0.69399,-1,-1,-1
46,26,0.00,97.54,37.13,329.55,0.42056,-1,-1,-1
47,1,282.66,37.81,224.71,442.19,0.90639,-1,-1,-1
47,2,32.74,14.88,187.04,464.97,0.87247,-1,-1,-1
47,21,174.38,41.09,62.08,218.31,0.65814,-1,-1,-1
47,26,0.01,94.06,37.14,334.15,0.30622,-1,-1,-1
47,11,269.59,183.38,27.36,79.21,0.37254,-1,-1,-1
48,1,288.16,30.77,225.96,449.23,0.89996,-1,-1,-1
48,2,29.87,11.24,192.95,468.76,0.86344,-1,-1,-1
48,21,176.52,38.25,63.73,222.52,0.64238,-1,-1,-1
48,26,0.23,92.88,40.00,340.53,0.34420,-1,-1,-1
49,1,287.40,28.38,231.08,451.62,0.88951,-1,-1,-1
49,2,26.76,9.26,199.80,469.57,0.86029,-1,-1,-1
49,21,176.40,36.58,65.62,226.11,0.64045,-1,-1,-1
50,1,285.90,22.87,234.70,457.13,0.89944,-1,-1,-1
50,2,20.67,3.35,204.86,475.54,0.85850,-1,-1,-1
50,21,174.33,34.01,66.97,234.41,0.64983,-1,-1,-1
50,27,0.00,90.43,29.62,116.82,0.52114,-1,-1,-1
51,1,285.72,19.43,239.15,460.29,0.90857,-1,-1,-1
51,2,20.95,0.89,203.79,476.36,0.85881,-1,-1,-1
51,21,174.47,32.94,69.90,237.82,0.73609,-1,-1,-1
51,27,0.06,89.46,30.72,117.75,0.44853,-1,-1,-1
52,1,289.36,15.64,240.75,463.90,0.90183,-1,-1,-1
52,2,17.02,0.00,206.27,478.11,0.84651,-1,-1,-1
52,21,173.86,30.11,71.32,240.63,0.59592,-1,-1,-1
52,27,0.00,87.43,31.17,151.91,0.48339,-1,-1,-1
53,1,288.24,13.22,248.15,466.30,0.90449,-1,-1,-1
53,2,12.89,0.00,211.34,479.44,0.86050,-1,-1,-1
53,21,173.23,28.06,71.32,241.21,0.63121,-1,-1,-1
53,27,0.00,86.29,35.65,163.67,0.36969,-1,-1,-1
54,1,289.58,11.82,251.14,468.18,0.91166,-1,-1,-1
54,2,12.17,0.00,212.50,478.40,0.84251,-1,-1,-1
54,21,173.08,28.05,71.81,241.96,0.57692,-1,-1,-1
54,27,0.00,87.03,36.44,135.26,0.41715,-1,-1,-1
55,1,293.46,7.89,257.24,471.11,0.88569,-1,-1,-1
55,2,11.04,0.00,215.30,479.53,0.85700,-1,-1,-1
55,21,175.17,25.91,72.24,244.46,0.54877,-1,-1,-1
55,27,0.45,86.14,37.54,182.07,0.45132,-1,-1,-1
56,1,291.33,5.54,262.46,473.10,0.84590,-1,-1,-1
56,2,10.80,0.00,216.86,479.11,0.86196,-1,-1,-1
56,21,175.67,24.72,72.14,246.87,0.58830,-1,-1,-1
56,27,0.07,84.87,37.52,177.65,0.46339,-1,-1,-1
57,1,297.69,2.28,264.68,477.06,0.91150,-1,-1,-1
57,2,7.62,0.00,220.61,477.94,0.85762,-1,-1,-1
57,21,175.97,22.80,73.68,276.01,0.61189,-1,-1,-1
57,27,0.00,83.66,36.85,173.95,0.56896,-1,-1,-1
58,1,300.95,1.80,266.07,478.00,0.89965,-1,-1,-1
58,2,7.26,0.70,220.99,476.78,0.85925,-1,-1,-1
58,21,176.22,21.30,75.70,343.86,0.49710,-1,-1,-1
58,27,0.37,83.68,35.69,171.33,0.48689,-1,-1,-1
59,1,302.48,0.58,273.25,479.06,0.90344,-1,-1,-1
59,2,5.28,0.91,223.81,476.75,0.84447,-1,-1,-1
59,21,176.60,20.47,76.55,342.20,0.70532,-1,-1,-1
59,27,0.00,84.24,33.56,168.76,0.40145,-1,-1,-1
60,1,302.99,0.00,280.29,477.88,0.90052,-1,-1,-1
60,2,3.85,0.06,225.84,477.34,0.81845,-1,-1,-1
60,21,174.80,18.58,79.35,388.06,0.57074,-1,-1,-1
60,27,0.00,80.77,30.78,204.50,0.37662,-1,-1,-1
61,1,306.10,0.00,284.29,478.48,0.89716,-1,-1,-1
61,2,1.85,0.74,226.51,475.94,0.85561,-1,-1,-1
61,21,174.96,18.00,79.40,402.11,0.60805,-1,-1,-1
61,27,0.00,80.09,29.18,213.65,0.38252,-1,-1,-1
62,1,310.50,0.00,286.84,475.24,0.83071,-1,-1,-1
62,2,1.06,0.58,226.36,475.80,0.86117,-1,-1,-1
62,21,176.95,16.28,79.29,415.13,0.72769,-1,-1,-1
62,14,0.27,78.51,31.54,226.93,0.45198,-1,-1,-1
63,1,312.56,0.00,287.46,478.02,0.88576,-1,-1,-1
63,2,0.37,1.06,226.13,475.50,0.78986,-1,-1,-1
63,21,176.89,15.09,80.34,422.31,0.71952,-1,-1,-1
63,14,0.10,76.00,36.26,321.55,0.37449,-1,-1,-1
64,1,316.39,0.00,288.04,479.09,0.87569,-1,-1,-1
64,2,0.55,1.84,227.82,475.69,0.80999,-1,-1,-1
64,21,176.35,14.85,82.66,420.25,0.57418,-1,-1,-1
64,14,0.19,75.24,34.85,362.47,0.36000,-1,-1,-1
64,5,500.88,191.58,26.75,77.55,0.61116,-1,-1,-1
65,1,317.03,0.00,289.18,479.52,0.87648,-1,-1,-1
65,2,0.01,1.74,233.69,474.69,0.76578,-1,-1,-1
65,21,177.17,14.33,83.40,377.66,0.52504,-1,-1,-1
65,14,0.00,74.61,35.17,362.06,0.35071,-1,-1,-1
65,5,501.62,192.73,26.33,76.58,0.64482,-1,-1,-1
66,1,314.13,0.00,292.83,479.79,0.88390,-1,-1,-1
66,2,0.00,1.54,231.68,473.25,0.84188,-1,-1,-1
66,21,176.97,13.30,85.02,347.53,0.63420,-1,-1,-1
66,14,0.00,74.49,33.72,375.75,0.36835,-1,-1,-1
66,5,502.05,192.48,26.37,76.52,0.68305,-1,-1,-1
67,1,312.44,0.00,298.33,479.77,0.88523,-1,-1,-1
67,2,0.15,1.49,228.50,475.21,0.80880,-1,-1,-1
67,21,179.21,12.08,84.16,393.82,0.74822,-1,-1,-1
67,14,0.30,74.90,32.57,382.98,0.53483,-1,-1,-1
67,5,503.63,192.84,25.06,76.23,0.64946,-1,-1,-1
68,1,315.86,0.21,296.73,479.79,0.89416,-1,-1,-1
68,2,0.24,2.47,226.47,474.65,0.74900,-1,-1,-1
68,21,179.54,11.28,84.66,421.15,0.67814,-1,-1,-1
68,14,0.54,74.83,33.28,357.07,0.36869,-1,-1,-1
68,5,505.82,193.09,23.55,76.49,0.60445,-1,-1,-1
69,1,317.50,0.46,294.39,479.42,0.89138,-1,-1,-1
69,2,0.11,2.82,225.50,474.78,0.73792,-1,-1,-1
69,21,179.37,10.24,85.27,432.84,0.60360,-1,-1,-1
69,14,0.45,73.86,33.93,362.68,0.39522,-1,-1,-1
69,5,506.04,193.57,22.35,75.59,0.63654,-1,-1,-1
69,11,293.92,175.99,28.70,86.48,0.56373,-1,-1,-1
70,1,317.95,0.58,293.72,479.42,0.89243,-1,-1,-1
70,2,0.00,2.04,223.86,477.03,0.82341,-1,-1,-1
70,21,182.06,9.54,84.38,430.77,0.83475,-1,-1,-1
70,14,0.40,74.35,34.46,361.51,0.40438,-1,-1,-1
70,5,506.55,193.50,22.53,75.70,0.61761,-1,-1,-1
70,32,0.17,77.74,22.57,128.52,0.38329,-1,-1,-1
70,33,577.28,195.00,23.71,52.65,0.30866,-1,-1,-1
70,11,295.19,176.77,27.17,85.52,0.52610,-1,-1,-1
71,1,318.02,0.20,292.27,479.79,0.87622,-1,-1,-1
71,2,0.00,1.61,222.70,477.93,0.82871,-1,-1,-1
71,21,183.54,8.48,84.50,430.17,0.83653,-1,-1,-1
71,14,0.40,73.93,33.82,368.72,0.38619,-1,-1,-1
71,5,506.77,193.56,22.33,74.88,0.56164,-1,-1,-1
71,32,0.20,77.99,22.54,126.49,0.43856,-1,-1,-1
71,11,293.71,176.76,28.09,84.88,0.58850,-1,-1,-1
72,1,317.04,0.51,293.77,479.49,0.88266,-1,-1,-1
72,2,0.23,1.48,222.62,478.31,0.85998,-1,-1,-1
72,21,184.72,7.99,84.81,430.04,0.83750,-1,-1,-1
72,14,0.61,74.84,33.15,371.47,0.49197,-1,-1,-1
72,5,507.08,193.32,22.40,75.70,0.58391,-1,-1,-1
72,32,0.32,78.24,22.75,126.40,0.40676,-1,-1,-1
72,11,291.71,176.89,30.53,84.99,0.62101,-1,-1,-1
72,33,585.60,196.41,22.74,50.87,0.58561,-1,-1,-1
73,1,314.76,0.58,296.36,479.42,0.89204,-1,-1,-1
73,2,0.20,1.47,222.61,478.32,0.85445,-1,-1,-1
73,21,185.17,9.64,86.58,427.57,0.83950,-1,-1,-1
73,14,0.54,74.16,33.81,366.51,0.34573,-1,-1,-1
73,5,506.16,192.75,22.73,77.21,0.50597,-1,-1,-1
73,32,0.23,78.17,22.55,127.71,0.40771,-1,-1,-1
73,11,290.44,177.23,30.77,83.22,0.60446,-1,-1,-1
73,33,586.67,196.40,23.02,51.67,0.55070,-1,-1,-1
74,1,313.57,0.29,295.73,479.62,0.85017,-1,-1,-1
74,2,0.27,1.47,222.88,477.61,0.84768,-1,-1,-1
74,21,185.54,9.29,88.18,426.84,0.84862,-1,-1,-1
74,14,0.56,73.52,33.93,359.05,0.34727,-1,-1,-1
74,5,505.62,193.24,22.56,76.13,0.56554,-1,-1,-1
74,32,0.22,78.29,22.61,126.39,0.41390,-1,-1,-1
74,11,290.24,177.17,30.53,82.43,0.54650,-1,-1,-1
75,1,309.37,0.56,295.24,479.32,0.87120,-1,-1,-1
75,2,1.11,1.07,221.95,477.80,0.82812,-1,-1,-1
75,21,186.97,9.56,88.51,425.51,0.84582,-1,-1,-1
75,14,0.77,73.58,34.69,365.77,0.30027,-1,-1,-1
75,32,0.42,77.78,22.81,125.55,0.36668,-1,-1,-1
75,11,290.26,177.31,31.02,81.99,0.60552,-1,-1,-1
76,1,306.55,0.22,297.05,478.59,0.88837,-1,-1,-1
76,2,1.05,1.05,221.89,477.75,0.81850,-1,-1,-1
76,21,187.15,9.93,89.30,425.06,0.85529,-1,-1,-1
76,32,0.12,78.20,22.72,127.60,0.32697,-1,-1,-1
76,11,290.18,177.07,30.60,81.47,0.65488,-1,-1,-1
77,1,304.45,0.09,296.16,477.57,0.87443,-1,-1,-1
77,2,1.30,0.98,222.07,476.88,0.82693,-1,-1,-1
77,21,187.60,9.81,89.35,424.03,0.84523,-1,-1,-1
77,32,0.09,78.61,22.78,120.67,0.35543,-1,-1,-1
77,11,289.89,176.84,31.74,81.24,0.65564,-1,-1,-1
78,1,302.45,0.03,297.25,476.84,0.89313,-1,-1,-1
78,2,1.19,1.14,222.68,478.00,0.83346,-1,-1,-1
78,21,188.82,9.29,87.60,423.89,0.84427,-1,-1,-1
78,32,0.13,78.84,22.76,114.09,0.45903,-1,-1,-1
78,11,289.51,177.14,31.30,80.93,0.49473,-1,-1,-1
79,1,304.09,0.00,291.45,478.74,0.87181,-1,-1,-1
79,2,1.25,0.86,222.84,478.07,0.83243,-1,-1,-1
79,21,188.84,9.80,85.98,423.88,0.83722,-1,-1,-1
79,32,0.00,79.08,22.93,121.23,0.37261,-1,-1,-1
79,11,288.80,177.58,32.75,80.52,0.46669,-1,-1,-1
80,1,310.95,0.00,278.99,479.47,0.87589,-1,-1,-1
80,2,0.77,1.18,223.96,478.49,0.85158,-1,-1,-1
80,21,188.77,10.64,85.54,424.44,0.82941,-1,-1,-1
80,32,0.00,79.56,22.97,119.10,0.38035,-1,-1,-1
81,1,312.26,0.00,276.64,479.34,0.87974,-1,-1,-1
81,2,0.98,1.43,225.99,477.94,0.84316,-1,-1,-1
81,21,189.11,11.07,84.74,420.67,0.79383,-1,-1,-1
81,32,0.20,79.61,23.66,118.67,0.38085,-1,-1,-1
81,35,0.42,75.87,32.47,367.49,0.41109,-1,-1,-1
82,1,316.40,0.00,270.67,479.76,0.86247,-1,-1,-1
82,2,0.50,1.49,229.60,476.95,0.84038,-1,-1,-1
82,21,188.96,11.88,84.40,420.12,0.73919,-1,-1,-1
82,32,0.00,79.78,23.16,115.79,0.41361,-1,-1,-1
82,35,0.21,75.49,33.21,359.83,0.35364,-1,-1,-1
83,1,311.57,0.00,275.00,476.95,0.87815,-1,-1,-1
83,2,0.36,1.43,226.94,477.46,0.81734,-1,-1,-1
83,21,188.13,12.92,84.11,422.91,0.81719,-1,-1,-1
83,32,0.00,79.27,22.82,118.24,0.45192,-1,-1,-1
83,35,0.25,74.03,32.94,374.50,0.34674,-1,-1,-1
84,1,308.50,0.00,274.53,478.85,0.90276,-1,-1,-1
84,2,0.00,1.42,225.32,476.91,0.76891,-1,-1,-1
84,21,184.70,12.31,85.61,426.26,0.79846,-1,-1,-1
84,32,0.00,79.11,21.33,121.47,0.45854,-1,-1,-1
85,1,308.54,0.06,277.47,478.64,0.89231,-1,-1,-1
85,2,0.18,1.56,229.32,475.59,0.75859,-1,-1,-1
85,21,182.80,14.21,84.56,424.73,0.74745,-1,-1,-1
85,32,0.00,79.10,21.84,123.64,0.36198,-1,-1,-1
85,33,614.13,193.02,25.61,56.42,0.57991,-1,-1,-1
86,1,307.82,0.14,279.17,477.20,0.86783,-1,-1,-1
86,2,0.09,1.87,229.57,476.28,0.74033,-1,-1,-1
86,21,179.10,16.50,84.93,423.98,0.75059,-1,-1,-1
86,32,0.00,79.84,21.97,125.36,0.37560,-1,-1,-1
86,33,616.23,193.37,23.77,56.70,0.46563,-1,-1,-1
86,35,0.16,73.67,33.49,371.18,0.30958,-1,-1,-1
87,1,309.28,0.00,277.36,478.78,0.88797,-1,-1,-1
87,2,0.00,1.61,231.51,475.45,0.70230,-1,-1,-1
87,21,174.89,16.85,85.05,414.85,0.66933,-1,-1,-1
87,32,0.00,79.76,21.02,123.51,0.32556,-1,-1,-1
87,33,615.95,193.00,24.05,56.40,0.49129,-1,-1,-1
87,35,0.00,74.57,32.89,367.35,0.47769,-1,-1,-1
87,5,503.74,193.11,23.68,75.82,0.65901,-1,-1,-1
88,1,307.51,0.89,279.96,478.95,0.89881,-1,-1,-1
88,2,0.00,2.31,228.75,475.60,0.81291,-1,-1,-1
88,21,174.07,21.01,83.42,411.99,0.74535,-1,-1,-1
88,32,0.00,81.03,21.77,123.51,0.43512,-1,-1,-1
88,35,0.23,74.46,33.19,377.57,0.32704,-1,-1,-1
88,5,504.95,193.33,23.47,76.91,0.52664,-1,-1,-1
89,1,310.48,0.61,277.07,479.18,0.89548,-1,-1,-1
89,2,0.00,2.03,227.35,476.19,0.80422,-1,-1,-1
89,21,172.15,22.81,83.98,406.75,0.71374,-1,-1,-1
89,32,0.02,81.19,21.94,123.53,0.37596,-1,-1,-1
89,35,0.36,75.32,32.70,354.73,0.34409,-1,-1,-1
89,5,505.72,192.80,22.44,77.03,0.50620,-1,-1,-1
90,1,308.91,0.70,278.74,479.18,0.89768,-1,-1,-1
90,2,0.00,1.88,224.67,476.96,0.79525,-1,-1,-1
90,21,169.30,23.71,86.64,403.74,0.75150,-1,-1,-1
90,35,0.13,77.52,32.19,363.85,0.43510,-1,-1,-1
90,5,505.83,192.84,21.48,77.09,0.42783,-1,-1,-1
91,1,308.54,0.93,279.89,478.93,0.89434,-1,-1,-1
91,2,0.00,1.68,223.30,477.11,0.79096,-1,-1,-1
91,21,167.66,24.10,89.19,402.66,0.72059,-1,-1,-1
91,35,0.24,78.79,31.97,373.34,0.46779,-1,-1,-1
91,5,505.46,192.34,21.19,76.65,0.30020,-1,-1,-1
91,32,0.00,83.43,21.81,128.82,0.42340,-1,-1,-1
92,1,306.08,0.80,282.20,478.78,0.90444,-1,-1,-1
92,2,0.35,1.68,230.15,476.12,0.76562,-1,-1,-1
92,21,166.85,24.63,92.44,400.46,0.69298,-1,-1,-1
92,35,0.46,80.11,32.67,364.20,0.42472,-1,-1,-1
92,5,506.38,192.71,20.73,76.78,0.32928,-1,-1,-1
93,1,305.86,0.51,280.01,478.67,0.89169,-1,-1,-1
93,2,0.23,1.42,225.46,475.12,0.84334,-1,-1,-1
93,21,166.79,24.08,100.51,406.50,0.78853,-1,-1,-1
93,35,0.37,79.66,32.84,360.36,0.30330,-1,-1,-1
93,39,299.29,180.42,25.52,76.32,0.45065,-1,-1,-1
93,32,0.03,84.70,21.66,126.58,0.33529,-1,-1,-1
94,1,306.48,0.00,278.35,479.57,0.90274,-1,-1,-1
94,2,0.40,1.14,223.92,475.06,0.84690,-1,-1,-1
94,21,167.56,23.77,104.02,408.74,0.78913,-1,-1,-1
94,35,0.56,79.48,32.74,364.33,0.31747,-1,-1,-1
94,39,299.72,179.22,25.67,78.40,0.45252,-1,-1,-1
94,41,267.16,190.85,17.79,57.78,0.48750,-1,-1,-1
94,11,281.91,184.96,24.14,73.68,0.32058,-1,-1,-1
95,1,307.35,0.00,276.88,477.88,0.90094,-1,-1,-1
95,2,0.64,1.25,223.19,474.96,0.86025,-1,-1,-1
95,21,169.70,22.36,104.37,411.60,0.78865,-1,-1,-1
95,35,0.66,79.08,33.60,369.18,0.41989,-1,-1,-1
95,39,301.16,178.69,24.21,80.71,0.51265,-1,-1,-1
95,41,266.78,192.67,16.27,55.82,0.55720,-1,-1,-1
96,1,306.88,0.00,276.05,478.85,0.90011,-1,-1,-1
96,2,0.38,1.53,222.77,474.22,0.83582,-1,-1,-1
96,21,171.43,22.00,102.75,411.12,0.79141,-1,-1,-1
96,35,0.25,82.11,34.41,365.06,0.41627,-1,-1,-1
96,39,301.67,177.85,22.73,81.09,0.50281,-1,-1,-1
96,41,265.56,192.13,16.57,56.53,0.53476,-1,-1,-1
96,11,282.01,180.75,27.69,76.99,0.30722,-1,-1,-1
97,1,307.26,0.19,275.75,477.56,0.90308,-1,-1,-1
97,2,0.58,1.60,222.22,472.66,0.86402,-1,-1,-1
97,21,174.41,21.22,99.34,412.02,0.81791,-1,-1,-1
97,35,0.22,84.01,33.90,328.53,0.37429,-1,-1,-1
97,39,301.87,178.72,22.86,81.24,0.57209,-1,-1,-1
97,41,262.87,192.24,16.72,58.15,0.57963,-1,-1,-1
97,11,282.33,180.16,26.11,78.08,0.37235,-1,-1,-1
97,5,504.92,192.26,23.35,80.78,0.32989,-1,-1,-1
98,1,308.68,0.04,274.94,477.96,0.90635,-1,-1,-1
98,2,0.99,1.20,222.10,472.81,0.87449,-1,-1,-1
98,21,180.35,20.39,93.87,412.53,0.83519,-1,-1,-1
98,35,0.47,83.08,32.95,341.13,0.50577,-1,-1,-1
98,39,302.41,178.12,22.66,82.68,0.59338,-1,-1,-1
98,5,506.26,192.49,22.16,78.07,0.50474,-1,-1,-1
99,1,309.06,0.04,274.67,478.08,0.90888,-1,-1,-1
99,2,0.73,1.08,222.17,473.97,0.88551,-1,-1,-1
99,21,184.01,20.74,91.47,411.83,0.84844,-1,-1,-1
99,35,0.31,79.90,34.56,361.29,0.46063,-1,-1,-1
99,39,301.43,177.84,23.62,81.43,0.53682,-1,-1,-1
99,5,506.61,192.46,22.07,77.23,0.37728,-1,-1,-1
99,11,280.16,179.62,26.27,79.24,0.35594,-1,-1,-1
100,1,309.51,0.00,273.78,477.60,0.90272,-1,-1,-1
100,2,0.54,0.95,221.58,474.93,0.88209,-1,-1,-1
100,21,186.66,18.93,90.32,413.20,0.84064,-1,-1,-1
100,35,0.05,81.21,34.71,345.19,0.42500,-1,-1,-1
100,39,300.92,178.14,24.92,80.45,0.58768,-1,-1,-1
100,5,505.96,192.46,22.11,76.24,0.53414,-1,-1,-1
100,11,279.33,178.60,26.35,80.11,0.57156,-1,-1,-1
101,1,310.27,0.05,273.83,479.11,0.90865,-1,-1,-1
101,2,0.84,0.95,221.47,475.02,0.87667,-1,-1,-1
101,21,189.43,17.62,91.39,413.57,0.85102,-1,-1,-1
101,35,0.33,81.45,33.95,353.59,0.42634,-1,-1,-1
101,39,300.98,178.03,24.34,81.45,0.45303,-1,-1,-1
101,5,506.96,192.66,21.88,76.22,0.37706,-1,-1,-1
101,11,279.44,178.87,26.36,79.81,0.40089,-1,-1,-1
102,1,311.77,0.03,272.01,478.48,0.90218,-1,-1,-1
102,2,0.61,0.77,221.47,475.51,0.87323,-1,-1,-1
102,21,189.95,16.32,93.24,413.33,0.84784,-1,-1,-1
102,35,0.14,81.72,33.96,348.70,0.44198,-1,-1,-1
103,1,313.20,0.05,271.57,479.55,0.91215,-1,-1,-1
103,2,0.54,0.94,221.58,476.28,0.87012,-1,-1,-1
103,21,191.18,16.90,93.32,414.43,0.84021,-1,-1,-1
103,35,0.16,82.20,33.95,329.58,0.38384,-1,-1,-1
103,5,508.37,193.00,19.05,75.48,0.31427,-1,-1,-1
104,1,314.19,0.06,273.30,479.88,0.91077,-1,-1,-1
104,2,0.30,0.97,222.36,476.71,0.88920,-1,-1,-1
104,21,192.19,17.48,91.13,414.84,0.84186,-1,-1,-1
104,35,0.17,80.81,33.85,337.52,0.33610,-1,-1,-1
104,43,541.09,202.55,11.26,36.58,0.33087,-1,-1,-1
104,5,507.99,193.15,19.51,75.11,0.32076,-1,-1,-1
104,32,0.26,81.54,28.66,118.03,0.31066,-1,-1,-1
105,1,314.05,0.00,274.45,480.00,0.90873,-1,-1,-1
105,2,0.00,0.68,222.76,476.83,0.86264,-1,-1,-1
105,21,191.98,17.10,89.76,411.98,0.83752,-1,-1,-1
105,35,0.00,82.87,31.87,348.06,0.37697,-1,-1,-1
105,43,540.94,203.46,11.96,35.89,0.40396,-1,-1,-1
105,32,0.00,83.35,25.99,119.12,0.30217,-1,-1,-1
105,39,301.33,178.57,24.11,81.13,0.30005,-1,-1,-1
106,1,314.13,0.00,276.06,479.48,0.90436,-1,-1,-1
106,2,0.00,0.43,223.25,477.66,0.87999,-1,-1,-1
106,21,192.43,16.60,87.21,414.22,0.82689,-1,-1,-1
106,35,0.00,82.60,32.31,357.76,0.40922,-1,-1,-1
106,43,540.80,203.81,12.34,35.97,0.40622,-1,-1,-1
106,39,300.98,178.69,24.00,81.84,0.63216,-1,-1,-1
106,11,279.05,178.79,25.57,81.30,0.58391,-1,-1,-1
107,1,313.80,0.19,278.67,478.98,0.89532,-1,-1,-1
107,2,0.00,0.32,224.35,478.15,0.88021,-1,-1,-1
107,21,192.54,16.69,86.42,414.76,0.81852,-1,-1,-1
107,35,0.00,82.63,31.62,361.36,0.35834,-1,-1,-1
107,43,541.30,204.30,12.02,35.62,0.38163,-1,-1,-1
107,39,300.96,178.65,24.28,82.02,0.58913,-1,-1,-1
107,11,279.44,179.31,25.54,79.91,0.56522,-1,-1,-1
108,1,312.57,0.00,282.82,477.66,0.89954,-1,-1,-1
108,2,0.00,0.02,225.12,477.91,0.87396,-1,-1,-1
108,21,192.01,16.11,86.21,415.40,0.82335,-1,-1,-1
108,43,541.13,202.56,12.18,37.39,0.46755,-1,-1,-1
108,39,300.97,178.67,24.26,81.45,0.60240,-1,-1,-1
108,11,279.28,180.41,25.07,78.15,0.51102,-1,-1,-1
108,5,510.75,195.99,16.60,72.31,0.32079,-1,-1,-1
109,1,312.38,0.00,284.67,475.94,0.83051,-1,-1,-1
109,2,0.00,0.01,224.51,478.65,0.88561,-1,-1,-1
109,21,190.12,16.57,87.68,414.38,0.83097,-1,-1,-1
109,39,300.89,178.46,24.03,82.09,0.55419,-1,-1,-1
109,11,278.91,180.47,25.68,78.17,0.50372,-1,-1,-1
110,1,312.37,0.00,287.52,477.30,0.75829,-1,-1,-1
110,2,0.00,0.04,223.50,478.59,0.90718,-1,-1,-1
110,21,188.56,16.73,90.11,414.08,0.83947,-1,-1,-1
110,39,300.49,178.29,24.44,82.19,0.45101,-1,-1,-1
111,1,311.36,0.08,290.11,476.94,0.79887,-1,-1,-1
111,2,0.00,0.10,222.77,478.99,0.89601,-1,-1,-1
111,21,188.14,17.15,91.92,414.20,0.84433,-1,-1,-1
112,1,324.09,0.13,279.33,478.76,0.79524,-1,-1,-1
112,2,0.12,0.00,222.44,479.29,0.90714,-1,-1,-1
112,21,188.01,17.02,94.41,415.39,0.84923,-1,-1,-1
112,39,298.62,177.72,26.56,83.07,0.35085,-1,-1,-1
113,1,315.82,0.31,282.89,479.15,0.86467,-1,-1,-1
113,2,0.14,0.05,222.30,478.99,0.90273,-1,-1,-1
113,21,187.93,17.79,94.21,416.33,0.85307,-1,-1,-1
114,1,311.34,0.29,286.52,479.33,0.89698,-1,-1,-1
114,2,0.27,0.00,221.68,478.65,0.89540,-1,-1,-1
114,21,187.74,19.08,94.40,414.21,0.85379,-1,-1,-1
115,1,309.76,0.19,284.71,478.03,0.88146,-1,-1,-1
115,2,0.35,0.00,221.60,478.81,0.88972,-1,-1,-1
115,21,188.35,19.88,94.45,414.90,0.86665,-1,-1,-1
116,1,306.99,0.28,285.36,478.75,0.89508,-1,-1,-1
116,2,0.68,0.00,220.94,478.24,0.87928,-1,-1,-1
116,21,190.85,20.48,93.16,415.12,0.85952,-1,-1,-1
117,1,306.09,0.28,283.16,478.34,0.88336,-1,-1,-1
117,2,0.95,0.15,221.70,477.51,0.87025,-1,-1,-1
117,21,192.45,20.50,94.22,415.76,0.85471,-1,-1,-1
118,1,304.52,0.20,279.59,477.72,0.88983,-1,-1,-1
118,2,0.83,0.37,223.30,477.85,0.86784,-1,-1,-1
118,21,193.66,20.29,93.53,416.87,0.85894,-1,-1,-1
119,1,303.38,0.34,279.02,478.49,0.91136,-1,-1,-1
119,2,1.10,0.70,226.56,478.23,0.88531,-1,-1,-1
119,21,196.81,20.21,92.12,413.91,0.81634,-1,-1,-1
119,32,0.20,80.22,23.01,105.70,0.37117,-1,-1,-1
119,35,0.07,80.29,30.39,342.23,0.40172,-1,-1,-1
119,5,498.96,193.51,29.60,78.01,0.70002,-1,-1,-1
120,1,302.29,0.24,279.81,479.14,0.91029,-1,-1,-1
120,2,0.85,0.82,230.05,478.67,0.87266,-1,-1,-1
120,21,200.00,21.04,89.06,411.66,0.80946,-1,-1,-1
120,32,0.54,79.47,23.25,110.42,0.32600,-1,-1,-1
120,5,498.65,193.16,29.98,78.74,0.72036,-1,-1,-1
121,1,302.69,0.62,280.32,478.91,0.88719,-1,-1,-1
121,2,0.88,0.84,234.45,478.84,0.87713,-1,-1,-1
121,21,200.52,21.37,88.67,413.93,0.81971,-1,-1,-1
121,5,498.52,192.80,30.38,79.39,0.66150,-1,-1,-1
122,1,305.41,0.53,281.21,477.56,0.88878,-1,-1,-1
122,2,1.39,0.68,238.43,479.06,0.85737,-1,-1,-1
122,21,202.35,22.02,84.82,416.12,0.82328,-1,-1,-1
122,5,498.72,193.51,30.09,78.44,0.66447,-1,-1,-1
122,35,1.02,76.18,34.46,391.68,0.37952,-1,-1,-1
123,1,303.03,0.83,282.13,478.28,0.89610,-1,-1,-1
123,2,1.19,1.22,242.38,478.66,0.87213,-1,-1,-1
123,21,202.39,21.59,84.46,414.97,0.83392,-1,-1,-1
123,5,498.87,193.79,30.62,78.08,0.68059,-1,-1,-1
123,35,0.80,76.01,37.43,400.20,0.55394,-1,-1,-1
124,1,304.00,0.47,280.16,478.71,0.90424,-1,-1,-1
124,2,1.25,1.13,245.44,478.12,0.86459,-1,-1,-1
124,21,203.18,22.34,82.86,410.10,0.83988,-1,-1,-1
124,5,499.31,194.01,30.33,77.90,0.65338,-1,-1,-1
124,35,0.80,75.90,38.51,402.43,0.54928,-1,-1,-1
124,39,295.58,177.88,30.70,80.92,0.31707,-1,-1,-1
125,1,304.58,0.51,278.48,478.87,0.90246,-1,-1,-1
125,2,0.66,1.00,248.47,478.11,0.85330,-1,-1,-1
125,21,203.25,22.66,81.92,407.11,0.81896,-1,-1,-1
125,5,500.17,193.63,29.48,77.81,0.64097,-1,-1,-1
125,35,0.35,76.45,41.29,403.55,0.59671,-1,-1,-1
125,45,561.16,201.90,16.19,37.98,0.48100,-1,-1,-1
125,39,296.75,178.35,28.69,79.64,0.35664,-1,-1,-1
125,11,286.50,182.99,24.64,75.32,0.30047,-1,-1,-1
126,1,305.05,0.50,276.72,479.11,0.89980,-1,-1,-1
126,2,0.02,0.86,251.32,469.34,0.78951,-1,-1,-1
126,21,203.73,22.64,80.67,406.41,0.78947,-1,-1,-1
126,5,500.61,193.85,28.60,77.89,0.62770,-1,-1,-1
126,35,0.16,76.55,42.71,403.45,0.45201,-1,-1,-1
126,45,561.19,202.32,16.25,37.45,0.49628,-1,-1,-1
126,11,286.74,181.04,25.62,77.36,0.34641,-1,-1,-1
127,1,306.19,0.39,276.40,479.26,0.89685,-1,-1,-1
127,2,0.58,1.01,250.92,473.06,0.84274,-1,-1,-1
127,21,205.16,22.76,79.12,406.14,0.80879,-1,-1,-1
127,5,501.97,193.22,27.59,77.81,0.58928,-1,-1,-1
127,35,0.22,77.46,45.02,402.54,0.41185,-1,-1,-1
127,45,562.34,202.96,15.35,37.04,0.52133,-1,-1,-1
127,43,533.58,202.32,14.49,39.33,0.31503,-1,-1,-1
128,1,306.01,0.43,276.89,479.24,0.90361,-1,-1,-1
128,2,0.14,0.80,253.72,473.32,0.83264,-1,-1,-1
128,21,205.12,22.69,79.31,406.72,0.73680,-1,-1,-1
128,5,502.60,193.73,26.87,77.07,0.60285,-1,-1,-1
128,35,0.00,77.44,46.85,402.56,0.58731,-1,-1,-1
128,45,562.23,203.38,15.79,37.41,0.47901,-1,-1,-1
128,43,533.89,202.66,14.29,39.99,0.32056,-1,-1,-1
128,39,294.81,178.25,30.64,79.75,0.32281,-1,-1,-1
129,1,306.62,0.26,275.79,479.01,0.89650,-1,-1,-1
129,2,0.06,0.89,254.31,473.78,0.85524,-1,-1,-1
129,21,204.95,22.90,79.35,407.33,0.74205,-1,-1,-1
129,5,502.81,193.88,26.64,77.12,0.58984,-1,-1,-1
129,35,0.00,79.21,47.70,400.79,0.63406,-1,-1,-1
129,45,561.54,203.92,16.23,37.12,0.44099,-1,-1,-1
129,11,287.49,186.73,22.32,71.53,0.32470,-1,-1,-1
130,1,306.32,0.18,276.43,479.25,0.90902,-1,-1,-1
130,2,1.10,0.81,251.15,473.27,0.83249,-1,-1,-1
130,21,204.95,23.57,79.24,407.33,0.76638,-1,-1,-1
130,5,503.75,193.66,26.56,77.08,0.60249,-1,-1,-1
130,35,0.00,80.06,48.75,399.94,0.69469,-1,-1,-1
130,45,561.45,203.36,16.33,37.80,0.45861,-1,-1,-1
130,11,288.64,189.15,20.86,69.00,0.34411,-1,-1,-1
131,1,305.99,0.26,276.06,479.27,0.89961,-1,-1,-1
131,2,8.17,0.81,242.12,471.51,0.80928,-1,-1,-1
131,21,204.19,23.25,80.00,405.71,0.79754,-1,-1,-1
131,5,502.52,193.58,27.56,77.58,0.65160,-1,-1,-1
131,35,0.00,80.20,48.94,291.04,0.37484,-1,-1,-1
131,45,560.34,203.52,17.13,37.14,0.45650,-1,-1,-1
131,11,288.53,190.92,20.55,67.25,0.34394,-1,-1,-1
131,43,530.79,199.40,16.97,45.33,0.30203,-1,-1,-1
132,1,306.40,0.03,274.38,479.63,0.89609,-1,-1,-1
132,2,10.05,0.61,238.28,471.82,0.78820,-1,-1,-1
132,21,202.48,22.92,81.39,406.07,0.82549,-1,-1,-1
132,5,502.41,192.96,27.60,77.82,0.64161,-1,-1,-1
132,39,295.50,177.81,27.48,81.06,0.50311,-1,-1,-1
133,1,306.07,0.00,273.63,477.73,0.89856,-1,-1,-1
133,2,9.10,0.45,237.31,474.37,0.83592,-1,-1,-1
133,21,201.24,22.65,82.40,406.81,0.83219,-1,-1,-1
133,5,502.03,192.91,28.01,78.39,0.59381,-1,-1,-1
133,50,280.35,187.78,21.96,68.27,0.38299,-1,-1,-1
133,39,294.70,177.89,29.06,80.98,0.54384,-1,-1,-1
133,35,0.00,81.08,41.18,233.36,0.33175,-1,-1,-1
134,1,305.40,0.04,271.71,477.21,0.90337,-1,-1,-1
134,2,9.45,0.50,235.17,476.87,0.85511,-1,-1,-1
134,21,201.05,22.65,81.60,410.23,0.83722,-1,-1,-1
134,5,501.28,192.76,28.79,79.17,0.62931,-1,-1,-1
134,50,280.06,188.02,20.88,66.73,0.31530,-1,-1,-1
134,39,294.77,178.28,29.56,80.55,0.58701,-1,-1,-1
134,45,558.15,200.82,19.16,39.94,0.44120,-1,-1,-1
135,1,305.98,0.00,270.32,479.29,0.88908,-1,-1,-1
135,2,7.93,0.55,234.67,478.07,0.87858,-1,-1,-1
135,21,201.61,22.62,81.10,412.10,0.83600,-1,-1,-1
135,5,500.89,192.88,28.38,79.04,0.62608,-1,-1,-1
135,39,294.81,177.74,29.80,81.42,0.53230,-1,-1,-1
135,51,537.12,192.46,19.21,55.46,0.50890,-1,-1,-1
135,52,0.02,80.18,44.10,396.52,0.40226,-1,-1,-1
135,35,0.00,78.22,37.22,224.71,0.30902,-1,-1,-1
136,1,305.61,0.00,269.82,479.97,0.88917,-1,-1,-1
136,2,6.14,0.68,232.30,478.08,0.85809,-1,-1,-1
136,21,200.17,23.31,82.54,411.24,0.82890,-1,-1,-1
136,5,500.44,192.61,28.70,79.46,0.63684,-1,-1,-1
136,39,296.24,178.20,27.97,80.97,0.41783,-1,-1,-1
136,51,535.37,191.13,20.65,57.69,0.36922,-1,-1,-1
136,52,0.00,78.40,43.64,394.09,0.40778,-1,-1,-1
137,1,305.56,0.00,269.66,480.00,0.89203,-1,-1,-1
137,2,6.10,0.66,227.43,478.55,0.85648,-1,-1,-1
137,21,196.33,22.96,86.92,410.21,0.82765,-1,-1,-1
137,5,500.56,192.97,28.69,79.01,0.60057,-1,-1,-1
137,39,297.19,178.08,27.14,80.87,0.50538,-1,-1,-1
137,51,534.31,190.91,21.90,58.19,0.49959,-1,-1,-1
137,52,0.00,79.32,41.52,390.17,0.41243,-1,-1,-1
138,1,304.31,0.00,271.27,480.00,0.90592,-1,-1,-1
138,2,5.15,0.35,223.60,479.65,0.87100,-1,-1,-1
138,21,192.72,23.12,90.52,411.91,0.84089,-1,-1,-1
138,5,501.28,192.89,28.22,79.01,0.57421,-1,-1,-1
138,39,293.96,178.33,31.65,81.00,0.60053,-1,-1,-1
138,51,533.15,190.14,23.83,58.42,0.47150,-1,-1,-1
139,1,304.67,0.00,272.15,480.00,0.91053,-1,-1,-1
139,2,4.12,0.27,222.58,479.73,0.87124,-1,-1,-1
139,21,190.84,22.58,92.75,410.98,0.84693,-1,-1,-1
139,5,501.78,193.35,27.87,78.33,0.55186,-1,-1,-1
139,39,292.35,178.19,33.93,81.18,0.62483,-1,-1,-1
139,45,556.47,201.53,17.58,40.30,0.39974,-1,-1,-1
140,1,304.97,0.26,273.61,479.65,0.91034,-1,-1,-1
140,2,2.59,0.44,220.70,479.56,0.87957,-1,-1,-1
140,21,189.30,22.32,94.68,410.81,0.85254,-1,-1,-1
140,5,502.34,192.88,27.96,78.51,0.54406,-1,-1,-1
140,39,292.43,177.40,32.92,81.92,0.60053,-1,-1,-1
140,45,556.30,202.86,16.77,38.95,0.32793,-1,-1,-1
141,1,304.08,0.02,275.83,476.36,0.89965,-1,-1,-1
141,2,1.61,0.67,218.40,479.08,0.88718,-1,-1,-1
141,21,187.44,21.35,96.75,412.00,0.85619,-1,-1,-1
141,5,502.05,192.80,27.62,78.36,0.58576,-1,-1,-1
141,39,292.50,178.07,32.52,80.79,0.47741,-1,-1,-1
141,45,554.99,203.62,15.98,38.26,0.32715,-1,-1,-1
142,1,303.87,0.23,277.10,478.17,0.90932,-1,-1,-1
142,2,1.20,0.95,216.28,479.05,0.88353,-1,-1,-1
142,21,186.89,20.88,97.44,413.18,0.85847,-1,-1,-1
142,5,502.36,192.37,27.28,78.80,0.56602,-1,-1,-1
142,39,293.63,178.20,29.55,80.35,0.45278,-1,-1,-1
142,45,555.38,203.43,17.30,38.82,0.39106,-1,-1,-1
143,1,304.64,0.00,278.29,479.32,0.90579,-1,-1,-1
143,2,0.27,1.01,216.03,478.99,0.88604,-1,-1,-1
143,21,185.19,20.37,99.43,414.08,0.86179,-1,-1,-1
143,5,503.55,191.97,25.41,78.53,0.59727,-1,-1,-1
143,39,292.06,178.17,31.89,81.09,0.54302,-1,-1,-1
143,45,555.23,205.75,15.14,36.60,0.32812,-1,-1,-1
144,1,304.75,0.00,280.96,479.79,0.91400,-1,-1,-1
144,2,0.00,0.91,215.96,478.88,0.89269,-1,-1,-1
144,21,184.49,20.32,100.05,413.77,0.85562,-1,-1,-1
144,5,504.15,191.43,24.12,78.73,0.53473,-1,-1,-1
144,39,292.57,178.12,30.62,80.49,0.55655,-1,-1,-1
144,45,554.23,203.84,16.31,38.47,0.43627,-1,-1,-1
145,1,306.24,0.00,285.25,480.00,0.90051,-1,-1,-1
145,2,0.00,0.69,215.09,478.84,0.90109,-1,-1,-1
145,21,182.69,19.87,102.17,413.67,0.85429,-1,-1,-1
145,5,505.54,191.72,23.17,78.19,0.55322,-1,-1,-1
145,39,293.47,178.17,29.53,80.12,0.58177,-1,-1,-1
145,45,555.11,202.32,19.32,52.19,0.44826,-1,-1,-1
146,1,307.87,0.00,285.85,479.88,0.86014,-1,-1,-1
146,2,0.00,0.98,214.98,478.01,0.89630,-1,-1,-1
146,21,182.38,20.05,102.60,412.87,0.85127,-1,-1,-1
146,39,295.20,178.10,27.42,80.24,0.60365,-1,-1,-1
147,1,318.69,0.00,283.54,477.79,0.84011,-1,-1,-1
147,2,0.39,1.34,215.35,476.85,0.89102,-1,-1,-1
147,21,182.99,20.32,101.83,412.44,0.85388,-1,-1,-1
147,39,296.40,177.46,25.03,82.07,0.37211,-1,-1,-1
148,1,317.22,0.35,290.14,476.02,0.87298,-1,-1,-1
148,2,1.47,1.68,216.14,476.81,0.86465,-1,-1,-1
148,21,185.24,20.79,99.60,411.65,0.85827,-1,-1,-1
148,39,298.50,178.04,24.01,82.74,0.39867,-1,-1,-1
149,1,316.76,0.49,293.94,475.86,0.88485,-1,-1,-1
149,2,2.60,1.31,219.29,477.60,0.85830,-1,-1,-1
149,21,188.18,21.17,96.44,410.42,0.85639,-1,-1,-1
149,39,300.35,178.45,22.37,83.83,0.45067,-1,-1,-1
149,11,289.30,200.73,19.20,59.11,0.44083,-1,-1,-1
150,1,316.35,0.41,297.17,477.63,0.87749,-1,-1,-1
150,2,2.90,1.26,221.64,477.96,0.86655,-1,-1,-1
150,21,189.95,21.73,94.61,411.70,0.85274,-1,-1,-1
151,1,316.99,0.31,295.94,478.55,0.84361,-1,-1,-1
151,2,4.03,0.98,223.14,478.23,0.85614,-1,-1,-1
151,21,192.46,22.03,91.63,413.19,0.85923,-1,-1,-1
152,1,316.97,0.19,291.34,478.78,0.78349,-1,-1,-1
152,2,7.17,0.62,222.73,478.99,0.85848,-1,-1,-1
152,21,193.52,21.98,90.07,413.11,0.86655,-1,-1,-1
153,1,313.17,0.15,291.30,477.10,0.81830,-1,-1,-1
153,2,8.64,0.59,224.11,476.72,0.83982,-1,-1,-1
153,21,193.70,21.76,89.58,412.24,0.86355,-1,-1,-1
153,52,0.28,79.53,45.38,386.01,0.31102,-1,-1,-1
154,1,308.57,0.47,289.47,478.63,0.87671,-1,-1,-1
154,2,6.99,0.44,226.72,475.65,0.82833,-1,-1,-1
154,21,193.20,21.54,90.02,413.43,0.85238,-1,-1,-1
154,52,0.33,79.31,45.16,385.91,0.35466,-1,-1,-1
154,5,503.05,188.73,25.89,79.41,0.67213,-1,-1,-1
154,45,553.88,206.47,15.44,36.94,0.42568,-1,-1,-1
155,1,306.19,0.53,286.23,479.44,0.89162,-1,-1,-1
155,2,7.75,0.46,226.29,476.51,0.82699,-1,-1,-1
155,21,192.81,21.84,89.91,414.32,0.84413,-1,-1,-1
155,52,0.21,78.76,44.00,386.91,0.33409,-1,-1,-1
155,5,501.22,191.55,27.10,77.48,0.63221,-1,-1,-1
155,45,553.74,205.45,16.05,37.18,0.38452,-1,-1,-1
156,1,305.03,0.14,282.20,479.86,0.90239,-1,-1,-1
156,2,6.67,0.43,227.69,477.83,0.86377,-1,-1,-1
156,21,192.16,21.70,89.80,414.34,0.86598,-1,-1,-1
156,5,499.54,194.01,27.93,75.67,0.56581,-1,-1,-1
156,45,552.72,207.68,15.58,34.96,0.31143,-1,-1,-1
156,54,0.00,80.07,35.81,130.14,0.34601,-1,-1,-1
157,1,303.26,0.00,267.99,480.00,0.91510,-1,-1,-1
157,2,6.88,0.18,226.98,476.45,0.83663,-1,-1,-1
157,21,191.45,21.03,89.27,415.71,0.86523,-1,-1,-1
157,5,498.27,194.48,29.09,76.44,0.58363,-1,-1,-1
157,45,554.13,209.76,14.53,33.03,0.31823,-1,-1,-1
157,54,0.00,80.13,35.07,167.89,0.32683,-1,-1,-1
158,1,303.89,0.00,242.58,480.00,0.91717,-1,-1,-1
158,2,6.14,0.00,225.97,477.79,0.84004,-1,-1,-1
158,21,191.01,19.79,89.32,418.35,0.85873,-1,-1,-1
158,5,497.80,195.63,29.76,75.68,0.51872,-1,-1,-1
158,45,552.92,209.54,16.09,33.60,0.42695,-1,-1,-1
158,54,0.00,79.49,33.39,138.75,0.36969,-1,-1,-1
158,55,589.96,0.72,49.83,255.15,0.49668,-1,-1,-1
159,1,301.00,0.00,224.31,480.00,0.90947,-1,-1,-1
159,2,4.46,0.02,226.93,478.52,0.84623,-1,-1,-1
159,21,190.64,19.03,90.99,418.62,0.84668,-1,-1,-1
159,5,497.05,188.16,30.98,84.07,0.70167,-1,-1,-1
159,45,550.59,206.84,17.08,37.22,0.33250,-1,-1,-1
159,55,588.09,0.25,51.70,252.49,0.35060,-1,-1,-1
159,56,527.02,195.17,20.57,56.38,0.49405,-1,-1,-1
159,52,0.00,76.36,39.61,393.67,0.45579,-1,-1,-1
160,1,301.66,0.39,205.43,476.95,0.91832,-1,-1,-1
160,2,1.13,0.58,228.06,478.81,0.86441,-1,-1,-1
160,21,189.95,18.87,90.99,419.86,0.84948,-1,-1,-1
160,5,496.34,186.22,31.96,86.39,0.72043,-1,-1,-1
160,52,0.00,76.31,39.46,394.18,0.43559,-1,-1,-1
160,11,282.53,183.48,22.88,74.93,0.30381,-1,-1,-1
161,1,296.40,0.00,203.70,479.36,0.91058,-1,-1,-1
161,2,0.00,0.19,228.16,479.81,0.86188,-1,-1,-1
161,21,188.74,17.90,91.40,421.14,0.84807,-1,-1,-1
161,5,495.70,185.88,32.38,86.62,0.69476,-1,-1,-1
161,52,0.00,75.69,36.53,393.76,0.44333,-1,-1,-1
161,55,585.74,0.49,53.95,250.10,0.38925,-1,-1,-1
162,1,291.65,0.00,208.22,476.75,0.90572,-1,-1,-1
162,2,0.00,0.00,229.36,479.67,0.83403,-1,-1,-1
162,21,188.25,15.79,94.01,422.54,0.85295,-1,-1,-1
162,5,496.99,184.30,32.57,88.08,0.71595,-1,-1,-1
162,52,0.00,73.38,35.64,391.70,0.35113,-1,-1,-1
162,55,588.40,0.13,51.60,248.95,0.32823,-1,-1,-1
162,56,524.99,193.34,19.64,58.97,0.47621,-1,-1,-1
163,1,288.67,0.04,210.60,476.29,0.90636,-1,-1,-1
163,2,0.00,0.20,228.37,477.01,0.82977,-1,-1,-1
163,21,187.42,15.29,94.16,425.93,0.85003,-1,-1,-1
163,5,496.87,183.74,33.59,88.70,0.71899,-1,-1,-1
163,52,0.00,71.46,35.07,379.90,0.33072,-1,-1,-1
163,55,589.29,0.38,50.71,248.56,0.38660,-1,-1,-1
164,1,288.35,0.22,210.08,475.32,0.90394,-1,-1,-1
164,2,0.00,0.26,225.54,476.04,0.80446,-1,-1,-1
164,21,186.31,13.79,94.20,428.26,0.83669,-1,-1,-1
164,5,495.87,182.66,33.22,89.81,0.72248,-1,-1,-1
164,52,0.00,71.55,32.96,369.30,0.35449,-1,-1,-1
165,1,292.38,0.00,206.70,478.80,0.91961,-1,-1,-1
165,2,0.00,0.24,224.02,476.11,0.81923,-1,-1,-1
165,21,186.65,13.38,93.74,429.03,0.84561,-1,-1,-1
165,5,496.25,182.92,33.44,89.85,0.71476,-1,-1,-1
165,52,0.00,76.00,30.06,353.54,0.32989,-1,-1,-1
166,1,294.74,0.00,205.39,479.48,0.92160,-1,-1,-1
166,2,0.00,0.00,223.23,476.51,0.81634,-1,-1,-1
166,21,185.96,12.03,94.62,430.76,0.84124,-1,-1,-1
166,5,496.57,182.37,33.36,89.95,0.71937,-1,-1,-1
167,1,294.34,0.00,205.52,480.00,0.91666,-1,-1,-1
167,2,0.00,0.37,221.37,474.21,0.79549,-1,-1,-1
167,21,184.64,11.03,94.74,432.38,0.81829,-1,-1,-1
167,5,496.00,183.21,33.89,89.40,0.72149,-1,-1,-1
167,45,547.52,203.07,17.27,42.39,0.35095,-1,-1,-1
168,1,293.66,0.00,205.91,480.00,0.91296,-1,-1,-1
168,2,0.00,0.42,220.76,474.24,0.81919,-1,-1,-1
168,21,183.73,10.54,94.94,432.64,0.84364,-1,-1,-1
168,5,495.84,182.74,34.20,89.61,0.72305,-1,-1,-1
168,45,547.31,201.41,19.65,44.32,0.39734,-1,-1,-1
169,1,288.50,0.91,211.53,475.86,0.90264,-1,-1,-1
169,2,0.00,0.62,220.77,474.06,0.75438,-1,-1,-1
169,21,183.31,10.53,95.88,433.58,0.84329,-1,-1,-1
169,5,496.39,183.47,33.81,89.40,0.73261,-1,-1,-1
169,45,547.96,202.30,20.06,43.04,0.32579,-1,-1,-1
170,1,282.91,0.82,216.88,474.47,0.89909,-1,-1,-1
170,2,0.00,0.29,220.03,472.46,0.76000,-1,-1,-1
170,21,182.82,9.90,96.26,435.45,0.84381,-1,-1,-1
170,5,496.32,182.81,33.82,89.93,0.71397,-1,-1,-1
171,1,280.29,0.86,219.25,474.36,0.90225,-1,-1,-1
171,2,0.02,0.21,219.30,473.14,0.79417,-1,-1,-1
171,21,182.33,9.78,96.75,437.02,0.84620,-1,-1,-1
172,1,280.80,0.88,219.01,474.79,0.89714,-1,-1,-1
172,2,0.20,0.34,219.00,474.62,0.84461,-1,-1,-1
172,21,182.46,9.78,96.87,437.71,0.84675,-1,-1,-1
173,1,282.41,0.96,216.93,475.91,0.89911,-1,-1,-1
173,2,0.56,0.33,218.57,476.01,0.81517,-1,-1,-1
173,21,182.08,9.97,97.54,437.24,0.84848,-1,-1,-1
174,1,282.44,1.00,216.32,476.37,0.90300,-1,-1,-1
174,2,0.23,0.35,218.58,475.85,0.82733,-1,-1,-1
174,21,181.29,10.09,98.09,437.07,0.84885,-1,-1,-1
175,1,281.08,1.15,217.37,476.75,0.85189,-1,-1,-1
175,2,0.25,0.42,218.36,476.37,0.85910,-1,-1,-1
175,21,180.25,10.76,99.60,440.84,0.84921,-1,-1,-1
176,1,282.78,0.50,215.96,478.13,0.89843,-1,-1,-1
176,2,0.42,0.30,218.63,476.51,0.82715,-1,-1,-1
176,21,180.68,11.18,99.86,439.94,0.84015,-1,-1,-1
177,1,282.72,0.54,215.97,476.25,0.89255,-1,-1,-1
177,2,0.28,0.10,218.58,475.14,0.79388,-1,-1,-1
177,21,180.92,11.43,98.84,439.45,0.85520,-1,-1,-1
178,1,282.17,0.03,217.91,477.47,0.90433,-1,-1,-1
178,2,0.31,0.00,218.11,476.51,0.82800,-1,-1,-1
178,21,180.41,11.02,99.47,437.80,0.86047,-1,-1,-1
178,45,547.42,202.78,18.93,42.95,0.55273,-1,-1,-1
178,5,495.93,183.32,34.62,89.49,0.71710,-1,-1,-1
179,1,271.97,0.45,228.16,477.02,0.86008,-1,-1,-1
179,2,0.37,0.06,217.89,475.95,0.83624,-1,-1,-1
179,21,180.81,11.18,98.76,439.43,0.86581,-1,-1,-1
179,45,548.31,204.00,18.20,41.53,0.40644,-1,-1,-1
179,5,496.26,183.29,34.04,89.57,0.73149,-1,-1,-1
180,1,279.20,0.18,221.39,478.34,0.90315,-1,-1,-1
180,2,0.47,0.12,217.96,476.88,0.84160,-1,-1,-1
180,21,180.74,11.29,98.82,438.40,0.85606,-1,-1,-1
180,45,549.42,205.57,17.41,40.40,0.34714,-1,-1,-1
180,5,496.43,183.25,33.50,89.48,0.70439,-1,-1,-1
181,1,280.88,0.18,220.39,479.20,0.90667,-1,-1,-1
181,2,0.46,0.19,217.95,476.61,0.82049,-1,-1,-1
181,21,181.81,11.68,97.58,437.62,0.86082,-1,-1,-1
181,45,549.77,206.36,17.25,40.08,0.37511,-1,-1,-1
181,5,496.62,183.45,33.02,89.34,0.70262,-1,-1,-1
182,1,282.07,0.52,220.75,476.49,0.90319,-1,-1,-1
182,2,0.37,0.32,217.79,474.91,0.83124,-1,-1,-1
182,21,181.61,11.38,97.40,436.12,0.84358,-1,-1,-1
182,5,496.72,183.61,32.70,88.77,0.71121,-1,-1,-1
183,1,282.77,0.55,221.08,476.01,0.90348,-1,-1,-1
183,2,0.28,0.42,218.39,475.57,0.84503,-1,-1,-1
183,21,181.98,11.57,96.74,435.98,0.85146,-1,-1,-1
183,5,497.06,184.23,31.63,88.06,0.71923,-1,-1,-1
183,45,549.09,205.94,16.24,40.41,0.35130,-1,-1,-1
184,1,284.54,0.80,220.96,475.35,0.90519,-1,-1,-1
184,2,0.39,0.57,218.44,474.94,0.82187,-1,-1,-1
184,21,181.58,11.63,97.14,435.43,0.84833,-1,-1,-1
184,5,497.83,184.15,30.30,88.32,0.70458,-1,-1,-1
184,59,524.00,187.68,25.21,69.43,0.59139,-1,-1,-1
185,1,287.41,0.86,219.75,474.78,0.89701,-1,-1,-1
185,2,0.29,0.54,218.50,475.12,0.83111,-1,-1,-1
185,21,181.06,11.65,97.49,435.19,0.84899,-1,-1,-1
185,5,498.43,184.35,29.56,87.77,0.70222,-1,-1,-1
185,59,523.21,188.72,25.51,67.51,0.42727,-1,-1,-1
185,45,547.35,203.36,17.96,43.51,0.33052,-1,-1,-1
186,1,292.53,1.12,216.31,474.36,0.91362,-1,-1,-1
186,2,0.21,0.53,218.67,475.95,0.85918,-1,-1,-1
186,21,181.24,11.58,97.39,435.58,0.85254,-1,-1,-1
186,5,498.75,185.16,28.87,86.51,0.69890,-1,-1,-1
186,59,522.83,188.08,23.35,68.35,0.51942,-1,-1,-1
186,45,548.06,204.41,18.13,42.73,0.31718,-1,-1,-1
187,1,294.29,1.19,215.53,474.49,0.90971,-1,-1,-1
187,2,0.13,0.45,218.63,475.84,0.87076,-1,-1,-1
187,21,181.94,11.58,96.47,435.66,0.84917,-1,-1,-1
187,5,499.21,185.62,28.12,85.67,0.67096,-1,-1,-1
187,59,522.77,191.04,21.29,65.67,0.53423,-1,-1,-1
188,1,295.76,1.08,214.40,474.21,0.91241,-1,-1,-1
188,2,0.11,0.40,218.58,475.88,0.85903,-1,-1,-1
188,21,181.40,11.42,96.97,435.58,0.85148,-1,-1,-1
188,5,499.67,185.41,27.97,86.11,0.68111,-1,-1,-1
188,59,522.60,192.06,19.66,66.83,0.41577,-1,-1,-1
188,45,549.06,206.18,16.81,41.06,0.32408,-1,-1,-1
189,1,296.72,0.94,213.40,473.92,0.91322,-1,-1,-1
189,2,0.14,0.25,218.56,475.63,0.83816,-1,-1,-1
189,21,181.39,11.04,96.77,435.79,0.85363,-1,-1,-1
189,5,499.61,184.80,28.37,86.73,0.68223,-1,-1,-1
189,59,523.51,190.29,19.99,69.08,0.53099,-1,-1,-1
189,60,293.65,178.01,23.40,76.30,0.32945,-1,-1,-1
190,1,296.90,0.86,213.19,474.37,0.91284,-1,-1,-1
190,2,0.10,0.26,218.48,475.46,0.84961,-1,-1,-1
190,21,181.62,11.02,96.42,435.04,0.84238,-1,-1,-1
190,5,499.31,185.35,28.71,86.08,0.67144,-1,-1,-1
190,59,523.42,189.45,19.92,70.40,0.50145,-1,-1,-1
190,60,293.70,178.17,23.25,77.97,0.46193,-1,-1,-1
191,1,297.00,0.96,212.77,474.47,0.91458,-1,-1,-1
191,2,0.06,0.38,218.37,475.62,0.85514,-1,-1,-1
191,21,181.52,10.94,96.50,435.55,0.84687,-1,-1,-1
191,5,499.02,185.01,29.15,86.93,0.68676,-1,-1,-1
191,59,524.46,189.54,20.63,70.06,0.43458,-1,-1,-1
191,60,294.44,178.08,22.99,78.36,0.50365,-1,-1,-1
192,1,296.24,0.96,213.46,474.40,0.91026,-1,-1,-1
192,2,0.01,0.34,218.29,475.60,0.84723,-1,-1,-1
192,21,181.01,11.01,97.12,435.68,0.85238,-1,-1,-1
192,5,498.90,184.67,29.30,86.97,0.67182,-1,-1,-1
192,60,294.40,178.28,23.01,77.91,0.48190,-1,-1,-1
193,1,295.18,0.82,214.45,474.53,0.90851,-1,-1,-1
193,2,0.00,0.33,217.93,474.79,0.83327,-1,-1,-1
193,21,181.22,11.10,96.86,436.17,0.85109,-1,-1,-1
193,5,498.95,184.80,29.11,87.30,0.69235,-1,-1,-1
193,60,293.50,177.57,23.65,77.89,0.35752,-1,-1,-1
193,59,524.89,189.21,23.93,71.69,0.34505,-1,-1,-1
194,1,291.89,0.54,217.46,475.36,0.89706,-1,-1,-1
194,2,0.01,0.27,217.44,475.54,0.83466,-1,-1,-1
194,21,180.48,10.96,97.41,436.66,0.85524,-1,-1,-1
194,5,499.12,184.68,28.99,87.57,0.69492,-1,-1,-1
194,59,523.66,188.94,26.07,72.69,0.31253,-1,-1,-1
195,1,287.34,0.39,221.57,475.99,0.88120,-1,-1,-1
195,2,0.00,0.34,217.02,475.73,0.84899,-1,-1,-1
195,21,179.93,10.87,97.39,436.92,0.85570,-1,-1,-1
195,5,498.77,184.33,28.64,88.21,0.67640,-1,-1,-1
196,1,283.96,0.44,224.98,476.23,0.89009,-1,-1,-1
196,2,0.04,0.41,216.89,474.72,0.79717,-1,-1,-1
196,21,179.12,10.91,98.41,436.99,0.85541,-1,-1,-1
196,5,499.35,183.86,28.73,88.85,0.66430,-1,-1,-1
196,59,525.64,189.82,28.22,72.25,0.33687,-1,-1,-1
197,1,281.88,0.46,227.88,476.64,0.89783,-1,-1,-1
197,2,0.14,0.48,217.15,474.48,0.84431,-1,-1,-1
197,21,178.38,10.53,99.14,437.53,0.85183,-1,-1,-1
197,5,499.26,184.29,29.08,88.20,0.64473,-1,-1,-1
197,59,526.47,189.79,27.38,72.96,0.39758,-1,-1,-1
198,1,280.77,0.64,228.54,476.30,0.91136,-1,-1,-1
198,2,0.00,0.57,216.56,474.69,0.86358,-1,-1,-1
198,21,177.27,10.48,99.10,438.35,0.85904,-1,-1,-1
198,5,499.05,184.65,29.76,87.88,0.69154,-1,-1,-1
198,59,527.17,188.83,33.47,74.39,0.35303,-1,-1,-1
199,1,279.23,0.56,229.78,476.71,0.90946,-1,-1,-1
199,2,0.00,1.15,216.38,473.97,0.80720,-1,-1,-1
199,21,175.89,10.98,98.88,438.18,0.85026,-1,-1,-1
199,5,498.26,184.64,30.44,86.94,0.68709,-1,-1,-1
199,59,525.58,187.30,29.97,75.88,0.41412,-1,-1,-1
200,1,277.25,0.62,231.49,476.26,0.90502,-1,-1,-1
200,2,0.00,3.89,216.14,470.82,0.78586,-1,-1,-1
200,21,174.64,11.60,97.43,438.08,0.84856,-1,-1,-1
200,5,498.13,185.04,30.70,87.19,0.71909,-1,-1,-1
200,59,528.08,186.25,34.06,75.02,0.40803,-1,-1,-1
201,1,274.62,0.20,233.28,478.87,0.90748,-1,-1,-1
201,2,0.00,3.51,216.12,470.94,0.77460,-1,-1,-1
201,21,170.81,12.48,98.59,438.66,0.83430,-1,-1,-1
201,5,497.59,185.20,30.37,87.37,0.70070,-1,-1,-1
202,1,273.04,0.00,233.91,479.95,0.90871,-1,-1,-1
202,2,0.00,6.01,216.19,469.61,0.72613,-1,-1,-1
202,21,165.60,14.35,100.03,436.97,0.81036,-1,-1,-1
202,5,497.12,185.32,30.07,87.31,0.68836,-1,-1,-1
202,59,525.65,188.47,28.82,75.63,0.34684,-1,-1,-1
203,1,272.67,0.09,233.55,479.16,0.89592,-1,-1,-1
203,2,0.00,11.83,215.64,464.32,0.64346,-1,-1,-1
203,21,158.33,16.26,104.40,433.88,0.77626,-1,-1,-1
203,5,496.80,185.07,29.87,87.88,0.70344,-1,-1,-1
203,59,524.56,188.32,28.09,76.60,0.51985,-1,-1,-1
204,1,272.25,0.81,233.06,476.11,0.89021,-1,-1,-1
204,2,0.00,5.51,214.54,467.84,0.69556,-1,-1,-1
204,21,155.68,18.43,103.01,424.45,0.80949,-1,-1,-1
204,5,495.30,186.19,29.67,87.30,0.76133,-1,-1,-1
204,59,520.99,189.39,30.29,76.79,0.56838,-1,-1,-1
205,1,271.92,0.84,234.45,474.55,0.88179,-1,-1,-1
205,2,0.11,2.52,214.36,469.23,0.66954,-1,-1,-1
205,21,154.05,20.22,99.68,416.23,0.81043,-1,-1,-1
205,5,496.00,186.35,28.98,86.42,0.73980,-1,-1,-1
205,59,521.71,188.30,30.22,78.08,0.58632,-1,-1,-1
206,1,269.82,0.73,236.67,474.02,0.88969,-1,-1,-1
206,2,0.00,2.17,213.00,470.43,0.62184,-1,-1,-1
206,21,152.76,22.57,97.04,409.04,0.78053,-1,-1,-1
206,5,495.36,186.34,29.26,85.72,0.70557,-1,-1,-1
206,59,522.95,187.14,29.83,78.28,0.47242,-1,-1,-1
206,64,548.35,204.93,13.82,45.27,0.31257,-1,-1,-1
207,1,270.50,0.96,235.73,473.80,0.88382,-1,-1,-1
207,2,0.00,2.30,211.94,469.63,0.56644,-1,-1,-1
207,21,154.24,24.70,93.82,399.28,0.71556,-1,-1,-1
207,5,495.00,186.08,28.85,85.98,0.73997,-1,-1,-1
207,59,520.44,185.97,30.87,79.53,0.51836,-1,-1,-1
207,64,547.93,202.71,13.98,47.73,0.31304,-1,-1,-1
208,1,265.22,0.67,241.37,474.56,0.88683,-1,-1,-1
208,2,0.00,0.96,211.09,472.54,0.77464,-1,-1,-1
208,21,161.83,28.77,87.85,381.28,0.79227,-1,-1,-1
208,5,493.86,186.40,29.52,86.72,0.70357,-1,-1,-1
208,59,519.60,186.55,33.55,78.79,0.44167,-1,-1,-1
209,1,262.33,0.91,244.77,474.83,0.89136,-1,-1,-1
209,2,0.29,0.59,209.56,473.58,0.76878,-1,-1,-1
209,21,167.53,32.73,82.72,368.48,0.79318,-1,-1,-1
209,5,494.25,186.19,29.20,86.69,0.72945,-1,-1,-1
209,59,520.63,186.10,33.84,80.93,0.46103,-1,-1,-1
210,1,257.82,0.86,248.01,475.86,0.86236,-1,-1,-1
210,2,0.13,0.88,205.80,474.20,0.87298,-1,-1,-1
210,21,171.33,41.74,80.11,355.82,0.83815,-1,-1,-1
210,5,492.87,185.83,30.10,87.74,0.72803,-1,-1,-1
210,59,519.93,186.28,27.82,80.89,0.43528,-1,-1,-1
211,1,263.87,1.02,241.53,476.19,0.81127,-1,-1,-1
211,2,0.23,1.14,202.41,475.19,0.87966,-1,-1,-1
211,21,171.99,46.93,82.67,349.09,0.84731,-1,-1,-1
211,5,492.01,184.14,31.11,89.09,0.73979,-1,-1,-1
211,59,523.29,185.22,25.64,80.76,0.41256,-1,-1,-1
212,1,263.61,1.55,241.37,476.46,0.83564,-1,-1,-1
212,2,0.04,1.42,198.83,473.45,0.82581,-1,-1,-1
212,21,170.55,53.49,89.59,344.43,0.85931,-1,-1,-1
212,5,491.23,185.73,30.52,89.44,0.71983,-1,-1,-1
212,59,524.45,186.80,31.33,79.56,0.38805,-1,-1,-1
213,1,255.37,1.12,248.39,476.77,0.86970,-1,-1,-1
213,2,0.00,2.08,191.58,473.57,0.79682,-1,-1,-1
213,21,168.44,54.56,98.98,342.70,0.86141,-1,-1,-1
213,5,490.19,184.68,29.80,89.47,0.66597,-1,-1,-1
213,59,522.12,185.84,27.15,80.02,0.44595,-1,-1,-1
214,1,254.45,1.27,246.63,476.25,0.87868,-1,-1,-1
214,2,0.68,1.48,185.27,475.56,0.80929,-1,-1,-1
214,21,160.16,56.86,113.80,348.30,0.87085,-1,-1,-1
214,5,489.71,184.83,28.97,89.80,0.71423,-1,-1,-1
214,59,519.10,185.53,26.73,82.14,0.55708,-1,-1,-1
215,1,255.31,1.08,243.39,475.05,0.89781,-1,-1,-1
215,2,1.09,0.85,182.57,475.70,0.76300,-1,-1,-1
215,21,161.21,57.70,117.13,344.58,0.88174,-1,-1,-1
215,5,486.66,184.90,31.67,89.53,0.70668,-1,-1,-1
215,59,517.03,184.76,26.48,83.16,0.54802,-1,-1,-1
215,64,539.20,198.52,20.15,54.28,0.45332,-1,-1,-1
216,1,255.06,0.00,240.71,476.36,0.87690,-1,-1,-1
216,2,0.34,0.00,179.28,475.00,0.71665,-1,-1,-1
216,21,165.04,59.01,116.13,341.15,0.88608,-1,-1,-1
216,5,487.12,184.23,29.49,90.04,0.73309,-1,-1,-1
216,59,519.42,185.97,21.86,81.21,0.41035,-1,-1,-1
216,64,537.34,197.59,20.79,53.81,0.44025,-1,-1,-1
217,1,277.72,0.93,216.74,477.32,0.81832,-1,-1,-1
217,2,1.16,0.12,177.95,476.01,0.80160,-1,-1,-1
217,21,168.99,61.82,115.96,338.10,0.88410,-1,-1,-1
217,5,485.82,182.86,30.85,91.13,0.72958,-1,-1,-1
217,59,521.65,185.23,19.58,80.25,0.50415,-1,-1,-1
217,64,537.49,196.49,20.04,54.38,0.42755,-1,-1,-1
218,1,269.10,1.98,221.92,476.95,0.79919,-1,-1,-1
218,2,1.99,1.30,178.88,476.17,0.78996,-1,-1,-1
218,21,172.94,68.37,115.10,331.26,0.86884,-1,-1,-1
218,5,483.07,182.36,31.15,93.50,0.72135,-1,-1,-1
218,59,521.59,189.34,18.55,76.95,0.38704,-1,-1,-1
219,1,286.74,1.65,202.14,477.23,0.82764,-1,-1,-1
219,2,2.61,1.55,180.54,474.79,0.81518,-1,-1,-1
219,21,179.71,74.29,112.33,325.12,0.87030,-1,-1,-1
219,5,481.98,181.18,30.98,93.90,0.75348,-1,-1,-1
219,64,535.18,198.04,21.40,53.92,0.32294,-1,-1,-1
220,1,292.67,8.16,193.18,469.64,0.75069,-1,-1,-1
220,2,3.19,1.96,183.86,474.00,0.80985,-1,-1,-1
220,21,186.05,80.23,108.02,316.94,0.86138,-1,-1,-1
220,5,480.90,180.75,31.10,95.08,0.77025,-1,-1,-1
220,64,536.99,198.90,21.52,52.50,0.32069,-1,-1,-1
220,59,512.33,185.51,25.60,82.83,0.57816,-1,-1,-1
221,1,277.64,18.86,208.66,459.13,0.86843,-1,-1,-1
221,2,3.41,2.67,189.09,473.07,0.75872,-1,-1,-1
221,21,190.39,87.47,105.49,303.45,0.87126,-1,-1,-1
221,5,482.80,181.70,27.51,93.81,0.74142,-1,-1,-1
221,64,537.43,199.98,21.27,51.92,0.35919,-1,-1,-1
221,59,508.52,184.95,28.33,83.85,0.61558,-1,-1,-1
222,1,281.77,25.85,208.71,452.72,0.91299,-1,-1,-1
222,2,2.45,2.67,195.47,475.64,0.54650,-1,-1,-1
222,21,196.28,90.89,103.44,292.29,0.86878,-1,-1,-1
222,5,486.04,182.36,25.05,92.35,0.65082,-1,-1,-1
222,64,538.79,202.57,21.14,50.10,0.46687,-1,-1,-1
222,59,507.53,183.03,30.18,85.79,0.67426,-1,-1,-1
223,1,288.21,30.99,205.90,448.12,0.89065,-1,-1,-1
223,2,1.89,1.00,205.67,473.09,0.76886,-1,-1,-1
223,21,202.31,93.08,98.48,277.14,0.86225,-1,-1,-1
223,5,488.20,182.30,22.51,95.82,0.45270,-1,-1,-1
223,64,538.32,203.42,21.77,49.71,0.50868,-1,-1,-1
223,59,506.59,183.16,29.99,87.51,0.45084,-1,-1,-1
224,1,291.29,34.66,204.46,444.75,0.91239,-1,-1,-1
224,2,1.52,0.74,212.16,473.90,0.66244,-1,-1,-1
224,21,207.68,95.43,94.17,270.54,0.86357,-1,-1,-1
224,5,488.69,182.44,22.91,95.71,0.52155,-1,-1,-1
224,64,538.10,203.25,21.93,50.31,0.51649,-1,-1,-1
224,59,507.53,184.68,27.35,87.09,0.31676,-1,-1,-1
225,1,293.48,38.58,202.00,439.89,0.91786,-1,-1,-1
225,2,2.07,0.51,217.33,475.66,0.83887,-1,-1,-1
225,21,213.89,100.97,90.27,264.77,0.87402,-1,-1,-1
225,5,487.23,183.55,26.70,94.91,0.62479,-1,-1,-1
225,64,538.60,201.83,22.28,52.10,0.51255,-1,-1,-1
225,66,561.14,204.70,15.69,38.88,0.32969,-1,-1,-1
226,1,295.42,42.79,195.53,436.58,0.91262,-1,-1,-1
226,2,1.23,1.71,224.11,474.25,0.82293,-1,-1,-1
226,21,219.26,106.82,86.68,259.59,0.87613,-1,-1,-1
226,5,485.50,181.35,28.96,97.33,0.66745,-1,-1,-1
226,64,539.06,202.03,22.95,52.98,0.50799,-1,-1,-1
226,59,509.92,188.59,22.84,83.44,0.43694,-1,-1,-1
227,1,298.50,48.48,186.18,431.52,0.90257,-1,-1,-1
227,2,0.66,1.35,226.55,475.33,0.81484,-1,-1,-1
227,21,222.29,111.11,86.41,250.77,0.86987,-1,-1,-1
227,5,482.55,180.86,31.71,99.47,0.71796,-1,-1,-1
227,64,539.66,201.75,22.33,53.67,0.54436,-1,-1,-1
227,59,510.02,189.01,21.69,83.53,0.40557,-1,-1,-1
228,1,301.97,53.84,175.92,425.82,0.91234,-1,-1,-1
228,2,0.23,1.16,230.31,476.01,0.91340,-1,-1,-1
228,21,229.25,112.37,84.32,245.42,0.84276,-1,-1,-1
228,5,481.97,180.60,33.37,101.94,0.73927,-1,-1,-1
228,64,541.43,201.93,21.66,54.60,0.56374,-1,-1,-1
228,59,510.40,186.89,21.66,85.67,0.37587,-1,-1,-1
228,66,563.00,195.83,15.96,49.17,0.34038,-1,-1,-1
229,1,306.09,59.88,162.72,420.12,0.90377,-1,-1,-1
229,2,0.61,0.97,228.35,476.89,0.90230,-1,-1,-1
229,21,235.97,111.56,85.18,234.32,0.86076,-1,-1,-1
229,5,484.38,182.62,32.59,101.79,0.69816,-1,-1,-1
229,64,543.48,200.65,23.07,57.16,0.59282,-1,-1,-1
229,66,565.10,199.49,17.12,47.10,0.31061,-1,-1,-1
230,1,308.73,65.23,153.75,414.77,0.88543,-1,-1,-1
230,2,0.00,1.25,226.00,478.11,0.89070,-1,-1,-1
230,21,239.41,111.62,84.66,229.38,0.84853,-1,-1,-1
230,5,485.49,182.91,32.51,102.89,0.69634,-1,-1,-1
230,64,545.29,199.98,22.01,58.62,0.64609,-1,-1,-1
230,67,455.12,168.98,32.11,122.40,0.69053,-1,-1,-1
231,1,309.18,66.67,148.54,413.33,0.88656,-1,-1,-1
231,2,0.00,3.07,224.17,474.05,0.71980,-1,-1,-1
231,21,244.39,111.29,83.59,227.75,0.86466,-1,-1,-1
231,5,488.29,183.14,30.65,103.43,0.72309,-1,-1,-1
231,64,550.43,199.53,22.27,59.18,0.66424,-1,-1,-1
231,67,454.14,166.10,36.82,125.57,0.77295,-1,-1,-1
231,59,515.16,185.11,22.55,88.44,0.40951,-1,-1,-1
232,1,321.29,66.67,138.07,413.04,0.86913,-1,-1,-1
232,2,0.13,4.41,223.48,473.93,0.80185,-1,-1,-1
232,21,251.06,113.35,81.67,226.19,0.85173,-1,-1,-1
232,5,492.97,182.94,27.03,102.52,0.65681,-1,-1,-1
232,64,553.17,199.35,25.27,60.29,0.52809,-1,-1,-1
232,67,456.08,163.13,41.08,129.67,0.75732,-1,-1,-1
232,69,577.83,155.58,62.17,190.57,0.65900,-1,-1,-1
232,59,515.52,184.19,24.31,91.46,0.54378,-1,-1,-1
233,1,331.18,65.97,132.27,413.78,0.86984,-1,-1,-1
233,2,0.96,3.37,223.18,471.82,0.58254,-1,-1,-1
233,21,258.39,117.89,79.79,222.51,0.82692,-1,-1,-1
233,5,501.35,180.00,22.11,99.80,0.39257,-1,-1,-1
233,64,558.00,198.65,25.57,61.23,0.61232,-1,-1,-1
233,67,464.73,160.44,40.08,132.87,0.68926,-1,-1,-1
233,69,578.28,161.47,61.72,190.39,0.33956,-1,-1,-1
233,59,521.22,184.40,22.03,92.11,0.54341,-1,-1,-1
234,1,327.46,69.12,153.32,410.88,0.89990,-1,-1,-1
234,2,1.18,1.40,223.79,472.10,0.66005,-1,-1,-1
234,21,266.06,120.73,76.71,217.47,0.80788,-1,-1,-1
234,64,565.88,201.20,22.85,59.11,0.50376,-1,-1,-1
234,67,475.31,159.74,38.64,133.20,0.52223,-1,-1,-1
234,69,585.19,166.49,54.81,209.97,0.45416,-1,-1,-1
234,59,521.96,184.23,24.91,92.81,0.49375,-1,-1,-1
235,1,334.20,73.31,162.53,406.69,0.89574,-1,-1,-1
235,2,4.89,0.31,222.02,476.77,0.84427,-1,-1,-1
235,21,271.55,121.82,76.78,213.30,0.81027,-1,-1,-1
235,64,570.94,199.13,26.48,62.33,0.49975,-1,-1,-1
235,67,483.89,158.59,37.71,131.39,0.39423,-1,-1,-1
235,59,526.97,185.88,23.99,93.12,0.40800,-1,-1,-1
236,1,342.21,77.60,167.15,402.40,0.89763,-1,-1,-1
236,2,6.65,0.00,224.05,477.91,0.88660,-1,-1,-1
236,21,278.84,119.03,74.34,207.12,0.79121,-1,-1,-1
236,64,576.05,193.17,28.47,67.74,0.55551,-1,-1,-1
236,59,530.95,189.49,25.55,88.50,0.48008,-1,-1,-1
236,69,607.89,169.36,32.11,263.43,0.56893,-1,-1,-1
237,1,358.17,86.17,166.32,393.83,0.90577,-1,-1,-1
237,2,8.89,5.20,230.82,474.79,0.87529,-1,-1,-1
237,21,287.51,119.96,74.38,203.78,0.83938,-1,-1,-1
237,64,585.05,192.83,28.22,69.20,0.56727,-1,-1,-1
237,59,540.67,185.49,21.63,93.84,0.44813,-1,-1,-1
237,72,1.82,119.51,54.78,159.24,0.58568,-1,-1,-1
237,69,611.33,192.69,28.67,275.33,0.64324,-1,-1,-1
237,67,493.16,161.57,43.83,152.55,0.30377,-1,-1,-1
238,1,370.44,86.83,164.41,393.17,0.90263,-1,-1,-1
238,2,9.31,6.37,235.36,473.63,0.87065,-1,-1,-1
238,21,291.24,120.42,75.98,202.00,0.82122,-1,-1,-1
238,64,589.95,194.11,29.32,69.00,0.53696,-1,-1,-1
238,59,545.49,185.32,20.93,96.57,0.35243,-1,-1,-1
238,72,1.26,117.36,63.63,157.26,0.46218,-1,-1,-1
238,69,610.61,203.65,29.39,276.35,0.59918,-1,-1,-1
238,74,241.69,170.33,30.81,103.24,0.57014,-1,-1,-1
239,1,386.64,89.15,159.58,390.85,0.89846,-1,-1,-1
239,2,5.46,12.31,245.93,467.69,0.83376,-1,-1,-1
239,21,302.95,124.09,68.74,198.15,0.78579,-1,-1,-1
239,64,595.16,197.70,29.84,65.53,0.36023,-1,-1,-1
239,69,601.58,212.39,38.42,267.61,0.39658,-1,-1,-1
239,74,247.67,165.15,32.60,112.78,0.51479,-1,-1,-1
239,75,365.43,175.88,22.85,86.80,0.52453,-1,-1,-1
240,1,396.64,86.78,160.16,378.00,0.88601,-1,-1,-1
240,2,13.75,14.06,245.82,464.90,0.76011,-1,-1,-1
240,21,305.94,124.42,68.84,194.13,0.75610,-1,-1,-1
240,64,597.56,191.19,31.23,70.41,0.52203,-1,-1,-1
240,74,252.41,159.16,37.11,116.59,0.70789,-1,-1,-1
240,75,366.87,179.08,24.34,81.35,0.42345,-1,-1,-1
240,77,0.60,165.46,43.37,96.38,0.53101,-1,-1,-1
241,1,407.87,85.28,154.71,374.77,0.89269,-1,-1,-1
241,2,5.66,14.37,258.13,461.09,0.71419,-1,-1,-1
241,21,309.33,124.03,73.25,192.43,0.79870,-1,-1,-1
241,64,597.79,195.99,30.86,61.87,0.31115,-1,-1,-1
241,75,366.57,180.80,24.14,79.52,0.38674,-1,-1,-1
242,1,413.07,87.27,150.27,374.74,0.87675,-1,-1,-1
242,2,31.91,11.78,237.95,466.12,0.83409,-1,-1,-1
242,21,297.28,123.14,86.74,191.07,0.82211,-1,-1,-1
242,78,392.62,180.25,24.88,80.74,0.50707,-1,-1,-1
242,79,3.03,114.19,104.98,324.87,0.46578,-1,-1,-1
242,72,22.76,115.09,83.27,140.01,0.39983,-1,-1,-1
242,69,590.32,178.69,47.12,301.31,0.71495,-1,-1,-1
243,1,415.94,88.92,147.10,377.74,0.89194,-1,-1,-1
243,2,45.04,8.80,229.74,469.22,0.83786,-1,-1,-1
243,21,301.79,122.50,81.89,188.73,0.84711,-1,-1,-1
243,78,391.64,180.71,26.31,80.97,0.57262,-1,-1,-1
243,79,8.10,115.38,102.55,325.69,0.39158,-1,-1,-1
243,69,579.11,75.80,58.54,404.20,0.73375,-1,-1,-1
243,77,17.15,165.83,45.73,86.76,0.60183,-1,-1,-1
244,1,423.46,90.87,143.17,376.78,0.88723,-1,-1,-1
244,2,66.95,8.78,214.31,467.87,0.78407,-1,-1,-1
244,21,312.43,121.86,71.85,187.83,0.70088,-1,-1,-1
244,78,393.61,179.46,25.72,82.73,0.58572,-1,-1,-1
244,69,555.85,28.37,82.66,451.63,0.83325,-1,-1,-1
244,77,13.96,168.66,54.22,85.50,0.74463,-1,-1,-1
245,1,428.15,88.95,137.17,380.96,0.85936,-1,-1,-1
245,2,69.24,10.11,214.93,455.02,0.85525,-1,-1,-1
245,21,311.65,121.56,72.28,190.02,0.78789,-1,-1,-1
245,78,391.98,179.21,25.81,82.62,0.62023,-1,-1,-1
245,69,537.91,6.27,100.71,473.73,0.72605,-1,-1,-1
245,81,413.59,173.16,30.37,106.14,0.49059,-1,-1,-1
246,1,433.48,86.94,124.58,381.52,0.85716,-1,-1,-1
246,2,72.52,8.89,214.02,464.17,0.90221,-1,-1,-1
246,21,307.97,120.71,74.73,189.86,0.81282,-1,-1,-1
246,78,388.71,175.50,27.63,86.10,0.57388,-1,-1,-1
246,69,531.66,0.00,107.25,480.00,0.74998,-1,-1,-1
246,81,411.93,169.70,37.08,108.98,0.73460,-1,-1,-1
246,77,3.30,163.96,40.00,89.55,0.75439,-1,-1,-1
247,1,436.92,85.86,118.32,370.54,0.83528,-1,-1,-1
247,2,77.48,9.34,209.67,466.80,0.90334,-1,-1,-1
247,21,306.90,121.74,73.29,189.76,0.81319,-1,-1,-1
247,78,386.29,175.80,26.72,85.68,0.63496,-1,-1,-1
247,69,511.57,0.00,127.19,480.00,0.80801,-1,-1,-1
247,81,409.25,170.89,35.23,107.65,0.74976,-1,-1,-1
247,83,28.50,195.82,18.96,38.27,0.57841,-1,-1,-1
247,77,0.03,164.98,20.74,88.88,0.69190,-1,-1,-1
248,1,438.09,87.26,125.29,358.88,0.84769,-1,-1,-1
248,2,85.17,8.52,203.92,469.65,0.83248,-1,-1,-1
248,21,306.83,122.34,73.19,189.71,0.84087,-1,-1,-1
248,78,384.33,174.64,27.92,87.19,0.67572,-1,-1,-1
248,69,516.28,0.00,122.62,480.00,0.86169,-1,-1,-1
248,81,408.01,171.65,34.81,107.89,0.76963,-1,-1,-1
248,83,27.08,195.09,18.85,38.82,0.61386,-1,-1,-1
248,74,284.95,168.39,28.46,93.94,0.51721,-1,-1,-1
249,1,446.17,86.83,123.08,359.61,0.76334,-1,-1,-1
249,2,95.23,7.17,199.19,472.44,0.88864,-1,-1,-1
249,21,311.11,121.99,73.06,187.65,0.83595,-1,-1,-1
249,78,386.07,173.96,29.14,88.32,0.68685,-1,-1,-1
249,69,503.08,0.00,136.92,480.00,0.85272,-1,-1,-1
249,81,410.42,170.59,35.22,110.27,0.77193,-1,-1,-1
249,83,28.71,195.49,17.52,38.39,0.56646,-1,-1,-1
249,74,290.43,169.53,24.99,92.27,0.65595,-1,-1,-1
250,1,458.84,87.96,122.18,364.69,0.65502,-1,-1,-1
250,2,107.33,7.36,194.97,472.64,0.91743,-1,-1,-1
250,21,317.89,123.26,72.03,184.10,0.85284,-1,-1,-1
250,78,390.01,175.11,30.09,90.89,0.67947,-1,-1,-1
250,69,502.07,0.00,137.93,480.00,0.82132,-1,-1,-1
250,81,414.35,172.09,35.50,112.94,0.77966,-1,-1,-1
250,83,32.13,197.09,18.11,39.37,0.53725,-1,-1,-1
250,74,297.57,172.68,22.05,91.42,0.59388,-1,-1,-1
250,85,78.92,175.99,35.46,87.35,0.44779,-1,-1,-1
251,2,119.15,9.18,189.50,470.63,0.91285,-1,-1,-1
251,21,323.45,123.75,68.52,181.92,0.86039,-1,-1,-1
251,78,393.38,174.77,28.18,91.43,0.61358,-1,-1,-1
251,69,505.18,0.00,134.82,480.00,0.84384,-1,-1,-1
251,81,415.01,170.84,36.63,115.29,0.77737,-1,-1,-1
251,83,35.44,196.86,17.28,40.24,0.50674,-1,-1,-1
251,85,79.26,177.05,39.65,89.17,0.52047,-1,-1,-1
252,2,127.47,16.07,188.24,463.93,0.89028,-1,-1,-1
252,21,327.64,128.48,66.35,180.54,0.85918,-1,-1,-1
252,78,396.39,177.49,27.51,92.09,0.53812,-1,-1,-1
252,69,511.46,0.93,127.65,478.29,0.87096,-1,-1,-1
252,81,416.21,174.38,36.33,116.44,0.73525,-1,-1,-1
252,83,38.03,199.72,16.40,40.46,0.43568,-1,-1,-1
252,85,71.13,180.15,48.02,90.23,0.60147,-1,-1,-1
253,2,137.13,24.44,186.26,455.56,0.89970,-1,-1,-1
253,21,333.30,130.23,67.52,181.38,0.85730,-1,-1,-1
253,78,400.55,175.16,27.55,94.73,0.53223,-1,-1,-1
253,69,517.85,2.31,122.15,473.84,0.88183,-1,-1,-1
253,81,420.05,174.35,37.09,119.47,0.68976,-1,-1,-1
253,83,42.38,201.98,15.18,39.66,0.43862,-1,-1,-1
253,85,67.02,180.58,50.78,93.24,0.70216,-1,-1,-1
253,87,462.80,143.64,57.34,177.91,0.73771,-1,-1,-1
254,2,146.15,27.83,183.40,452.17,0.89144,-1,-1,-1
254,21,338.05,132.82,64.76,179.94,0.84965,-1,-1,-1
254,78,404.00,175.19,26.71,95.47,0.41174,-1,-1,-1
254,69,523.51,2.02,116.49,475.82,0.87829,-1,-1,-1
254,81,421.51,172.24,38.08,122.73,0.67991,-1,-1,-1
254,83,44.12,203.25,14.74,39.39,0.35770,-1,-1,-1
254,85,66.03,180.58,48.34,93.69,0.66604,-1,-1,-1
254,87,461.23,141.68,57.25,181.08,0.73793,-1,-1,-1
255,2,135.85,35.42,201.78,444.58,0.86517,-1,-1,-1
255,21,341.22,136.91,61.22,178.92,0.83879,-1,-1,-1
255,69,524.67,2.98,114.32,477.02,0.89896,-1,-1,-1
255,81,419.17,172.89,38.19,125.81,0.64109,-1,-1,-1
255,85,58.96,181.27,43.83,96.83,0.64104,-1,-1,-1
255,87,444.56,142.46,70.55,186.58,0.84878,-1,-1,-1
255,90,113.58,143.78,52.56,158.65,0.74544,-1,-1,-1
256,2,155.35,35.01,192.09,444.99,0.89610,-1,-1,-1
256,21,343.00,134.84,59.01,177.92,0.76483,-1,-1,-1
256,69,523.35,0.00,115.15,480.00,0.90703,-1,-1,-1
256,81,415.66,169.07,37.20,130.00,0.55724,-1,-1,-1
256,85,40.70,178.38,47.38,100.41,0.62364,-1,-1,-1
256,87,429.91,140.90,82.86,190.93,0.81005,-1,-1,-1
256,90,88.66,136.31,67.49,167.22,0.63108,-1,-1,-1
256,91,496.95,163.56,45.07,138.32,0.59030,-1,-1,-1
257,2,165.76,35.91,187.18,443.37,0.88381,-1,-1,-1
257,21,345.10,133.71,53.85,176.53,0.78224,-1,-1,-1
257,85,20.30,178.38,59.53,102.01,0.63793,-1,-1,-1
257,87,424.39,139.37,86.24,195.82,0.87333,-1,-1,-1
257,90,64.65,132.01,81.02,175.34,0.79479,-1,-1,-1
257,91,491.09,166.82,50.11,142.75,0.68231,-1,-1,-1
257,1,522.27,5.09,116.26,473.27,0.90390,-1,-1,-1
258,2,157.23,30.24,196.77,447.21,0.86136,-1,-1,-1
258,21,343.14,133.19,54.49,178.18,0.79846,-1,-1,-1
258,85,3.28,180.82,56.28,98.60,0.38445,-1,-1,-1
258,87,412.24,133.63,83.21,205.18,0.82052,-1,-1,-1
258,90,38.26,130.89,95.37,180.26,0.85882,-1,-1,-1
258,91,483.91,164.75,53.16,148.27,0.68656,-1,-1,-1
258,1,494.75,0.00,145.06,480.00,0.83792,-1,-1,-1
259,2,153.53,29.34,198.41,448.57,0.87387,-1,-1,-1
259,21,343.42,135.69,51.31,177.01,0.79932,-1,-1,-1
259,85,0.00,177.35,45.54,99.30,0.45124,-1,-1,-1
259,87,398.36,129.64,77.72,212.10,0.87114,-1,-1,-1
259,90,14.53,128.88,108.67,185.02,0.88129,-1,-1,-1
259,91,479.30,163.86,57.69,150.37,0.61484,-1,-1,-1
259,1,480.46,0.00,159.48,480.00,0.85519,-1,-1,-1
260,2,145.47,28.61,196.87,451.26,0.90726,-1,-1,-1
260,21,336.11,140.31,51.93,174.47,0.78142,-1,-1,-1
260,87,387.72,128.13,74.62,222.55,0.74829,-1,-1,-1
260,90,0.00,127.08,105.61,192.06,0.89985,-1,-1,-1
260,91,471.40,148.62,58.78,171.09,0.69353,-1,-1,-1
260,1,489.14,0.00,148.54,480.00,0.89151,-1,-1,-1
261,2,136.31,27.86,194.25,452.14,0.89955,-1,-1,-1
261,21,325.68,145.06,55.60,172.41,0.80767,-1,-1,-1
261,87,363.66,128.83,92.49,231.49,0.83539,-1,-1,-1
261,90,0.00,124.80,83.09,196.59,0.86246,-1,-1,-1
261,91,465.09,146.46,51.59,179.03,0.61956,-1,-1,-1
261,1,487.17,0.00,151.25,480.00,0.91113,-1,-1,-1
262,2,122.04,23.79,194.57,456.21,0.84158,-1,-1,-1
262,21,317.72,146.62,55.77,169.63,0.64639,-1,-1,-1
262,87,337.45,127.86,106.20,239.83,0.83378,-1,-1,-1
262,1,467.07,0.00,171.29,480.00,0.89110,-1,-1,-1
263,2,112.01,15.28,195.81,464.72,0.89529,-1,-1,-1
263,87,320.95,122.29,106.55,254.04,0.87251,-1,-1,-1
263,1,450.62,0.00,189.38,479.67,0.92504,-1,-1,-1
264,2,105.32,11.02,195.06,467.91,0.84757,-1,-1,-1
264,87,314.11,117.46,108.86,263.51,0.84865,-1,-1,-1
264,1,441.68,0.00,198.32,479.84,0.90489,-1,-1,-1
264,74,291.81,198.33,17.12,75.91,0.43302,-1,-1,-1
265,2,81.36,8.26,211.70,471.27,0.85093,-1,-1,-1
265,87,291.03,109.95,91.81,277.18,0.77235,-1,-1,-1
265,1,432.50,0.00,207.50,478.78,0.91031,-1,-1,-1
266,2,79.35,7.73,212.17,470.81,0.85242,-1,-1,-1
266,87,281.83,101.27,73.28,286.78,0.76983,-1,-1,-1
266,1,426.16,0.00,213.84,477.10,0.86989,-1,-1,-1
266,94,370.56,156.61,46.95,159.28,0.78473,-1,-1,-1
266,81,336.42,148.05,41.66,156.94,0.74457,-1,-1,-1
267,2,62.08,3.26,223.77,472.88,0.82565,-1,-1,-1
267,87,258.49,88.74,80.33,294.91,0.78571,-1,-1,-1
267,1,421.47,0.00,218.53,475.70,0.91438,-1,-1,-1
267,94,360.59,147.28,59.54,164.33,0.78556,-1,-1,-1
267,21,313.68,139.87,51.71,159.72,0.82492,-1,-1,-1
268,2,44.77,0.00,239.35,476.57,0.77266,-1,-1,-1
268,87,243.63,78.27,87.84,301.50,0.50042,-1,-1,-1
268,1,421.80,0.00,218.20,474.47,0.91812,-1,-1,-1
268,94,356.16,141.23,66.15,166.31,0.77992,-1,-1,-1
268,21,310.59,134.27,53.61,160.68,0.84970,-1,-1,-1
269,2,34.15,0.00,256.34,477.65,0.80790,-1,-1,-1
269,1,418.40,0.00,221.60,473.44,0.91175,-1,-1,-1
269,94,348.01,135.60,64.46,170.42,0.77651,-1,-1,-1
269,21,308.20,130.00,53.53,159.20,0.79960,-1,-1,-1
269,95,276.78,147.42,33.85,124.87,0.39296,-1,-1,-1
270,2,31.32,0.00,257.51,474.53,0.88136,-1,-1,-1
270,1,407.30,0.00,232.70,472.14,0.90886,-1,-1,-1
270,94,337.53,115.62,60.42,176.40,0.79908,-1,-1,-1
270,21,308.23,111.39,44.84,160.28,0.73903,-1,-1,-1
270,96,589.09,169.54,49.71,240.71,0.68308,-1,-1,-1
271,2,29.56,0.00,259.43,467.55,0.88342,-1,-1,-1
271,1,401.81,0.00,238.19,470.79,0.91327,-1,-1,-1
271,94,329.22,86.97,60.68,181.75,0.78881,-1,-1,-1
271,21,313.67,84.15,36.85,161.77,0.58454,-1,-1,-1
271,96,590.77,103.20,48.34,268.47,0.54377,-1,-1,-1
271,78,298.54,110.86,23.68,122.53,0.34449,-1,-1,-1
272,2,26.08,0.00,253.62,443.04,0.78188,-1,-1,-1
272,1,396.58,0.00,243.42,470.08,0.91582,-1,-1,-1
272,94,316.13,48.53,66.38,191.28,0.80860,-1,-1,-1
272,96,590.88,41.00,49.12,297.25,0.40474,-1,-1,-1
273,2,23.79,0.00,251.26,446.47,0.69847,-1,-1,-1
273,1,396.06,0.00,243.94,478.04,0.91185,-1,-1,-1
273,94,310.76,41.61,67.20,195.26,0.75076,-1,-1,-1
273,98,3.59,3.28,106.60,375.75,0.37058,-1,-1,-1
273,95,252.34,61.32,60.44,146.50,0.75479,-1,-1,-1
274,2,60.79,10.96,209.72,462.57,0.70819,-1,-1,-1
274,1,394.09,7.13,245.91,471.02,0.90340,-1,-1,-1
274,94,305.07,55.66,70.95,197.29,0.77519,-1,-1,-1
274,95,254.44,80.65,59.36,142.84,0.75724,-1,-1,-1
274,96,585.75,51.39,54.25,271.41,0.48114,-1,-1,-1
275,2,41.76,14.24,218.81,465.76,0.84544,-1,-1,-1
275,1,391.92,11.26,248.08,468.74,0.86748,-1,-1,-1
275,94,296.95,73.57,69.76,200.84,0.78995,-1,-1,-1
275,100,0.00,72.31,56.37,240.31,0.64530,-1,-1,-1
275,96,593.23,21.13,46.04,307.15,0.50485,-1,-1,-1
275,81,265.54,99.35,39.40,140.29,0.65145,-1,-1,-1
276,2,41.49,17.00,212.15,463.00,0.80898,-1,-1,-1
276,1,399.53,15.81,240.01,464.19,0.90435,-1,-1,-1
276,94,292.82,101.90,71.38,203.81,0.80925,-1,-1,-1
276,78,261.39,133.05,45.66,131.95,0.49360,-1,-1,-1
277,2,42.75,9.87,202.83,445.94,0.83109,-1,-1,-1
277,1,401.37,9.66,237.86,470.34,0.91857,-1,-1,-1
277,94,283.75,112.14,71.23,209.31,0.72354,-1,-1,-1
277,78,250.12,143.29,42.20,131.38,0.48894,-1,-1,-1
277,96,595.43,40.69,43.84,323.03,0.40752,-1,-1,-1
277,81,260.17,141.25,37.08,136.39,0.36982,-1,-1,-1
278,2,27.01,4.47,209.26,466.75,0.85000,-1,-1,-1
278,1,398.22,3.13,230.52,476.87,0.90414,-1,-1,-1
278,94,270.28,113.15,74.07,216.66,0.77920,-1,-1,-1
278,78,238.53,147.67,40.70,128.49,0.54522,-1,-1,-1
278,96,590.53,80.47,49.47,281.97,0.46207,-1,-1,-1
278,21,324.69,132.54,44.94,143.98,0.57246,-1,-1,-1
279,2,8.49,21.81,209.13,458.19,0.87949,-1,-1,-1
279,1,381.85,4.49,226.77,475.51,0.89748,-1,-1,-1
279,94,252.82,128.77,77.01,222.69,0.77876,-1,-1,-1
279,78,199.92,148.23,57.70,174.18,0.73897,-1,-1,-1
279,96,578.75,68.80,59.84,305.38,0.80951,-1,-1,-1
279,21,315.32,148.31,52.81,144.24,0.65796,-1,-1,-1
280,2,0.00,20.70,189.24,456.15,0.88989,-1,-1,-1
280,1,360.84,0.27,223.84,477.52,0.88961,-1,-1,-1
280,94,231.78,127.09,76.31,227.48,0.78760,-1,-1,-1
280,78,172.10,145.14,67.92,193.05,0.80647,-1,-1,-1
280,96,564.02,60.94,70.35,313.20,0.82897,-1,-1,-1
280,21,299.76,148.98,54.22,145.28,0.80522,-1,-1,-1
281,2,0.00,1.78,148.03,471.08,0.90540,-1,-1,-1
281,1,332.69,0.00,227.45,475.76,0.90689,-1,-1,-1
281,94,195.84,107.91,76.81,240.06,0.78806,-1,-1,-1
281,78,139.38,130.47,71.80,201.01,0.83620,-1,-1,-1
281,96,542.38,53.98,78.14,310.93,0.82931,-1,-1,-1
281,21,271.65,137.70,51.85,145.26,0.83251,-1,-1,-1
281,91,317.18,101.63,58.08,219.86,0.67610,-1,-1,-1
282,2,0.00,7.31,117.75,471.74,0.89106,-1,-1,-1
282,1,326.83,1.19,232.41,478.81,0.90301,-1,-1,-1
282,94,166.61,109.72,80.01,253.79,0.80216,-1,-1,-1
282,78,129.64,134.46,50.36,198.73,0.60837,-1,-1,-1
282,96,532.88,85.49,78.74,302.38,0.41224,-1,-1,-1
282,21,259.68,146.00,45.14,145.21,0.80649,-1,-1,-1
282,91,293.49,86.25,70.91,274.91,0.53523,-1,-1,-1
283,2,1.55,18.20,113.86,461.24,0.85966,-1,-1,-1
283,1,345.53,4.53,229.47,475.47,0.88311,-1,-1,-1
283,94,152.80,117.22,86.81,264.12,0.83147,-1,-1,-1
283,78,114.34,158.83,45.70,170.99,0.60906,-1,-1,-1
283,96,533.00,127.25,75.37,288.60,0.38412,-1,-1,-1
283,21,263.98,158.98,37.87,145.35,0.72360,-1,-1,-1
283,91,303.89,118.89,70.73,277.28,0.66760,-1,-1,-1
284,2,5.14,17.22,119.89,459.78,0.81711,-1,-1,-1
284,1,373.95,1.32,225.86,478.68,0.89121,-1,-1,-1
284,94,152.06,113.48,91.55,271.89,0.84885,-1,-1,-1
284,78,117.74,162.09,44.03,159.60,0.72519,-1,-1,-1
284,21,275.55,160.26,39.03,144.30,0.72955,-1,-1,-1
284,91,316.51,125.45,78.32,286.87,0.74381,-1,-1,-1
284,107,298.06,86.20,67.43,223.89,0.50683,-1,-1,-1
285,2,5.17,15.12,130.14,462.02,0.88680,-1,-1,-1
285,1,404.80,0.00,228.87,477.46,0.91752,-1,-1,-1
285,94,157.98,105.19,93.23,278.65,0.85500,-1,-1,-1
285,78,121.78,159.17,47.31,160.22,0.67218,-1,-1,-1
285,21,290.64,157.22,38.35,142.53,0.70336,-1,-1,-1
285,91,334.42,96.78,87.75,319.73,0.85129,-1,-1,-1
285,107,310.59,75.29,69.74,265.61,0.73478,-1,-1,-1
286,2,3.65,25.08,139.06,454.92,0.90238,-1,-1,-1
286,1,435.95,0.00,204.05,478.23,0.91011,-1,-1,-1
286,94,162.78,105.08,95.35,285.56,0.86439,-1,-1,-1
286,78,127.52,163.89,45.25,161.81,0.67174,-1,-1,-1
286,91,350.97,83.89,101.32,350.47,0.87551,-1,-1,-1
286,107,317.96,72.65,76.46,285.54,0.62575,-1,-1,-1
286,108,251.67,173.27,34.44,129.53,0.47655,-1,-1,-1
287,2,3.32,33.87,144.08,446.13,0.89464,-1,-1,-1
287,1,467.23,0.00,172.77,478.73,0.88921,-1,-1,-1
287,94,167.11,103.88,100.03,291.55,0.81609,-1,-1,-1
287,78,134.49,163.56,41.91,165.71,0.62597,-1,-1,-1
287,91,365.79,71.87,116.34,376.86,0.88549,-1,-1,-1
287,107,328.34,71.90,79.93,297.60,0.76457,-1,-1,-1
287,108,264.31,173.59,34.10,128.94,0.44527,-1,-1,-1
288,2,2.20,36.23,148.05,443.77,0.89950,-1,-1,-1
288,1,500.52,0.00,139.48,479.90,0.85882,-1,-1,-1
288,94,171.92,98.13,98.34,303.82,0.83125,-1,-1,-1
288,78,137.71,159.94,45.25,168.01,0.60954,-1,-1,-1
288,91,382.36,58.86,135.09,402.57,0.88440,-1,-1,-1
288,107,339.48,64.85,84.19,308.83,0.81942,-1,-1,-1
288,108,277.30,169.00,32.04,132.08,0.58885,-1,-1,-1
288,95,252.52,160.17,37.92,170.28,0.55991,-1,-1,-1
289,2,4.71,48.19,157.15,431.81,0.90234,-1,-1,-1
289,1,550.61,2.64,89.39,474.94,0.81522,-1,-1,-1
289,94,183.47,100.12,100.91,315.19,0.81515,-1,-1,-1
289,78,147.12,159.82,55.78,174.22,0.60398,-1,-1,-1
289,91,404.28,52.88,148.50,421.22,0.88173,-1,-1,-1
289,107,356.44,61.59,87.23,318.17,0.76909,-1,-1,-1
289,108,294.65,169.98,33.25,132.93,0.54983,-1,-1,-1
289,95,261.83,159.18,46.17,175.96,0.68083,-1,-1,-1
290,2,6.23,56.56,168.97,423.44,0.89479,-1,-1,-1
290,94,195.85,98.17,104.00,327.27,0.80014,-1,-1,-1
290,78,158.78,157.23,51.75,177.84,0.69280,-1,-1,-1
290,91,429.35,40.95,161.88,439.05,0.87454,-1,-1,-1
290,107,375.38,53.54,90.50,337.77,0.84086,-1,-1,-1
290,108,316.49,171.94,32.60,127.81,0.47989,-1,-1,-1
290,95,286.84,159.78,43.51,179.16,0.58196,-1,-1,-1
290,109,556.76,67.15,70.14,364.07,0.56558,-1,-1,-1
291,2,7.59,56.32,175.11,422.12,0.86918,-1,-1,-1
291,94,208.84,91.60,104.92,342.71,0.83859,-1,-1,-1
291,78,166.79,151.92,50.65,180.27,0.70692,-1,-1,-1
291,91,449.27,27.53,175.24,452.47,0.88555,-1,-1,-1
291,107,391.10,43.89,102.40,353.44,0.83304,-1,-1,-1
291,95,306.57,159.85,48.26,178.55,0.68884,-1,-1,-1
291,109,584.29,57.83,55.71,390.77,0.64303,-1,-1,-1
292,2,12.84,55.60,177.85,423.29,0.88497,-1,-1,-1
292,94,220.78,88.66,110.00,360.77,0.83843,-1,-1,-1
292,78,172.07,154.84,54.25,178.95,0.71009,-1,-1,-1
292,91,471.02,16.17,168.98,463.83,0.89196,-1,-1,-1
292,107,407.21,38.82,109.22,371.63,0.88055,-1,-1,-1
292,95,323.54,165.32,54.85,176.78,0.78747,-1,-1,-1
292,108,358.04,180.80,25.48,118.29,0.34079,-1,-1,-1
293,2,13.34,47.67,180.87,430.33,0.90745,-1,-1,-1
293,94,228.91,78.13,111.42,373.81,0.84766,-1,-1,-1
293,78,169.68,149.87,60.63,183.18,0.54004,-1,-1,-1
293,91,487.59,1.55,152.41,478.45,0.88709,-1,-1,-1
293,107,417.76,27.06,118.99,398.05,0.86181,-1,-1,-1
293,95,333.88,166.25,61.00,175.76,0.85673,-1,-1,-1
294,2,21.94,46.02,180.41,433.16,0.87769,-1,-1,-1
294,94,237.84,69.20,116.89,392.96,0.83861,-1,-1,-1
294,91,511.86,0.00,128.14,480.00,0.81771,-1,-1,-1
294,107,431.26,17.67,129.97,422.48,0.84337,-1,-1,-1
294,95,349.86,166.09,64.70,176.92,0.81150,-1,-1,-1
295,2,34.05,47.58,181.24,431.97,0.74778,-1,-1,-1
295,94,244.10,59.94,122.86,411.51,0.88330,-1,-1,-1
295,91,534.11,40.61,105.89,439.39,0.85256,-1,-1,-1
295,107,442.95,8.80,141.59,442.67,0.88172,-1,-1,-1
295,95,368.42,165.31,62.90,174.37,0.77815,-1,-1,-1
295,111,215.25,192.83,36.63,111.05,0.75800,-1,-1,-1
296,2,12.96,54.18,208.55,424.93,0.82147,-1,-1,-1
296,94,248.64,52.58,126.88,425.04,0.88837,-1,-1,-1
296,91,554.02,54.79,85.98,425.21,0.70091,-1,-1,-1
296,107,451.38,1.61,153.34,460.96,0.86914,-1,-1,-1
296,95,383.79,164.78,60.26,176.38,0.81268,-1,-1,-1
296,111,220.19,195.07,39.94,114.11,0.76450,-1,-1,-1
296,113,9.49,132.44,61.65,203.54,0.62044,-1,-1,-1
297,2,1.50,53.98,223.57,425.57,0.86692,-1,-1,-1
297,94,246.32,36.87,134.14,443.13,0.88088,-1,-1,-1
297,107,459.42,0.00,166.69,470.17,0.87990,-1,-1,-1
297,95,389.48,161.24,67.21,178.13,0.86264,-1,-1,-1
297,111,221.74,194.84,39.09,113.26,0.48597,-1,-1,-1
297,113,0.00,126.10,68.88,213.07,0.78034,-1,-1,-1
298,2,31.13,55.89,202.56,423.95,0.78662,-1,-1,-1
298,94,240.78,22.31,142.69,457.69,0.87978,-1,-1,-1
298,107,467.74,0.00,172.26,480.00,0.91504,-1,-1,-1
298,95,399.99,164.83,79.55,174.41,0.85713,-1,-1,-1
298,113,0.00,121.82,58.25,198.58,0.83880,-1,-1,-1
299,2,51.95,54.81,188.40,422.79,0.85722,-1,-1,-1
299,94,238.76,10.16,142.01,469.84,0.88432,-1,-1,-1
299,107,472.59,0.00,167.41,480.00,0.90848,-1,-1,-1
299,95,405.69,167.11,84.85,170.97,0.86706,-1,-1,-1
299,113,0.00,117.01,52.31,200.37,0.85979,-1,-1,-1
299,115,394.61,171.89,36.16,123.77,0.37124,-1,-1,-1
300,2,70.11,53.26,175.71,426.74,0.81335,-1,-1,-1
300,94,229.51,0.00,149.51,480.00,0.85946,-1,-1,-1
300,107,486.82,0.00,153.18,480.00,0.89594,-1,-1,-1
300,95,415.68,165.35,86.65,172.27,0.88931,-1,-1,-1
300,113,0.00,131.86,56.27,199.41,0.81177,-1,-1,-1
300,115,406.69,173.50,33.27,120.54,0.40483,-1,-1,-1
300,116,371.02,168.06,48.13,137.51,0.73419,-1,-1,-1
301,2,83.70,49.95,156.60,427.89,0.86264,-1,-1,-1
301,94,214.19,0.00,162.68,480.00,0.90334,-1,-1,-1
301,107,493.44,0.00,146.56,480.00,0.90614,-1,-1,-1
301,95,420.10,163.85,81.89,171.83,0.84296,-1,-1,-1
301,113,0.07,144.85,59.80,181.20,0.72647,-1,-1,-1
301,115,405.33,188.30,34.11,105.93,0.44444,-1,-1,-1
301,116,366.91,166.27,54.08,139.23,0.75958,-1,-1,-1
302,2,95.12,45.57,140.36,427.47,0.79467,-1,-1,-1
302,94,187.78,0.00,174.72,479.26,0.82814,-1,-1,-1
302,107,505.54,0.00,134.46,480.00,0.90752,-1,-1,-1
302,95,436.11,161.38,69.82,171.54,0.78014,-1,-1,-1
302,113,1.80,146.23,54.21,170.14,0.64017,-1,-1,-1
302,116,362.26,164.81,67.13,141.65,0.65937,-1,-1,-1
303,2,101.26,16.69,197.62,459.84,0.68028,-1,-1,-1
303,107,519.59,0.45,120.41,479.55,0.89998,-1,-1,-1
303,95,447.70,159.68,69.52,171.46,0.78025,-1,-1,-1
303,113,9.61,147.76,52.24,166.30,0.60548,-1,-1,-1
303,116,373.60,163.59,63.26,142.38,0.62737,-1,-1,-1
303,118,51.59,103.53,88.27,306.71,0.68928,-1,-1,-1
303,119,336.38,192.61,31.43,116.90,0.69862,-1,-1,-1
304,2,107.13,6.66,195.90,466.27,0.75293,-1,-1,-1
304,107,532.88,2.35,107.12,475.02,0.84593,-1,-1,-1
304,95,457.38,157.33,67.22,170.55,0.80556,-1,-1,-1
304,116,380.43,160.57,58.78,140.28,0.66423,-1,-1,-1
304,118,16.13,93.05,111.30,299.42,0.82448,-1,-1,-1
304,119,336.07,191.31,46.19,121.48,0.63677,-1,-1,-1
304,120,287.47,159.52,60.21,155.66,0.50114,-1,-1,-1
304,81,276.39,154.34,38.48,145.50,0.57181,-1,-1,-1
305,2,93.51,1.48,191.06,469.12,0.35859,-1,-1,-1
305,107,551.40,5.11,88.60,474.89,0.75918,-1,-1,-1
305,95,463.04,160.52,66.21,170.83,0.83239,-1,-1,-1
305,116,384.10,160.81,53.89,146.48,0.73404,-1,-1,-1
305,118,0.00,90.26,134.94,302.70,0.87463,-1,-1,-1
305,119,334.46,190.25,56.33,126.50,0.71153,-1,-1,-1
305,120,295.79,158.01,56.72,159.30,0.58387,-1,-1,-1
305,121,526.01,150.53,68.29,225.55,0.77640,-1,-1,-1
305,81,277.63,157.30,37.53,149.42,0.57501,-1,-1,-1
305,111,243.79,185.93,40.52,124.56,0.33196,-1,-1,-1
306,2,35.52,0.00,226.76,465.16,0.35210,-1,-1,-1
306,107,571.36,4.04,68.64,474.86,0.45643,-1,-1,-1
306,95,465.30,160.38,70.21,168.83,0.80495,-1,-1,-1
306,116,383.78,159.20,56.62,148.06,0.76504,-1,-1,-1
306,119,342.49,189.23,50.15,125.47,0.55469,-1,-1,-1
306,120,302.57,154.86,53.49,162.42,0.68712,-1,-1,-1
306,121,515.44,137.13,86.76,238.61,0.80448,-1,-1,-1
306,81,271.91,159.99,37.73,146.91,0.59820,-1,-1,-1
307,2,12.31,0.00,221.20,471.38,0.38769,-1,-1,-1
307,95,468.14,163.12,64.79,168.63,0.71720,-1,-1,-1
307,116,384.88,158.73,63.24,149.37,0.78646,-1,-1,-1
307,119,342.32,187.67,49.02,127.60,0.55459,-1,-1,-1
307,120,305.31,152.98,51.89,165.73,0.76617,-1,-1,-1
307,121,508.98,129.15,105.03,248.68,0.81316,-1,-1,-1
307,81,267.13,155.52,40.52,148.95,0.41692,-1,-1,-1
307,94,173.28,91.83,112.76,346.04,0.61569,-1,-1,-1
308,95,475.68,170.06,61.26,157.98,0.31166,-1,-1,-1
308,116,384.67,158.35,70.89,148.87,0.80429,-1,-1,-1
308,119,350.75,185.93,40.95,128.89,0.70332,-1,-1,-1
308,120,308.23,150.80,50.74,168.10,0.79064,-1,-1,-1
308,121,498.94,123.01,119.78,257.94,0.82636,-1,-1,-1
308,81,271.10,172.19,34.90,122.61,0.40362,-1,-1,-1
308,124,467.45,168.36,29.63,121.44,0.46806,-1,-1,-1
308,94,153.05,67.39,132.35,397.96,0.86326,-1,-1,-1
309,116,388.11,157.93,71.72,150.55,0.81412,-1,-1,-1
309,119,360.70,185.02,38.33,129.20,0.63721,-1,-1,-1
309,120,310.17,149.90,64.01,170.24,0.84320,-1,-1,-1
309,121,491.71,117.99,133.75,277.14,0.87282,-1,-1,-1
309,124,467.44,168.73,32.56,121.17,0.66604,-1,-1,-1
309,94,126.22,60.93,162.52,413.41,0.87605,-1,-1,-1
309,118,0.00,5.49,108.49,467.67,0.53833,-1,-1,-1
310,116,392.38,159.38,65.97,152.94,0.76150,-1,-1,-1
310,119,363.25,186.27,49.80,131.26,0.64164,-1,-1,-1
310,120,308.04,151.68,74.00,172.11,0.85365,-1,-1,-1
310,121,491.81,118.20,140.15,290.39,0.84399,-1,-1,-1
310,124,464.22,174.62,36.88,118.36,0.67927,-1,-1,-1
310,94,109.63,78.27,178.16,400.31,0.86723,-1,-1,-1
310,78,77.66,85.80,86.31,318.98,0.64743,-1,-1,-1
311,116,394.55,159.66,62.48,156.44,0.77429,-1,-1,-1
311,119,364.08,187.37,54.99,133.13,0.66116,-1,-1,-1
311,120,301.50,152.28,81.56,174.25,0.85397,-1,-1,-1
311,121,490.31,115.15,146.57,311.67,0.88474,-1,-1,-1
311,124,459.87,177.32,38.58,116.46,0.74714,-1,-1,-1
311,94,109.49,82.71,174.74,397.29,0.84173,-1,-1,-1
311,78,46.60,77.26,104.29,351.99,0.82395,-1,-1,-1
311,113,0.66,153.34,43.61,154.65,0.52369,-1,-1,-1
312,116,394.83,156.05,62.10,160.65,0.72264,-1,-1,-1
312,119,362.90,188.68,57.09,133.14,0.61595,-1,-1,-1
312,120,295.55,151.42,86.51,176.54,0.88181,-1,-1,-1
312,121,485.33,108.01,150.02,326.63,0.89263,-1,-1,-1
312,124,453.42,177.77,38.15,114.99,0.73324,-1,-1,-1
312,94,109.22,72.53,171.46,405.74,0.88112,-1,-1,-1
312,118,0.00,50.67,121.27,408.57,0.89976,-1,-1,-1
313,116,396.05,156.27,62.36,162.04,0.73329,-1,-1,-1
313,119,360.58,188.70,57.26,136.17,0.68211,-1,-1,-1
313,120,294.45,150.75,87.47,179.65,0.84231,-1,-1,-1
313,121,481.01,97.71,153.95,343.54,0.88048,-1,-1,-1
313,124,447.31,177.87,39.62,113.57,0.71249,-1,-1,-1
313,94,103.44,73.07,174.35,406.93,0.87857,-1,-1,-1
313,118,0.00,55.26,107.38,406.80,0.88632,-1,-1,-1
314,116,398.02,155.66,62.03,164.14,0.78147,-1,-1,-1
314,119,362.96,186.45,53.76,139.07,0.70399,-1,-1,-1
314,120,297.34,149.71,86.34,182.91,0.81877,-1,-1,-1
314,121,477.48,87.18,158.86,360.13,0.87147,-1,-1,-1
314,124,444.21,177.48,37.97,113.42,0.65668,-1,-1,-1
314,94,100.76,71.21,177.44,408.79,0.87120,-1,-1,-1
314,118,0.00,48.63,90.01,421.70,0.81911,-1,-1,-1
315,116,403.52,159.60,65.89,164.73,0.74050,-1,-1,-1
315,119,371.40,190.20,50.64,144.17,0.67928,-1,-1,-1
315,120,307.75,152.35,72.67,187.47,0.80288,-1,-1,-1
315,121,476.56,81.13,163.44,388.27,0.89829,-1,-1,-1
315,94,104.85,71.78,176.47,408.22,0.88826,-1,-1,-1
315,78,2.83,143.87,91.48,203.69,0.75852,-1,-1,-1
316,116,412.91,156.66,63.13,162.13,0.71894,-1,-1,-1
316,119,375.01,187.65,65.64,144.90,0.81786,-1,-1,-1
316,120,316.98,147.08,68.98,190.21,0.78218,-1,-1,-1
316,121,477.14,69.71,162.86,405.14,0.90180,-1,-1,-1
316,94,114.28,67.86,177.20,411.10,0.89368,-1,-1,-1
316,78,16.05,146.37,70.29,180.43,0.80008,-1,-1,-1
317,116,427.61,155.33,60.67,168.63,0.72890,-1,-1,-1
317,119,387.32,187.64,74.48,150.27,0.54701,-1,-1,-1
317,120,325.11,143.14,77.05,198.95,0.84101,-1,-1,-1
317,121,488.04,54.12,151.96,425.88,0.92161,-1,-1,-1
317,94,119.29,63.97,180.30,416.03,0.89705,-1,-1,-1
317,78,24.88,146.32,58.76,177.52,0.84100,-1,-1,-1
318,116,435.72,155.87,59.54,168.29,0.74517,-1,-1,-1
318,119,397.19,185.79,75.23,152.44,0.76342,-1,-1,-1
318,120,328.77,141.52,82.38,201.68,0.86166,-1,-1,-1
318,121,491.65,43.14,148.35,436.86,0.91928,-1,-1,-1
318,94,125.66,66.41,183.93,413.59,0.84622,-1,-1,-1
318,78,30.75,147.93,57.61,176.06,0.83508,-1,-1,-1
319,116,445.94,149.94,60.65,170.96,0.66678,-1,-1,-1
319,119,409.23,182.97,75.97,152.75,0.56386,-1,-1,-1
319,120,334.28,129.57,93.53,213.02,0.86641,-1,-1,-1
319,121,501.21,20.38,138.79,459.62,0.91288,-1,-1,-1
319,94,134.13,70.48,184.44,409.52,0.87667,-1,-1,-1
319,78,36.42,148.99,60.08,174.52,0.82638,-1,-1,-1
320,116,458.05,145.50,59.36,174.37,0.47201,-1,-1,-1
320,119,420.59,174.43,68.97,159.24,0.68897,-1,-1,-1
320,120,336.50,128.80,100.30,211.56,0.88614,-1,-1,-1
320,121,513.85,3.71,126.15,476.29,0.88492,-1,-1,-1
320,94,146.36,72.82,178.87,405.40,0.86480,-1,-1,-1
320,78,36.03,144.70,67.84,174.30,0.81780,-1,-1,-1
321,119,453.90,170.52,51.17,162.88,0.54108,-1,-1,-1
321,120,347.40,122.96,104.39,217.89,0.88606,-1,-1,-1
321,121,543.24,26.93,96.76,453.07,0.34730,-1,-1,-1
321,94,165.66,57.62,173.61,422.38,0.87055,-1,-1,-1
321,78,42.75,137.38,69.77,177.91,0.86342,-1,-1,-1
322,119,473.83,160.61,62.07,170.74,0.67800,-1,-1,-1
322,120,359.34,114.52,106.00,222.43,0.85884,-1,-1,-1
322,94,181.17,45.89,172.71,434.11,0.88010,-1,-1,-1
322,78,54.02,130.37,67.10,177.87,0.82292,-1,-1,-1
322,131,544.76,157.00,40.16,137.87,0.48159,-1,-1,-1
322,132,147.83,111.50,67.56,196.76,0.74557,-1,-1,-1
322,133,344.58,155.75,48.22,135.65,0.53378,-1,-1,-1
322,108,593.50,61.42,46.50,261.57,0.74857,-1,-1,-1
323,119,483.92,161.25,63.43,170.92,0.57364,-1,-1,-1
323,120,378.89,113.18,98.82,225.78,0.86102,-1,-1,-1
323,94,194.57,41.81,173.40,438.19,0.90096,-1,-1,-1
323,78,69.41,127.61,61.16,175.13,0.82003,-1,-1,-1
323,131,545.22,152.14,53.55,143.58,0.50391,-1,-1,-1
323,132,143.99,104.99,76.50,213.59,0.83538,-1,-1,-1
323,133,358.62,156.23,50.30,117.45,0.43573,-1,-1,-1
323,134,467.33,164.88,36.62,108.52,0.71318,-1,-1,-1
324,119,490.54,157.08,88.61,174.63,0.78570,-1,-1,-1
324,120,397.18,108.01,87.74,229.65,0.82473,-1,-1,-1
324,94,202.88,33.83,176.60,446.17,0.90339,-1,-1,-1
324,78,76.81,123.51,59.46,174.67,0.79557,-1,-1,-1
324,132,137.57,97.44,83.19,223.37,0.83359,-1,-1,-1
324,133,369.41,150.19,52.82,159.69,0.56615,-1,-1,-1
324,134,473.37,162.62,35.38,108.49,0.67499,-1,-1,-1
325,119,505.15,153.44,91.30,178.04,0.76769,-1,-1,-1
325,120,415.09,101.91,79.98,236.34,0.80885,-1,-1,-1
325,94,212.47,32.54,178.37,447.46,0.90656,-1,-1,-1
325,78,70.06,122.48,70.76,174.97,0.79497,-1,-1,-1
325,132,127.11,91.83,87.52,239.49,0.83809,-1,-1,-1
325,133,379.00,145.24,52.96,174.96,0.72688,-1,-1,-1
326,119,524.03,151.75,84.43,180.77,0.69759,-1,-1,-1
326,120,428.76,98.94,76.81,243.23,0.86557,-1,-1,-1
326,94,215.86,34.96,181.77,445.04,0.89922,-1,-1,-1
326,78,67.05,124.16,80.43,176.80,0.71250,-1,-1,-1
326,132,117.43,89.01,91.48,249.55,0.81854,-1,-1,-1
326,133,387.16,142.92,51.61,181.92,0.66947,-1,-1,-1
326,136,581.64,165.45,37.89,149.41,0.45820,-1,-1,-1
326,116,514.42,118.26,74.55,197.15,0.44456,-1,-1,-1
327,119,550.87,145.79,74.69,183.73,0.81581,-1,-1,-1
327,120,433.08,94.22,83.63,248.20,0.88801,-1,-1,-1
327,94,217.96,36.23,185.20,442.88,0.88328,-1,-1,-1
327,78,69.66,124.01,74.13,175.38,0.63873,-1,-1,-1
327,132,101.57,82.14,96.22,259.29,0.87080,-1,-1,-1
327,133,392.94,139.58,52.79,183.87,0.72885,-1,-1,-1
327,116,514.62,114.13,82.50,200.22,0.76780,-1,-1,-1
327,113,0.00,124.48,30.05,161.29,0.77005,-1,-1,-1
328,119,563.88,144.29,72.72,189.70,0.78245,-1,-1,-1
328,120,430.95,93.40,95.21,251.40,0.87878,-1,-1,-1
328,94,210.98,39.58,198.62,438.04,0.83969,-1,-1,-1
328,132,88.24,78.21,94.93,275.22,0.78553,-1,-1,-1
328,133,399.20,138.75,49.89,153.41,0.30286,-1,-1,-1
328,116,516.79,112.18,87.34,208.82,0.42387,-1,-1,-1
328,113,0.00,124.35,31.06,159.79,0.75837,-1,-1,-1
328,124,512.99,137.48,46.42,157.82,0.40901,-1,-1,-1
329,119,564.53,146.07,74.33,190.86,0.80775,-1,-1,-1
329,120,425.54,92.64,102.42,255.06,0.89390,-1,-1,-1
329,94,217.31,39.55,193.96,440.44,0.82341,-1,-1,-1
329,132,58.67,69.25,106.56,290.36,0.87523,-1,-1,-1
329,133,404.87,137.54,46.59,144.57,0.42123,-1,-1,-1
329,116,528.00,109.51,77.96,209.99,0.51678,-1,-1,-1
329,113,0.00,122.43,39.67,158.07,0.76958,-1,-1,-1
329,124,509.70,138.44,51.91,157.38,0.49473,-1,-1,-1
330,119,568.10,149.47,71.90,194.72,0.77783,-1,-1,-1
330,120,426.30,92.90,106.78,263.83,0.88726,-1,-1,-1
330,94,233.34,35.20,186.64,444.80,0.85079,-1,-1,-1
330,132,40.64,61.31,110.30,310.81,0.83808,-1,-1,-1
330,133,412.21,139.49,47.56,152.19,0.51499,-1,-1,-1
330,116,548.94,109.19,66.10,219.12,0.57416,-1,-1,-1
330,113,0.00,126.59,40.55,159.36,0.63702,-1,-1,-1
330,124,508.27,139.12,58.17,163.32,0.66367,-1,-1,-1
331,120,430.42,92.48,105.30,267.54,0.86931,-1,-1,-1
331,94,240.58,32.32,185.02,447.68,0.86603,-1,-1,-1
331,132,22.48,53.63,116.34,324.26,0.86420,-1,-1,-1
331,133,402.33,140.50,65.71,181.57,0.66559,-1,-1,-1
331,116,562.34,109.11,60.16,227.87,0.74022,-1,-1,-1
331,113,0.00,129.78,44.37,159.97,0.62174,-1,-1,-1
331,124,504.48,138.02,62.23,165.03,0.57300,-1,-1,-1
332,120,443.74,87.09,102.22,268.92,0.86477,-1,-1,-1
332,94,241.40,27.04,188.71,452.96,0.91266,-1,-1,-1
332,132,2.32,43.17,117.72,340.85,0.88501,-1,-1,-1
332,133,411.68,135.75,63.46,195.88,0.68372,-1,-1,-1
332,116,565.36,103.66,70.15,225.06,0.79985,-1,-1,-1
333,120,454.10,87.55,91.27,268.11,0.83946,-1,-1,-1
333,94,244.37,26.03,183.53,453.97,0.89303,-1,-1,-1
333,132,0.00,35.28,102.54,353.34,0.91645,-1,-1,-1
333,133,421.18,133.44,57.02,205.84,0.79979,-1,-1,-1
333,116,563.33,107.38,76.67,227.04,0.87017,-1,-1,-1
334,120,459.56,83.74,91.81,271.72,0.87874,-1,-1,-1
334,94,240.84,27.71,180.51,452.29,0.89554,-1,-1,-1
334,132,0.00,24.36,71.81,368.19,0.88677,-1,-1,-1
334,133,418.82,130.48,59.78,212.85,0.84722,-1,-1,-1
334,116,555.01,107.98,83.89,224.74,0.90069,-1,-1,-1
334,78,38.28,120.15,60.85,177.68,0.69776,-1,-1,-1
335,120,464.55,84.23,90.80,273.11,0.83576,-1,-1,-1
335,94,241.66,29.20,179.13,449.54,0.90595,-1,-1,-1
335,132,0.00,35.76,51.00,365.17,0.83294,-1,-1,-1
335,133,418.83,131.89,58.66,216.32,0.69619,-1,-1,-1
335,116,552.09,110.36,87.91,222.82,0.89551,-1,-1,-1
335,138,78.26,175.47,29.34,88.20,0.41011,-1,-1,-1
335,78,29.77,121.02,68.64,180.54,0.73759,-1,-1,-1
336,120,464.88,79.01,96.67,274.22,0.84864,-1,-1,-1
336,94,241.11,23.96,176.34,452.11,0.90504,-1,-1,-1
336,133,412.97,128.78,73.61,220.48,0.65497,-1,-1,-1
336,116,551.35,106.03,87.81,225.10,0.88251,-1,-1,-1
336,78,25.71,115.66,63.41,179.04,0.75209,-1,-1,-1
336,113,0.00,120.88,39.91,173.99,0.38933,-1,-1,-1
337,120,467.93,70.25,109.98,275.93,0.84422,-1,-1,-1
337,94,241.61,14.10,181.85,462.90,0.91295,-1,-1,-1
337,133,413.97,119.74,88.35,229.86,0.76217,-1,-1,-1
337,116,566.75,97.02,73.25,224.64,0.87238,-1,-1,-1
337,78,26.35,111.10,59.15,176.53,0.84233,-1,-1,-1
338,120,470.10,70.12,113.64,282.16,0.84067,-1,-1,-1
338,94,241.95,19.19,184.40,459.89,0.90277,-1,-1,-1
338,133,421.84,118.49,79.40,229.84,0.76883,-1,-1,-1
338,116,586.71,98.11,53.29,223.30,0.80106,-1,-1,-1
338,78,25.09,113.93,61.40,178.10,0.82753,-1,-1,-1
338,113,0.75,155.74,36.94,136.06,0.62441,-1,-1,-1
339,120,470.17,68.22,117.79,288.15,0.86807,-1,-1,-1
339,94,242.74,17.39,186.11,462.52,0.90622,-1,-1,-1
339,133,431.06,115.92,75.48,227.16,0.76800,-1,-1,-1
339,116,595.47,95.05,44.53,227.99,0.84863,-1,-1,-1
339,78,23.94,113.37,62.72,180.54,0.82769,-1,-1,-1
339,142,193.84,210.63,14.06,28.05,0.43564,-1,-1,-1
339,113,1.20,155.84,29.36,135.71,0.40173,-1,-1,-1
340,120,469.56,66.90,126.61,289.68,0.87703,-1,-1,-1
340,94,243.09,13.69,189.35,465.03,0.88639,-1,-1,-1
340,133,430.71,111.00,61.69,208.06,0.76680,-1,-1,-1
340,116,602.27,94.15,37.73,229.02,0.81751,-1,-1,-1
340,78,16.83,112.71,84.37,181.71,0.84140,-1,-1,-1
340,142,188.30,200.90,15.52,37.79,0.44819,-1,-1,-1
340,113,1.15,127.54,23.94,161.79,0.53795,-1,-1,-1
340,134,460.26,116.99,53.92,213.44,0.71301,-1,-1,-1
341,120,491.45,65.51,123.39,295.66,0.86179,-1,-1,-1
341,94,250.81,14.00,187.68,466.00,0.87154,-1,-1,-1
341,133,436.64,108.48,56.38,211.59,0.78002,-1,-1,-1
341,78,8.23,115.83,103.00,182.95,0.86395,-1,-1,-1
341,113,1.14,119.16,26.49,171.25,0.69628,-1,-1,-1
341,143,231.35,173.31,25.46,81.71,0.62540,-1,-1,-1
341,134,473.26,118.33,54.56,224.17,0.71913,-1,-1,-1
341,136,610.15,120.39,29.73,208.45,0.66312,-1,-1,-1
342,120,511.27,60.87,118.17,298.48,0.81528,-1,-1,-1
342,94,254.47,13.68,191.70,464.85,0.84054,-1,-1,-1
342,133,436.03,104.10,62.86,216.51,0.71811,-1,-1,-1
342,78,5.21,116.26,110.88,181.52,0.88650,-1,-1,-1
342,113,3.04,113.49,33.32,176.36,0.70666,-1,-1,-1
342,143,229.88,170.61,32.62,85.47,0.69556,-1,-1,-1
342,134,483.14,113.48,59.07,234.00,0.80023,-1,-1,-1
342,136,612.93,108.51,27.07,219.82,0.47863,-1,-1,-1
343,120,539.13,60.92,100.87,305.96,0.85109,-1,-1,-1
343,94,253.62,17.05,207.74,462.95,0.82431,-1,-1,-1
343,133,450.36,104.67,59.78,219.77,0.79980,-1,-1,-1
343,78,18.43,120.22,98.50,176.31,0.84320,-1,-1,-1
343,113,3.54,117.43,45.17,181.85,0.76946,-1,-1,-1
343,143,225.68,173.74,37.39,88.67,0.76006,-1,-1,-1
343,124,496.89,117.64,72.50,238.89,0.77839,-1,-1,-1
344,120,554.93,59.70,85.07,312.65,0.88753,-1,-1,-1
344,94,258.54,16.52,211.55,462.62,0.83836,-1,-1,-1
344,133,458.48,103.94,57.74,226.04,0.73930,-1,-1,-1
344,78,31.80,120.66,82.67,176.30,0.81415,-1,-1,-1
344,113,4.13,119.54,52.33,179.91,0.76150,-1,-1,-1
344,143,220.95,173.31,38.27,90.45,0.76988,-1,-1,-1
345,120,572.51,56.02,67.49,318.10,0.87833,-1,-1,-1
345,94,270.84,8.21,213.52,467.54,0.80888,-1,-1,-1
345,133,465.74,98.55,51.75,232.07,0.47309,-1,-1,-1
345,78,54.29,116.39,61.03,178.06,0.80484,-1,-1,-1
345,113,4.75,119.61,62.89,174.80,0.84030,-1,-1,-1
345,143,211.74,169.54,43.85,93.68,0.74599,-1,-1,-1
345,145,187.22,199.84,16.00,41.44,0.32160,-1,-1,-1
345,124,510.74,117.62,78.68,241.57,0.82871,-1,-1,-1
346,120,594.98,59.48,45.02,326.60,0.76317,-1,-1,-1
346,94,293.09,8.14,203.51,471.86,0.79702,-1,-1,-1
346,133,466.92,103.11,54.51,242.25,0.49295,-1,-1,-1
346,78,71.36,124.65,52.63,178.86,0.77726,-1,-1,-1
346,113,5.82,129.64,72.81,172.74,0.84452,-1,-1,-1
346,143,210.13,175.97,47.74,95.91,0.79300,-1,-1,-1
346,131,543.33,116.02,84.00,255.62,0.79407,-1,-1,-1
347,94,305.18,3.45,205.92,475.60,0.83274,-1,-1,-1
347,133,485.82,98.01,56.43,246.63,0.44434,-1,-1,-1
347,78,84.70,127.91,59.74,177.56,0.83741,-1,-1,-1
347,113,11.91,130.09,76.84,174.44,0.82437,-1,-1,-1
347,143,213.35,176.10,47.08,97.03,0.75687,-1,-1,-1
347,131,564.36,113.91,73.91,262.17,0.81297,-1,-1,-1
347,145,196.36,206.59,18.01,43.02,0.34538,-1,-1,-1
348,94,314.62,0.00,206.63,478.17,0.77662,-1,-1,-1
348,133,493.92,87.29,75.10,260.81,0.30408,-1,-1,-1
348,78,88.15,127.64,71.96,175.22,0.86894,-1,-1,-1
348,113,23.29,126.45,70.75,174.89,0.77008,-1,-1,-1
348,143,214.23,171.45,44.54,99.81,0.65729,-1,-1,-1
348,131,580.43,107.50,59.57,261.51,0.84726,-1,-1,-1
349,94,319.58,1.44,206.79,477.48,0.80678,-1,-1,-1
349,133,500.55,84.78,68.15,274.77,0.54972,-1,-1,-1
349,78,89.02,131.91,80.39,170.91,0.83566,-1,-1,-1
349,113,42.80,127.36,61.02,175.36,0.78520,-1,-1,-1
349,143,208.55,171.34,44.50,102.21,0.54842,-1,-1,-1
349,131,594.26,112.15,45.74,260.95,0.71973,-1,-1,-1
350,94,322.02,0.93,206.58,478.70,0.85545,-1,-1,-1
350,133,508.03,80.16,61.13,293.58,0.79844,-1,-1,-1
350,78,89.08,131.41,83.84,172.89,0.85132,-1,-1,-1
350,113,51.34,128.54,57.25,172.86,0.78576,-1,-1,-1
350,143,203.84,170.26,44.42,104.35,0.67471,-1,-1,-1
350,131,606.25,127.14,33.75,247.95,0.62896,-1,-1,-1
350,146,25.64,158.42,35.73,117.91,0.53088,-1,-1,-1
351,94,324.34,0.00,209.39,479.51,0.84007,-1,-1,-1
351,133,514.05,67.51,64.69,319.50,0.76991,-1,-1,-1
351,78,110.34,127.62,64.48,171.36,0.80501,-1,-1,-1
351,113,53.33,127.12,75.92,171.34,0.84586,-1,-1,-1
351,143,199.07,167.49,45.47,104.71,0.69172,-1,-1,-1
351,146,23.65,154.41,41.10,119.82,0.58962,-1,-1,-1
352,94,327.24,0.12,200.72,477.08,0.83054,-1,-1,-1
352,133,514.34,60.25,81.85,339.25,0.56149,-1,-1,-1
352,78,129.49,125.67,54.73,170.10,0.82387,-1,-1,-1
352,113,56.24,128.28,91.24,167.40,0.88716,-1,-1,-1
352,143,195.34,165.09,46.58,107.36,0.77212,-1,-1,-1
352,146,25.54,151.62,46.42,120.67,0.34937,-1,-1,-1
353,94,331.15,0.00,203.04,476.58,0.84041,-1,-1,-1
353,133,518.07,49.76,97.36,362.51,0.86870,-1,-1,-1
353,78,143.29,121.28,54.34,170.70,0.81786,-1,-1,-1
353,113,60.76,128.58,94.28,163.49,0.87607,-1,-1,-1
353,143,195.70,160.13,44.94,109.34,0.57056,-1,-1,-1
353,146,27.77,144.96,45.28,123.80,0.32837,-1,-1,-1
353,148,0.75,91.03,37.33,255.02,0.78400,-1,-1,-1
354,94,332.26,1.95,208.68,476.11,0.83944,-1,-1,-1
354,133,523.98,45.46,109.20,379.51,0.90404,-1,-1,-1
354,78,152.71,126.18,60.01,170.72,0.83228,-1,-1,-1
354,113,67.45,133.59,91.72,162.57,0.84255,-1,-1,-1
354,143,196.33,164.14,40.70,107.46,0.68424,-1,-1,-1
354,148,1.04,90.12,42.65,261.56,0.76087,-1,-1,-1
354,149,530.61,57.73,38.29,69.31,0.51314,-1,-1,-1
355,94,331.29,2.34,219.75,475.50,0.70528,-1,-1,-1
355,133,541.36,37.27,98.64,399.86,0.89238,-1,-1,-1
355,78,156.05,133.46,78.49,167.65,0.86193,-1,-1,-1
355,113,88.78,135.44,82.15,162.49,0.83686,-1,-1,-1
355,148,0.50,75.94,64.70,291.97,0.84932,-1,-1,-1
355,149,536.25,50.91,45.13,100.14,0.56142,-1,-1,-1
356,94,329.25,0.00,230.94,471.34,0.66227,-1,-1,-1
356,133,554.07,18.07,85.93,418.26,0.89514,-1,-1,-1
356,78,153.77,129.50,86.77,166.37,0.86279,-1,-1,-1
356,113,106.20,128.02,68.24,163.28,0.79017,-1,-1,-1
356,148,0.00,48.40,75.42,314.76,0.87040,-1,-1,-1
357,94,326.74,0.00,234.64,475.49,0.75105,-1,-1,-1
357,133,569.30,10.90,70.70,453.78,0.79567,-1,-1,-1
357,78,157.46,126.53,82.67,166.50,0.83815,-1,-1,-1
357,113,121.00,125.80,59.72,161.55,0.79522,-1,-1,-1
357,148,0.00,37.75,95.50,316.85,0.91158,-1,-1,-1
358,94,328.12,1.62,236.93,477.52,0.79723,-1,-1,-1
358,133,582.10,43.79,57.90,413.43,0.79063,-1,-1,-1
358,78,169.28,130.49,69.44,164.82,0.71429,-1,-1,-1
358,113,127.04,131.26,59.98,161.53,0.84147,-1,-1,-1
358,148,0.00,40.50,107.08,314.58,0.90611,-1,-1,-1
358,124,535.48,22.74,79.89,372.62,0.82440,-1,-1,-1
359,94,327.84,20.60,233.78,459.40,0.83294,-1,-1,-1
359,133,590.50,80.90,49.28,384.84,0.78968,-1,-1,-1
359,78,183.10,154.50,53.70,162.77,0.78420,-1,-1,-1
359,113,122.99,158.50,70.66,157.80,0.84349,-1,-1,-1
359,148,0.00,72.21,106.85,308.60,0.91162,-1,-1,-1
359,124,530.65,42.70,81.81,382.16,0.85999,-1,-1,-1
360,94,331.36,28.30,231.46,451.70,0.81298,-1,-1,-1
360,78,192.62,161.58,44.94,163.98,0.80113,-1,-1,-1
360,113,121.78,163.59,74.46,161.81,0.84021,-1,-1,-1
360,148,0.00,81.05,102.50,310.10,0.90743,-1,-1,-1
360,124,533.67,43.55,92.92,399.83,0.85342,-1,-1,-1
361,94,331.98,19.64,228.23,455.63,0.80660,-1,-1,-1
361,78,189.87,157.06,46.74,164.63,0.83049,-1,-1,-1
361,113,117.40,159.91,72.35,161.41,0.80320,-1,-1,-1
361,148,0.00,73.07,92.97,316.46,0.91806,-1,-1,-1
361,124,527.48,24.99,106.33,418.51,0.88744,-1,-1,-1
362,94,333.07,12.00,224.47,463.02,0.82187,-1,-1,-1
362,78,183.75,153.34,52.26,163.37,0.86500,-1,-1,-1
362,148,0.00,64.02,90.68,322.94,0.89956,-1,-1,-1
362,124,524.89,4.91,111.54,439.04,0.88708,-1,-1,-1
362,143,135.54,155.31,48.08,153.36,0.71981,-1,-1,-1
363,94,339.39,13.23,222.31,461.96,0.87051,-1,-1,-1
363,78,183.35,157.08,58.92,162.42,0.81071,-1,-1,-1
363,148,0.00,66.35,99.24,326.32,0.89852,-1,-1,-1
363,124,530.38,0.35,109.62,450.90,0.87366,-1,-1,-1
363,152,99.59,174.80,45.26,135.06,0.74324,-1,-1,-1
363,143,136.84,155.66,48.01,156.06,0.78498,-1,-1,-1
364,94,349.33,18.17,212.64,459.61,0.83100,-1,-1,-1
364,78,184.33,164.15,59.60,163.32,0.82907,-1,-1,-1
364,148,0.00,73.92,104.69,329.46,0.88004,-1,-1,-1
364,124,540.74,1.16,99.26,471.88,0.82560,-1,-1,-1
364,152,94.65,180.47,46.42,137.60,0.71177,-1,-1,-1
364,143,140.76,162.31,47.78,158.41,0.80705,-1,-1,-1
365,94,351.62,21.31,205.94,458.52,0.86412,-1,-1,-1
365,78,190.23,168.95,52.96,161.17,0.83701,-1,-1,-1
365,148,0.00,81.43,105.43,327.34,0.88475,-1,-1,-1
365,124,545.34,23.20,94.66,456.71,0.82468,-1,-1,-1
365,152,83.54,179.57,49.64,144.13,0.38477,-1,-1,-1
365,143,139.36,167.45,51.80,159.17,0.83739,-1,-1,-1
366,94,351.04,14.32,199.80,463.97,0.80886,-1,-1,-1
366,78,191.33,155.47,49.31,161.26,0.85337,-1,-1,-1
366,148,0.00,68.46,100.88,327.36,0.88326,-1,-1,-1
366,124,563.37,21.10,75.55,457.10,0.85440,-1,-1,-1
367,94,359.12,10.36,199.91,467.01,0.78350,-1,-1,-1
367,78,201.49,147.37,49.14,159.75,0.81169,-1,-1,-1
367,148,0.45,60.58,111.79,325.10,0.68874,-1,-1,-1
367,124,590.27,27.05,49.73,452.32,0.42234,-1,-1,-1
367,113,132.37,151.61,76.09,152.74,0.86843,-1,-1,-1
368,94,369.85,13.17,204.63,462.07,0.79759,-1,-1,-1
368,78,213.85,147.77,53.32,160.19,0.83684,-1,-1,-1
368,148,3.83,64.24,121.18,324.16,0.90836,-1,-1,-1
368,113,143.86,154.50,73.92,151.07,0.87362,-1,-1,-1
369,94,381.71,16.06,208.79,461.30,0.79938,-1,-1,-1
369,78,224.71,155.44,62.75,159.21,0.87917,-1,-1,-1
369,148,5.39,75.51,133.92,314.08,0.90811,-1,-1,-1
369,113,160.32,160.76,70.39,151.22,0.83581,-1,-1,-1
370,94,379.04,25.44,168.92,448.13,0.35320,-1,-1,-1
370,78,223.54,160.37,66.81,157.50,0.87308,-1,-1,-1
370,148,1.50,77.51,138.15,308.38,0.90450,-1,-1,-1
370,113,172.33,162.26,61.67,149.65,0.80467,-1,-1,-1
371,94,378.88,12.79,213.89,464.48,0.72376,-1,-1,-1
371,78,223.69,159.76,66.64,157.32,0.86017,-1,-1,-1
371,148,0.04,74.53,138.34,308.76,0.89335,-1,-1,-1
371,113,185.24,158.11,52.72,152.08,0.80995,-1,-1,-1
372,94,389.62,4.29,230.04,470.80,0.77423,-1,-1,-1
372,78,231.45,159.18,63.81,155.50,0.83085,-1,-1,-1
372,148,6.64,73.27,136.41,307.92,0.88836,-1,-1,-1
372,113,195.61,158.00,50.52,151.39,0.83876,-1,-1,-1
373,94,392.67,0.77,245.35,475.18,0.77285,-1,-1,-1
373,78,246.98,158.11,59.30,156.36,0.81026,-1,-1,-1
373,148,17.72,78.28,136.20,307.37,0.87673,-1,-1,-1
373,113,206.84,158.93,53.31,150.75,0.78662,-1,-1,-1
373,158,1.12,121.15,39.63,257.72,0.57488,-1,-1,-1
374,94,397.35,0.19,242.65,477.49,0.80503,-1,-1,-1
374,78,263.94,158.90,50.35,156.34,0.81482,-1,-1,-1
374,148,25.67,83.74,136.65,309.05,0.91345,-1,-1,-1
374,113,214.54,163.36,57.73,148.00,0.82907,-1,-1,-1
374,158,1.39,110.47,46.69,271.13,0.81106,-1,-1,-1
374,159,187.25,221.00,20.31,49.03,0.64569,-1,-1,-1
375,94,411.42,0.00,228.58,477.49,0.83311,-1,-1,-1
375,78,273.18,157.54,46.47,156.45,0.81909,-1,-1,-1
375,148,29.90,80.94,132.74,315.19,0.90868,-1,-1,-1
375,113,217.81,163.47,59.27,146.89,0.82503,-1,-1,-1
375,158,0.65,102.82,51.03,279.73,0.84082,-1,-1,-1
375,159,188.51,220.76,18.45,47.87,0.44937,-1,-1,-1
376,94,423.82,0.00,216.18,479.32,0.87027,-1,-1,-1
376,78,278.40,158.49,45.25,154.88,0.81132,-1,-1,-1
376,148,33.40,79.44,132.01,314.15,0.89942,-1,-1,-1
376,113,222.49,162.22,56.23,148.66,0.82773,-1,-1,-1
376,158,0.00,98.49,57.84,283.39,0.84706,-1,-1,-1
376,159,187.52,219.00,18.52,48.34,0.49002,-1,-1,-1
377,94,446.29,11.13,193.71,468.10,0.82712,-1,-1,-1
377,78,280.91,159.77,46.58,154.14,0.82178,-1,-1,-1
377,148,35.24,74.52,136.20,315.18,0.90361,-1,-1,-1
377,113,229.24,159.95,50.40,146.65,0.84083,-1,-1,-1
377,158,0.00,95.29,63.39,289.97,0.86908,-1,-1,-1
377,159,186.02,217.40,19.72,49.40,0.52970,-1,-1,-1
377,160,445.78,192.38,39.97,89.50,0.69469,-1,-1,-1
378,94,472.00,21.86,168.00,456.84,0.78250,-1,-1,-1
378,78,283.01,159.91,47.59,155.22,0.78867,-1,-1,-1
378,148,41.27,73.05,133.89,309.08,0.90423,-1,-1,-1
378,113,234.33,159.45,46.23,147.19,0.80895,-1,-1,-1
378,158,0.00,94.75,66.33,292.61,0.84177,-1,-1,-1
378,159,186.08,217.13,19.15,49.10,0.40052,-1,-1,-1
378,160,447.50,192.92,39.83,91.07,0.74702,-1,-1,-1
379,94,498.19,34.55,141.81,444.83,0.82345,-1,-1,-1
379,78,287.39,156.33,47.24,154.88,0.82505,-1,-1,-1
379,148,43.11,70.03,131.62,311.01,0.90897,-1,-1,-1
379,113,237.87,157.87,44.23,147.67,0.75835,-1,-1,-1
379,158,0.00,93.33,59.27,283.68,0.83159,-1,-1,-1
379,160,446.84,191.19,41.22,89.29,0.73577,-1,-1,-1
380,94,526.10,50.39,113.90,429.61,0.79787,-1,-1,-1
380,78,291.49,159.16,45.71,153.87,0.85345,-1,-1,-1
380,148,41.43,72.10,130.82,316.12,0.90909,-1,-1,-1
380,113,238.94,161.46,50.41,147.92,0.77771,-1,-1,-1
380,158,0.00,98.45,56.24,281.46,0.83078,-1,-1,-1
380,160,444.83,193.38,41.21,91.06,0.76004,-1,-1,-1
381,94,549.59,72.48,90.41,407.52,0.85136,-1,-1,-1
381,78,293.61,161.91,45.89,154.77,0.83945,-1,-1,-1
381,148,38.42,75.23,128.86,322.21,0.90093,-1,-1,-1
381,113,237.07,167.78,56.23,146.01,0.80342,-1,-1,-1
381,158,0.00,108.07,51.04,275.38,0.80987,-1,-1,-1
381,160,443.13,195.99,42.02,91.67,0.65354,-1,-1,-1
381,161,508.60,165.15,64.81,166.98,0.79918,-1,-1,-1
381,159,172.90,219.16,20.96,53.18,0.35340,-1,-1,-1
382,94,572.78,105.97,67.22,372.18,0.81722,-1,-1,-1
382,78,293.09,159.52,50.30,156.71,0.83031,-1,-1,-1
382,148,33.77,74.56,126.00,329.26,0.89280,-1,-1,-1
382,113,233.67,168.72,58.09,144.87,0.78736,-1,-1,-1
382,158,0.00,119.11,42.27,230.34,0.77457,-1,-1,-1
382,160,445.93,194.73,39.37,90.89,0.55425,-1,-1,-1
382,161,508.14,163.60,74.51,171.73,0.82066,-1,-1,-1
383,94,592.04,198.94,47.75,280.31,0.67363,-1,-1,-1
383,78,290.85,161.36,55.84,159.17,0.86099,-1,-1,-1
383,148,24.13,75.82,126.07,335.95,0.90235,-1,-1,-1
383,113,229.72,171.74,58.88,145.03,0.83258,-1,-1,-1
383,158,0.00,133.73,37.42,205.69,0.72748,-1,-1,-1
383,160,442.88,199.56,37.20,87.66,0.51709,-1,-1,-1
383,161,503.97,163.76,86.40,178.66,0.84323,-1,-1,-1
384,78,284.61,160.15,56.27,158.90,0.88187,-1,-1,-1
384,148,7.77,71.93,126.86,337.32,0.89924,-1,-1,-1
384,113,227.95,166.87,58.72,145.37,0.81653,-1,-1,-1
384,158,0.00,165.74,25.05,158.03,0.56230,-1,-1,-1
384,160,434.10,196.40,41.52,88.14,0.59530,-1,-1,-1
384,161,505.40,154.55,86.18,186.03,0.86920,-1,-1,-1
385,78,284.50,159.71,56.05,158.26,0.86959,-1,-1,-1
385,148,1.60,67.78,127.13,335.71,0.91652,-1,-1,-1
385,113,233.91,163.54,54.07,145.93,0.82324,-1,-1,-1
385,160,432.75,194.60,42.33,86.93,0.72441,-1,-1,-1
385,161,510.59,148.89,82.82,192.37,0.84829,-1,-1,-1
386,78,283.99,157.73,54.70,158.37,0.86771,-1,-1,-1
386,148,0.00,63.65,121.21,338.22,0.91768,-1,-1,-1
386,113,236.58,160.56,51.48,148.80,0.81067,-1,-1,-1
386,160,428.26,192.24,43.21,86.88,0.69661,-1,-1,-1
386,161,519.82,144.13,66.34,203.88,0.85149,-1,-1,-1
387,78,285.82,153.84,49.62,159.19,0.83990,-1,-1,-1
387,148,0.00,58.22,116.12,347.32,0.91543,-1,-1,-1
387,113,234.60,159.01,53.20,149.23,0.81946,-1,-1,-1
387,160,421.80,190.63,42.38,87.04,0.68558,-1,-1,-1
387,161,522.18,137.83,68.11,218.11,0.87245,-1,-1,-1
388,78,287.89,155.16,45.78,159.92,0.80396,-1,-1,-1
388,148,0.00,57.46,111.40,355.53,0.90806,-1,-1,-1
388,113,234.75,162.76,52.06,147.71,0.85932,-1,-1,-1
388,160,418.01,191.17,40.76,88.84,0.59621,-1,-1,-1
388,161,522.43,136.13,69.51,228.79,0.86170,-1,-1,-1
389,78,285.17,162.28,45.34,159.80,0.76794,-1,-1,-1
389,148,0.00,60.14,105.72,358.33,0.90080,-1,-1,-1
389,113,230.06,170.45,52.37,145.38,0.86822,-1,-1,-1
389,160,412.63,197.97,29.12,85.65,0.38551,-1,-1,-1
389,161,522.83,137.14,72.22,241.51,0.87838,-1,-1,-1
390,78,277.86,161.58,49.65,156.48,0.82807,-1,-1,-1
390,148,0.00,57.29,95.75,348.70,0.88137,-1,-1,-1
390,113,223.56,167.23,53.53,148.13,0.84034,-1,-1,-1
390,160,404.44,194.67,36.37,85.47,0.69697,-1,-1,-1
390,161,520.01,127.18,75.10,252.71,0.87433,-1,-1,-1
390,159,101.21,219.87,21.88,53.25,0.37644,-1,-1,-1
391,78,268.91,161.81,48.92,154.96,0.78980,-1,-1,-1
391,148,0.00,80.10,79.54,325.00,0.88427,-1,-1,-1
391,113,215.73,164.48,50.75,145.34,0.85561,-1,-1,-1
391,160,395.13,192.48,35.95,84.59,0.67229,-1,-1,-1
391,161,508.84,117.09,91.53,265.56,0.88174,-1,-1,-1
391,168,356.68,218.49,14.01,32.54,0.43737,-1,-1,-1
392,78,264.76,158.55,49.90,157.13,0.74785,-1,-1,-1
392,148,0.00,91.40,66.61,316.19,0.85726,-1,-1,-1
392,113,213.46,161.84,48.15,145.62,0.83082,-1,-1,-1
392,160,388.87,192.19,36.44,80.37,0.75304,-1,-1,-1
392,161,502.19,109.31,110.90,275.73,0.89022,-1,-1,-1
392,168,350.12,217.22,13.38,32.89,0.38462,-1,-1,-1
392,159,75.51,220.36,23.40,52.28,0.35894,-1,-1,-1
393,78,259.95,163.07,51.84,154.50,0.80708,-1,-1,-1
393,148,0.00,101.51,53.33,311.66,0.78308,-1,-1,-1
393,113,210.11,164.60,46.55,148.42,0.81888,-1,-1,-1
393,160,382.67,196.39,36.92,81.62,0.72558,-1,-1,-1
393,161,493.80,107.37,136.62,296.51,0.90247,-1,-1,-1
393,168,342.05,219.76,12.91,33.77,0.47877,-1,-1,-1
394,78,261.91,162.51,51.46,154.22,0.79640,-1,-1,-1
394,148,1.28,104.71,62.03,311.98,0.69865,-1,-1,-1
394,113,212.75,165.19,45.96,149.59,0.82381,-1,-1,-1
394,160,383.28,196.31,37.40,82.49,0.73819,-1,-1,-1
394,161,494.66,103.27,145.34,311.01,0.91126,-1,-1,-1
394,168,342.33,220.71,12.52,33.61,0.37248,-1,-1,-1
395,78,256.39,158.68,51.31,154.84,0.83972,-1,-1,-1
395,148,0.00,103.57,41.97,253.73,0.65750,-1,-1,-1
395,113,208.30,161.45,50.07,150.11,0.85319,-1,-1,-1
395,160,377.90,192.91,37.19,83.49,0.76427,-1,-1,-1
395,161,489.29,93.88,150.71,331.92,0.91422,-1,-1,-1
395,159,54.81,215.63,23.82,58.46,0.53961,-1,-1,-1
396,78,254.01,161.22,48.80,155.41,0.83744,-1,-1,-1
396,148,0.00,109.57,26.58,229.08,0.68856,-1,-1,-1
396,113,204.32,165.63,54.30,149.93,0.83943,-1,-1,-1
396,160,373.39,197.01,35.89,82.76,0.73036,-1,-1,-1
396,161,488.13,89.43,151.87,356.00,0.91927,-1,-1,-1
397,78,253.81,164.71,47.68,155.11,0.83731,-1,-1,-1
397,113,200.53,169.02,54.22,148.34,0.85173,-1,-1,-1
397,160,370.46,200.25,32.77,81.13,0.48826,-1,-1,-1
397,161,491.44,80.68,148.56,381.36,0.91467,-1,-1,-1
398,78,254.44,168.40,47.13,154.42,0.83229,-1,-1,-1
398,113,200.12,172.49,52.89,147.16,0.83256,-1,-1,-1
398,160,369.52,202.17,32.65,80.26,0.58432,-1,-1,-1
398,161,505.13,66.53,134.87,405.39,0.89706,-1,-1,-1
398,170,305.93,223.97,13.40,32.58,0.31720,-1,-1,-1
398,168,323.61,219.46,13.12,38.11,0.43322,-1,-1,-1
399,78,253.68,166.26,48.79,154.88,0.81878,-1,-1,-1
399,113,200.47,170.09,52.28,147.11,0.81054,-1,-1,-1
399,160,368.38,197.44,34.72,82.46,0.57538,-1,-1,-1
399,161,517.62,45.58,122.38,432.94,0.88490,-1,-1,-1
399,168,321.76,219.11,14.37,36.19,0.36178,-1,-1,-1
399,159,28.02,221.44,24.39,58.13,0.44378,-1,-1,-1
400,78,251.11,164.73,48.74,153.18,0.85841,-1,-1,-1
400,113,203.36,165.83,46.99,147.52,0.81632,-1,-1,-1
400,160,364.39,195.42,33.30,83.53,0.70243,-1,-1,-1
400,161,533.50,28.63,106.50,451.37,0.84998,-1,-1,-1
400,168,316.57,217.79,13.94,35.87,0.34827,-1,-1,-1
401,78,248.52,164.71,48.33,151.17,0.83064,-1,-1,-1
401,113,200.08,164.49,49.82,147.44,0.83699,-1,-1,-1
401,160,359.36,198.02,32.53,82.01,0.47787,-1,-1,-1
401,161,556.34,24.56,83.66,455.44,0.85540,-1,-1,-1
402,78,246.28,160.62,46.33,149.97,0.82661,-1,-1,-1
402,113,197.33,160.56,49.98,148.26,0.83956,-1,-1,-1
402,161,579.38,55.29,60.62,424.71,0.82872,-1,-1,-1
403,78,245.48,166.12,49.31,148.74,0.84706,-1,-1,-1
403,113,197.99,165.07,50.21,147.80,0.85651,-1,-1,-1
403,161,597.52,85.80,42.48,394.20,0.40723,-1,-1,-1
403,160,352.69,194.19,34.12,84.31,0.43070,-1,-1,-1
404,78,244.86,166.42,51.26,148.94,0.81535,-1,-1,-1
404,113,198.38,166.72,49.31,145.98,0.85201,-1,-1,-1
404,160,351.04,193.32,34.80,82.95,0.53188,-1,-1,-1
405,78,244.46,164.98,51.68,148.36,0.82540,-1,-1,-1
405,113,196.50,166.70,50.84,144.02,0.85500,-1,-1,-1
405,160,348.80,192.49,33.03,80.83,0.57358,-1,-1,-1
405,168,300.53,215.85,14.20,34.33,0.37488,-1,-1,-1
406,78,244.56,164.87,49.82,145.65,0.82696,-1,-1,-1
406,113,195.72,166.21,51.77,141.14,0.83730,-1,-1,-1
406,160,347.42,191.81,32.88,81.81,0.66937,-1,-1,-1
407,78,247.63,161.23,47.77,144.32,0.80361,-1,-1,-1
407,113,195.75,161.17,51.10,142.34,0.82922,-1,-1,-1
407,160,346.75,191.15,32.03,80.06,0.69896,-1,-1,-1
408,78,249.94,159.54,46.48,143.94,0.82698,-1,-1,-1
408,113,197.81,157.09,47.84,145.36,0.82241,-1,-1,-1
408,160,345.92,190.90,32.42,78.80,0.78929,-1,-1,-1
409,78,249.83,157.50,46.35,144.37,0.81388,-1,-1,-1
409,113,197.09,155.96,46.49,144.80,0.83792,-1,-1,-1
409,160,345.24,188.08,33.14,79.40,0.79191,-1,-1,-1
410,78,246.61,157.24,46.93,145.07,0.82636,-1,-1,-1
410,113,192.05,157.65,48.03,143.16,0.83574,-1,-1,-1
410,160,339.52,185.26,34.37,80.29,0.56170,-1,-1,-1
411,78,243.04,157.89,45.46,145.21,0.81723,-1,-1,-1
411,113,185.31,158.51,50.55,140.64,0.84839,-1,-1,-1
411,160,334.67,187.85,34.21,76.79,0.38018,-1,-1,-1
411,168,283.86,206.69,13.34,36.15,0.30843,-1,-1,-1
412,78,238.44,161.49,45.29,143.10,0.80064,-1,-1,-1
412,113,182.54,162.04,46.05,140.30,0.82420,-1,-1,-1
412,160,328.11,189.31,33.42,77.18,0.69808,-1,-1,-1
413,78,236.91,159.98,46.98,142.38,0.77360,-1,-1,-1
413,113,182.90,161.88,44.82,139.61,0.82205,-1,-1,-1
413,160,325.68,187.50,34.00,76.74,0.53537,-1,-1,-1
414,78,233.40,162.64,46.67,140.12,0.78503,-1,-1,-1
414,113,178.79,162.21,47.17,139.66,0.82740,-1,-1,-1
414,160,318.45,188.70,35.93,76.66,0.61423,-1,-1,-1
415,78,228.08,161.10,45.73,140.20,0.80785,-1,-1,-1
415,113,173.39,160.90,47.83,139.89,0.82801,-1,-1,-1
415,160,311.87,190.93,34.05,74.82,0.46219,-1,-1,-1
415,173,549.31,145.17,89.59,274.71,0.85099,-1,-1,-1
416,78,222.49,164.84,45.66,139.24,0.78134,-1,-1,-1
416,113,169.80,162.60,49.38,139.05,0.82293,-1,-1,-1
416,160,304.82,195.06,29.86,73.11,0.34290,-1,-1,-1
416,173,544.09,107.82,94.12,319.26,0.89024,-1,-1,-1
417,78,219.62,169.24,43.50,137.69,0.73475,-1,-1,-1
417,113,168.87,164.31,48.96,139.71,0.83510,-1,-1,-1
417,160,300.93,194.77,30.72,75.85,0.67094,-1,-1,-1
417,173,543.80,56.78,95.38,377.23,0.85903,-1,-1,-1
418,78,212.60,167.26,49.01,136.09,0.82220,-1,-1,-1
418,113,166.43,162.73,48.58,138.07,0.84706,-1,-1,-1
418,160,296.78,192.91,31.00,73.78,0.60139,-1,-1,-1
418,173,543.35,26.13,96.65,408.60,0.87066,-1,-1,-1
419,78,210.41,169.19,49.59,134.95,0.80218,-1,-1,-1
419,113,165.03,165.93,49.50,135.91,0.83837,-1,-1,-1
419,160,294.67,192.47,31.55,74.74,0.74949,-1,-1,-1
419,173,531.05,15.86,108.95,421.55,0.89626,-1,-1,-1
420,78,207.76,168.56,46.60,133.44,0.79182,-1,-1,-1
420,113,160.63,165.90,49.58,135.45,0.80395,-1,-1,-1
420,160,288.57,192.51,32.25,71.90,0.75019,-1,-1,-1
420,173,504.96,10.34,134.99,433.25,0.91845,-1,-1,-1
421,78,202.42,168.20,43.84,130.35,0.75744,-1,-1,-1
421,113,153.71,167.02,47.97,131.48,0.84015,-1,-1,-1
421,160,280.43,192.24,32.28,73.28,0.81383,-1,-1,-1
421,173,480.87,14.92,157.12,434.67,0.91888,-1,-1,-1
422,78,199.50,164.63,42.93,131.42,0.78596,-1,-1,-1
422,113,151.61,164.41,46.91,130.90,0.83239,-1,-1,-1
422,160,277.26,190.27,31.27,74.11,0.73628,-1,-1,-1
422,173,467.54,19.26,170.93,431.13,0.91904,-1,-1,-1
423,78,195.80,160.51,42.54,131.60,0.79596,-1,-1,-1
423,113,147.26,160.76,46.76,132.83,0.82304,-1,-1,-1
423,160,272.03,189.44,31.07,72.55,0.63200,-1,-1,-1
423,173,456.88,24.07,178.05,428.87,0.91690,-1,-1,-1
424,78,193.10,161.35,40.99,131.43,0.79950,-1,-1,-1
424,113,142.64,160.36,45.72,134.19,0.80425,-1,-1,-1
424,160,266.71,188.37,30.28,73.95,0.75260,-1,-1,-1
424,173,443.94,32.65,183.33,422.21,0.88737,-1,-1,-1
425,78,186.34,159.36,40.80,132.17,0.78901,-1,-1,-1
425,113,135.68,159.81,46.15,132.52,0.80806,-1,-1,-1
425,160,259.39,185.78,30.17,73.50,0.70659,-1,-1,-1
425,173,429.33,36.74,186.78,413.96,0.89819,-1,-1,-1
426,78,182.99,159.01,39.39,130.48,0.79454,-1,-1,-1
426,113,130.83,158.47,48.00,131.93,0.77995,-1,-1,-1
426,160,254.69,183.69,28.93,73.29,0.69178,-1,-1,-1
426,173,418.66,40.50,189.25,407.16,0.87137,-1,-1,-1
427,78,177.54,157.01,42.56,130.14,0.76785,-1,-1,-1
427,113,124.93,157.87,49.35,130.19,0.78790,-1,-1,-1
427,160,248.85,179.53,28.10,75.07,0.72918,-1,-1,-1
427,173,408.23,40.67,171.70,401.34,0.88054,-1,-1,-1
428,78,173.83,153.17,42.26,129.95,0.79501,-1,-1,-1
428,113,119.53,157.15,51.04,128.92,0.81628,-1,-1,-1
428,160,241.63,178.65,28.83,73.94,0.66916,-1,-1,-1
428,173,403.09,39.23,146.83,387.57,0.90187,-1,-1,-1
428,174,564.43,15.00,74.73,441.93,0.84884,-1,-1,-1
429,78,170.45,152.65,42.54,129.37,0.79956,-1,-1,-1
429,113,116.05,156.51,49.55,127.65,0.79551,-1,-1,-1
429,160,235.04,179.08,28.28,74.26,0.75740,-1,-1,-1
429,173,397.31,41.80,124.87,367.67,0.90536,-1,-1,-1
429,174,498.66,8.25,139.20,464.42,0.83662,-1,-1,-1
430,78,166.07,153.41,41.84,128.28,0.78570,-1,-1,-1
430,113,111.73,155.32,50.13,127.04,0.81794,-1,-1,-1
430,160,228.99,181.34,27.38,72.48,0.57056,-1,-1,-1
430,173,372.18,46.79,127.34,357.17,0.89535,-1,-1,-1
430,174,436.26,3.54,200.84,476.46,0.89654,-1,-1,-1
431,78,164.04,153.17,43.43,126.27,0.78339,-1,-1,-1
431,113,109.08,152.46,51.13,126.77,0.79320,-1,-1,-1
431,160,223.86,179.21,29.45,72.34,0.74371,-1,-1,-1
431,173,349.45,49.16,136.53,349.16,0.89559,-1,-1,-1
431,174,395.52,0.00,242.71,480.00,0.87938,-1,-1,-1
432,78,161.77,155.04,41.91,123.29,0.67649,-1,-1,-1
432,113,107.85,151.80,51.45,125.73,0.81758,-1,-1,-1
432,160,221.14,175.44,29.88,75.29,0.75632,-1,-1,-1
432,173,337.02,51.62,129.53,325.58,0.87055,-1,-1,-1
432,174,392.85,0.00,247.15,479.79,0.88818,-1,-1,-1
433,78,158.09,154.94,42.13,123.41,0.70566,-1,-1,-1
433,113,106.42,153.69,51.19,124.40,0.82930,-1,-1,-1
433,160,218.17,176.22,30.37,74.32,0.81872,-1,-1,-1
433,173,332.40,54.89,112.48,316.46,0.85641,-1,-1,-1
433,174,392.31,0.00,247.69,480.00,0.85413,-1,-1,-1
433,176,0.00,103.10,69.43,250.77,0.66524,-1,-1,-1
434,78,154.51,154.24,41.19,123.35,0.79519,-1,-1,-1
434,113,100.48,155.67,50.47,122.71,0.83596,-1,-1,-1
434,160,212.03,174.16,30.81,76.12,0.76104,-1,-1,-1
434,173,326.98,57.02,93.35,314.20,0.79506,-1,-1,-1
434,174,376.08,0.00,219.12,480.00,0.79547,-1,-1,-1
434,176,0.00,70.68,72.43,289.93,0.62382,-1,-1,-1
435,78,152.36,152.66,40.71,121.15,0.77650,-1,-1,-1
435,113,97.46,154.08,51.34,122.97,0.83510,-1,-1,-1
435,160,209.23,175.41,30.61,73.85,0.65976,-1,-1,-1
435,173,314.48,84.51,72.84,287.47,0.71031,-1,-1,-1
435,174,346.86,0.00,194.31,480.00,0.85529,-1,-1,-1
435,176,0.00,56.02,76.67,306.76,0.56736,-1,-1,-1
435,177,594.85,118.99,44.72,275.82,0.61826,-1,-1,-1
436,78,149.74,148.71,41.12,121.25,0.79381,-1,-1,-1
436,113,92.66,151.49,49.31,122.46,0.80446,-1,-1,-1
436,160,205.41,173.46,29.44,73.38,0.69183,-1,-1,-1
436,174,306.63,0.00,197.08,480.00,0.89613,-1,-1,-1
436,177,583.07,107.69,56.46,288.70,0.77204,-1,-1,-1
437,78,148.77,150.10,41.99,120.26,0.74136,-1,-1,-1
437,113,89.96,150.65,47.69,121.90,0.81804,-1,-1,-1
437,160,203.87,172.70,28.70,74.83,0.74951,-1,-1,-1
437,174,258.75,0.00,223.34,480.00,0.92590,-1,-1,-1
437,177,594.45,92.91,45.55,305.52,0.73208,-1,-1,-1
437,176,0.16,59.63,76.92,279.39,0.39078,-1,-1,-1
438,78,145.63,149.59,42.68,119.99,0.75853,-1,-1,-1
438,113,85.09,151.66,47.10,119.34,0.82875,-1,-1,-1
438,160,201.64,169.55,26.49,77.48,0.64568,-1,-1,-1
438,174,209.21,0.00,264.53,480.00,0.90432,-1,-1,-1
438,177,560.73,73.65,79.27,327.26,0.86242,-1,-1,-1
438,176,0.00,71.26,74.90,270.10,0.58115,-1,-1,-1
439,78,143.48,149.13,39.72,119.03,0.81329,-1,-1,-1
439,113,82.50,149.00,46.71,120.60,0.83989,-1,-1,-1
439,174,179.67,0.23,280.21,479.77,0.86290,-1,-1,-1
439,177,538.14,73.23,101.17,329.22,0.89934,-1,-1,-1
439,176,0.66,74.56,71.80,286.32,0.39161,-1,-1,-1
439,179,386.17,134.94,49.01,174.04,0.64295,-1,-1,-1
440,113,79.05,146.59,44.81,101.92,0.40338,-1,-1,-1
440,174,108.06,0.00,321.22,480.00,0.84344,-1,-1,-1
440,177,522.81,73.94,115.40,333.19,0.91197,-1,-1,-1
440,176,0.45,61.02,70.15,330.10,0.69126,-1,-1,-1
440,179,373.57,135.84,53.78,177.71,0.70386,-1,-1,-1
441,174,27.51,0.00,309.24,480.00,0.86187,-1,-1,-1
441,177,520.49,76.38,117.70,336.64,0.88888,-1,-1,-1
441,179,368.51,137.64,53.38,179.47,0.71232,-1,-1,-1
441,180,282.83,64.57,106.45,311.39,0.79494,-1,-1,-1
442,174,0.00,0.00,271.77,479.45,0.70085,-1,-1,-1
442,177,524.60,76.62,106.70,326.99,0.86298,-1,-1,-1
442,179,366.12,137.41,50.98,178.59,0.76107,-1,-1,-1
442,180,264.97,66.75,119.19,324.28,0.88112,-1,-1,-1
443,174,0.00,0.00,219.57,475.86,0.74310,-1,-1,-1
443,177,519.13,74.06,104.06,317.48,0.74909,-1,-1,-1
443,179,364.24,133.38,47.77,178.38,0.73812,-1,-1,-1
443,180,255.80,63.11,122.10,331.93,0.88749,-1,-1,-1
443,181,590.79,84.88,47.72,270.19,0.45036,-1,-1,-1
444,177,502.52,78.46,111.93,310.40,0.60032,-1,-1,-1
444,179,359.57,135.57,48.01,180.77,0.73137,-1,-1,-1
444,180,248.39,64.46,122.93,328.62,0.89237,-1,-1,-1
444,181,564.73,87.96,75.03,300.14,0.73314,-1,-1,-1
444,160,187.28,176.84,29.48,70.60,0.75549,-1,-1,-1
444,78,144.98,153.15,36.23,118.71,0.74681,-1,-1,-1
445,177,516.74,79.28,95.71,316.19,0.52201,-1,-1,-1
445,179,357.82,137.95,49.89,179.12,0.79799,-1,-1,-1
445,180,247.40,63.69,119.59,320.51,0.89372,-1,-1,-1
445,181,574.74,87.91,64.10,272.23,0.68359,-1,-1,-1
445,160,189.62,178.90,29.86,70.49,0.70314,-1,-1,-1
445,78,145.66,156.79,38.63,116.12,0.77471,-1,-1,-1
446,177,480.93,79.40,141.02,317.17,0.89322,-1,-1,-1
446,179,349.00,138.70,59.50,178.72,0.77491,-1,-1,-1
446,180,245.83,60.80,115.14,320.57,0.89791,-1,-1,-1
446,181,580.06,77.61,59.94,288.52,0.84829,-1,-1,-1
446,160,193.04,178.32,29.96,71.36,0.62087,-1,-1,-1
446,78,148.19,157.79,40.76,114.98,0.74940,-1,-1,-1
446,184,95.79,153.63,43.42,119.03,0.80756,-1,-1,-1
446,176,0.84,7.97,98.11,290.46,0.76799,-1,-1,-1
447,177,469.80,84.66,154.81,316.45,0.84710,-1,-1,-1
447,179,342.76,143.33,63.50,178.57,0.78891,-1,-1,-1
447,180,239.73,62.16,112.47,325.14,0.89479,-1,-1,-1
447,181,575.20,81.00,64.11,290.52,0.81903,-1,-1,-1
447,160,194.11,181.43,30.27,70.33,0.55007,-1,-1,-1
447,78,148.91,160.89,41.79,113.80,0.70840,-1,-1,-1
447,184,97.07,155.37,46.44,118.95,0.78809,-1,-1,-1
447,176,2.89,2.66,101.87,306.17,0.74017,-1,-1,-1
448,177,467.82,83.12,141.63,314.72,0.85700,-1,-1,-1
448,179,341.78,141.35,62.63,179.85,0.78794,-1,-1,-1
448,180,236.26,60.23,108.57,329.34,0.89196,-1,-1,-1
448,181,572.72,81.59,65.49,293.13,0.80250,-1,-1,-1
448,160,193.49,180.50,31.96,69.13,0.58597,-1,-1,-1
448,78,149.11,157.88,41.45,113.56,0.76935,-1,-1,-1
448,184,98.43,151.97,47.46,117.90,0.81748,-1,-1,-1
448,176,3.10,0.00,104.82,419.09,0.88457,-1,-1,-1
449,177,475.76,83.84,116.11,307.83,0.84248,-1,-1,-1
449,179,342.62,142.73,62.67,178.64,0.78787,-1,-1,-1
449,180,238.81,64.83,103.91,329.83,0.89408,-1,-1,-1
449,181,556.94,86.64,81.94,294.36,0.54377,-1,-1,-1
449,160,197.27,182.93,32.54,69.03,0.60808,-1,-1,-1
449,78,152.07,159.32,39.07,112.52,0.79307,-1,-1,-1
449,184,103.57,156.82,46.92,114.10,0.82819,-1,-1,-1
449,176,4.00,0.58,110.45,456.23,0.89333,-1,-1,-1
450,177,490.73,81.44,106.55,311.70,0.82978,-1,-1,-1
450,179,352.31,139.90,59.50,176.99,0.83533,-1,-1,-1
450,180,243.00,65.99,102.66,327.92,0.89008,-1,-1,-1
450,181,551.30,86.42,88.70,279.17,0.55647,-1,-1,-1
450,160,205.98,182.55,32.39,69.48,0.69451,-1,-1,-1
450,78,160.94,158.63,37.99,111.98,0.80608,-1,-1,-1
450,184,114.03,158.37,45.98,113.31,0.78579,-1,-1,-1
450,176,6.19,0.37,119.05,472.75,0.87115,-1,-1,-1
451,177,488.17,83.78,111.87,315.55,0.84992,-1,-1,-1
451,179,357.32,140.28,59.16,177.68,0.82547,-1,-1,-1
451,180,236.73,66.65,112.05,329.17,0.87779,-1,-1,-1
451,181,551.99,88.58,88.01,278.55,0.68985,-1,-1,-1
451,160,209.92,184.22,31.53,69.24,0.58213,-1,-1,-1
451,78,166.10,161.13,38.82,111.38,0.78971,-1,-1,-1
451,184,120.66,160.66,44.35,112.84,0.80207,-1,-1,-1
451,176,4.98,3.80,127.58,476.20,0.90748,-1,-1,-1
452,177,480.93,85.49,127.82,319.15,0.84413,-1,-1,-1
452,179,360.00,139.00,61.04,179.87,0.76120,-1,-1,-1
452,180,229.32,63.32,120.93,325.88,0.89764,-1,-1,-1
452,181,569.32,86.14,70.68,276.31,0.69190,-1,-1,-1
452,78,174.98,161.04,37.30,111.82,0.80489,-1,-1,-1
452,184,130.86,159.48,42.92,112.46,0.80588,-1,-1,-1
452,176,5.58,4.57,135.08,475.43,0.91113,-1,-1,-1
453,177,483.46,83.14,132.36,323.88,0.85225,-1,-1,-1
453,179,361.96,137.45,68.12,180.36,0.77316,-1,-1,-1
453,180,231.46,56.19,123.55,326.92,0.88210,-1,-1,-1
453,181,578.08,79.37,61.92,291.62,0.73898,-1,-1,-1
453,78,182.98,159.66,35.29,110.94,0.79002,-1,-1,-1
453,184,139.15,156.75,41.71,111.83,0.81942,-1,-1,-1
453,176,5.44,2.23,144.97,477.77,0.90636,-1,-1,-1
454,177,495.98,85.04,124.39,328.70,0.86543,-1,-1,-1
454,179,369.91,143.31,70.79,181.09,0.81442,-1,-1,-1
454,180,238.66,59.49,126.06,330.46,0.90303,-1,-1,-1
454,181,586.51,81.93,53.49,299.77,0.75804,-1,-1,-1
454,78,192.55,164.24,35.14,111.38,0.80001,-1,-1,-1
454,184,150.51,160.09,38.86,113.30,0.78833,-1,-1,-1
454,176,5.71,5.31,155.63,474.69,0.91406,-1,-1,-1
455,177,501.77,78.59,111.75,321.82,0.87307,-1,-1,-1
455,179,376.38,140.03,70.48,182.58,0.82812,-1,-1,-1
455,180,250.15,57.56,121.78,337.02,0.89621,-1,-1,-1
455,181,575.85,80.78,64.15,306.11,0.75226,-1,-1,-1
455,78,199.02,161.82,37.67,110.41,0.76375,-1,-1,-1
455,184,159.90,158.90,37.54,110.88,0.80773,-1,-1,-1
455,176,5.71,1.06,165.92,478.94,0.88700,-1,-1,-1
456,177,503.12,79.03,107.04,321.30,0.87235,-1,-1,-1
456,179,380.59,140.60,69.52,185.43,0.77303,-1,-1,-1
456,180,256.79,60.80,120.16,341.52,0.88374,-1,-1,-1
456,181,581.86,82.79,58.14,292.80,0.77471,-1,-1,-1
456,78,205.18,162.51,38.06,110.81,0.77776,-1,-1,-1
456,184,168.12,161.93,34.09,108.42,0.69067,-1,-1,-1
456,176,3.80,1.89,176.59,478.11,0.88592,-1,-1,-1
457,177,489.04,83.96,124.48,326.08,0.88241,-1,-1,-1
457,179,388.17,141.90,66.09,184.95,0.74047,-1,-1,-1
457,180,264.94,64.82,120.89,348.26,0.88204,-1,-1,-1
457,181,596.89,86.34,43.11,292.38,0.74885,-1,-1,-1
457,78,213.92,164.59,37.32,110.75,0.76278,-1,-1,-1
457,184,178.36,166.36,33.96,106.69,0.73683,-1,-1,-1
457,176,5.18,5.82,188.06,473.67,0.88337,-1,-1,-1
458,177,480.08,82.52,142.04,330.75,0.89306,-1,-1,-1
458,179,393.11,137.58,62.69,185.57,0.81721,-1,-1,-1
458,180,271.03,61.82,121.50,351.09,0.88355,-1,-1,-1
458,181,605.58,79.87,34.42,300.17,0.72730,-1,-1,-1
458,78,222.89,161.83,35.19,110.53,0.76507,-1,-1,-1
458,184,187.22,163.89,32.22,105.24,0.53629,-1,-1,-1
458,176,12.84,3.02,191.98,475.08,0.87273,-1,-1,-1
459,177,484.67,88.85,150.81,334.89,0.89572,-1,-1,-1
459,179,400.63,143.55,61.40,187.50,0.78768,-1,-1,-1
459,180,274.83,67.35,124.55,356.15,0.88025,-1,-1,-1
459,181,604.96,84.31,35.04,294.18,0.61440,-1,-1,-1
459,78,232.28,168.87,32.87,109.80,0.75953,-1,-1,-1
459,176,31.22,6.53,192.05,473.47,0.83843,-1,-1,-1
459,160,272.41,194.25,20.95,66.07,0.35223,-1,-1,-1
460,177,488.98,86.72,149.30,340.25,0.87844,-1,-1,-1
460,179,401.17,142.79,61.67,189.12,0.79676,-1,-1,-1
460,180,273.45,64.68,129.18,357.42,0.89561,-1,-1,-1
460,181,605.17,79.41,34.69,302.31,0.63889,-1,-1,-1
460,78,234.79,167.49,32.06,109.63,0.72754,-1,-1,-1
460,176,36.39,2.94,195.45,477.06,0.85692,-1,-1,-1
461,177,504.02,81.32,121.93,329.82,0.86759,-1,-1,-1
461,179,405.60,141.45,59.85,191.65,0.80310,-1,-1,-1
461,180,276.51,57.81,131.50,351.32,0.90524,-1,-1,-1
461,181,602.82,76.54,37.18,306.13,0.67038,-1,-1,-1
461,78,241.02,165.53,31.66,110.03,0.71838,-1,-1,-1
461,176,46.22,0.13,195.80,479.87,0.88192,-1,-1,-1
462,177,510.07,81.16,108.85,330.77,0.84750,-1,-1,-1
462,179,404.35,143.60,61.82,193.00,0.83316,-1,-1,-1
462,180,278.05,57.07,128.72,348.06,0.89348,-1,-1,-1
462,181,592.33,79.24,46.61,301.75,0.70290,-1,-1,-1
462,78,242.04,166.28,35.13,111.23,0.72157,-1,-1,-1
462,176,50.75,0.57,193.91,479.34,0.86800,-1,-1,-1
463,177,504.71,87.69,119.67,335.42,0.88412,-1,-1,-1
463,179,407.10,147.25,56.36,195.89,0.82111,-1,-1,-1
463,180,278.95,60.07,123.83,351.87,0.89422,-1,-1,-1
463,181,586.22,86.56,52.00,298.73,0.66678,-1,-1,-1
463,78,242.78,167.79,34.66,112.12,0.70937,-1,-1,-1
463,176,51.61,3.39,196.12,476.61,0.85150,-1,-1,-1
464,177,488.03,88.29,136.30,338.87,0.87271,-1,-1,-1
464,179,406.04,145.46,54.92,195.05,0.78309,-1,-1,-1
464,180,279.59,57.41,115.50,357.82,0.88404,-1,-1,-1
464,181,586.00,87.08,50.57,298.81,0.74774,-1,-1,-1
464,78,241.33,167.93,33.43,109.96,0.73848,-1,-1,-1
464,176,48.88,0.00,196.66,480.00,0.87677,-1,-1,-1
465,177,478.26,88.88,142.94,339.42,0.88356,-1,-1,-1
465,179,406.03,142.35,55.21,192.73,0.74768,-1,-1,-1
465,180,280.93,55.00,108.31,362.97,0.88013,-1,-1,-1
465,181,588.10,85.04,48.87,306.74,0.79251,-1,-1,-1
465,78,239.66,168.48,34.36,107.23,0.71377,-1,-1,-1
465,176,46.50,0.00,197.59,480.00,0.88728,-1,-1,-1
466,177,477.36,89.10,136.15,340.51,0.88336,-1,-1,-1
466,179,405.78,141.34,55.54,192.11,0.76111,-1,-1,-1
466,180,279.48,56.16,105.50,363.48,0.88481,-1,-1,-1
466,181,591.98,84.10,45.49,310.33,0.82466,-1,-1,-1
466,78,241.16,166.02,34.36,110.34,0.69546,-1,-1,-1
466,176,46.38,0.00,197.83,480.00,0.85369,-1,-1,-1
467,177,479.08,86.81,118.48,332.37,0.88185,-1,-1,-1
467,179,400.10,141.38,63.62,192.82,0.76939,-1,-1,-1
467,180,273.83,57.88,109.77,364.91,0.89307,-1,-1,-1
467,181,588.15,83.13,50.34,315.17,0.87333,-1,-1,-1
467,78,243.11,167.53,35.17,109.04,0.69177,-1,-1,-1
467,176,46.52,0.00,199.92,480.00,0.88600,-1,-1,-1
468,177,470.40,81.74,109.50,326.40,0.86623,-1,-1,-1
468,179,400.63,140.19,62.97,193.16,0.74244,-1,-1,-1
468,180,267.98,52.12,112.61,371.45,0.87779,-1,-1,-1
468,181,575.25,82.21,62.79,318.70,0.87297,-1,-1,-1
468,78,238.68,166.43,35.61,107.24,0.52514,-1,-1,-1
468,176,43.01,0.00,200.56,480.00,0.89111,-1,-1,-1
469,177,447.68,81.38,121.91,328.40,0.84956,-1,-1,-1
469,179,400.43,139.23,61.47,193.69,0.71108,-1,-1,-1
469,180,258.22,45.43,121.51,366.44,0.87238,-1,-1,-1
469,181,562.68,83.94,75.09,318.95,0.85931,-1,-1,-1
469,176,40.58,0.00,203.48,475.22,0.85594,-1,-1,-1
470,177,434.39,84.81,130.71,329.79,0.89188,-1,-1,-1
470,179,401.32,140.10,62.64,189.34,0.76723,-1,-1,-1
470,180,254.68,43.56,131.00,364.71,0.87507,-1,-1,-1
470,181,554.46,83.38,85.19,306.63,0.87324,-1,-1,-1
470,176,41.57,0.52,210.04,478.87,0.85608,-1,-1,-1
471,177,433.50,86.43,133.46,329.98,0.88809,-1,-1,-1
471,179,402.62,137.77,63.31,190.90,0.59225,-1,-1,-1
471,180,255.15,40.99,138.21,365.53,0.87918,-1,-1,-1
471,181,551.01,79.41,88.99,307.12,0.75261,-1,-1,-1
471,176,45.33,0.72,213.46,479.28,0.87488,-1,-1,-1
472,177,435.90,83.36,129.67,332.49,0.88091,-1,-1,-1
472,179,401.74,133.65,65.52,193.52,0.62590,-1,-1,-1
472,180,256.64,36.18,140.73,370.44,0.88521,-1,-1,-1
472,181,555.74,74.40,84.26,316.50,0.85904,-1,-1,-1
472,176,49.58,0.00,214.74,480.00,0.88010,-1,-1,-1
473,177,438.23,78.15,117.11,329.01,0.89268,-1,-1,-1
473,179,401.76,129.92,61.63,195.36,0.62982,-1,-1,-1
473,180,260.11,32.08,132.15,382.11,0.87207,-1,-1,-1
473,181,564.68,70.86,74.75,323.37,0.88090,-1,-1,-1
473,176,53.49,0.00,217.16,477.41,0.85057,-1,-1,-1
474,177,443.27,76.09,108.15,324.15,0.84705,-1,-1,-1
474,179,405.31,130.43,57.42,196.25,0.74898,-1,-1,-1
474,180,268.78,32.32,124.10,386.88,0.88072,-1,-1,-1
474,181,549.41,71.43,90.08,322.46,0.84776,-1,-1,-1
474,176,62.45,0.00,219.27,479.49,0.84084,-1,-1,-1
475,177,449.19,74.35,109.65,327.84,0.84814,-1,-1,-1
475,179,412.16,129.98,56.34,197.62,0.39066,-1,-1,-1
475,180,276.01,35.05,122.28,388.78,0.88382,-1,-1,-1
475,181,534.80,71.81,105.20,305.71,0.90711,-1,-1,-1
475,176,71.03,1.03,221.52,476.43,0.86053,-1,-1,-1
476,177,451.12,78.07,114.73,329.77,0.88542,-1,-1,-1
476,180,280.97,39.99,121.31,389.48,0.88514,-1,-1,-1
476,181,530.49,74.11,109.51,301.64,0.90047,-1,-1,-1
476,176,75.76,2.63,221.34,475.31,0.87735,-1,-1,-1
477,177,449.00,80.64,119.27,333.93,0.78864,-1,-1,-1
477,180,281.20,39.43,123.04,393.27,0.89445,-1,-1,-1
477,181,531.30,72.56,108.70,306.20,0.90259,-1,-1,-1
477,176,77.68,1.54,221.39,468.73,0.77655,-1,-1,-1
478,177,444.97,79.24,119.69,338.67,0.81374,-1,-1,-1
478,180,280.78,35.75,122.68,392.17,0.89807,-1,-1,-1
478,181,533.10,71.70,106.90,309.99,0.88951,-1,-1,-1
478,176,72.93,0.47,225.05,467.56,0.78651,-1,-1,-1
479,177,441.73,85.75,115.83,333.81,0.85186,-1,-1,-1
479,180,278.13,39.27,122.06,379.60,0.89454,-1,-1,-1
479,181,536.48,75.69,101.71,319.41,0.90912,-1,-1,-1
479,176,70.30,1.86,227.97,475.91,0.81257,-1,-1,-1
480,177,439.74,86.96,115.83,324.41,0.87077,-1,-1,-1
480,180,275.40,39.74,122.93,382.83,0.88655,-1,-1,-1
480,181,542.94,76.66,94.18,326.26,0.83048,-1,-1,-1
480,176,71.44,1.47,226.11,477.15,0.84289,-1,-1,-1
480,179,396.25,138.67,64.28,193.77,0.47975,-1,-1,-1
481,177,433.89,82.44,110.37,320.62,0.86255,-1,-1,-1
481,180,272.06,33.46,118.42,388.84,0.88355,-1,-1,-1
481,181,535.67,72.70,97.68,333.39,0.84799,-1,-1,-1
481,176,66.09,0.00,228.51,474.66,0.80322,-1,-1,-1
482,177,416.56,83.14,113.35,322.12,0.86891,-1,-1,-1
482,180,265.46,32.99,112.20,394.13,0.88832,-1,-1,-1
482,181,518.36,75.31,112.07,337.64,0.84025,-1,-1,-1
482,176,56.95,0.00,232.27,469.13,0.75115,-1,-1,-1
483,177,400.44,91.46,118.51,324.76,0.87179,-1,-1,-1
483,180,260.89,41.14,106.01,394.88,0.87694,-1,-1,-1
483,181,509.12,83.91,115.02,336.03,0.88157,-1,-1,-1
483,176,49.68,3.32,237.56,471.86,0.78147,-1,-1,-1
484,177,386.17,94.21,125.55,328.60,0.84381,-1,-1,-1
484,180,255.08,46.62,103.37,393.53,0.85895,-1,-1,-1
484,181,507.40,85.97,113.23,336.46,0.87618,-1,-1,-1
484,176,40.00,6.85,243.58,472.88,0.65445,-1,-1,-1
485,177,388.82,93.36,119.96,330.45,0.80884,-1,-1,-1
485,180,251.11,49.25,101.78,395.05,0.84134,-1,-1,-1
485,181,507.08,85.98,102.66,327.88,0.83824,-1,-1,-1
485,176,34.49,4.54,248.97,475.46,0.73577,-1,-1,-1
486,177,393.23,89.73,106.38,325.42,0.87092,-1,-1,-1
486,180,245.71,43.31,101.79,392.12,0.88280,-1,-1,-1
486,181,502.59,83.38,91.93,321.79,0.87327,-1,-1,-1
486,176,27.96,0.72,253.04,478.35,0.78400,-1,-1,-1
487,177,390.89,90.68,99.49,323.38,0.87113,-1,-1,-1
487,180,240.77,40.65,101.07,390.97,0.88472,-1,-1,-1
487,181,490.56,86.20,91.23,325.48,0.88502,-1,-1,-1
487,176,23.05,0.59,256.27,479.41,0.84414,-1,-1,-1
488,177,389.11,92.76,100.07,325.33,0.85188,-1,-1,-1
488,180,241.88,38.42,98.02,385.86,0.86060,-1,-1,-1
488,181,466.75,89.14,110.74,329.85,0.85171,-1,-1,-1
488,176,25.25,0.31,257.82,479.61,0.81635,-1,-1,-1
489,177,388.87,93.57,100.41,328.47,0.78429,-1,-1,-1
489,180,243.87,35.46,91.77,379.15,0.86726,-1,-1,-1
489,181,453.95,88.44,124.95,332.83,0.89521,-1,-1,-1
489,176,20.35,0.00,263.51,478.14,0.68685,-1,-1,-1
490,177,383.15,96.08,104.00,328.57,0.83046,-1,-1,-1
490,180,247.31,35.25,80.73,355.38,0.64493,-1,-1,-1
490,181,451.38,90.66,130.55,332.15,0.88144,-1,-1,-1
490,176,8.71,0.00,271.61,478.54,0.62020,-1,-1,-1
491,177,377.69,98.69,109.85,333.06,0.85047,-1,-1,-1
491,180,250.34,39.96,75.69,331.57,0.81427,-1,-1,-1
491,181,454.51,93.91,124.41,326.67,0.86757,-1,-1,-1
491,176,2.66,0.73,280.38,478.05,0.82419,-1,-1,-1
492,177,376.35,95.73,108.28,329.39,0.86876,-1,-1,-1
492,180,249.98,39.63,75.14,304.81,0.81867,-1,-1,-1
492,181,460.04,90.27,110.45,320.69,0.81462,-1,-1,-1
492,176,0.00,0.23,280.92,476.90,0.73874,-1,-1,-1
493,177,376.43,94.32,103.42,322.17,0.86806,-1,-1,-1
493,180,247.13,41.39,78.85,287.91,0.80919,-1,-1,-1
493,181,465.63,89.18,105.10,324.85,0.83520,-1,-1,-1
493,176,0.06,1.41,280.68,476.02,0.72439,-1,-1,-1
494,177,373.59,95.99,103.15,322.95,0.83206,-1,-1,-1
494,180,242.03,42.90,86.28,321.76,0.85139,-1,-1,-1
494,181,466.11,91.07,100.02,330.46,0.77243,-1,-1,-1
494,176,0.00,2.93,282.31,477.07,0.75313,-1,-1,-1
495,177,366.13,90.75,107.80,329.37,0.87646,-1,-1,-1
495,180,234.04,30.97,95.51,344.03,0.85520,-1,-1,-1
495,181,463.22,87.96,96.44,337.89,0.83548,-1,-1,-1
495,176,0.00,0.00,274.09,478.40,0.37105,-1,-1,-1
495,179,337.34,142.01,64.12,193.61,0.40559,-1,-1,-1
496,177,365.65,92.65,109.25,333.37,0.88924,-1,-1,-1
496,180,231.80,28.71,102.41,352.02,0.85348,-1,-1,-1
496,181,463.71,89.88,97.04,339.39,0.84457,-1,-1,-1
496,176,0.00,0.00,275.13,480.00,0.43874,-1,-1,-1
496,179,341.96,137.88,59.31,207.00,0.56124,-1,-1,-1
497,177,369.55,92.78,103.71,338.30,0.84703,-1,-1,-1
497,180,230.56,26.46,104.98,350.82,0.84738,-1,-1,-1
497,181,464.47,89.72,100.50,341.46,0.80325,-1,-1,-1
497,176,0.00,0.00,273.32,478.46,0.47158,-1,-1,-1
497,179,344.53,136.67,55.00,207.52,0.65522,-1,-1,-1
498,177,377.15,93.11,96.00,338.86,0.82796,-1,-1,-1
498,180,229.95,25.88,104.84,354.13,0.81239,-1,-1,-1
498,181,467.21,88.94,96.37,338.63,0.79754,-1,-1,-1
498,176,0.00,0.00,275.74,479.51,0.68113,-1,-1,-1
498,179,340.37,138.45,60.14,204.79,0.65027,-1,-1,-1
499,177,379.72,89.61,96.17,335.23,0.84082,-1,-1,-1
499,180,230.84,24.79,102.58,329.73,0.83921,-1,-1,-1
499,181,470.12,84.55,98.45,330.26,0.77452,-1,-1,-1
499,176,0.00,0.80,281.53,479.20,0.62878,-1,-1,-1
499,179,340.78,140.24,61.71,201.11,0.54447,-1,-1,-1
500,177,382.02,89.80,99.72,326.94,0.85348,-1,-1,-1
500,180,234.51,28.39,95.68,322.49,0.82697,-1,-1,-1
500,181,472.01,84.17,91.24,328.88,0.73408,-1,-1,-1
500,176,0.62,2.42,284.46,476.55,0.58968,-1,-1,-1
500,179,343.63,138.18,59.03,205.54,0.69246,-1,-1,-1
501,177,385.66,88.79,104.37,329.05,0.78311,-1,-1,-1
501,180,239.77,29.59,88.21,321.07,0.79934,-1,-1,-1
501,181,466.06,81.92,100.49,335.17,0.76610,-1,-1,-1
501,176,0.00,2.06,292.07,475.33,0.72335,-1,-1,-1
501,179,350.22,137.10,54.51,209.04,0.65295,-1,-1,-1
502,177,389.28,89.68,107.53,334.83,0.79625,-1,-1,-1
502,180,244.54,30.21,79.59,317.91,0.67332,-1,-1,-1
502,181,460.25,84.33,122.59,341.64,0.68370,-1,-1,-1
502,176,5.05,1.50,293.88,477.82,0.78165,-1,-1,-1
502,179,350.42,136.04,62.43,213.63,0.67610,-1,-1,-1
503,177,392.35,86.41,109.75,338.94,0.84650,-1,-1,-1
503,181,464.56,80.77,127.06,342.52,0.86787,-1,-1,-1
503,176,11.05,0.00,299.17,478.14,0.55498,-1,-1,-1
504,177,393.93,84.61,107.87,336.85,0.85608,-1,-1,-1
504,181,471.56,77.63,121.88,341.60,0.87744,-1,-1,-1
504,176,8.39,0.00,306.65,475.11,0.65632,-1,-1,-1
504,179,344.44,126.19,65.96,219.43,0.44744,-1,-1,-1
505,177,394.52,85.66,102.89,335.00,0.83930,-1,-1,-1
505,181,477.75,78.00,116.84,336.89,0.86357,-1,-1,-1
505,176,11.21,1.47,315.80,476.69,0.50524,-1,-1,-1
505,179,339.76,128.75,71.26,222.66,0.58450,-1,-1,-1
506,177,390.62,81.20,99.13,325.59,0.85955,-1,-1,-1
506,181,481.99,73.82,113.44,333.89,0.87438,-1,-1,-1
506,176,12.98,0.00,318.73,474.54,0.56405,-1,-1,-1
506,179,346.36,126.65,60.46,220.60,0.66431,-1,-1,-1
507,177,387.97,83.38,98.09,322.19,0.82445,-1,-1,-1
507,181,483.37,76.41,113.09,337.07,0.84902,-1,-1,-1
507,176,31.66,1.04,306.90,476.74,0.62789,-1,-1,-1
507,179,339.76,130.28,64.37,218.59,0.64554,-1,-1,-1
508,177,381.04,82.82,106.48,325.74,0.82673,-1,-1,-1
508,181,485.52,76.80,112.67,339.53,0.85430,-1,-1,-1
508,176,53.94,1.09,292.09,473.29,0.62425,-1,-1,-1
508,179,341.05,128.56,64.00,215.18,0.71423,-1,-1,-1
509,177,371.21,79.93,116.79,329.67,0.85517,-1,-1,-1
509,181,487.20,74.68,107.70,343.58,0.84919,-1,-1,-1
509,176,68.93,0.00,281.33,472.71,0.61980,-1,-1,-1
509,179,343.49,123.60,61.67,214.52,0.65884,-1,-1,-1
509,192,0.02,93.97,87.04,220.00,0.59876,-1,-1,-1
510,177,370.09,84.84,117.14,333.97,0.84395,-1,-1,-1
510,181,489.42,80.21,108.28,341.20,0.81240,-1,-1,-1
510,176,85.81,2.10,274.03,473.82,0.38962,-1,-1,-1
510,179,349.44,127.86,56.64,212.00,0.57050,-1,-1,-1
510,192,0.89,82.26,101.41,248.79,0.74612,-1,-1,-1
511,177,378.93,84.18,108.04,336.27,0.83484,-1,-1,-1
511,181,494.06,78.64,102.74,342.76,0.77181,-1,-1,-1
511,176,103.56,2.13,227.92,475.33,0.37109,-1,-1,-1
511,179,361.61,126.86,48.65,213.99,0.33177,-1,-1,-1
511,192,3.02,66.07,120.89,278.22,0.67907,-1,-1,-1
512,177,386.31,87.43,103.37,336.91,0.86218,-1,-1,-1
512,181,500.78,82.25,97.75,333.95,0.75974,-1,-1,-1
512,176,121.75,4.56,257.94,475.44,0.58736,-1,-1,-1
512,192,18.73,65.61,126.53,290.50,0.70932,-1,-1,-1
513,177,401.21,91.03,94.93,325.73,0.83361,-1,-1,-1
513,181,507.11,83.94,91.96,331.88,0.83836,-1,-1,-1
513,176,148.66,4.39,267.76,471.84,0.68478,-1,-1,-1
513,192,56.12,68.67,113.10,319.81,0.84149,-1,-1,-1
513,195,13.22,129.22,78.76,224.80,0.84047,-1,-1,-1
514,177,411.07,87.97,83.83,318.87,0.86625,-1,-1,-1
514,181,504.38,80.22,93.31,334.39,0.83762,-1,-1,-1
514,176,158.83,1.35,273.01,471.01,0.55159,-1,-1,-1
514,192,77.66,64.92,101.32,333.44,0.88552,-1,-1,-1
514,195,5.43,117.97,81.37,235.30,0.84494,-1,-1,-1
515,177,425.66,92.38,69.80,232.30,0.81560,-1,-1,-1
515,181,490.99,84.87,107.73,337.78,0.84148,-1,-1,-1
515,176,181.52,1.11,271.25,472.48,0.71580,-1,-1,-1
515,192,91.74,69.27,107.39,337.39,0.88777,-1,-1,-1
515,195,1.34,109.38,73.37,251.91,0.85279,-1,-1,-1
516,181,486.18,87.55,123.62,342.25,0.82181,-1,-1,-1
516,176,212.12,0.40,267.38,474.68,0.70710,-1,-1,-1
516,192,97.89,73.44,115.47,338.34,0.87850,-1,-1,-1
516,195,0.03,103.12,63.50,267.20,0.85470,-1,-1,-1
517,181,493.52,89.47,127.51,342.78,0.88590,-1,-1,-1
517,176,238.44,1.41,272.03,471.55,0.74409,-1,-1,-1
517,192,101.63,81.44,114.49,332.78,0.87244,-1,-1,-1
517,195,0.14,99.40,54.90,269.23,0.86062,-1,-1,-1
517,196,190.53,78.95,75.82,301.43,0.56026,-1,-1,-1
518,181,506.18,93.45,115.99,340.36,0.84243,-1,-1,-1
518,176,258.50,1.53,277.21,473.77,0.75336,-1,-1,-1
518,192,101.17,84.19,115.10,329.20,0.87425,-1,-1,-1
518,195,0.00,93.19,43.61,275.95,0.79336,-1,-1,-1
518,196,187.78,41.16,102.98,348.66,0.85329,-1,-1,-1
519,176,274.52,0.00,291.36,476.64,0.71864,-1,-1,-1
519,192,109.36,79.70,104.82,317.49,0.86680,-1,-1,-1
519,196,181.86,24.27,118.40,392.82,0.87496,-1,-1,-1
520,176,290.79,0.02,302.09,476.84,0.82209,-1,-1,-1
520,192,124.35,76.21,92.35,315.63,0.83402,-1,-1,-1
520,196,181.02,16.55,134.99,437.20,0.87735,-1,-1,-1
521,176,320.81,0.00,313.37,473.11,0.86383,-1,-1,-1
521,192,121.62,78.60,103.61,312.68,0.84230,-1,-1,-1
521,196,182.54,11.77,153.57,449.84,0.87916,-1,-1,-1
522,176,345.96,0.46,294.04,473.74,0.77883,-1,-1,-1
522,192,118.57,84.88,109.08,314.67,0.82370,-1,-1,-1
522,196,186.02,12.67,161.61,456.41,0.88756,-1,-1,-1
523,176,362.25,0.00,277.75,476.45,0.81498,-1,-1,-1
523,192,112.43,86.90,111.13,315.02,0.77128,-1,-1,-1
523,196,188.48,9.64,159.63,464.04,0.89974,-1,-1,-1
524,176,375.75,0.00,264.25,477.20,0.80057,-1,-1,-1
524,192,108.31,81.54,112.85,312.99,0.83251,-1,-1,-1
524,196,190.32,4.50,155.63,473.63,0.89471,-1,-1,-1
525,176,393.23,0.41,246.77,479.59,0.89336,-1,-1,-1
525,192,114.55,83.49,112.32,303.15,0.83241,-1,-1,-1
525,196,200.03,10.16,153.85,469.84,0.88942,-1,-1,-1
526,176,407.36,0.00,232.64,477.37,0.89413,-1,-1,-1
526,192,131.32,79.23,103.40,291.82,0.85295,-1,-1,-1
526,196,206.54,11.07,158.12,468.93,0.87390,-1,-1,-1
527,176,418.07,0.00,221.93,478.83,0.86974,-1,-1,-1
527,192,141.57,75.42,92.83,293.79,0.84879,-1,-1,-1
527,196,203.72,9.51,163.67,470.49,0.86614,-1,-1,-1
528,176,436.48,4.31,203.52,475.69,0.90609,-1,-1,-1
528,192,158.15,88.30,80.34,293.74,0.86125,-1,-1,-1
528,196,201.67,20.45,171.14,459.55,0.86042,-1,-1,-1
528,179,392.13,97.79,70.95,316.22,0.69334,-1,-1,-1
529,176,450.34,4.11,189.66,475.89,0.89355,-1,-1,-1
529,192,163.05,96.98,79.00,290.61,0.84377,-1,-1,-1
529,196,203.41,25.54,173.70,454.46,0.88292,-1,-1,-1
529,198,126.66,164.77,47.10,145.33,0.79251,-1,-1,-1
529,179,385.94,104.73,82.04,317.92,0.81177,-1,-1,-1
530,176,467.72,1.41,172.28,478.13,0.90249,-1,-1,-1
530,192,161.09,100.46,84.52,287.77,0.86307,-1,-1,-1
530,196,208.79,25.68,173.18,449.89,0.87495,-1,-1,-1
530,198,120.41,161.77,47.76,150.91,0.78480,-1,-1,-1
530,179,384.44,107.51,89.98,320.43,0.73827,-1,-1,-1
531,176,477.63,0.97,162.37,478.19,0.89644,-1,-1,-1
531,192,158.96,103.52,89.99,287.27,0.85109,-1,-1,-1
531,196,215.51,27.36,168.94,451.01,0.87913,-1,-1,-1
531,198,112.89,160.32,53.58,156.74,0.81135,-1,-1,-1
531,179,384.41,110.79,95.48,323.90,0.82405,-1,-1,-1
532,176,486.85,0.00,153.15,477.46,0.88515,-1,-1,-1
532,192,163.46,101.59,87.12,278.85,0.84059,-1,-1,-1
532,196,221.65,25.86,158.10,454.14,0.89354,-1,-1,-1
532,198,96.85,157.95,62.57,163.84,0.75193,-1,-1,-1
532,179,378.90,105.47,99.22,324.53,0.84019,-1,-1,-1
533,176,486.52,0.00,153.13,477.39,0.88893,-1,-1,-1
533,192,168.91,94.33,77.65,278.04,0.79784,-1,-1,-1
533,196,218.92,20.73,149.77,459.27,0.87994,-1,-1,-1
533,198,77.16,152.76,71.53,169.29,0.79495,-1,-1,-1
533,179,371.41,98.19,99.12,317.80,0.84400,-1,-1,-1
533,199,464.79,92.29,49.80,264.67,0.56344,-1,-1,-1
534,176,487.21,0.78,149.21,478.56,0.88810,-1,-1,-1
534,192,152.34,89.42,83.99,280.88,0.79456,-1,-1,-1
534,196,204.93,20.32,144.46,459.68,0.88541,-1,-1,-1
534,198,55.24,145.70,69.26,179.96,0.79841,-1,-1,-1
534,179,358.06,94.79,96.70,317.93,0.78762,-1,-1,-1
534,199,453.35,89.21,59.43,291.70,0.78035,-1,-1,-1
535,176,493.73,2.36,144.58,476.15,0.87778,-1,-1,-1
535,192,142.31,89.59,89.41,289.68,0.51370,-1,-1,-1
535,196,194.05,21.65,148.12,458.35,0.87819,-1,-1,-1
535,198,41.59,139.13,69.70,190.34,0.78686,-1,-1,-1
535,179,343.19,95.19,103.65,319.86,0.78044,-1,-1,-1
535,199,448.58,88.98,68.10,318.38,0.84504,-1,-1,-1
536,176,501.61,1.27,138.39,476.72,0.88092,-1,-1,-1
536,192,140.43,114.36,83.93,203.56,0.51537,-1,-1,-1
536,196,194.69,18.47,147.51,459.50,0.87945,-1,-1,-1
536,198,31.31,132.83,74.68,199.73,0.79641,-1,-1,-1
536,179,329.99,95.73,115.03,323.22,0.85166,-1,-1,-1
536,199,446.42,88.44,77.09,321.14,0.84295,-1,-1,-1
537,176,507.59,4.14,132.41,472.92,0.88233,-1,-1,-1
537,192,137.22,119.05,80.32,174.89,0.46460,-1,-1,-1
537,196,193.77,6.75,149.48,459.40,0.88172,-1,-1,-1
537,198,14.33,119.96,81.96,210.04,0.80247,-1,-1,-1
537,179,321.55,91.53,120.62,329.71,0.84906,-1,-1,-1
537,199,443.17,83.91,85.17,321.97,0.87321,-1,-1,-1
538,176,513.17,3.72,126.83,475.38,0.87890,-1,-1,-1
538,192,135.11,125.97,76.56,162.60,0.58607,-1,-1,-1
538,196,195.02,3.70,153.21,456.16,0.89470,-1,-1,-1
538,198,6.15,117.36,84.38,221.38,0.84558,-1,-1,-1
538,179,324.85,91.46,113.87,333.84,0.80089,-1,-1,-1
538,199,440.32,85.45,91.73,334.75,0.85124,-1,-1,-1
538,202,124.81,145.89,37.96,140.63,0.66534,-1,-1,-1
539,176,530.55,2.33,109.45,474.04,0.86210,-1,-1,-1
539,192,149.83,123.87,64.17,161.59,0.60622,-1,-1,-1
539,196,198.65,1.29,160.18,464.39,0.88557,-1,-1,-1
539,198,0.65,112.78,87.47,234.49,0.87746,-1,-1,-1
539,179,333.63,88.05,105.23,330.98,0.86337,-1,-1,-1
539,199,446.59,83.44,95.46,329.12,0.84918,-1,-1,-1
539,202,122.83,140.83,45.09,145.34,0.79323,-1,-1,-1
539,203,409.35,125.89,49.54,225.17,0.77549,-1,-1,-1
540,176,542.23,5.61,97.77,466.66,0.81209,-1,-1,-1
540,192,166.67,123.53,64.85,216.60,0.75454,-1,-1,-1
540,196,203.50,1.40,163.05,472.07,0.87776,-1,-1,-1
540,198,0.00,114.54,88.76,244.52,0.86796,-1,-1,-1
540,179,340.88,88.63,99.51,325.99,0.86864,-1,-1,-1
540,199,450.40,79.63,101.96,336.99,0.83505,-1,-1,-1
540,202,122.40,139.08,52.50,151.01,0.78134,-1,-1,-1
540,203,412.88,127.57,51.43,222.78,0.72925,-1,-1,-1
541,176,561.91,18.64,78.09,422.38,0.75460,-1,-1,-1
541,192,186.81,125.89,58.36,235.94,0.73289,-1,-1,-1
541,196,214.41,0.87,163.37,472.54,0.86538,-1,-1,-1
541,198,0.00,110.83,85.02,260.11,0.86003,-1,-1,-1
541,179,350.70,84.73,96.51,333.50,0.83844,-1,-1,-1
541,199,457.07,74.66,113.20,344.69,0.74625,-1,-1,-1
541,202,120.30,139.16,61.76,155.49,0.85716,-1,-1,-1
541,203,422.73,125.93,50.17,232.01,0.67127,-1,-1,-1
542,176,588.38,39.08,51.62,390.74,0.49459,-1,-1,-1
542,192,205.16,125.01,47.47,247.37,0.48798,-1,-1,-1
542,196,227.09,1.58,157.81,473.86,0.87676,-1,-1,-1
542,198,0.00,101.73,76.49,278.02,0.84386,-1,-1,-1
542,179,360.01,84.20,91.60,338.92,0.79312,-1,-1,-1
542,199,452.38,72.25,122.61,354.11,0.62131,-1,-1,-1
542,202,111.84,138.83,71.48,161.33,0.86638,-1,-1,-1
543,192,214.18,125.99,43.61,255.57,0.52609,-1,-1,-1
543,196,235.20,6.64,158.03,472.06,0.84757,-1,-1,-1
543,198,0.00,94.34,72.18,292.25,0.86445,-1,-1,-1
543,179,367.18,89.60,86.67,342.65,0.68874,-1,-1,-1
543,199,444.90,76.00,125.53,362.26,0.81126,-1,-1,-1
543,202,104.70,142.18,77.01,163.17,0.87541,-1,-1,-1
543,203,431.48,125.74,50.98,275.16,0.33895,-1,-1,-1
544,192,220.48,129.43,43.58,251.16,0.63813,-1,-1,-1
544,196,243.52,2.76,158.26,476.98,0.86340,-1,-1,-1
544,198,0.00,84.80,59.44,303.41,0.80295,-1,-1,-1
544,179,363.78,89.98,73.73,345.94,0.34041,-1,-1,-1
544,199,447.41,74.96,131.55,368.83,0.82256,-1,-1,-1
544,202,99.71,135.90,80.34,168.85,0.87816,-1,-1,-1
544,205,184.66,146.90,47.75,150.28,0.76456,-1,-1,-1
545,192,227.92,139.71,42.60,239.96,0.39022,-1,-1,-1
545,196,246.13,0.93,165.12,479.07,0.85539,-1,-1,-1
545,198,0.00,100.24,60.31,289.78,0.79333,-1,-1,-1
545,179,389.28,88.87,68.38,346.61,0.51347,-1,-1,-1
545,199,454.08,74.24,132.59,372.86,0.80140,-1,-1,-1
545,202,100.15,134.00,81.56,171.68,0.87264,-1,-1,-1
545,205,186.78,148.19,50.98,151.19,0.71369,-1,-1,-1
545,203,441.78,119.11,39.09,252.44,0.31123,-1,-1,-1
546,196,254.47,0.33,173.00,478.82,0.89847,-1,-1,-1
546,198,0.43,113.04,56.34,282.67,0.76209,-1,-1,-1
546,179,383.24,84.31,88.82,351.98,0.58011,-1,-1,-1
546,199,468.99,71.60,127.84,374.23,0.78364,-1,-1,-1
546,202,104.74,131.19,81.75,176.11,0.86013,-1,-1,-1
546,205,193.77,149.24,52.20,152.91,0.75789,-1,-1,-1
547,196,252.83,0.00,187.64,479.17,0.88828,-1,-1,-1
547,198,0.00,120.54,38.91,274.71,0.50297,-1,-1,-1
547,179,392.21,81.00,90.05,345.62,0.68543,-1,-1,-1
547,199,483.98,66.40,125.22,369.56,0.73826,-1,-1,-1
547,202,109.51,123.03,74.45,183.45,0.78941,-1,-1,-1
547,205,194.32,142.99,55.29,159.27,0.81723,-1,-1,-1
548,196,252.62,0.00,195.81,474.70,0.88128,-1,-1,-1
548,179,401.40,82.02,86.18,348.58,0.53706,-1,-1,-1
548,199,500.16,64.99,122.67,375.74,0.71001,-1,-1,-1
548,202,114.64,121.58,68.18,188.12,0.81544,-1,-1,-1
548,205,195.99,139.90,60.87,165.31,0.83948,-1,-1,-1
548,203,475.17,117.21,44.93,253.37,0.61421,-1,-1,-1
549,196,253.83,0.00,197.10,471.94,0.85940,-1,-1,-1
549,179,422.09,86.56,69.96,336.54,0.40727,-1,-1,-1
549,199,511.68,62.72,125.03,385.58,0.76822,-1,-1,-1
549,202,115.74,118.37,67.10,192.64,0.82235,-1,-1,-1
549,205,195.04,135.65,63.97,170.44,0.82608,-1,-1,-1
549,203,480.11,120.68,48.61,248.03,0.68461,-1,-1,-1
550,196,258.98,0.00,196.10,474.21,0.77346,-1,-1,-1
550,179,412.83,65.93,79.64,361.00,0.37634,-1,-1,-1
550,199,525.77,48.07,114.23,398.44,0.88537,-1,-1,-1
550,202,108.69,103.95,71.39,201.22,0.73542,-1,-1,-1
550,205,195.57,118.71,64.93,177.41,0.83264,-1,-1,-1
550,203,486.45,109.88,55.42,250.09,0.78941,-1,-1,-1
551,196,263.68,0.00,185.81,477.33,0.79829,-1,-1,-1
551,179,409.75,67.99,80.46,365.89,0.58476,-1,-1,-1
551,199,532.12,44.26,107.88,406.57,0.90189,-1,-1,-1
551,202,95.82,97.87,77.45,208.50,0.83720,-1,-1,-1
551,205,193.13,112.82,64.20,182.35,0.82559,-1,-1,-1
551,203,487.88,108.42,61.17,251.24,0.74830,-1,-1,-1
552,196,262.94,1.91,205.45,465.99,0.76754,-1,-1,-1
552,179,416.29,69.60,67.67,286.35,0.64926,-1,-1,-1
552,199,538.11,50.12,101.89,409.45,0.89399,-1,-1,-1
552,202,81.13,102.15,83.07,216.52,0.86691,-1,-1,-1
552,205,183.21,115.55,72.51,191.49,0.86950,-1,-1,-1
552,203,491.44,116.06,60.16,250.10,0.80787,-1,-1,-1
552,208,258.00,128.27,51.42,207.10,0.37186,-1,-1,-1
553,196,256.97,6.58,209.57,470.39,0.85968,-1,-1,-1
553,179,412.82,69.02,67.71,255.95,0.69636,-1,-1,-1
553,199,543.98,52.32,96.02,411.31,0.87670,-1,-1,-1
553,202,71.82,100.36,83.59,225.33,0.87164,-1,-1,-1
553,205,172.90,116.68,79.10,196.40,0.87162,-1,-1,-1
553,203,494.48,118.54,61.06,249.73,0.80386,-1,-1,-1
554,196,250.38,3.67,199.88,476.25,0.89530,-1,-1,-1
554,179,423.58,104.11,54.47,219.98,0.39059,-1,-1,-1
554,199,549.90,52.53,90.10,406.24,0.89361,-1,-1,-1
554,202,64.63,98.10,81.92,233.79,0.85220,-1,-1,-1
554,205,167.78,117.01,81.97,203.69,0.86030,-1,-1,-1
554,203,499.71,120.06,62.38,248.52,0.76774,-1,-1,-1
555,196,257.08,0.70,192.73,478.52,0.91251,-1,-1,-1
555,179,412.14,111.16,62.51,237.27,0.63023,-1,-1,-1
555,199,558.74,46.66,81.26,401.76,0.89120,-1,-1,-1
555,202,60.79,91.51,75.58,241.28,0.83893,-1,-1,-1
555,205,167.16,110.94,79.76,213.01,0.87829,-1,-1,-1
555,203,506.54,113.91,66.18,248.00,0.76349,-1,-1,-1
556,196,253.79,2.50,193.85,477.50,0.90823,-1,-1,-1
556,179,412.26,116.72,64.71,245.03,0.69503,-1,-1,-1
556,199,564.14,48.00,75.86,401.10,0.86286,-1,-1,-1
556,202,49.63,90.80,77.96,247.60,0.83322,-1,-1,-1
556,205,164.62,111.58,77.91,219.93,0.87620,-1,-1,-1
556,203,508.80,116.13,69.93,248.62,0.77225,-1,-1,-1
557,196,259.07,6.39,190.06,473.61,0.92021,-1,-1,-1
557,179,417.63,124.39,73.14,270.20,0.72147,-1,-1,-1
557,199,555.66,60.74,84.34,393.13,0.83202,-1,-1,-1
557,202,27.57,92.87,87.79,257.43,0.86819,-1,-1,-1
557,205,157.86,113.35,78.30,230.71,0.87880,-1,-1,-1
557,203,515.34,129.07,66.29,245.42,0.82155,-1,-1,-1
558,196,260.66,3.01,188.57,476.47,0.90821,-1,-1,-1
558,179,418.15,119.54,84.43,284.73,0.81564,-1,-1,-1
558,199,550.28,60.00,89.28,383.36,0.84521,-1,-1,-1
558,202,5.70,84.19,97.88,267.21,0.89514,-1,-1,-1
558,205,151.84,106.70,79.90,237.74,0.87210,-1,-1,-1
558,203,519.44,129.64,62.92,236.24,0.81276,-1,-1,-1
559,196,269.40,0.00,188.09,473.99,0.92166,-1,-1,-1
559,179,427.34,106.11,101.58,309.07,0.81919,-1,-1,-1
559,199,557.05,49.82,82.95,374.63,0.85787,-1,-1,-1
559,202,0.00,77.98,98.60,273.45,0.90364,-1,-1,-1
559,205,150.40,96.05,86.23,245.45,0.86660,-1,-1,-1
559,203,531.52,118.38,63.73,245.77,0.74209,-1,-1,-1
560,196,270.62,0.00,186.76,476.38,0.91366,-1,-1,-1
560,179,437.91,95.72,105.52,331.18,0.80078,-1,-1,-1
560,199,568.66,45.61,71.34,376.18,0.85850,-1,-1,-1
560,202,0.00,76.66,90.64,280.49,0.92140,-1,-1,-1
560,205,144.18,90.66,91.20,258.57,0.87805,-1,-1,-1
560,203,536.47,114.48,60.89,243.17,0.73953,-1,-1,-1
561,196,256.38,0.00,193.38,478.46,0.89907,-1,-1,-1
561,179,442.01,77.03,109.02,357.48,0.65772,-1,-1,-1
561,199,570.52,39.90,67.49,385.40,0.88665,-1,-1,-1
561,202,0.00,66.40,73.00,288.82,0.88482,-1,-1,-1
561,205,126.63,78.84,95.29,276.69,0.80949,-1,-1,-1
561,203,542.17,110.67,47.59,246.08,0.60001,-1,-1,-1
562,196,245.37,0.00,199.82,478.49,0.89854,-1,-1,-1
562,179,449.79,60.88,112.31,376.14,0.79893,-1,-1,-1
562,199,567.99,35.16,69.63,394.60,0.90483,-1,-1,-1
562,202,0.00,76.48,56.93,276.43,0.85601,-1,-1,-1
562,205,111.81,70.41,98.66,288.50,0.87525,-1,-1,-1
563,196,237.39,1.98,211.19,478.02,0.92440,-1,-1,-1
563,179,465.79,49.49,123.68,414.36,0.62535,-1,-1,-1
563,199,575.85,39.48,62.84,403.35,0.83143,-1,-1,-1
563,202,0.00,95.78,35.12,261.97,0.51622,-1,-1,-1
563,205,98.89,65.11,104.91,310.56,0.81774,-1,-1,-1
563,209,409.70,80.70,71.14,269.62,0.62260,-1,-1,-1
564,196,233.32,2.55,216.36,477.45,0.90365,-1,-1,-1
564,179,497.99,41.29,118.10,430.79,0.55175,-1,-1,-1
564,199,581.27,40.28,58.58,408.41,0.66369,-1,-1,-1
564,205,87.92,59.01,114.15,327.19,0.86873,-1,-1,-1
564,209,412.16,79.36,73.27,278.00,0.71004,-1,-1,-1
565,196,233.24,2.20,217.44,476.13,0.92206,-1,-1,-1
565,179,489.35,28.95,147.13,450.13,0.82665,-1,-1,-1
565,205,76.96,50.96,118.35,346.17,0.85862,-1,-1,-1
565,209,414.05,74.67,82.05,295.54,0.79209,-1,-1,-1
565,211,0.46,173.45,15.12,77.98,0.37114,-1,-1,-1
566,196,231.67,2.05,215.00,476.98,0.91753,-1,-1,-1
566,179,498.51,59.68,141.49,420.32,0.51710,-1,-1,-1
566,205,62.41,41.53,125.53,363.65,0.89175,-1,-1,-1
566,209,419.48,66.12,83.54,314.44,0.84028,-1,-1,-1
567,196,231.09,1.80,208.52,475.07,0.91945,-1,-1,-1
567,179,520.85,69.82,119.15,410.18,0.82545,-1,-1,-1
567,205,45.15,28.23,132.63,386.65,0.90072,-1,-1,-1
567,209,423.86,55.63,89.23,334.48,0.85843,-1,-1,-1
568,196,229.20,1.46,204.74,472.05,0.91865,-1,-1,-1
568,179,535.43,62.72,104.57,417.28,0.69526,-1,-1,-1
568,205,26.94,17.34,141.90,406.64,0.91220,-1,-1,-1
568,209,425.22,45.37,101.91,355.36,0.86483,-1,-1,-1
568,211,0.00,180.93,13.39,74.96,0.38276,-1,-1,-1
569,196,222.83,0.00,204.93,474.56,0.92360,-1,-1,-1
569,179,561.10,54.21,78.90,425.79,0.48141,-1,-1,-1
569,205,6.24,2.77,149.87,438.54,0.91001,-1,-1,-1
569,209,422.21,27.48,121.93,380.33,0.86498,-1,-1,-1
570,196,214.34,0.00,208.46,475.41,0.91780,-1,-1,-1
570,179,564.96,47.58,75.04,393.40,0.62691,-1,-1,-1
570,205,0.00,0.00,144.75,438.80,0.91585,-1,-1,-1
570,209,425.34,13.33,131.09,401.31,0.86218,-1,-1,-1
571,196,198.28,0.78,222.79,476.85,0.90791,-1,-1,-1
571,205,0.00,0.00,128.45,446.92,0.89767,-1,-1,-1
571,209,431.73,3.10,140.56,426.56,0.86854,-1,-1,-1
571,203,565.90,54.81,74.10,363.29,0.87982,-1,-1,-1
572,196,186.00,0.00,232.64,477.71,0.91568,-1,-1,-1
572,205,0.00,0.00,111.87,456.33,0.88259,-1,-1,-1
572,209,438.43,0.00,150.08,446.72,0.87959,-1,-1,-1
572,179,573.26,57.79,66.74,330.10,0.73429,-1,-1,-1
573,196,179.16,1.09,240.43,478.91,0.91615,-1,-1,-1
573,205,0.00,9.01,97.21,462.71,0.83234,-1,-1,-1
573,209,443.13,0.00,170.13,473.78,0.84881,-1,-1,-1
573,179,588.52,69.39,51.48,320.14,0.42687,-1,-1,-1
574,196,178.41,0.85,248.93,477.99,0.91349,-1,-1,-1
574,209,452.73,0.00,180.08,480.00,0.90438,-1,-1,-1
575,196,185.11,0.40,248.05,476.90,0.90493,-1,-1,-1
575,209,462.45,0.00,177.55,480.00,0.91451,-1,-1,-1
576,196,193.71,0.00,245.75,478.66,0.91846,-1,-1,-1
576,209,475.59,0.00,164.41,480.00,0.90703,-1,-1,-1
577,196,201.76,0.00,244.66,478.87,0.92259,-1,-1,-1
577,209,490.07,0.00,149.93,480.00,0.89570,-1,-1,-1
578,196,211.13,0.00,242.44,478.83,0.92447,-1,-1,-1
578,209,512.36,0.00,127.64,480.00,0.72863,-1,-1,-1
579,196,219.89,0.00,238.69,476.63,0.90725,-1,-1,-1
580,196,229.52,0.00,233.99,475.72,0.91655,-1,-1,-1
580,209,505.74,45.45,129.19,383.41,0.84431,-1,-1,-1
581,196,246.92,1.60,233.78,477.57,0.92432,-1,-1,-1
581,213,216.77,151.02,46.72,131.82,0.78649,-1,-1,-1
581,209,507.51,65.54,97.72,338.86,0.71550,-1,-1,-1
582,196,254.57,2.10,235.81,475.21,0.92178,-1,-1,-1
582,213,211.94,150.84,52.52,135.48,0.82611,-1,-1,-1
582,209,500.19,71.98,87.22,324.43,0.60313,-1,-1,-1
583,196,261.13,4.34,245.92,475.01,0.91708,-1,-1,-1
583,213,207.62,159.55,57.85,137.89,0.73239,-1,-1,-1
583,209,499.69,83.98,77.84,317.58,0.68598,-1,-1,-1
584,196,265.71,1.51,261.48,476.92,0.91550,-1,-1,-1
584,213,203.66,159.29,59.30,142.96,0.71910,-1,-1,-1
584,209,506.80,96.01,108.09,314.08,0.50434,-1,-1,-1
585,196,269.77,0.00,275.06,475.37,0.90716,-1,-1,-1
585,213,199.82,150.68,58.13,150.24,0.73684,-1,-1,-1
585,217,547.80,118.51,59.60,235.75,0.45414,-1,-1,-1
585,218,0.00,0.00,107.22,464.00,0.61864,-1,-1,-1
586,196,275.84,1.03,277.55,473.52,0.90113,-1,-1,-1
586,213,198.25,147.15,59.71,159.04,0.80819,-1,-1,-1
586,217,538.44,121.48,67.10,253.91,0.75111,-1,-1,-1
586,218,0.43,0.37,114.45,473.01,0.57979,-1,-1,-1
587,196,276.16,0.00,269.63,471.25,0.91272,-1,-1,-1
587,213,188.55,142.50,61.94,162.04,0.81792,-1,-1,-1
587,218,0.00,0.00,111.25,477.06,0.68196,-1,-1,-1
587,219,457.38,128.15,102.95,272.19,0.51972,-1,-1,-1
587,209,520.62,115.44,76.70,262.50,0.65698,-1,-1,-1
588,196,274.51,0.89,258.51,477.20,0.91577,-1,-1,-1
588,213,180.09,145.37,61.23,165.13,0.83443,-1,-1,-1
588,218,0.00,0.54,104.55,479.29,0.64604,-1,-1,-1
588,219,455.68,168.62,78.23,225.96,0.58499,-1,-1,-1
588,209,515.86,123.57,71.65,252.76,0.72591,-1,-1,-1
589,196,250.38,0.00,254.82,480.00,0.90509,-1,-1,-1
589,213,155.00,143.17,63.91,172.22,0.72279,-1,-1,-1
589,218,0.00,0.00,93.10,478.35,0.62966,-1,-1,-1
589,209,479.25,129.24,87.68,245.18,0.63896,-1,-1,-1
590,196,235.97,0.00,255.20,476.96,0.88345,-1,-1,-1
590,213,141.05,138.83,67.88,177.68,0.82170,-1,-1,-1
590,218,0.00,0.00,95.99,471.28,0.34303,-1,-1,-1
590,209,461.66,126.88,93.60,243.02,0.79578,-1,-1,-1
591,196,210.21,0.00,263.08,477.54,0.87324,-1,-1,-1
591,213,124.21,138.47,67.71,182.86,0.81222,-1,-1,-1
591,218,0.00,0.00,107.82,469.75,0.66359,-1,-1,-1
591,209,447.01,124.63,91.88,241.81,0.64936,-1,-1,-1
592,196,190.98,2.51,261.49,476.48,0.87453,-1,-1,-1
592,213,106.34,143.47,71.48,192.50,0.85848,-1,-1,-1
592,218,0.00,3.13,84.35,403.97,0.77013,-1,-1,-1
592,209,413.34,128.56,102.49,252.62,0.75576,-1,-1,-1
593,196,188.16,0.00,256.63,478.97,0.89381,-1,-1,-1
593,213,85.25,132.88,75.67,206.01,0.81171,-1,-1,-1
593,218,0.00,7.49,99.16,447.38,0.40197,-1,-1,-1
593,209,384.31,123.85,100.44,253.88,0.36982,-1,-1,-1
594,196,188.81,0.00,249.97,477.91,0.89910,-1,-1,-1
594,213,72.69,124.83,77.68,214.06,0.83334,-1,-1,-1
594,218,0.06,21.07,97.94,448.35,0.56441,-1,-1,-1
595,196,190.24,1.42,241.47,478.58,0.90779,-1,-1,-1
595,213,49.06,121.15,87.28,226.33,0.78628,-1,-1,-1
595,217,405.02,125.88,68.82,240.70,0.46918,-1,-1,-1
596,196,190.86,0.79,235.70,479.21,0.90786,-1,-1,-1
596,213,36.67,113.01,90.61,236.57,0.82162,-1,-1,-1
596,217,402.94,128.00,56.61,242.73,0.39776,-1,-1,-1
596,209,366.31,125.70,83.42,260.46,0.58165,-1,-1,-1
597,196,194.74,0.00,225.65,479.75,0.90052,-1,-1,-1
597,213,26.40,106.09,89.80,246.10,0.79776,-1,-1,-1
597,224,0.00,52.59,37.30,301.17,0.56682,-1,-1,-1
597,209,359.59,134.35,84.08,249.75,0.37150,-1,-1,-1
598,196,199.16,1.17,219.93,478.26,0.91083,-1,-1,-1
598,213,16.19,105.96,88.45,252.60,0.76677,-1,-1,-1
598,224,0.00,107.01,34.81,248.43,0.45424,-1,-1,-1
598,225,158.35,154.74,53.36,149.24,0.77546,-1,-1,-1
599,196,199.49,0.36,223.06,477.62,0.90326,-1,-1,-1
599,213,2.82,101.39,91.81,274.11,0.82438,-1,-1,-1
599,225,151.02,152.69,58.36,152.09,0.80526,-1,-1,-1
599,226,606.52,200.21,33.28,141.50,0.61572,-1,-1,-1
599,209,367.76,138.69,60.78,235.14,0.40181,-1,-1,-1
600,196,200.61,1.34,231.27,476.51,0.91212,-1,-1,-1
600,213,0.00,97.39,77.33,278.73,0.86794,-1,-1,-1
600,225,145.92,153.56,60.81,158.60,0.81167,-1,-1,-1
600,179,596.72,142.46,43.17,208.87,0.60388,-1,-1,-1
601,196,199.08,1.05,237.53,478.04,0.92084,-1,-1,-1
601,213,0.00,120.32,60.82,256.28,0.41782,-1,-1,-1
601,225,141.43,153.22,62.43,163.30,0.82047,-1,-1,-1
601,179,597.20,133.86,42.80,221.32,0.56846,-1,-1,-1
602,196,194.79,0.00,245.50,478.72,0.91121,-1,-1,-1
602,225,139.35,150.45,60.82,167.53,0.82018,-1,-1,-1
602,179,595.27,119.58,44.73,237.27,0.53089,-1,-1,-1
603,196,193.80,0.42,242.05,479.58,0.90842,-1,-1,-1
603,225,133.18,152.05,62.96,172.94,0.86226,-1,-1,-1
603,179,592.32,113.48,47.68,249.96,0.58315,-1,-1,-1
603,224,0.12,190.64,33.30,275.36,0.30762,-1,-1,-1
604,196,194.07,0.00,235.79,480.00,0.90572,-1,-1,-1
604,225,130.30,148.15,67.44,178.75,0.81269,-1,-1,-1
604,179,587.40,108.05,52.60,333.92,0.46920,-1,-1,-1
604,224,0.35,216.30,46.33,236.57,0.62504,-1,-1,-1
604,209,368.08,175.71,64.20,196.66,0.37862,-1,-1,-1
605,196,197.61,0.00,223.67,479.14,0.90857,-1,-1,-1
605,225,128.57,144.36,68.61,183.37,0.80743,-1,-1,-1
605,179,587.91,101.56,52.09,293.83,0.51907,-1,-1,-1
605,224,1.07,221.00,57.71,212.15,0.49526,-1,-1,-1
605,209,371.54,183.36,56.93,187.34,0.32282,-1,-1,-1
606,196,201.04,0.00,214.04,478.03,0.91096,-1,-1,-1
606,225,125.62,139.89,70.12,185.93,0.81136,-1,-1,-1
606,179,591.64,98.40,48.36,356.39,0.46476,-1,-1,-1
606,224,1.34,220.59,65.44,249.13,0.40630,-1,-1,-1
607,196,199.14,0.00,211.30,478.56,0.90392,-1,-1,-1
607,225,117.59,132.88,75.86,194.33,0.83022,-1,-1,-1
607,224,0.59,206.33,69.02,234.20,0.43872,-1,-1,-1
608,196,196.04,0.53,212.95,479.47,0.90871,-1,-1,-1
608,225,102.19,132.09,87.39,202.21,0.84368,-1,-1,-1
609,196,199.55,0.00,219.68,479.19,0.90026,-1,-1,-1
609,225,95.69,124.95,94.11,211.55,0.86840,-1,-1,-1
609,230,196.20,144.26,56.16,234.47,0.55872,-1,-1,-1
610,196,207.09,0.05,222.19,479.87,0.79937,-1,-1,-1
610,225,93.75,123.49,90.55,219.91,0.84986,-1,-1,-1
611,196,220.46,2.35,215.55,477.65,0.86590,-1,-1,-1
611,225,91.43,125.48,86.37,226.85,0.85268,-1,-1,-1
611,230,197.00,148.06,59.88,237.91,0.65062,-1,-1,-1
612,196,228.31,0.00,220.70,480.00,0.88487,-1,-1,-1
612,225,80.92,117.25,87.46,238.00,0.86313,-1,-1,-1
612,231,162.14,167.10,37.77,122.75,0.74951,-1,-1,-1
612,232,0.00,16.91,70.73,336.25,0.52213,-1,-1,-1
612,230,192.64,140.09,69.37,244.71,0.40887,-1,-1,-1
613,196,228.99,0.00,227.14,479.31,0.87729,-1,-1,-1
613,225,60.18,107.92,97.10,245.46,0.86032,-1,-1,-1
613,231,153.64,162.06,43.07,124.94,0.72985,-1,-1,-1
613,232,0.00,18.00,73.09,310.18,0.76107,-1,-1,-1
613,230,184.79,135.34,81.51,236.95,0.51367,-1,-1,-1
614,196,241.34,0.00,227.35,480.00,0.88178,-1,-1,-1
614,225,47.60,100.28,95.25,263.65,0.88474,-1,-1,-1
614,231,141.33,159.01,47.95,130.41,0.75397,-1,-1,-1
614,232,0.00,28.12,73.40,307.15,0.70657,-1,-1,-1
614,230,174.83,113.71,89.15,255.22,0.86645,-1,-1,-1
615,196,256.11,0.48,221.88,479.06,0.88949,-1,-1,-1
615,225,45.61,95.81,90.86,273.73,0.83835,-1,-1,-1
615,231,136.17,157.63,50.28,132.99,0.79179,-1,-1,-1
615,232,0.54,24.28,72.81,368.95,0.79367,-1,-1,-1
615,230,177.31,106.99,87.76,263.37,0.86322,-1,-1,-1
616,196,270.47,0.00,224.22,480.00,0.89252,-1,-1,-1
616,225,46.22,90.48,82.52,273.20,0.75390,-1,-1,-1
616,231,129.81,153.05,54.19,138.46,0.82178,-1,-1,-1
616,232,0.29,13.64,78.55,428.27,0.63155,-1,-1,-1
616,230,182.31,105.06,84.63,270.05,0.84002,-1,-1,-1
617,196,278.17,0.00,226.18,477.86,0.88815,-1,-1,-1
617,225,42.93,78.11,78.04,230.50,0.62148,-1,-1,-1
617,231,125.64,144.76,56.83,142.79,0.79737,-1,-1,-1
617,232,0.43,3.81,85.61,457.94,0.46809,-1,-1,-1
617,230,182.90,98.85,83.12,272.33,0.85400,-1,-1,-1
617,233,248.50,130.07,34.43,171.01,0.30337,-1,-1,-1
618,196,277.49,0.00,228.56,479.37,0.89372,-1,-1,-1
618,225,33.53,59.94,68.56,187.25,0.31811,-1,-1,-1
618,231,109.89,138.72,64.63,149.47,0.79229,-1,-1,-1
618,232,0.00,0.00,88.48,480.00,0.81484,-1,-1,-1
618,230,177.47,94.74,79.14,275.18,0.85496,-1,-1,-1
618,233,240.19,126.36,40.27,164.44,0.33005,-1,-1,-1
618,234,261.98,96.65,52.06,244.95,0.72479,-1,-1,-1
619,196,275.25,0.03,229.20,479.97,0.90102,-1,-1,-1
619,231,100.15,136.44,58.70,152.83,0.80682,-1,-1,-1
619,232,0.00,0.00,92.79,480.00,0.84460,-1,-1,-1
619,230,170.18,94.23,76.50,272.68,0.86320,-1,-1,-1
619,233,233.65,124.09,42.03,172.78,0.57345,-1,-1,-1
619,234,259.18,93.98,57.13,259.11,0.79256,-1,-1,-1
620,196,275.77,1.21,227.86,478.79,0.85649,-1,-1,-1
620,231,92.27,136.03,61.69,157.72,0.80803,-1,-1,-1
620,232,0.00,0.45,101.36,479.55,0.84554,-1,-1,-1
620,230,167.69,93.84,74.05,267.29,0.83358,-1,-1,-1
620,233,232.71,124.96,42.91,175.33,0.64934,-1,-1,-1
620,234,258.13,92.36,63.64,267.32,0.81022,-1,-1,-1
621,196,290.18,4.72,208.92,475.25,0.89095,-1,-1,-1
621,231,91.88,141.75,63.59,160.88,0.79551,-1,-1,-1
621,232,2.95,5.70,104.27,474.30,0.88028,-1,-1,-1
621,230,170.45,103.02,72.10,264.82,0.79768,-1,-1,-1
621,233,236.98,134.05,40.72,175.38,0.70110,-1,-1,-1
621,234,259.82,101.55,67.18,264.73,0.81505,-1,-1,-1
622,196,307.82,4.34,195.61,475.66,0.90466,-1,-1,-1
622,231,93.02,145.34,63.97,162.27,0.80206,-1,-1,-1
622,232,4.13,4.65,116.63,475.35,0.89044,-1,-1,-1
622,230,175.24,111.24,72.57,265.44,0.85454,-1,-1,-1
622,233,242.95,143.11,37.19,170.06,0.68145,-1,-1,-1
622,234,265.63,110.47,65.61,267.38,0.82530,-1,-1,-1
623,196,311.39,2.47,188.18,477.53,0.91387,-1,-1,-1
623,231,90.54,144.14,58.54,151.72,0.73160,-1,-1,-1
623,232,0.90,4.06,122.98,475.94,0.82366,-1,-1,-1
623,230,171.88,116.50,73.06,267.37,0.85623,-1,-1,-1
623,233,240.70,150.36,33.50,166.64,0.71315,-1,-1,-1
623,234,263.82,117.10,63.53,267.60,0.82595,-1,-1,-1
624,196,309.81,0.49,185.42,479.41,0.91967,-1,-1,-1
624,231,85.43,127.25,53.33,148.58,0.42717,-1,-1,-1
624,232,0.00,1.10,121.37,478.90,0.65571,-1,-1,-1
624,230,167.52,120.29,76.28,267.69,0.82124,-1,-1,-1
624,233,239.26,154.69,30.54,165.90,0.51144,-1,-1,-1
624,234,259.63,119.32,67.73,266.78,0.82746,-1,-1,-1
625,196,310.25,0.00,186.63,478.26,0.91710,-1,-1,-1
625,232,0.13,47.78,102.61,432.22,0.69676,-1,-1,-1
625,230,165.34,116.38,82.23,268.90,0.79843,-1,-1,-1
625,234,251.79,115.73,76.91,258.70,0.85921,-1,-1,-1
626,196,310.74,0.00,192.71,475.75,0.91329,-1,-1,-1
626,232,2.21,67.62,96.95,412.38,0.61957,-1,-1,-1
626,230,160.21,113.37,93.94,266.61,0.82283,-1,-1,-1
626,234,251.70,111.42,76.72,253.49,0.85290,-1,-1,-1
627,196,312.27,0.00,204.32,476.52,0.90439,-1,-1,-1
627,232,0.52,21.36,129.36,458.64,0.62447,-1,-1,-1
627,230,169.11,106.09,84.97,261.94,0.78404,-1,-1,-1
627,234,253.70,105.66,72.27,256.62,0.85412,-1,-1,-1
628,196,319.50,0.00,221.35,478.95,0.91939,-1,-1,-1
628,232,0.50,5.76,146.52,474.24,0.60895,-1,-1,-1
628,230,174.71,99.40,83.70,262.88,0.83629,-1,-1,-1
628,234,257.26,102.41,74.59,260.19,0.87040,-1,-1,-1
629,196,330.15,2.18,242.58,476.80,0.89326,-1,-1,-1
629,232,4.77,5.41,160.86,474.59,0.61979,-1,-1,-1
629,230,186.15,106.74,81.79,261.68,0.81008,-1,-1,-1
629,234,266.57,111.57,76.00,257.47,0.82964,-1,-1,-1
630,196,342.95,2.35,259.84,476.05,0.89298,-1,-1,-1
630,232,7.23,3.49,175.06,476.51,0.81207,-1,-1,-1
630,230,192.36,112.36,87.59,260.34,0.77377,-1,-1,-1
630,234,276.26,114.60,75.33,255.93,0.80979,-1,-1,-1
630,236,163.01,133.55,52.75,182.08,0.74694,-1,-1,-1
631,196,353.59,1.04,268.82,474.02,0.89398,-1,-1,-1
631,232,5.88,0.69,190.39,479.31,0.89045,-1,-1,-1
631,230,210.09,115.05,76.74,260.43,0.82648,-1,-1,-1
631,234,284.66,114.52,76.82,253.69,0.82548,-1,-1,-1
631,236,167.33,130.71,57.15,190.65,0.74624,-1,-1,-1
632,196,364.45,1.21,266.23,475.99,0.91660,-1,-1,-1
632,232,4.27,0.25,197.30,479.75,0.89347,-1,-1,-1
632,230,220.54,118.33,67.74,260.21,0.84789,-1,-1,-1
632,234,289.27,116.84,76.47,246.51,0.84949,-1,-1,-1
632,236,173.27,131.87,53.72,146.34,0.45311,-1,-1,-1
633,196,379.70,0.99,260.22,473.30,0.90465,-1,-1,-1
633,232,18.77,1.61,195.79,477.20,0.86341,-1,-1,-1
633,230,229.97,117.77,64.39,252.76,0.84101,-1,-1,-1
633,234,297.10,115.58,75.58,244.00,0.85042,-1,-1,-1
633,236,178.03,130.28,52.39,228.31,0.53021,-1,-1,-1
634,196,398.12,0.00,241.88,472.83,0.91070,-1,-1,-1
634,232,31.88,0.05,182.16,478.31,0.77601,-1,-1,-1
634,230,236.94,113.10,64.90,251.71,0.82940,-1,-1,-1
634,234,306.77,113.59,73.47,245.42,0.83552,-1,-1,-1
634,237,1.84,70.53,54.73,303.21,0.76336,-1,-1,-1
635,196,415.03,0.00,224.97,477.18,0.91132,-1,-1,-1
635,232,37.76,0.00,194.73,480.00,0.87276,-1,-1,-1
635,230,243.08,113.77,63.69,249.66,0.81286,-1,-1,-1
635,234,314.91,115.87,72.79,246.82,0.84675,-1,-1,-1
636,196,419.18,0.00,220.82,479.43,0.91278,-1,-1,-1
636,232,36.79,0.00,204.54,480.00,0.85006,-1,-1,-1
636,230,237.62,115.41,67.00,247.89,0.77584,-1,-1,-1
636,234,314.72,115.73,71.19,245.62,0.82290,-1,-1,-1
636,238,289.86,140.99,38.64,167.87,0.42425,-1,-1,-1
637,196,421.36,0.29,218.64,479.71,0.92427,-1,-1,-1
637,232,44.49,0.00,201.04,480.00,0.83259,-1,-1,-1
637,230,241.71,117.12,61.84,242.89,0.75847,-1,-1,-1
637,234,314.19,115.53,69.49,241.87,0.80922,-1,-1,-1
637,238,290.76,140.15,36.93,167.65,0.55157,-1,-1,-1
638,196,420.62,0.39,219.38,478.69,0.91528,-1,-1,-1
638,232,56.23,0.00,196.87,480.00,0.83654,-1,-1,-1
638,230,246.60,117.43,59.56,232.65,0.82773,-1,-1,-1
638,234,313.31,114.15,70.08,234.95,0.80947,-1,-1,-1
639,196,410.43,0.36,229.57,478.16,0.89782,-1,-1,-1
639,232,62.31,0.00,189.26,480.00,0.79155,-1,-1,-1
639,230,247.59,115.31,57.63,231.12,0.81720,-1,-1,-1
639,234,310.03,112.57,72.27,235.56,0.84957,-1,-1,-1
639,238,291.42,137.97,37.37,159.98,0.33931,-1,-1,-1
640,196,406.34,0.89,233.12,479.11,0.88519,-1,-1,-1
640,232,32.32,0.00,213.95,480.00,0.83161,-1,-1,-1
640,230,243.14,113.76,59.10,234.03,0.81133,-1,-1,-1
640,234,303.52,113.32,75.95,237.10,0.83790,-1,-1,-1
641,196,410.92,1.20,226.97,478.80,0.92485,-1,-1,-1
641,232,23.38,0.00,218.85,480.00,0.82113,-1,-1,-1
641,230,237.50,117.52,59.94,236.27,0.74428,-1,-1,-1
641,234,297.00,117.42,75.07,236.87,0.82684,-1,-1,-1
642,196,408.50,1.28,229.82,478.72,0.91884,-1,-1,-1
642,232,20.28,0.00,221.30,480.00,0.85891,-1,-1,-1
642,230,237.09,121.63,59.61,238.47,0.74537,-1,-1,-1
642,234,294.40,120.58,75.60,235.54,0.83511,-1,-1,-1
642,239,7.13,49.26,96.66,337.63,0.59463,-1,-1,-1
643,196,404.50,0.38,232.40,479.56,0.92655,-1,-1,-1
643,232,27.28,1.10,211.71,478.90,0.72609,-1,-1,-1
643,230,234.76,122.36,60.37,237.38,0.71446,-1,-1,-1
643,234,293.32,120.26,74.82,233.83,0.81209,-1,-1,-1
643,239,0.22,32.94,83.68,370.07,0.76399,-1,-1,-1
643,238,271.24,142.19,37.97,160.02,0.46136,-1,-1,-1
644,196,399.74,1.79,235.81,477.26,0.92903,-1,-1,-1
644,232,20.10,6.23,213.16,473.77,0.90283,-1,-1,-1
644,230,221.96,127.14,67.67,234.96,0.64706,-1,-1,-1
644,234,292.08,123.82,72.87,228.45,0.83415,-1,-1,-1
644,239,0.00,33.46,56.26,285.83,0.60654,-1,-1,-1
644,238,273.06,148.93,31.44,155.95,0.43606,-1,-1,-1
645,196,395.16,0.36,241.63,477.00,0.93107,-1,-1,-1
645,232,33.38,1.49,193.13,478.41,0.86862,-1,-1,-1
645,230,220.25,126.08,61.23,230.20,0.79014,-1,-1,-1
645,234,288.12,121.03,70.35,230.04,0.85613,-1,-1,-1
645,238,269.87,145.88,30.24,159.02,0.51159,-1,-1,-1
646,196,390.28,0.20,247.42,476.07,0.91465,-1,-1,-1
646,232,53.59,0.00,169.43,480.00,0.89381,-1,-1,-1
646,230,219.22,125.10,56.44,215.14,0.79044,-1,-1,-1
646,234,284.07,121.94,67.15,230.35,0.79134,-1,-1,-1
646,238,265.05,145.24,27.82,127.74,0.53475,-1,-1,-1
647,196,388.45,1.35,250.11,475.96,0.91915,-1,-1,-1
647,232,64.14,0.00,158.45,480.00,0.89764,-1,-1,-1
647,230,218.74,126.25,52.89,197.70,0.81527,-1,-1,-1
647,234,281.07,125.32,65.97,230.02,0.79676,-1,-1,-1
647,238,257.49,149.30,31.47,147.50,0.67666,-1,-1,-1
648,196,389.60,1.64,250.16,474.53,0.91448,-1,-1,-1
648,232,68.45,0.84,154.80,479.16,0.90277,-1,-1,-1
648,230,218.72,129.89,51.02,193.47,0.73518,-1,-1,-1
648,234,280.51,129.13,65.36,227.99,0.78230,-1,-1,-1
648,238,255.84,151.53,32.84,150.14,0.65553,-1,-1,-1
649,196,389.60,1.56,250.40,474.22,0.92036,-1,-1,-1
649,232,66.99,3.48,156.62,476.38,0.89805,-1,-1,-1
649,230,218.34,136.68,51.66,199.34,0.71697,-1,-1,-1
649,234,279.47,132.43,66.17,225.98,0.78000,-1,-1,-1
649,238,255.52,154.86,33.06,148.80,0.68105,-1,-1,-1
650,196,389.50,0.31,250.35,475.01,0.92064,-1,-1,-1
650,232,62.53,5.07,158.80,473.88,0.89559,-1,-1,-1
650,230,216.07,138.13,52.98,201.47,0.80726,-1,-1,-1
650,234,275.58,131.08,68.60,222.16,0.79921,-1,-1,-1
651,196,387.38,0.00,251.13,476.53,0.89707,-1,-1,-1
651,232,43.41,0.00,168.21,477.54,0.88855,-1,-1,-1
651,230,207.21,126.88,54.64,213.70,0.76771,-1,-1,-1
651,234,261.90,122.50,73.84,220.44,0.80269,-1,-1,-1
652,196,390.37,0.73,248.14,476.71,0.90236,-1,-1,-1
652,232,40.51,1.74,170.07,477.14,0.89658,-1,-1,-1
652,230,204.79,129.44,56.75,217.72,0.81743,-1,-1,-1
652,234,258.41,127.15,74.50,220.32,0.83529,-1,-1,-1
653,196,393.97,3.43,244.53,476.57,0.89678,-1,-1,-1
653,232,40.96,6.51,171.58,473.49,0.87615,-1,-1,-1
653,230,204.62,136.04,57.00,219.48,0.81452,-1,-1,-1
653,234,258.76,135.04,72.34,221.33,0.84888,-1,-1,-1
654,196,394.53,0.00,245.07,477.81,0.91162,-1,-1,-1
654,232,35.14,0.00,177.49,478.54,0.88878,-1,-1,-1
654,230,202.09,131.72,57.41,220.73,0.78836,-1,-1,-1
654,234,258.85,130.10,70.63,222.48,0.83132,-1,-1,-1
655,196,394.20,0.00,244.43,478.01,0.91748,-1,-1,-1
655,232,26.04,0.12,190.37,479.02,0.87497,-1,-1,-1
655,230,196.78,133.98,64.57,220.09,0.84130,-1,-1,-1
655,234,262.45,131.28,69.50,222.10,0.84810,-1,-1,-1
656,196,391.40,0.00,246.54,478.61,0.89770,-1,-1,-1
656,232,16.34,0.51,203.17,478.81,0.89135,-1,-1,-1
656,230,201.70,134.28,59.42,219.92,0.77519,-1,-1,-1
656,234,265.78,130.44,67.40,219.98,0.84471,-1,-1,-1
657,196,380.39,0.00,259.61,475.00,0.89126,-1,-1,-1
657,232,16.58,2.11,207.87,473.26,0.91239,-1,-1,-1
657,230,210.07,126.16,54.93,213.66,0.77801,-1,-1,-1
657,234,271.29,121.79,68.89,215.12,0.86065,-1,-1,-1
658,196,381.33,0.00,257.68,474.60,0.89274,-1,-1,-1
658,232,26.19,8.24,202.48,466.87,0.89651,-1,-1,-1
658,230,217.08,125.74,53.13,208.42,0.80407,-1,-1,-1
658,234,275.90,119.89,69.18,212.81,0.84603,-1,-1,-1
659,196,384.84,0.06,247.29,476.13,0.90491,-1,-1,-1
659,232,50.41,10.29,180.15,467.46,0.90927,-1,-1,-1
659,230,219.96,127.06,55.86,199.94,0.77663,-1,-1,-1
659,234,280.99,119.81,69.15,213.54,0.83337,-1,-1,-1
660,196,386.48,2.32,238.51,477.68,0.89850,-1,-1,-1
660,232,69.70,11.79,152.82,466.00,0.88651,-1,-1,-1
660,230,211.34,134.65,58.58,193.90,0.75453,-1,-1,-1
660,234,275.89,128.65,68.46,212.97,0.84130,-1,-1,-1
661,196,389.75,0.90,238.61,476.57,0.91834,-1,-1,-1
661,232,82.60,7.06,142.24,470.77,0.88588,-1,-1,-1
661,230,209.77,136.94,60.51,191.04,0.62184,-1,-1,-1
661,234,275.38,130.84,68.80,209.09,0.81831,-1,-1,-1
662,196,388.28,1.01,245.99,478.26,0.89899,-1,-1,-1
662,232,87.82,4.70,137.28,474.96,0.87634,-1,-1,-1
662,230,214.38,138.83,56.83,169.96,0.49592,-1,-1,-1
662,234,274.01,131.98,67.11,211.42,0.85098,-1,-1,-1
662,243,43.43,140.84,56.27,193.40,0.68390,-1,-1,-1
663,196,390.39,0.71,247.51,476.27,0.87453,-1,-1,-1
663,232,90.97,4.77,141.69,475.07,0.86802,-1,-1,-1
663,230,221.64,138.02,53.04,160.40,0.59032,-1,-1,-1
663,234,274.73,131.52,66.84,207.13,0.85842,-1,-1,-1
663,243,37.03,131.67,66.67,209.03,0.79187,-1,-1,-1
664,196,391.95,0.77,247.53,475.01,0.91322,-1,-1,-1
664,232,92.03,8.26,139.54,450.40,0.88575,-1,-1,-1
664,230,223.95,136.71,52.17,156.48,0.69125,-1,-1,-1
664,234,274.76,131.61,67.65,204.48,0.86440,-1,-1,-1
664,243,11.88,125.59,91.55,218.75,0.78659,-1,-1,-1
665,196,400.11,0.00,239.89,477.02,0.90571,-1,-1,-1
665,232,95.96,12.56,137.72,458.63,0.87049,-1,-1,-1
665,230,226.88,132.87,51.92,159.18,0.80400,-1,-1,-1
665,234,277.49,129.32,69.00,203.14,0.82397,-1,-1,-1
665,243,5.19,114.33,92.52,231.07,0.83648,-1,-1,-1
666,196,410.97,0.00,229.03,477.14,0.87822,-1,-1,-1
666,232,98.06,12.94,136.73,461.94,0.83916,-1,-1,-1
666,230,227.62,131.26,51.91,161.33,0.81960,-1,-1,-1
666,234,278.28,127.01,67.75,205.14,0.82087,-1,-1,-1
666,243,0.00,105.75,89.81,240.18,0.88957,-1,-1,-1
666,244,80.82,154.28,34.93,183.31,0.42841,-1,-1,-1
667,196,426.87,0.36,213.13,477.95,0.89488,-1,-1,-1
667,232,100.95,12.41,133.51,465.14,0.87209,-1,-1,-1
667,230,233.08,132.42,47.29,159.27,0.72415,-1,-1,-1
667,234,279.77,127.49,67.12,205.81,0.80093,-1,-1,-1
667,243,0.00,97.45,84.65,250.05,0.89175,-1,-1,-1
667,244,77.61,108.03,44.63,229.77,0.67572,-1,-1,-1
668,196,444.55,2.10,195.45,477.19,0.90913,-1,-1,-1
668,232,110.40,13.77,132.94,465.52,0.86690,-1,-1,-1
668,230,236.91,136.44,48.63,163.06,0.76044,-1,-1,-1
668,234,284.20,131.15,66.78,203.85,0.84833,-1,-1,-1
668,243,0.00,95.89,80.03,258.73,0.87450,-1,-1,-1
668,244,73.66,93.93,50.77,256.01,0.79588,-1,-1,-1
668,245,388.32,112.29,80.40,256.51,0.41358,-1,-1,-1
669,196,456.15,0.00,183.85,478.58,0.92092,-1,-1,-1
669,232,99.83,5.84,146.55,457.65,0.87512,-1,-1,-1
669,230,235.32,131.38,53.09,158.78,0.52896,-1,-1,-1
669,234,287.32,125.54,65.60,199.08,0.88418,-1,-1,-1
669,243,0.00,87.65,68.24,266.34,0.85602,-1,-1,-1
669,244,63.38,82.39,58.88,273.03,0.78445,-1,-1,-1
669,245,383.48,101.93,95.53,267.92,0.78601,-1,-1,-1
670,196,462.84,1.06,177.16,478.84,0.91575,-1,-1,-1
670,232,93.18,6.90,158.39,458.19,0.86845,-1,-1,-1
670,230,236.07,130.00,55.45,179.83,0.75184,-1,-1,-1
670,234,290.39,124.66,65.08,198.02,0.86883,-1,-1,-1
670,243,0.00,88.90,57.03,269.49,0.85207,-1,-1,-1
670,244,53.22,77.77,69.22,289.91,0.68203,-1,-1,-1
670,245,397.52,102.64,91.05,265.51,0.83754,-1,-1,-1
671,196,466.03,4.41,172.83,475.59,0.91261,-1,-1,-1
671,232,80.84,18.05,172.94,454.51,0.83920,-1,-1,-1
671,230,241.61,136.92,49.48,187.78,0.73622,-1,-1,-1
671,234,290.53,131.85,65.64,197.87,0.85494,-1,-1,-1
671,243,0.00,109.87,46.57,258.52,0.81698,-1,-1,-1
671,244,41.14,79.90,79.85,308.42,0.79291,-1,-1,-1
671,245,394.27,112.54,94.25,267.11,0.78161,-1,-1,-1
672,196,467.98,6.88,169.43,473.12,0.89309,-1,-1,-1
672,232,93.45,36.51,160.08,443.28,0.76753,-1,-1,-1
672,234,290.72,142.89,63.82,199.51,0.85827,-1,-1,-1
672,243,0.00,124.84,27.95,261.98,0.65652,-1,-1,-1
672,244,25.44,81.66,92.83,329.07,0.84640,-1,-1,-1
672,245,397.80,125.96,87.99,270.68,0.83677,-1,-1,-1
672,238,250.60,149.07,40.51,184.85,0.72387,-1,-1,-1
673,196,466.11,0.00,173.89,477.69,0.86399,-1,-1,-1
673,232,106.79,29.10,148.87,447.38,0.87111,-1,-1,-1
673,234,295.33,133.28,63.50,198.73,0.84041,-1,-1,-1
673,244,8.13,58.07,110.80,352.37,0.86788,-1,-1,-1
673,245,404.00,112.18,89.59,275.30,0.85421,-1,-1,-1
673,238,254.01,139.38,41.75,182.11,0.77241,-1,-1,-1
674,196,462.71,0.00,176.64,476.93,0.88368,-1,-1,-1
674,232,91.42,24.08,156.35,453.13,0.77672,-1,-1,-1
674,234,292.23,127.43,60.69,197.82,0.85660,-1,-1,-1
674,244,0.00,38.85,113.02,374.95,0.89130,-1,-1,-1
674,245,400.49,103.37,85.52,273.24,0.83574,-1,-1,-1
674,238,248.90,134.22,45.04,183.36,0.78342,-1,-1,-1
675,196,476.61,2.28,159.19,477.72,0.90522,-1,-1,-1
675,232,93.52,24.59,143.63,455.41,0.88205,-1,-1,-1
675,234,287.38,135.17,57.75,190.49,0.85964,-1,-1,-1
675,244,0.00,29.07,94.66,395.99,0.88692,-1,-1,-1
675,245,393.88,109.21,81.81,268.55,0.83532,-1,-1,-1
675,230,231.70,138.61,59.10,184.68,0.62775,-1,-1,-1
676,196,476.38,4.07,159.95,475.93,0.82770,-1,-1,-1
676,232,95.23,24.94,140.06,449.76,0.89585,-1,-1,-1
676,234,283.30,139.29,56.77,189.11,0.85070,-1,-1,-1
676,244,0.00,18.37,76.39,414.87,0.85872,-1,-1,-1
676,245,385.38,115.48,86.38,265.98,0.75870,-1,-1,-1
676,238,239.42,141.87,44.69,187.69,0.81351,-1,-1,-1
677,196,478.60,1.85,160.94,478.15,0.89867,-1,-1,-1
677,232,96.29,21.14,144.86,448.91,0.88864,-1,-1,-1
677,234,285.22,138.96,57.89,189.01,0.82429,-1,-1,-1
677,244,0.00,18.59,58.89,419.73,0.71660,-1,-1,-1
677,245,387.97,115.48,86.94,268.83,0.78067,-1,-1,-1
677,238,241.69,140.53,45.34,187.50,0.81877,-1,-1,-1
678,196,474.70,0.12,164.56,477.27,0.90607,-1,-1,-1
678,232,101.09,17.98,138.62,454.43,0.86528,-1,-1,-1
678,234,281.41,137.02,59.65,190.37,0.85270,-1,-1,-1
678,245,385.89,113.12,87.77,273.16,0.84103,-1,-1,-1
678,238,239.32,139.35,44.44,184.28,0.82551,-1,-1,-1
679,196,471.40,2.21,168.10,477.79,0.89522,-1,-1,-1
679,232,105.84,27.15,131.77,451.54,0.82808,-1,-1,-1
679,234,281.16,142.15,59.42,191.09,0.85629,-1,-1,-1
679,245,383.03,118.38,91.90,274.81,0.77211,-1,-1,-1
679,238,238.68,146.74,44.44,192.84,0.71417,-1,-1,-1
679,246,82.25,163.81,43.26,157.29,0.55666,-1,-1,-1
680,196,469.41,2.66,169.81,477.34,0.90855,-1,-1,-1
680,232,105.72,36.42,131.56,428.31,0.81765,-1,-1,-1
680,234,280.32,145.01,59.32,191.80,0.86302,-1,-1,-1
680,245,380.36,121.12,93.76,277.54,0.75839,-1,-1,-1
680,238,237.23,151.99,46.00,197.33,0.74688,-1,-1,-1
680,246,75.94,158.99,49.81,167.67,0.59683,-1,-1,-1
681,196,468.37,0.95,170.26,478.93,0.91401,-1,-1,-1
681,232,103.57,39.96,132.34,425.06,0.79663,-1,-1,-1
681,234,276.26,143.16,60.61,188.40,0.85400,-1,-1,-1
681,245,375.91,118.28,92.99,280.20,0.83287,-1,-1,-1
681,238,234.56,150.22,45.25,184.87,0.78599,-1,-1,-1
681,246,63.19,138.47,56.67,190.08,0.74664,-1,-1,-1
682,196,472.69,0.00,166.17,479.07,0.91150,-1,-1,-1
682,232,99.89,35.48,137.42,438.54,0.85315,-1,-1,-1
682,234,275.17,140.48,59.49,188.24,0.86674,-1,-1,-1
682,245,371.99,114.50,91.88,276.37,0.81994,-1,-1,-1
682,238,230.71,146.88,46.28,182.76,0.79651,-1,-1,-1
682,246,49.79,127.20,67.53,210.71,0.78438,-1,-1,-1
683,196,479.81,0.84,159.86,477.78,0.91108,-1,-1,-1
683,232,98.26,36.37,141.77,441.65,0.85842,-1,-1,-1
683,234,275.45,141.09,58.52,186.04,0.86348,-1,-1,-1
683,245,356.29,113.89,99.96,275.06,0.69110,-1,-1,-1
683,238,233.65,146.79,42.61,181.99,0.76479,-1,-1,-1
683,246,44.28,122.97,69.29,225.74,0.79485,-1,-1,-1
684,196,488.01,0.00,151.99,478.63,0.91552,-1,-1,-1
684,232,95.01,28.31,143.17,438.98,0.86580,-1,-1,-1
684,234,272.09,137.82,60.69,188.26,0.86406,-1,-1,-1
684,245,352.57,108.75,100.25,280.77,0.73036,-1,-1,-1
684,238,228.74,143.36,45.80,184.39,0.65508,-1,-1,-1
684,246,33.55,111.87,78.29,241.81,0.77164,-1,-1,-1
685,196,494.69,0.06,145.31,478.97,0.91321,-1,-1,-1
685,232,87.03,25.45,152.48,441.84,0.88147,-1,-1,-1
685,234,273.16,136.74,61.20,189.14,0.86171,-1,-1,-1
685,245,350.29,109.94,103.03,281.20,0.75944,-1,-1,-1
685,246,19.67,105.25,89.85,253.33,0.57541,-1,-1,-1
685,230,210.77,141.49,64.73,203.61,0.70635,-1,-1,-1
686,196,496.50,0.00,143.50,479.00,0.89677,-1,-1,-1
686,232,78.98,25.24,158.88,450.29,0.89094,-1,-1,-1
686,234,271.25,135.39,60.27,189.48,0.82139,-1,-1,-1
686,245,354.04,109.76,97.25,284.24,0.79436,-1,-1,-1
686,246,11.92,93.19,90.29,267.29,0.79632,-1,-1,-1
686,238,221.95,142.39,52.03,192.19,0.42367,-1,-1,-1
687,196,497.29,0.21,142.71,479.42,0.91043,-1,-1,-1
687,232,77.61,29.81,159.98,449.07,0.88341,-1,-1,-1
687,234,271.50,135.67,59.33,185.81,0.84039,-1,-1,-1
687,245,357.93,108.61,92.34,288.42,0.84268,-1,-1,-1
687,246,1.04,83.13,92.57,281.12,0.88511,-1,-1,-1
687,238,229.23,142.95,44.90,159.05,0.54164,-1,-1,-1
688,196,492.93,0.00,146.06,479.12,0.92030,-1,-1,-1
688,232,66.11,31.06,165.64,448.33,0.86810,-1,-1,-1
688,234,266.58,131.49,59.25,185.16,0.78330,-1,-1,-1
688,245,356.03,104.07,93.56,288.83,0.84722,-1,-1,-1
688,246,0.00,72.70,82.09,292.07,0.82484,-1,-1,-1
688,238,227.80,139.18,39.75,144.62,0.55023,-1,-1,-1
689,196,481.86,0.78,157.48,478.34,0.89649,-1,-1,-1
689,232,79.65,34.13,149.88,445.87,0.82632,-1,-1,-1
689,234,264.56,132.68,59.59,184.84,0.82415,-1,-1,-1
689,245,356.53,105.07,90.80,283.98,0.84371,-1,-1,-1
689,246,0.00,68.30,73.15,297.39,0.76740,-1,-1,-1
689,238,224.61,141.26,42.25,165.75,0.71554,-1,-1,-1
689,250,306.20,151.76,43.83,138.09,0.60487,-1,-1,-1
690,196,455.79,0.23,184.15,479.07,0.86235,-1,-1,-1
690,232,81.06,33.21,146.95,446.79,0.86632,-1,-1,-1
690,234,262.60,133.32,58.09,185.50,0.84107,-1,-1,-1
690,245,356.79,103.25,86.94,280.14,0.84850,-1,-1,-1
690,246,0.00,72.79,65.62,300.14,0.68400,-1,-1,-1
690,238,220.73,140.74,44.75,174.69,0.63646,-1,-1,-1
690,250,307.06,151.86,47.35,139.24,0.72344,-1,-1,-1
691,196,451.76,0.29,188.24,478.61,0.85170,-1,-1,-1
691,232,96.94,32.29,133.62,443.87,0.89144,-1,-1,-1
691,234,261.10,136.57,59.05,186.31,0.82538,-1,-1,-1
691,245,353.76,102.56,87.61,282.81,0.82440,-1,-1,-1
691,246,0.00,82.03,55.12,227.85,0.55734,-1,-1,-1
691,238,218.26,143.46,46.10,199.77,0.45420,-1,-1,-1
691,250,308.60,153.35,47.69,139.78,0.80060,-1,-1,-1
692,196,479.83,1.99,160.17,475.50,0.84801,-1,-1,-1
692,232,106.43,31.72,126.88,437.44,0.89583,-1,-1,-1
692,234,260.13,140.43,59.21,184.73,0.83936,-1,-1,-1
692,245,352.83,103.53,87.22,285.79,0.85016,-1,-1,-1
692,246,0.00,85.54,42.91,209.47,0.54883,-1,-1,-1
692,238,223.80,146.51,38.96,152.98,0.48528,-1,-1,-1
692,250,310.45,152.68,49.44,142.65,0.77345,-1,-1,-1
692,251,52.32,135.57,60.66,181.99,0.75866,-1,-1,-1
693,196,497.18,0.00,142.82,475.67,0.88141,-1,-1,-1
693,232,114.06,24.71,126.79,444.38,0.88334,-1,-1,-1
693,234,262.64,132.69,60.04,185.78,0.84047,-1,-1,-1
693,245,353.34,99.40,94.26,288.95,0.78303,-1,-1,-1
693,246,0.00,99.83,39.78,205.24,0.34796,-1,-1,-1
693,238,228.93,141.57,36.34,128.32,0.34988,-1,-1,-1
693,250,316.32,145.28,49.50,146.09,0.65290,-1,-1,-1
693,251,43.60,128.85,68.14,190.75,0.73186,-1,-1,-1
694,196,445.99,0.17,194.01,474.89,0.86259,-1,-1,-1
694,232,119.24,23.91,119.24,446.86,0.84886,-1,-1,-1
694,234,261.55,129.24,61.07,182.50,0.81728,-1,-1,-1
694,245,350.63,95.97,93.32,291.20,0.77731,-1,-1,-1
694,238,226.99,137.70,37.02,134.35,0.35289,-1,-1,-1
694,250,317.86,137.93,46.64,131.24,0.49407,-1,-1,-1
694,251,24.42,124.76,78.97,196.06,0.78157,-1,-1,-1
695,196,434.23,0.63,204.51,477.14,0.89358,-1,-1,-1
695,232,123.05,25.56,127.51,450.38,0.80300,-1,-1,-1
695,234,260.32,127.22,59.95,179.17,0.83121,-1,-1,-1
695,245,340.87,94.41,96.68,292.56,0.70879,-1,-1,-1
695,250,317.73,133.87,49.40,115.90,0.45102,-1,-1,-1
695,251,11.50,120.63,81.31,208.07,0.82482,-1,-1,-1
695,253,94.24,141.01,40.50,149.21,0.73349,-1,-1,-1
696,196,440.73,3.77,198.34,476.20,0.85124,-1,-1,-1
696,232,122.02,38.27,137.22,441.72,0.79679,-1,-1,-1
696,234,261.27,133.12,61.87,178.72,0.78912,-1,-1,-1
696,245,341.47,99.00,93.84,289.54,0.79259,-1,-1,-1
696,251,6.47,119.36,80.57,220.78,0.82720,-1,-1,-1
696,253,94.36,144.76,42.37,152.98,0.77268,-1,-1,-1
697,196,461.84,2.30,178.16,476.93,0.90580,-1,-1,-1
697,232,125.82,40.25,139.07,439.75,0.87081,-1,-1,-1
697,234,264.72,133.14,60.92,180.84,0.84054,-1,-1,-1
697,245,343.76,97.57,90.01,283.31,0.83343,-1,-1,-1
697,251,2.93,116.16,77.65,227.68,0.82934,-1,-1,-1
697,253,93.58,142.83,42.85,157.75,0.72643,-1,-1,-1
698,196,461.34,0.51,178.38,478.11,0.91083,-1,-1,-1
698,232,136.35,35.66,131.18,435.20,0.87338,-1,-1,-1
698,234,264.69,133.67,59.48,179.89,0.80585,-1,-1,-1
698,245,333.06,93.23,96.18,284.07,0.81874,-1,-1,-1
698,251,0.00,108.00,74.81,237.41,0.80753,-1,-1,-1
698,253,86.56,139.01,44.52,160.81,0.52359,-1,-1,-1
699,196,458.79,3.12,180.38,476.88,0.90911,-1,-1,-1
699,232,143.52,39.70,126.13,418.86,0.89857,-1,-1,-1
699,234,266.93,140.76,55.31,179.30,0.82714,-1,-1,-1
699,245,333.07,98.44,93.07,286.01,0.83446,-1,-1,-1
699,251,0.00,109.00,70.98,243.99,0.84521,-1,-1,-1
699,253,83.13,143.91,41.85,152.73,0.52943,-1,-1,-1
699,254,103.52,172.92,51.27,181.34,0.71322,-1,-1,-1
700,196,456.90,5.28,182.09,474.72,0.90970,-1,-1,-1
700,232,137.17,46.51,137.46,411.30,0.87834,-1,-1,-1
700,234,272.48,147.99,50.36,175.52,0.80056,-1,-1,-1
700,245,333.11,106.56,90.75,289.48,0.84848,-1,-1,-1
700,251,0.00,110.79,64.33,258.54,0.74089,-1,-1,-1
700,254,93.32,175.19,57.47,193.99,0.69225,-1,-1,-1
701,196,456.91,0.00,181.15,479.53,0.92106,-1,-1,-1
701,232,130.68,35.50,145.88,419.58,0.86683,-1,-1,-1
701,234,271.11,138.21,46.98,163.12,0.79459,-1,-1,-1
701,245,326.86,100.01,90.35,293.46,0.83350,-1,-1,-1
701,254,76.89,158.81,62.03,210.26,0.67953,-1,-1,-1
701,255,29.53,151.97,41.21,147.05,0.68231,-1,-1,-1
702,196,450.06,0.48,186.81,477.97,0.92500,-1,-1,-1
702,232,126.62,38.62,150.58,422.52,0.86016,-1,-1,-1
702,234,268.00,137.65,46.61,156.58,0.77836,-1,-1,-1
702,245,311.79,100.37,104.58,294.60,0.79640,-1,-1,-1
702,254,63.10,155.90,63.89,220.05,0.73599,-1,-1,-1
702,255,15.05,147.31,51.44,157.15,0.73649,-1,-1,-1
702,256,112.97,125.66,48.72,211.73,0.57848,-1,-1,-1
703,196,442.34,3.14,196.13,474.64,0.92661,-1,-1,-1
703,232,123.35,47.49,156.97,424.88,0.84371,-1,-1,-1
703,234,268.48,140.53,45.97,146.55,0.70699,-1,-1,-1
703,245,313.88,102.82,97.09,292.97,0.82071,-1,-1,-1
703,254,49.01,156.52,73.45,234.28,0.80873,-1,-1,-1
703,255,6.23,148.87,57.71,157.80,0.70319,-1,-1,-1
703,256,110.99,125.55,47.43,220.80,0.57685,-1,-1,-1
704,196,434.79,1.75,203.56,474.81,0.92008,-1,-1,-1
704,232,120.95,51.62,157.62,423.01,0.85459,-1,-1,-1
704,234,265.44,142.36,45.83,149.31,0.64895,-1,-1,-1
704,245,313.13,101.59,89.62,288.06,0.82915,-1,-1,-1
704,254,31.26,153.97,79.78,250.30,0.72529,-1,-1,-1
704,255,0.00,150.38,56.55,161.58,0.72097,-1,-1,-1
704,256,97.60,122.25,57.24,226.58,0.71111,-1,-1,-1
704,260,382.94,115.95,63.10,207.31,0.78924,-1,-1,-1
705,196,427.01,0.00,212.09,476.96,0.92277,-1,-1,-1
705,232,125.75,48.86,148.81,426.31,0.87260,-1,-1,-1
705,234,261.68,140.95,46.49,156.55,0.67240,-1,-1,-1
705,245,310.23,97.10,88.61,283.00,0.85019,-1,-1,-1
705,254,8.07,147.99,90.95,270.04,0.80436,-1,-1,-1
705,255,0.00,166.04,44.28,146.95,0.33475,-1,-1,-1
705,256,84.17,115.43,64.98,236.66,0.79790,-1,-1,-1
705,260,381.52,110.87,62.94,215.96,0.68091,-1,-1,-1
706,196,416.23,0.42,222.27,477.95,0.92000,-1,-1,-1
706,232,134.62,43.98,135.62,426.26,0.86288,-1,-1,-1
706,234,257.92,140.57,44.90,133.55,0.73614,-1,-1,-1
706,245,301.54,95.70,89.01,286.87,0.83253,-1,-1,-1
706,254,0.00,142.69,82.70,287.22,0.87985,-1,-1,-1
706,256,65.24,107.96,77.97,250.37,0.84484,-1,-1,-1
706,260,378.61,103.72,58.11,229.81,0.50898,-1,-1,-1
707,196,400.50,2.33,236.81,477.02,0.89510,-1,-1,-1
707,232,135.80,42.78,131.15,413.48,0.89407,-1,-1,-1
707,234,255.24,142.55,43.44,116.86,0.64378,-1,-1,-1
707,245,297.02,98.55,87.30,289.06,0.85645,-1,-1,-1
707,254,0.00,138.64,66.35,302.25,0.83160,-1,-1,-1
707,256,43.60,103.98,92.68,265.51,0.77236,-1,-1,-1
707,260,374.29,102.98,61.27,238.00,0.63500,-1,-1,-1
708,196,368.38,2.48,267.77,477.52,0.86931,-1,-1,-1
708,232,132.74,37.68,128.31,413.98,0.87542,-1,-1,-1
708,234,251.87,141.80,43.31,113.74,0.62386,-1,-1,-1
708,245,289.19,100.16,88.63,292.37,0.83768,-1,-1,-1
708,254,0.00,128.72,46.02,317.60,0.75995,-1,-1,-1
708,256,17.75,98.12,106.30,276.47,0.70498,-1,-1,-1
709,196,370.92,1.70,260.40,478.30,0.86498,-1,-1,-1
709,232,130.69,35.92,129.18,415.40,0.86898,-1,-1,-1
709,234,249.56,140.14,44.48,119.14,0.71554,-1,-1,-1
709,245,284.59,100.58,88.86,294.37,0.80329,-1,-1,-1
709,256,2.64,91.04,108.31,327.87,0.70974,-1,-1,-1
710,196,344.37,1.62,272.63,476.60,0.89393,-1,-1,-1
710,232,129.26,37.75,129.92,422.14,0.86482,-1,-1,-1
710,234,248.24,139.10,45.19,116.65,0.74335,-1,-1,-1
710,245,278.37,98.33,93.66,295.37,0.75818,-1,-1,-1
710,256,0.00,81.23,104.44,362.77,0.67591,-1,-1,-1
711,196,319.62,0.38,282.29,477.12,0.88604,-1,-1,-1
711,232,125.46,37.92,130.95,412.03,0.82071,-1,-1,-1
711,234,246.97,137.70,41.78,115.61,0.68502,-1,-1,-1
711,245,275.02,92.89,92.95,299.58,0.78133,-1,-1,-1
711,256,0.00,64.06,98.73,345.03,0.88547,-1,-1,-1
712,196,302.18,0.64,288.04,476.19,0.89488,-1,-1,-1
712,232,122.23,40.25,130.42,424.21,0.88697,-1,-1,-1
712,234,244.18,140.82,40.46,112.61,0.60902,-1,-1,-1
712,245,269.47,89.59,93.24,295.52,0.82364,-1,-1,-1
712,256,0.00,47.57,77.24,365.62,0.70876,-1,-1,-1
713,196,321.42,0.00,272.03,475.45,0.91669,-1,-1,-1
713,232,119.17,37.67,133.18,428.01,0.90036,-1,-1,-1
713,234,244.84,140.71,37.19,109.07,0.69471,-1,-1,-1
713,245,267.16,86.89,92.24,293.47,0.81673,-1,-1,-1
713,256,0.00,32.84,63.76,408.56,0.73698,-1,-1,-1
714,196,327.47,0.57,293.16,474.70,0.90156,-1,-1,-1
714,232,114.95,37.22,139.74,421.70,0.89681,-1,-1,-1
714,234,248.40,142.11,36.32,103.01,0.74576,-1,-1,-1
714,245,268.34,88.48,93.88,294.39,0.81591,-1,-1,-1
714,262,29.05,92.60,66.15,243.02,0.58014,-1,-1,-1
715,196,329.15,0.26,305.55,474.04,0.91298,-1,-1,-1
715,232,111.09,34.00,147.49,407.81,0.90219,-1,-1,-1
715,234,252.09,140.00,36.48,103.49,0.63541,-1,-1,-1
715,245,272.50,88.86,94.02,297.17,0.83089,-1,-1,-1
715,262,30.38,88.08,72.26,232.49,0.76330,-1,-1,-1
715,256,0.00,67.32,67.81,297.38,0.73944,-1,-1,-1
716,196,334.30,1.42,305.19,476.37,0.88571,-1,-1,-1
716,232,106.58,35.50,154.97,404.99,0.89838,-1,-1,-1
716,234,256.38,142.59,35.99,102.19,0.67459,-1,-1,-1
716,245,274.87,91.96,95.44,305.68,0.84009,-1,-1,-1
716,262,28.12,86.40,78.89,248.38,0.82968,-1,-1,-1
716,256,0.04,67.34,69.75,276.72,0.38333,-1,-1,-1
717,196,345.26,0.80,294.74,478.03,0.87159,-1,-1,-1
717,232,103.24,40.34,161.33,401.04,0.88780,-1,-1,-1
717,234,260.89,143.16,38.29,101.03,0.72881,-1,-1,-1
717,245,278.63,93.80,98.30,306.10,0.84736,-1,-1,-1
717,256,5.87,77.01,89.67,265.01,0.88844,-1,-1,-1
718,196,362.24,1.69,277.76,475.85,0.89721,-1,-1,-1
718,232,101.02,49.49,167.71,406.49,0.89169,-1,-1,-1
718,234,265.78,148.51,38.56,104.13,0.76536,-1,-1,-1
718,245,285.85,96.95,98.38,307.10,0.81188,-1,-1,-1
718,256,4.77,80.81,99.29,279.92,0.88379,-1,-1,-1
719,196,375.74,1.33,264.26,475.58,0.90511,-1,-1,-1
719,232,101.40,55.72,165.06,408.97,0.88804,-1,-1,-1
719,234,271.77,150.98,37.24,106.26,0.70731,-1,-1,-1
719,245,293.47,97.13,94.10,306.16,0.57991,-1,-1,-1
719,256,2.32,80.15,109.15,288.08,0.90040,-1,-1,-1
720,196,384.66,0.63,255.34,476.22,0.91639,-1,-1,-1
720,232,103.30,56.45,163.68,406.31,0.88873,-1,-1,-1
720,234,276.74,150.52,36.54,112.83,0.67057,-1,-1,-1
720,245,299.76,96.37,91.58,300.71,0.84650,-1,-1,-1
720,256,3.06,76.66,112.63,301.63,0.89625,-1,-1,-1
720,264,255.81,158.86,23.96,97.20,0.42970,-1,-1,-1
721,196,392.47,0.00,247.53,477.93,0.92608,-1,-1,-1
721,232,109.49,52.23,151.92,395.19,0.89117,-1,-1,-1
721,234,281.86,147.80,36.95,108.02,0.61186,-1,-1,-1
721,245,304.35,94.22,91.19,298.67,0.85008,-1,-1,-1
721,256,0.43,62.96,112.25,325.67,0.92018,-1,-1,-1
721,264,246.43,151.18,38.20,117.08,0.55401,-1,-1,-1
722,196,398.32,0.48,241.68,477.75,0.92533,-1,-1,-1
722,232,118.26,52.86,141.49,382.57,0.90154,-1,-1,-1
722,234,287.38,148.61,34.46,102.04,0.59980,-1,-1,-1
722,245,307.15,95.34,92.87,300.39,0.87757,-1,-1,-1
722,256,0.00,55.05,110.62,341.28,0.92172,-1,-1,-1
722,264,244.17,153.58,45.45,128.77,0.52395,-1,-1,-1
723,196,398.98,1.72,241.02,478.28,0.91472,-1,-1,-1
723,232,132.32,53.84,130.02,383.99,0.89517,-1,-1,-1
723,234,294.52,153.00,32.79,99.74,0.63046,-1,-1,-1
723,245,314.96,99.28,91.07,304.09,0.67866,-1,-1,-1
723,256,0.45,48.59,110.22,356.89,0.92524,-1,-1,-1
723,264,251.67,156.75,45.24,141.69,0.61003,-1,-1,-1
724,196,394.99,1.30,245.01,478.70,0.90330,-1,-1,-1
724,232,141.10,55.06,122.14,386.86,0.89784,-1,-1,-1
724,234,298.39,154.50,31.72,100.51,0.66111,-1,-1,-1
724,245,317.07,101.41,91.88,304.70,0.84609,-1,-1,-1
724,256,0.00,40.41,108.49,370.95,0.91647,-1,-1,-1
724,264,248.48,159.33,51.52,153.17,0.58183,-1,-1,-1
725,196,395.96,0.00,244.04,479.15,0.87653,-1,-1,-1
725,232,147.91,55.12,116.37,391.31,0.89473,-1,-1,-1
725,234,301.18,152.07,31.18,101.48,0.42681,-1,-1,-1
725,245,315.95,99.21,95.57,305.04,0.81974,-1,-1,-1
725,256,0.00,25.47,101.78,388.91,0.90109,-1,-1,-1
725,264,255.07,156.00,48.71,157.87,0.69656,-1,-1,-1
725,265,93.81,188.15,21.26,68.95,0.55523,-1,-1,-1
725,266,140.39,197.47,15.06,46.35,0.58049,-1,-1,-1
725,267,124.70,200.81,13.42,43.73,0.51103,-1,-1,-1
726,196,407.53,0.27,232.47,477.47,0.92320,-1,-1,-1
726,232,155.42,61.07,110.26,393.49,0.87757,-1,-1,-1
726,234,304.84,153.24,31.72,99.79,0.54752,-1,-1,-1
726,245,318.47,99.31,93.50,303.26,0.82314,-1,-1,-1
726,256,0.00,13.77,94.90,409.18,0.89185,-1,-1,-1
726,264,260.80,156.02,46.87,156.97,0.79298,-1,-1,-1
726,265,92.48,189.49,26.41,68.96,0.71604,-1,-1,-1
726,266,145.63,198.17,13.60,47.87,0.41356,-1,-1,-1
727,196,406.25,0.00,233.75,476.32,0.92517,-1,-1,-1
727,232,159.75,60.41,107.00,393.38,0.88859,-1,-1,-1
727,234,306.98,149.80,29.72,97.32,0.50009,-1,-1,-1
727,245,318.69,94.15,91.80,300.43,0.82640,-1,-1,-1
727,256,0.00,3.95,83.33,422.43,0.87783,-1,-1,-1
727,264,264.02,152.53,45.03,156.49,0.81321,-1,-1,-1
727,265,92.39,186.77,25.49,70.61,0.63973,-1,-1,-1
727,266,146.88,195.76,12.25,48.02,0.50051,-1,-1,-1
727,267,131.47,198.12,14.40,45.93,0.40449,-1,-1,-1
728,196,395.93,0.00,242.94,476.55,0.92831,-1,-1,-1
728,232,159.71,59.78,105.69,391.85,0.88671,-1,-1,-1
728,234,305.26,148.26,29.75,90.74,0.51799,-1,-1,-1
728,245,315.57,91.99,96.43,294.48,0.80609,-1,-1,-1
728,256,0.00,23.42,63.78,409.23,0.72787,-1,-1,-1
728,264,263.64,151.46,44.13,156.34,0.83629,-1,-1,-1
728,265,89.63,187.12,23.48,70.50,0.54256,-1,-1,-1
728,266,142.83,195.42,13.91,48.53,0.54367,-1,-1,-1
728,267,125.76,196.99,16.19,46.84,0.48384,-1,-1,-1
729,196,387.13,0.00,251.59,476.59,0.93016,-1,-1,-1
729,232,159.66,57.25,105.34,382.36,0.89672,-1,-1,-1
729,234,305.21,148.44,27.26,85.43,0.57062,-1,-1,-1
729,245,314.60,89.89,93.52,297.72,0.84939,-1,-1,-1
729,264,263.61,151.48,43.90,155.13,0.85414,-1,-1,-1
729,265,83.25,186.06,24.77,71.28,0.59684,-1,-1,-1
729,266,140.04,195.40,14.54,47.30,0.55639,-1,-1,-1
729,267,121.33,195.32,18.36,47.93,0.44126,-1,-1,-1
730,196,378.91,2.65,259.50,477.28,0.92630,-1,-1,-1
730,232,160.19,63.55,105.49,370.85,0.90130,-1,-1,-1
730,234,305.36,156.43,27.81,84.19,0.45456,-1,-1,-1
730,245,314.59,98.89,92.47,300.56,0.81360,-1,-1,-1
730,264,264.54,159.91,43.99,153.27,0.81822,-1,-1,-1
730,265,83.74,192.72,22.57,71.80,0.58804,-1,-1,-1
730,267,120.61,199.13,17.13,51.10,0.32856,-1,-1,-1
731,196,374.45,2.82,264.68,477.18,0.92690,-1,-1,-1
731,232,160.55,68.29,107.43,369.22,0.90128,-1,-1,-1
731,234,306.63,161.45,30.84,82.91,0.44059,-1,-1,-1
731,245,315.16,102.47,93.34,308.79,0.83463,-1,-1,-1
731,264,266.95,164.97,42.13,150.23,0.78753,-1,-1,-1
731,265,81.99,195.06,24.79,74.78,0.64587,-1,-1,-1
731,267,121.90,204.67,15.94,49.68,0.50703,-1,-1,-1
732,196,372.79,1.54,266.52,478.16,0.91900,-1,-1,-1
732,232,154.73,72.89,113.53,372.75,0.90021,-1,-1,-1
732,234,306.58,163.64,32.12,84.31,0.40925,-1,-1,-1
732,245,314.62,108.18,94.09,309.68,0.86061,-1,-1,-1
732,264,267.58,166.12,41.09,147.13,0.77837,-1,-1,-1
732,265,76.46,195.20,27.02,76.96,0.64727,-1,-1,-1
732,267,119.45,205.76,16.95,50.14,0.54121,-1,-1,-1
733,196,377.27,0.68,262.16,478.50,0.90960,-1,-1,-1
733,232,147.62,80.75,115.79,376.49,0.87109,-1,-1,-1
733,234,309.09,164.67,30.37,87.90,0.34156,-1,-1,-1
733,245,314.50,110.80,92.60,308.68,0.86295,-1,-1,-1
733,264,265.52,166.06,41.50,145.04,0.79907,-1,-1,-1
733,265,66.77,195.14,30.92,80.05,0.60663,-1,-1,-1
733,267,113.22,204.61,21.64,53.30,0.36032,-1,-1,-1
734,196,384.60,1.36,254.89,478.27,0.91027,-1,-1,-1
734,232,140.66,89.30,116.77,377.33,0.88326,-1,-1,-1
734,245,315.14,116.04,91.12,304.44,0.83537,-1,-1,-1
734,264,265.26,169.92,41.83,138.84,0.75339,-1,-1,-1
734,265,61.40,200.61,32.71,79.55,0.61185,-1,-1,-1
735,196,391.44,0.00,248.56,476.01,0.91403,-1,-1,-1
735,232,132.04,84.94,121.32,375.17,0.84934,-1,-1,-1
735,245,315.57,108.87,91.46,296.10,0.82679,-1,-1,-1
735,264,264.89,164.70,42.80,140.87,0.75507,-1,-1,-1
735,265,58.11,195.36,32.11,81.06,0.60938,-1,-1,-1
735,269,241.27,161.54,32.49,122.36,0.57612,-1,-1,-1
736,196,396.74,0.00,242.65,476.54,0.89319,-1,-1,-1
736,232,143.07,79.96,111.61,366.27,0.82490,-1,-1,-1
736,245,315.12,104.44,90.80,295.71,0.83009,-1,-1,-1
736,264,263.81,163.72,42.22,141.85,0.78890,-1,-1,-1
736,265,54.89,191.46,31.37,82.49,0.58194,-1,-1,-1
736,269,239.17,157.83,31.52,113.36,0.47303,-1,-1,-1
737,196,399.65,0.00,238.32,476.62,0.91345,-1,-1,-1
737,232,145.30,75.91,109.67,352.78,0.84902,-1,-1,-1
737,245,314.30,105.17,89.57,297.49,0.82796,-1,-1,-1
737,264,260.74,164.82,42.77,143.22,0.79494,-1,-1,-1
737,265,47.23,189.06,31.26,84.17,0.61751,-1,-1,-1
737,269,237.00,156.68,33.38,135.44,0.34208,-1,-1,-1
737,270,110.53,138.32,52.83,182.93,0.80130,-1,-1,-1
738,196,400.41,0.01,237.64,477.09,0.91894,-1,-1,-1
738,232,144.53,74.29,109.17,350.90,0.83898,-1,-1,-1
738,245,313.29,107.43,90.96,298.65,0.82343,-1,-1,-1
738,264,258.53,164.34,44.36,144.62,0.78882,-1,-1,-1
738,265,42.43,186.19,31.99,85.93,0.70799,-1,-1,-1
738,269,236.31,155.12,34.08,144.78,0.46798,-1,-1,-1
738,270,105.56,134.75,53.74,189.88,0.79313,-1,-1,-1
739,196,399.25,0.97,238.86,478.39,0.91413,-1,-1,-1
739,232,143.25,75.63,101.36,354.17,0.86612,-1,-1,-1
739,245,310.67,110.82,91.17,301.48,0.84084,-1,-1,-1
739,264,254.98,164.09,47.26,144.69,0.76210,-1,-1,-1
739,265,35.97,184.86,31.32,87.79,0.60804,-1,-1,-1
739,269,235.58,156.20,31.92,124.28,0.54791,-1,-1,-1
739,270,94.43,132.38,59.74,195.94,0.80929,-1,-1,-1
740,196,396.71,1.05,242.49,477.25,0.91439,-1,-1,-1
740,232,143.20,81.42,102.77,355.37,0.87743,-1,-1,-1
740,245,310.65,111.76,91.05,301.08,0.84689,-1,-1,-1
740,264,254.91,162.69,52.14,144.59,0.75235,-1,-1,-1
740,265,31.20,183.45,33.38,89.51,0.71242,-1,-1,-1
740,269,236.90,156.93,30.99,132.08,0.40937,-1,-1,-1
740,270,85.07,130.76,65.92,208.59,0.83361,-1,-1,-1
741,196,391.21,0.00,248.51,476.98,0.89859,-1,-1,-1
741,232,143.20,83.11,102.15,355.76,0.87891,-1,-1,-1
741,245,307.40,107.01,93.33,302.71,0.82363,-1,-1,-1
741,264,254.51,159.66,52.98,144.74,0.74284,-1,-1,-1
741,265,26.21,179.47,33.98,91.07,0.68711,-1,-1,-1
741,269,236.59,153.60,30.89,137.03,0.50435,-1,-1,-1
741,270,76.60,123.64,74.62,216.85,0.83902,-1,-1,-1
742,196,394.81,0.38,244.49,477.85,0.91482,-1,-1,-1
742,232,142.75,87.40,101.95,348.50,0.88373,-1,-1,-1
742,245,307.14,105.58,90.96,296.07,0.83122,-1,-1,-1
742,264,257.64,160.45,49.73,143.70,0.76631,-1,-1,-1
742,265,23.19,178.93,31.88,92.49,0.69228,-1,-1,-1
742,269,235.84,152.44,32.32,138.50,0.53118,-1,-1,-1
742,270,71.30,117.25,77.91,226.83,0.80396,-1,-1,-1
742,272,0.00,184.45,17.75,76.20,0.55445,-1,-1,-1
743,196,396.82,0.08,241.82,478.27,0.90285,-1,-1,-1
743,232,139.37,85.96,105.40,347.12,0.87100,-1,-1,-1
743,245,309.42,104.38,85.22,288.10,0.80611,-1,-1,-1
743,264,258.67,160.15,48.95,143.01,0.76257,-1,-1,-1
743,265,15.36,176.15,33.16,92.80,0.61770,-1,-1,-1
743,269,236.28,151.68,31.94,138.90,0.59095,-1,-1,-1
743,270,53.12,107.39,92.12,237.84,0.68710,-1,-1,-1
743,272,0.00,185.97,15.02,70.56,0.48174,-1,-1,-1
744,196,392.82,0.48,239.54,478.08,0.89275,-1,-1,-1
744,232,148.21,84.35,99.28,336.47,0.86389,-1,-1,-1
744,245,307.99,104.18,86.34,290.25,0.83158,-1,-1,-1
744,264,259.10,161.47,51.86,142.24,0.71081,-1,-1,-1
744,265,10.47,174.18,34.94,96.22,0.60413,-1,-1,-1
744,269,238.39,150.31,31.78,142.54,0.57665,-1,-1,-1
744,270,44.29,99.81,95.45,251.08,0.85555,-1,-1,-1
745,196,398.54,0.04,232.92,478.15,0.92410,-1,-1,-1
745,232,154.10,80.84,95.65,327.63,0.87143,-1,-1,-1
745,245,308.70,100.95,91.28,296.46,0.83107,-1,-1,-1
745,264,263.75,159.71,48.96,139.70,0.68562,-1,-1,-1
745,265,7.40,172.07,35.15,120.97,0.34365,-1,-1,-1
745,269,241.69,149.00,31.16,142.48,0.61578,-1,-1,-1
745,270,23.65,94.83,109.60,263.94,0.86092,-1,-1,-1
745,273,123.02,133.89,45.54,175.20,0.70458,-1,-1,-1
746,196,395.25,1.34,241.92,478.61,0.90698,-1,-1,-1
746,232,160.33,83.31,96.32,327.78,0.87482,-1,-1,-1
746,245,309.69,138.11,92.32,266.90,0.78767,-1,-1,-1
746,264,269.21,160.02,50.02,139.51,0.54435,-1,-1,-1
746,269,248.11,153.30,29.58,136.35,0.51572,-1,-1,-1
746,270,7.50,92.38,115.46,284.29,0.87029,-1,-1,-1
746,273,116.13,132.49,58.80,182.51,0.85791,-1,-1,-1
747,196,392.12,0.35,246.61,477.75,0.89589,-1,-1,-1
747,232,163.19,83.37,97.29,329.32,0.86952,-1,-1,-1
747,245,310.97,117.44,93.02,289.92,0.85223,-1,-1,-1
747,264,268.08,158.29,52.73,139.73,0.69074,-1,-1,-1
747,269,251.05,152.89,28.15,130.35,0.30693,-1,-1,-1
747,270,0.00,85.57,114.82,299.16,0.89067,-1,-1,-1
747,273,112.18,127.39,64.02,190.31,0.81427,-1,-1,-1
748,196,391.23,0.68,248.72,475.67,0.91824,-1,-1,-1
748,232,165.22,87.76,100.87,331.42,0.86713,-1,-1,-1
748,245,314.32,111.64,91.72,296.49,0.83770,-1,-1,-1
748,264,270.61,159.98,53.00,139.86,0.66078,-1,-1,-1
748,269,252.51,154.01,30.97,111.52,0.45239,-1,-1,-1
748,270,0.00,78.16,100.80,313.79,0.88733,-1,-1,-1
748,273,111.85,124.68,64.32,197.55,0.82470,-1,-1,-1
749,196,392.61,1.70,247.39,475.65,0.92157,-1,-1,-1
749,232,165.87,93.77,103.95,333.98,0.85586,-1,-1,-1
749,245,317.71,111.09,93.77,297.55,0.79468,-1,-1,-1
749,264,273.50,165.79,53.60,138.14,0.64989,-1,-1,-1
749,269,253.06,156.39,36.75,131.11,0.50903,-1,-1,-1
749,270,0.00,69.72,89.57,328.55,0.89090,-1,-1,-1
749,273,108.63,122.58,66.99,207.08,0.85975,-1,-1,-1
750,196,402.25,0.18,237.75,475.08,0.91375,-1,-1,-1
750,232,171.71,92.85,104.87,328.74,0.87162,-1,-1,-1
750,245,325.15,106.59,91.31,290.42,0.84135,-1,-1,-1
750,264,281.28,164.20,54.15,138.52,0.71661,-1,-1,-1
750,269,258.70,153.44,39.18,136.73,0.63050,-1,-1,-1
750,270,0.00,53.74,82.71,357.61,0.86824,-1,-1,-1
750,273,107.86,115.00,69.20,215.24,0.86094,-1,-1,-1
751,196,411.65,0.00,228.35,476.65,0.91085,-1,-1,-1
751,232,178.44,88.94,91.70,324.73,0.83000,-1,-1,-1
751,245,333.24,99.11,88.73,290.40,0.80229,-1,-1,-1
751,264,289.10,160.24,52.17,134.95,0.73524,-1,-1,-1
751,269,263.48,147.63,41.82,141.63,0.72707,-1,-1,-1
751,270,0.00,37.38,74.25,369.10,0.77625,-1,-1,-1
751,273,103.41,106.27,78.48,222.40,0.86831,-1,-1,-1
752,196,418.06,0.52,221.94,477.71,0.91809,-1,-1,-1
752,232,185.22,86.79,97.32,310.69,0.89267,-1,-1,-1
752,245,337.31,99.86,89.72,293.76,0.84627,-1,-1,-1
752,264,295.56,160.39,52.25,129.14,0.62042,-1,-1,-1
752,269,269.77,147.10,41.48,137.01,0.68939,-1,-1,-1
752,270,0.00,14.85,77.19,391.72,0.73590,-1,-1,-1
752,273,97.96,99.92,85.34,233.28,0.87311,-1,-1,-1
753,196,415.02,0.97,224.98,478.53,0.91749,-1,-1,-1
753,232,187.90,84.23,98.31,308.45,0.89634,-1,-1,-1
753,245,340.15,101.47,91.88,296.38,0.82525,-1,-1,-1
753,264,302.33,159.31,49.55,126.26,0.44010,-1,-1,-1
753,269,274.31,149.20,40.25,131.31,0.76004,-1,-1,-1
753,270,0.00,48.31,75.58,355.88,0.44146,-1,-1,-1
753,273,92.32,94.15,90.09,245.26,0.87596,-1,-1,-1
754,196,415.39,1.75,224.61,478.25,0.91707,-1,-1,-1
754,232,195.45,84.35,98.16,311.63,0.87518,-1,-1,-1
754,245,346.32,104.89,92.71,299.30,0.77766,-1,-1,-1
754,264,317.27,160.26,42.19,111.90,0.49265,-1,-1,-1
754,269,282.74,149.53,40.01,135.72,0.72537,-1,-1,-1
754,273,82.09,89.82,100.65,262.33,0.89338,-1,-1,-1
755,196,423.59,1.60,216.41,477.28,0.91314,-1,-1,-1
755,232,201.16,85.58,95.02,311.55,0.86797,-1,-1,-1
755,245,348.04,103.34,93.55,298.20,0.83576,-1,-1,-1
755,264,325.43,160.59,36.95,107.38,0.41463,-1,-1,-1
755,269,285.68,151.09,40.74,133.22,0.73449,-1,-1,-1
755,273,73.63,84.69,107.57,272.55,0.90123,-1,-1,-1
755,274,32.17,167.01,39.99,88.61,0.58691,-1,-1,-1
755,276,0.41,144.46,36.43,130.39,0.40587,-1,-1,-1
756,196,452.24,2.28,187.76,475.45,0.90446,-1,-1,-1
756,232,210.02,89.31,92.07,313.14,0.86643,-1,-1,-1
756,245,349.46,100.21,97.18,303.12,0.70972,-1,-1,-1
756,264,330.50,161.44,37.47,109.53,0.39016,-1,-1,-1
756,269,292.20,151.79,38.04,132.76,0.73263,-1,-1,-1
756,273,68.54,80.40,112.23,290.16,0.90184,-1,-1,-1
756,274,40.15,170.94,33.37,87.03,0.58143,-1,-1,-1
756,276,1.63,153.52,30.87,125.14,0.70752,-1,-1,-1
757,196,478.43,1.01,161.57,475.84,0.89901,-1,-1,-1
757,232,208.52,89.77,97.25,312.60,0.86208,-1,-1,-1
757,245,351.25,95.97,95.89,301.84,0.80076,-1,-1,-1
757,264,330.65,158.95,38.12,111.58,0.39535,-1,-1,-1
757,269,295.86,149.39,37.28,131.47,0.74320,-1,-1,-1
757,273,58.97,69.16,115.09,308.78,0.89166,-1,-1,-1
757,274,41.70,168.01,32.65,90.77,0.32254,-1,-1,-1
757,276,0.12,154.56,22.84,123.48,0.60260,-1,-1,-1
758,232,214.32,87.28,92.22,314.10,0.86822,-1,-1,-1
758,245,349.36,93.12,97.15,298.94,0.78368,-1,-1,-1
758,264,324.74,157.90,44.23,112.77,0.36589,-1,-1,-1
758,269,298.67,146.86,33.21,130.24,0.54972,-1,-1,-1
758,273,47.07,55.12,117.41,328.24,0.89947,-1,-1,-1
758,276,0.00,158.53,15.38,97.01,0.31996,-1,-1,-1
759,232,207.03,88.15,100.82,305.70,0.87363,-1,-1,-1
759,245,350.55,94.95,96.74,299.46,0.78212,-1,-1,-1
759,269,301.81,149.45,33.60,132.81,0.59584,-1,-1,-1
759,273,26.07,43.31,128.70,349.13,0.90994,-1,-1,-1
759,278,191.72,162.47,32.08,117.23,0.41670,-1,-1,-1
759,196,480.14,3.42,159.43,475.73,0.44377,-1,-1,-1
760,232,202.09,83.93,107.18,301.49,0.86897,-1,-1,-1
760,245,349.27,91.90,98.91,303.33,0.81563,-1,-1,-1
760,269,304.16,146.07,32.54,132.29,0.56375,-1,-1,-1
760,273,5.47,28.18,137.18,368.96,0.91739,-1,-1,-1
760,278,183.85,161.69,41.59,119.95,0.52313,-1,-1,-1
760,196,490.55,2.51,149.45,477.20,0.57963,-1,-1,-1
761,232,204.94,82.17,108.03,302.04,0.87041,-1,-1,-1
761,245,350.83,94.09,98.60,306.72,0.85246,-1,-1,-1
761,269,308.22,151.37,32.15,125.90,0.50461,-1,-1,-1
761,273,0.00,12.37,124.68,390.11,0.93135,-1,-1,-1
761,278,180.50,160.53,41.65,122.01,0.59341,-1,-1,-1
761,196,502.46,1.07,137.54,478.93,0.83524,-1,-1,-1
761,279,130.22,179.87,24.92,68.46,0.65043,-1,-1,-1
761,267,106.14,177.29,22.00,71.45,0.44890,-1,-1,-1
762,232,189.40,79.41,126.62,304.48,0.86921,-1,-1,-1
762,245,353.48,93.20,96.35,308.07,0.85580,-1,-1,-1
762,269,310.83,147.37,28.45,125.45,0.61250,-1,-1,-1
762,273,0.00,0.26,108.47,404.31,0.91462,-1,-1,-1
762,278,176.87,155.77,40.97,122.05,0.61023,-1,-1,-1
762,196,496.61,0.19,143.39,479.81,0.88978,-1,-1,-1
762,279,129.12,175.99,25.76,69.57,0.60150,-1,-1,-1
762,267,107.50,174.98,20.33,72.82,0.41046,-1,-1,-1
763,232,187.46,73.75,127.99,307.39,0.88977,-1,-1,-1
763,245,353.27,84.30,95.14,306.96,0.85446,-1,-1,-1
763,269,308.55,137.03,29.33,122.04,0.58585,-1,-1,-1
763,273,0.00,8.69,87.18,395.79,0.88583,-1,-1,-1
763,278,168.00,143.83,39.04,125.61,0.68748,-1,-1,-1
763,196,474.27,0.00,165.73,478.63,0.87674,-1,-1,-1
763,279,124.44,166.26,25.48,71.77,0.67180,-1,-1,-1
763,267,87.02,162.79,34.77,79.98,0.70800,-1,-1,-1
764,232,201.13,81.74,118.06,307.39,0.87859,-1,-1,-1
764,245,357.56,89.80,92.14,299.48,0.82833,-1,-1,-1
764,269,310.02,140.49,31.32,121.43,0.60866,-1,-1,-1
764,273,0.00,18.93,70.16,396.66,0.79975,-1,-1,-1
764,278,163.17,148.68,39.67,124.98,0.72624,-1,-1,-1
764,196,462.82,1.83,177.18,460.01,0.78876,-1,-1,-1
764,279,125.00,170.56,25.26,71.61,0.63303,-1,-1,-1
764,267,85.21,164.75,37.87,84.67,0.68980,-1,-1,-1
764,281,53.17,157.44,40.03,92.97,0.49930,-1,-1,-1
765,232,212.50,87.92,110.93,303.62,0.87563,-1,-1,-1
765,245,360.32,93.29,94.43,294.24,0.84946,-1,-1,-1
765,269,311.57,145.34,33.79,119.83,0.67815,-1,-1,-1
765,278,151.84,154.86,47.64,125.19,0.78900,-1,-1,-1
765,196,458.92,3.16,181.08,470.98,0.86151,-1,-1,-1
765,279,125.94,175.92,24.37,72.66,0.63227,-1,-1,-1
765,267,90.19,169.67,34.83,85.75,0.65486,-1,-1,-1
765,281,59.10,161.77,40.95,95.72,0.65430,-1,-1,-1
765,282,198.95,155.91,32.24,115.11,0.60486,-1,-1,-1
766,232,220.48,87.68,101.82,303.08,0.88965,-1,-1,-1
766,245,360.05,92.94,94.14,292.66,0.76724,-1,-1,-1
766,269,310.66,147.36,31.54,120.01,0.62486,-1,-1,-1
766,278,141.76,155.17,52.77,126.88,0.83319,-1,-1,-1
766,196,455.78,2.33,184.22,475.52,0.87840,-1,-1,-1
766,279,123.15,175.64,23.81,73.89,0.62009,-1,-1,-1
766,267,91.95,168.25,31.69,88.81,0.69044,-1,-1,-1
766,281,61.14,164.14,39.54,94.97,0.62752,-1,-1,-1
766,282,198.12,156.35,33.80,118.60,0.68948,-1,-1,-1
767,232,225.19,81.87,92.56,295.43,0.88820,-1,-1,-1
767,245,355.54,91.23,96.00,296.73,0.79465,-1,-1,-1
767,269,309.60,146.74,32.77,119.72,0.40565,-1,-1,-1
767,278,128.34,153.55,57.18,127.28,0.82471,-1,-1,-1
767,196,455.07,1.07,183.38,478.93,0.90122,-1,-1,-1
767,267,89.11,164.53,28.29,90.87,0.49221,-1,-1,-1
767,281,57.02,160.35,36.38,96.84,0.60784,-1,-1,-1
767,282,189.17,151.85,39.63,124.48,0.80077,-1,-1,-1
768,232,225.81,82.91,89.68,291.27,0.87806,-1,-1,-1
768,245,351.99,94.65,96.71,301.33,0.78865,-1,-1,-1
768,278,119.71,157.02,58.12,126.72,0.80113,-1,-1,-1
768,196,454.72,2.74,182.77,477.26,0.88529,-1,-1,-1
768,267,88.56,165.60,32.90,92.53,0.45994,-1,-1,-1
768,281,52.22,161.70,35.64,98.42,0.63085,-1,-1,-1
768,282,184.69,154.70,41.90,127.06,0.83583,-1,-1,-1
769,232,226.92,83.82,87.93,293.42,0.88343,-1,-1,-1
769,245,351.74,97.63,94.71,304.03,0.78601,-1,-1,-1
769,278,114.73,155.69,50.86,129.28,0.73363,-1,-1,-1
769,196,459.72,2.99,178.38,477.01,0.87081,-1,-1,-1
769,267,86.96,166.32,31.54,93.22,0.49304,-1,-1,-1
769,281,53.53,161.12,31.88,100.12,0.66259,-1,-1,-1
769,282,182.66,154.83,44.68,130.33,0.85111,-1,-1,-1
770,232,227.11,83.60,91.12,295.37,0.88776,-1,-1,-1
770,245,351.18,94.49,96.04,304.92,0.78784,-1,-1,-1
770,278,110.69,153.38,45.50,129.48,0.54927,-1,-1,-1
770,196,470.51,0.69,169.49,478.21,0.83306,-1,-1,-1
770,267,87.15,164.55,28.35,94.04,0.40946,-1,-1,-1
770,281,53.83,160.24,34.32,100.82,0.62783,-1,-1,-1
770,282,180.71,152.61,47.59,132.76,0.84070,-1,-1,-1
771,232,221.93,87.76,92.08,298.40,0.87318,-1,-1,-1
771,245,347.18,93.68,91.87,303.00,0.82941,-1,-1,-1
771,278,100.37,152.55,40.29,132.61,0.55316,-1,-1,-1
771,196,491.14,0.61,147.20,475.29,0.85180,-1,-1,-1
771,267,80.66,162.31,31.37,97.37,0.49800,-1,-1,-1
771,281,48.47,159.65,35.71,102.89,0.68687,-1,-1,-1
771,282,169.66,150.30,50.88,138.67,0.82986,-1,-1,-1
772,232,214.41,88.65,97.30,297.38,0.89522,-1,-1,-1
772,245,344.05,92.33,90.25,296.92,0.81703,-1,-1,-1
772,278,85.23,150.98,46.92,133.35,0.71726,-1,-1,-1
772,196,493.37,0.00,145.26,474.88,0.81113,-1,-1,-1
772,281,45.77,156.31,36.97,104.26,0.63414,-1,-1,-1
772,282,163.62,145.51,52.63,141.68,0.83126,-1,-1,-1
773,232,212.66,89.00,97.62,294.70,0.89248,-1,-1,-1
773,245,339.12,88.64,94.12,292.98,0.86035,-1,-1,-1
773,278,73.42,150.61,47.58,133.29,0.78893,-1,-1,-1
773,196,493.53,0.00,145.31,474.60,0.78196,-1,-1,-1
773,281,42.91,155.03,37.87,103.92,0.66250,-1,-1,-1
773,282,151.95,141.01,59.48,146.56,0.84511,-1,-1,-1
774,232,217.28,88.36,95.52,288.98,0.89109,-1,-1,-1
774,245,336.55,87.92,96.48,293.86,0.85044,-1,-1,-1
774,278,65.91,150.51,49.34,134.36,0.66638,-1,-1,-1
774,196,495.04,2.75,144.96,473.11,0.84506,-1,-1,-1
774,281,44.21,157.39,38.40,97.22,0.42110,-1,-1,-1
774,282,151.91,137.69,56.16,152.97,0.83356,-1,-1,-1
775,232,216.46,88.06,98.43,280.45,0.87343,-1,-1,-1
775,245,336.97,88.37,95.68,297.59,0.79572,-1,-1,-1
775,278,63.53,153.22,45.25,133.45,0.47878,-1,-1,-1
775,196,524.88,1.36,115.12,459.08,0.37531,-1,-1,-1
775,281,44.12,156.23,39.25,105.94,0.44509,-1,-1,-1
775,282,151.12,137.90,54.66,158.29,0.85384,-1,-1,-1
776,232,213.53,88.92,102.10,279.62,0.87585,-1,-1,-1
776,245,337.55,92.97,93.71,300.94,0.85067,-1,-1,-1
776,278,47.27,153.18,50.14,135.29,0.61402,-1,-1,-1
776,196,505.33,1.17,134.67,472.55,0.80199,-1,-1,-1
776,282,145.55,139.14,55.36,162.01,0.82300,-1,-1,-1
776,284,422.87,22.08,158.04,422.59,0.76372,-1,-1,-1
776,285,88.96,170.13,35.44,94.21,0.67595,-1,-1,-1
777,232,210.29,90.92,106.00,279.69,0.87524,-1,-1,-1
777,245,336.98,95.04,91.98,301.87,0.84315,-1,-1,-1
777,278,38.26,151.65,51.76,137.99,0.59666,-1,-1,-1
777,196,499.31,0.76,140.42,477.42,0.77872,-1,-1,-1
777,282,141.87,138.17,55.37,166.87,0.82247,-1,-1,-1
777,284,406.60,30.17,166.84,411.13,0.75821,-1,-1,-1
777,285,92.09,170.49,32.04,94.12,0.66215,-1,-1,-1
778,232,209.70,96.18,111.73,280.98,0.83744,-1,-1,-1
778,245,340.97,96.38,89.32,301.07,0.85335,-1,-1,-1
778,278,28.31,153.02,58.42,139.35,0.79802,-1,-1,-1
778,196,511.12,0.71,128.88,476.42,0.72929,-1,-1,-1
778,282,135.31,135.99,61.26,174.10,0.83035,-1,-1,-1
778,284,406.04,28.21,160.14,420.11,0.83573,-1,-1,-1
778,285,93.01,166.48,38.22,100.28,0.67370,-1,-1,-1
779,232,227.58,104.92,101.27,277.97,0.81424,-1,-1,-1
779,245,348.52,98.60,88.62,278.26,0.62216,-1,-1,-1
779,278,24.81,157.51,59.62,138.58,0.83405,-1,-1,-1
779,196,511.04,4.25,128.96,474.07,0.77303,-1,-1,-1
779,282,138.14,135.14,61.13,180.45,0.83543,-1,-1,-1
779,284,413.32,27.63,150.17,443.16,0.85368,-1,-1,-1
779,285,104.56,168.37,33.00,102.07,0.76042,-1,-1,-1
779,287,209.68,141.51,47.22,178.45,0.72154,-1,-1,-1
779,279,73.26,162.56,28.38,108.10,0.62331,-1,-1,-1
780,232,234.85,106.83,95.93,274.10,0.83875,-1,-1,-1
780,245,351.35,96.27,86.73,282.66,0.56849,-1,-1,-1
780,278,19.15,156.73,61.97,139.43,0.79681,-1,-1,-1
780,196,500.73,1.70,139.27,477.02,0.85305,-1,-1,-1
780,282,133.59,130.99,66.00,185.49,0.85568,-1,-1,-1
780,284,417.74,22.31,127.05,451.38,0.74135,-1,-1,-1
780,285,108.55,166.33,31.69,105.01,0.78488,-1,-1,-1
780,287,212.08,137.09,47.28,186.25,0.74742,-1,-1,-1
780,279,73.06,160.65,29.34,111.30,0.62692,-1,-1,-1
781,232,238.65,104.22,93.94,269.36,0.85073,-1,-1,-1
781,245,354.82,89.63,85.90,345.50,0.33939,-1,-1,-1
781,278,15.66,153.91,61.22,141.53,0.75744,-1,-1,-1
781,196,478.63,1.40,161.37,476.88,0.88154,-1,-1,-1
781,282,128.33,126.19,69.23,195.43,0.84826,-1,-1,-1
781,284,395.32,17.60,131.89,456.31,0.74301,-1,-1,-1
781,285,110.76,164.35,26.31,105.11,0.65684,-1,-1,-1
781,287,211.10,130.73,47.98,197.95,0.76007,-1,-1,-1
781,279,70.06,159.10,38.16,113.42,0.66908,-1,-1,-1
782,232,243.57,104.24,89.28,264.75,0.86613,-1,-1,-1
782,278,11.68,152.57,58.96,143.88,0.82497,-1,-1,-1
782,196,459.73,2.91,178.79,477.09,0.85908,-1,-1,-1
782,282,118.33,125.49,77.03,200.81,0.85431,-1,-1,-1
782,284,391.38,23.83,113.84,444.66,0.67249,-1,-1,-1
782,285,111.46,166.85,23.38,103.10,0.35436,-1,-1,-1
782,287,203.28,126.75,56.26,205.99,0.80358,-1,-1,-1
782,281,71.02,160.20,45.84,113.70,0.72046,-1,-1,-1
783,232,250.79,104.16,82.49,258.64,0.87797,-1,-1,-1
783,278,8.12,151.27,54.35,145.67,0.77989,-1,-1,-1
783,196,453.86,1.89,185.48,477.79,0.76697,-1,-1,-1
783,282,112.04,124.51,81.61,208.93,0.87653,-1,-1,-1
783,284,389.64,27.02,110.58,444.93,0.67997,-1,-1,-1
783,287,200.34,122.32,59.59,212.65,0.82413,-1,-1,-1
783,281,74.94,160.91,45.71,114.16,0.71339,-1,-1,-1
783,245,349.47,129.18,80.64,309.80,0.43634,-1,-1,-1
784,232,256.65,107.73,77.96,255.99,0.87334,-1,-1,-1
784,278,6.17,153.21,50.68,147.89,0.72269,-1,-1,-1
784,196,454.10,2.27,184.95,477.71,0.82094,-1,-1,-1
784,282,107.60,123.93,80.47,217.96,0.85129,-1,-1,-1
784,284,363.29,32.35,124.30,426.78,0.79932,-1,-1,-1
784,287,195.50,120.94,65.67,219.50,0.84738,-1,-1,-1
784,281,77.79,160.25,41.33,118.16,0.67200,-1,-1,-1
785,232,256.67,109.00,72.70,256.46,0.85933,-1,-1,-1
785,278,0.00,154.66,41.66,147.04,0.66950,-1,-1,-1
785,196,458.94,1.13,179.06,454.26,0.68241,-1,-1,-1
785,282,93.88,117.53,85.01,229.38,0.88350,-1,-1,-1
785,284,352.59,32.39,130.77,439.43,0.81547,-1,-1,-1
785,287,183.65,115.62,75.06,229.61,0.86566,-1,-1,-1
786,232,253.13,115.25,72.61,251.57,0.85858,-1,-1,-1
786,278,0.00,156.05,25.40,146.81,0.58061,-1,-1,-1
786,196,471.29,0.62,166.39,449.06,0.69768,-1,-1,-1
786,282,71.93,110.93,95.07,239.29,0.86681,-1,-1,-1
786,284,344.55,33.78,132.66,428.00,0.57814,-1,-1,-1
786,287,166.81,112.99,82.76,241.07,0.85955,-1,-1,-1
786,290,14.14,168.87,32.75,103.37,0.43754,-1,-1,-1
786,279,50.96,170.95,28.19,102.94,0.36691,-1,-1,-1
787,232,253.96,119.66,70.20,248.03,0.86697,-1,-1,-1
787,196,486.10,0.75,151.73,467.37,0.69181,-1,-1,-1
787,282,57.21,106.55,100.54,247.44,0.84926,-1,-1,-1
787,284,338.33,34.21,152.34,423.60,0.77635,-1,-1,-1
787,287,154.58,111.72,90.14,249.32,0.87507,-1,-1,-1
787,290,10.16,169.85,31.03,104.38,0.39752,-1,-1,-1
788,232,252.70,120.12,71.10,248.68,0.82955,-1,-1,-1
788,196,496.71,0.18,141.39,474.76,0.72335,-1,-1,-1
788,282,40.44,101.08,107.10,263.40,0.86106,-1,-1,-1
788,284,330.76,34.07,177.88,430.31,0.84433,-1,-1,-1
788,287,140.48,106.86,96.70,267.99,0.84869,-1,-1,-1
788,290,0.84,169.25,36.20,107.86,0.46123,-1,-1,-1
788,291,456.79,26.26,78.62,423.57,0.50817,-1,-1,-1
789,232,249.68,119.29,71.31,241.98,0.83714,-1,-1,-1
789,196,498.87,0.75,139.18,476.62,0.81843,-1,-1,-1
789,282,19.36,98.13,115.29,276.59,0.88604,-1,-1,-1
789,284,321.36,42.06,141.85,431.89,0.69259,-1,-1,-1
789,287,128.14,101.80,95.18,285.31,0.84263,-1,-1,-1
789,291,437.82,27.99,99.94,428.84,0.75568,-1,-1,-1
790,232,242.86,122.60,76.00,234.82,0.81733,-1,-1,-1
790,196,497.11,2.55,140.27,450.16,0.71512,-1,-1,-1
790,282,3.50,97.30,114.65,294.87,0.88430,-1,-1,-1
790,284,314.20,48.06,162.39,431.52,0.82874,-1,-1,-1
790,287,118.37,96.64,89.84,302.94,0.87564,-1,-1,-1
790,291,431.83,36.13,104.74,427.87,0.77602,-1,-1,-1
791,232,235.29,124.29,80.73,229.13,0.80982,-1,-1,-1
791,196,492.01,1.49,145.88,468.55,0.83414,-1,-1,-1
791,282,0.00,91.77,110.72,317.54,0.88801,-1,-1,-1
791,284,307.71,54.59,153.34,425.11,0.84272,-1,-1,-1
791,287,105.35,88.43,91.92,317.10,0.86608,-1,-1,-1
791,291,428.58,42.23,106.88,428.35,0.79534,-1,-1,-1
792,232,229.52,129.61,83.00,235.08,0.78707,-1,-1,-1
792,196,492.02,4.14,146.28,470.57,0.74213,-1,-1,-1
792,282,0.00,85.07,94.74,335.84,0.87578,-1,-1,-1
792,284,304.46,61.52,152.97,417.39,0.76206,-1,-1,-1
792,287,84.46,82.71,102.46,334.58,0.88849,-1,-1,-1
792,291,419.67,49.36,114.82,424.26,0.82322,-1,-1,-1
792,294,193.80,194.63,28.93,88.51,0.65569,-1,-1,-1
793,232,221.54,128.61,87.99,239.30,0.72085,-1,-1,-1
793,196,501.26,0.64,137.89,475.18,0.85451,-1,-1,-1
793,282,0.00,67.59,78.19,355.28,0.83552,-1,-1,-1
793,284,299.27,59.41,175.60,399.89,0.69728,-1,-1,-1
793,287,37.91,69.83,135.24,364.07,0.88606,-1,-1,-1
793,291,414.96,44.40,120.83,404.90,0.84261,-1,-1,-1
793,294,187.27,192.26,29.22,87.57,0.43911,-1,-1,-1
794,232,218.77,122.56,85.54,236.40,0.79940,-1,-1,-1
794,196,513.55,0.00,126.45,475.29,0.86245,-1,-1,-1
794,282,0.00,65.15,59.68,357.35,0.72508,-1,-1,-1
794,284,293.88,51.13,148.43,389.20,0.66448,-1,-1,-1
794,287,8.79,50.36,149.05,389.81,0.88523,-1,-1,-1
794,291,406.62,31.76,132.14,409.17,0.86776,-1,-1,-1
794,294,180.69,180.41,31.20,91.12,0.56832,-1,-1,-1
794,295,146.79,170.67,29.43,95.61,0.45495,-1,-1,-1
795,232,217.82,126.39,79.95,218.85,0.79726,-1,-1,-1
795,196,516.39,1.00,122.28,477.13,0.79012,-1,-1,-1
795,284,291.01,58.70,137.08,387.72,0.83527,-1,-1,-1
795,287,0.00,37.23,133.66,429.27,0.85876,-1,-1,-1
795,291,400.71,33.69,133.61,405.43,0.83961,-1,-1,-1
795,294,172.40,181.33,41.48,94.09,0.67552,-1,-1,-1
795,295,131.64,172.23,32.21,98.51,0.77497,-1,-1,-1
796,232,218.77,129.94,79.16,218.16,0.82779,-1,-1,-1
796,196,524.42,2.50,115.37,476.24,0.70706,-1,-1,-1
796,284,290.70,66.74,160.93,387.59,0.65938,-1,-1,-1
796,287,0.00,25.55,116.79,443.01,0.68396,-1,-1,-1
796,291,405.03,39.94,129.13,404.86,0.87037,-1,-1,-1
796,294,172.28,184.74,42.44,95.39,0.37187,-1,-1,-1
796,295,124.26,176.32,37.37,99.62,0.72895,-1,-1,-1
797,232,223.67,122.15,71.61,220.95,0.82229,-1,-1,-1
797,196,537.45,0.00,102.55,475.14,0.79323,-1,-1,-1
797,284,284.60,63.39,141.29,392.36,0.65239,-1,-1,-1
797,287,0.00,4.55,91.56,446.85,0.45623,-1,-1,-1
797,291,401.75,35.60,129.58,408.58,0.84095,-1,-1,-1
797,294,168.80,180.51,32.65,96.42,0.65460,-1,-1,-1
797,295,112.61,170.64,44.21,101.28,0.70661,-1,-1,-1
798,232,228.31,121.58,66.95,224.22,0.82574,-1,-1,-1
798,196,521.78,0.00,118.22,476.59,0.87142,-1,-1,-1
798,284,281.00,65.67,137.92,395.75,0.58354,-1,-1,-1
798,287,0.00,5.30,66.18,359.20,0.55270,-1,-1,-1
798,291,404.08,37.60,126.67,412.77,0.81366,-1,-1,-1
798,294,166.28,181.00,31.84,97.92,0.52615,-1,-1,-1
798,295,109.25,171.65,46.45,103.19,0.72682,-1,-1,-1
798,281,68.95,159.77,34.42,122.00,0.70298,-1,-1,-1
799,232,229.91,122.18,63.65,224.60,0.79893,-1,-1,-1
799,196,494.10,0.00,145.90,475.08,0.88240,-1,-1,-1
799,284,280.64,65.42,136.59,397.44,0.56566,-1,-1,-1
799,291,388.89,38.53,138.21,384.84,0.70436,-1,-1,-1
799,294,164.06,179.80,35.54,100.34,0.56225,-1,-1,-1
799,295,105.79,170.17,48.24,106.18,0.70919,-1,-1,-1
799,298,211.72,189.75,24.84,76.67,0.45291,-1,-1,-1
799,281,68.68,159.71,35.08,123.25,0.73990,-1,-1,-1
800,232,227.48,121.67,60.40,221.94,0.81973,-1,-1,-1
800,196,468.40,0.00,171.60,474.72,0.85507,-1,-1,-1
800,284,274.70,57.92,167.04,374.69,0.79991,-1,-1,-1
800,291,397.69,32.23,120.25,385.61,0.83849,-1,-1,-1
800,294,157.36,174.16,41.27,103.29,0.73365,-1,-1,-1
800,295,97.17,163.72,49.15,109.43,0.71764,-1,-1,-1
800,298,207.72,182.83,25.26,79.81,0.60759,-1,-1,-1
800,281,63.42,155.40,35.63,124.08,0.76888,-1,-1,-1
800,299,24.62,147.24,42.93,100.34,0.48686,-1,-1,-1
801,232,228.33,128.72,56.57,223.34,0.81564,-1,-1,-1
801,196,453.60,2.72,186.04,476.02,0.52799,-1,-1,-1
801,284,274.01,58.86,181.75,380.11,0.76621,-1,-1,-1
801,291,400.32,34.56,110.25,400.33,0.78857,-1,-1,-1
801,294,155.58,177.62,39.68,104.05,0.69148,-1,-1,-1
801,295,94.25,166.17,37.00,111.53,0.68810,-1,-1,-1
801,298,203.02,187.56,29.77,79.56,0.38912,-1,-1,-1
801,281,61.03,159.27,34.75,124.68,0.75601,-1,-1,-1
801,299,22.40,149.86,36.43,96.19,0.41231,-1,-1,-1
802,232,230.55,131.53,55.54,217.13,0.77328,-1,-1,-1
802,196,454.05,2.58,185.95,474.88,0.67936,-1,-1,-1
802,284,274.35,58.30,148.38,379.21,0.64301,-1,-1,-1
802,291,401.47,33.24,106.96,402.69,0.77207,-1,-1,-1
802,294,155.81,176.91,43.99,107.24,0.68929,-1,-1,-1
802,295,90.04,164.46,32.37,115.64,0.65461,-1,-1,-1
802,298,201.81,187.56,31.22,82.64,0.64108,-1,-1,-1
802,281,60.12,159.69,34.99,125.42,0.74261,-1,-1,-1
802,299,22.05,154.11,30.82,92.19,0.53836,-1,-1,-1
803,232,232.74,132.40,51.89,198.62,0.82622,-1,-1,-1
803,196,457.44,2.72,182.56,476.71,0.66242,-1,-1,-1
803,284,275.05,59.50,130.29,381.63,0.53406,-1,-1,-1
803,291,400.09,34.36,107.23,401.87,0.74972,-1,-1,-1
803,294,156.23,178.44,41.13,108.82,0.62179,-1,-1,-1
803,295,88.54,165.48,29.60,113.43,0.58347,-1,-1,-1
803,298,200.66,188.96,31.87,83.37,0.72206,-1,-1,-1
803,281,59.38,160.33,37.20,127.20,0.70076,-1,-1,-1
804,232,236.11,133.82,56.12,200.36,0.75723,-1,-1,-1
804,196,471.53,2.70,168.47,477.30,0.76944,-1,-1,-1
804,284,281.23,62.79,175.21,386.16,0.83002,-1,-1,-1
804,291,409.29,34.37,122.00,408.33,0.71669,-1,-1,-1
804,294,161.00,181.29,37.32,109.95,0.54260,-1,-1,-1
804,295,91.31,167.16,28.63,115.97,0.49319,-1,-1,-1
804,298,205.11,190.15,30.11,84.82,0.58059,-1,-1,-1
804,281,63.44,162.46,38.10,128.31,0.70387,-1,-1,-1
804,299,25.03,150.01,41.07,118.17,0.49716,-1,-1,-1
805,232,239.89,129.79,60.67,203.13,0.79418,-1,-1,-1
805,196,487.71,0.00,152.29,449.43,0.63853,-1,-1,-1
805,284,288.22,59.36,194.95,397.98,0.74603,-1,-1,-1
805,291,418.44,31.76,118.64,418.70,0.83631,-1,-1,-1
805,294,163.81,177.42,35.42,112.19,0.59867,-1,-1,-1
805,298,208.55,185.69,31.29,86.86,0.72052,-1,-1,-1
805,281,67.86,158.62,49.02,129.81,0.49926,-1,-1,-1
805,299,27.64,144.34,42.32,131.48,0.45139,-1,-1,-1
806,232,243.19,130.56,68.06,204.79,0.82992,-1,-1,-1
806,196,509.40,0.77,130.60,327.91,0.54663,-1,-1,-1
806,284,296.58,62.09,210.09,405.50,0.78159,-1,-1,-1
806,291,427.82,34.99,123.27,426.16,0.86500,-1,-1,-1
806,294,168.32,176.87,37.16,114.73,0.46666,-1,-1,-1
806,298,214.44,186.02,30.20,88.73,0.70312,-1,-1,-1
806,281,72.58,159.58,52.99,130.43,0.76209,-1,-1,-1
806,299,28.77,144.85,49.46,148.24,0.67679,-1,-1,-1
807,232,246.27,131.41,74.45,200.99,0.83920,-1,-1,-1
807,196,533.70,23.32,106.30,277.28,0.57801,-1,-1,-1
807,284,306.62,60.07,216.71,408.82,0.63355,-1,-1,-1
807,291,438.57,37.91,126.42,425.83,0.79009,-1,-1,-1
807,294,172.78,175.14,41.96,117.82,0.74697,-1,-1,-1
807,298,218.53,186.41,29.71,89.21,0.68670,-1,-1,-1
807,281,77.10,157.73,53.13,131.52,0.77543,-1,-1,-1
807,299,32.12,143.20,50.81,154.22,0.69575,-1,-1,-1
808,232,253.09,130.79,75.47,194.72,0.81650,-1,-1,-1
808,196,561.01,73.08,78.99,210.69,0.81335,-1,-1,-1
808,284,318.69,54.62,217.28,409.00,0.83459,-1,-1,-1
808,291,448.72,35.22,130.44,424.07,0.85522,-1,-1,-1
808,294,177.25,171.30,46.37,120.02,0.70627,-1,-1,-1
808,298,222.53,183.74,28.59,90.87,0.71816,-1,-1,-1
808,281,80.75,154.74,51.19,131.98,0.76951,-1,-1,-1
808,299,39.60,139.97,46.48,158.03,0.62852,-1,-1,-1
809,232,264.65,135.54,77.06,196.14,0.82176,-1,-1,-1
809,284,333.91,52.04,224.19,398.89,0.57683,-1,-1,-1
809,291,465.98,33.13,141.03,421.61,0.85607,-1,-1,-1
809,294,186.67,172.73,49.73,123.33,0.83010,-1,-1,-1
809,298,233.44,186.08,29.29,91.56,0.74451,-1,-1,-1
809,281,92.05,157.83,43.63,131.36,0.74443,-1,-1,-1
809,299,53.86,143.39,42.09,155.94,0.62009,-1,-1,-1
810,232,275.48,138.56,73.34,199.34,0.83466,-1,-1,-1
810,284,341.49,51.06,185.45,395.65,0.60328,-1,-1,-1
810,291,472.48,31.89,149.21,415.44,0.82746,-1,-1,-1
810,294,191.35,174.41,51.78,126.02,0.70319,-1,-1,-1
810,298,238.96,188.25,29.21,92.03,0.70738,-1,-1,-1
810,281,98.47,158.90,39.09,134.52,0.71641,-1,-1,-1
810,299,62.91,145.55,40.99,158.84,0.71099,-1,-1,-1
811,232,284.54,133.87,69.42,209.11,0.83272,-1,-1,-1
811,284,354.46,44.98,139.77,402.44,0.62457,-1,-1,-1
811,291,484.31,24.75,148.88,423.33,0.86364,-1,-1,-1
811,294,191.29,171.11,53.47,129.08,0.78670,-1,-1,-1
811,298,242.18,184.31,30.16,93.44,0.73109,-1,-1,-1
811,281,100.99,153.85,38.72,137.95,0.57465,-1,-1,-1
811,299,66.06,145.38,42.77,156.28,0.49995,-1,-1,-1
811,300,269.09,192.30,20.88,84.39,0.72980,-1,-1,-1
812,232,291.77,131.66,66.02,209.17,0.85492,-1,-1,-1
812,284,367.95,43.40,137.67,413.90,0.56828,-1,-1,-1
812,291,490.45,24.95,149.05,431.37,0.80594,-1,-1,-1
812,294,191.01,171.04,54.82,132.57,0.80843,-1,-1,-1
812,298,242.87,182.06,31.99,96.94,0.69755,-1,-1,-1
812,281,102.07,151.30,39.17,142.01,0.72036,-1,-1,-1
812,299,67.61,145.17,41.95,159.24,0.67966,-1,-1,-1
812,300,270.67,192.12,23.49,86.42,0.64040,-1,-1,-1
813,232,297.35,131.47,61.90,210.29,0.84604,-1,-1,-1
813,284,375.34,41.60,136.63,426.16,0.83887,-1,-1,-1
813,291,502.01,28.91,137.99,439.04,0.83329,-1,-1,-1
813,294,188.41,169.39,57.17,136.46,0.81089,-1,-1,-1
813,298,241.51,180.76,34.48,100.80,0.63622,-1,-1,-1
813,281,102.06,151.91,40.83,143.32,0.65521,-1,-1,-1
813,299,57.10,144.82,50.31,158.28,0.66715,-1,-1,-1
813,300,266.54,194.98,28.62,86.44,0.61143,-1,-1,-1
814,232,301.64,129.64,62.49,210.81,0.84856,-1,-1,-1
814,284,370.16,35.70,150.46,440.22,0.59789,-1,-1,-1
814,291,509.80,29.00,130.20,442.94,0.83892,-1,-1,-1
814,294,186.51,163.55,59.45,141.68,0.82093,-1,-1,-1
814,298,238.93,177.11,37.97,104.07,0.72995,-1,-1,-1
814,281,103.00,148.74,39.19,145.47,0.70062,-1,-1,-1
814,299,50.83,139.40,56.19,162.21,0.70646,-1,-1,-1
814,300,268.13,194.40,28.42,86.22,0.62387,-1,-1,-1
815,232,305.70,133.38,62.40,211.34,0.81641,-1,-1,-1
815,284,375.82,28.97,196.94,451.03,0.61255,-1,-1,-1
815,291,516.05,30.77,123.95,443.66,0.85760,-1,-1,-1
815,294,184.20,162.66,61.59,145.71,0.74143,-1,-1,-1
815,298,239.61,178.70,36.95,105.73,0.69766,-1,-1,-1
815,281,101.77,148.77,40.91,148.89,0.65338,-1,-1,-1
815,299,48.95,141.43,57.06,163.72,0.67960,-1,-1,-1
815,300,269.57,195.04,27.78,88.41,0.67511,-1,-1,-1
816,232,310.29,134.48,58.64,211.40,0.77235,-1,-1,-1
816,284,381.38,24.49,160.57,455.51,0.60983,-1,-1,-1
816,291,520.31,27.09,119.69,434.04,0.87430,-1,-1,-1
816,294,177.71,159.01,64.71,150.14,0.70084,-1,-1,-1
816,298,237.31,175.21,36.60,109.59,0.74103,-1,-1,-1
816,281,99.63,147.81,41.44,148.92,0.69487,-1,-1,-1
816,299,54.00,138.26,50.98,163.84,0.51514,-1,-1,-1
816,300,269.03,192.12,26.88,90.62,0.65372,-1,-1,-1
817,232,312.79,134.26,59.67,210.83,0.80879,-1,-1,-1
817,284,382.80,10.83,164.97,458.28,0.77047,-1,-1,-1
817,291,522.77,23.20,117.23,433.98,0.89147,-1,-1,-1
817,294,170.59,156.52,68.42,154.18,0.74711,-1,-1,-1
817,298,235.52,173.11,36.29,110.71,0.66104,-1,-1,-1
817,281,98.02,146.86,40.17,149.10,0.70061,-1,-1,-1
817,299,56.54,135.62,48.70,168.82,0.49274,-1,-1,-1
817,300,268.32,191.64,25.00,88.74,0.66209,-1,-1,-1
817,301,32.40,149.98,35.77,150.26,0.44319,-1,-1,-1
818,232,316.83,132.73,61.10,210.44,0.81757,-1,-1,-1
818,284,386.66,7.90,155.43,459.31,0.78564,-1,-1,-1
818,291,527.40,14.49,112.60,439.98,0.81888,-1,-1,-1
818,294,170.51,156.25,67.75,160.02,0.75182,-1,-1,-1
818,298,231.96,169.82,38.23,114.57,0.76553,-1,-1,-1
818,281,96.42,146.03,39.85,150.90,0.70546,-1,-1,-1
818,299,55.73,134.01,49.72,172.85,0.34762,-1,-1,-1
818,300,266.84,188.48,26.64,93.75,0.69983,-1,-1,-1
818,301,18.31,139.20,49.68,164.06,0.63642,-1,-1,-1
818,302,288.48,178.11,28.78,91.47,0.72792,-1,-1,-1
819,232,318.77,131.18,61.64,206.93,0.83275,-1,-1,-1
819,284,401.05,7.03,144.02,460.91,0.86874,-1,-1,-1
819,291,535.48,10.82,104.52,448.20,0.87758,-1,-1,-1
819,294,167.56,157.21,69.60,163.88,0.76951,-1,-1,-1
819,298,228.80,168.43,39.66,117.95,0.78960,-1,-1,-1
819,281,94.30,146.19,40.19,153.10,0.73406,-1,-1,-1
819,299,54.23,133.48,47.20,136.38,0.34510,-1,-1,-1
819,300,265.54,188.63,27.98,96.87,0.67520,-1,-1,-1
819,301,4.89,137.58,58.59,168.70,0.71911,-1,-1,-1
819,302,288.84,178.90,29.15,92.10,0.63780,-1,-1,-1
820,232,314.15,132.36,64.95,207.40,0.81273,-1,-1,-1
820,284,408.39,8.38,155.58,469.19,0.83262,-1,-1,-1
820,291,545.06,11.82,94.66,462.98,0.87400,-1,-1,-1
820,294,153.54,156.23,76.28,172.26,0.71424,-1,-1,-1
820,298,221.37,170.76,41.42,122.36,0.76586,-1,-1,-1
820,281,84.37,147.32,42.41,157.96,0.74890,-1,-1,-1
820,299,44.91,134.64,44.07,123.76,0.44781,-1,-1,-1
820,300,259.98,190.80,28.75,100.63,0.72772,-1,-1,-1
820,301,0.00,141.71,51.36,168.92,0.71575,-1,-1,-1
820,302,283.14,182.75,29.99,92.29,0.63981,-1,-1,-1
821,232,309.43,129.04,67.13,206.23,0.81511,-1,-1,-1
821,284,409.70,3.87,153.13,476.13,0.81605,-1,-1,-1
821,291,552.18,9.81,86.73,469.49,0.88538,-1,-1,-1
821,294,144.62,148.77,76.02,179.27,0.76642,-1,-1,-1
821,298,214.17,166.16,41.92,125.97,0.74132,-1,-1,-1
821,281,75.76,142.53,44.39,159.01,0.78897,-1,-1,-1
821,299,34.92,128.51,48.17,168.13,0.74016,-1,-1,-1
821,300,253.37,187.26,28.62,103.47,0.67269,-1,-1,-1
821,301,0.00,135.58,38.45,172.79,0.74253,-1,-1,-1
821,302,277.79,177.90,30.72,95.33,0.64077,-1,-1,-1
822,232,305.95,130.44,75.55,206.68,0.83553,-1,-1,-1
822,284,415.48,4.08,153.35,475.92,0.86573,-1,-1,-1
822,291,563.22,11.32,75.75,468.68,0.85348,-1,-1,-1
822,294,134.32,144.80,77.47,187.19,0.80649,-1,-1,-1
822,298,206.88,166.09,42.78,129.06,0.79982,-1,-1,-1
822,281,66.01,141.08,45.69,162.49,0.75216,-1,-1,-1
822,299,23.92,123.46,46.04,141.45,0.45467,-1,-1,-1
822,300,247.20,188.57,29.10,105.38,0.72310,-1,-1,-1
822,302,271.01,177.57,32.71,97.18,0.67833,-1,-1,-1
823,232,306.66,137.19,80.21,206.32,0.80508,-1,-1,-1
823,284,428.61,4.45,150.83,474.56,0.86331,-1,-1,-1
823,291,573.86,15.00,66.14,465.00,0.76565,-1,-1,-1
823,294,128.95,145.47,80.51,192.55,0.85354,-1,-1,-1
823,298,205.36,168.71,44.62,133.06,0.77687,-1,-1,-1
823,281,64.53,143.27,46.16,165.73,0.81197,-1,-1,-1
823,299,20.58,127.77,47.68,128.52,0.47596,-1,-1,-1
823,300,247.71,187.21,30.71,112.56,0.72142,-1,-1,-1
823,302,271.82,177.16,33.85,103.01,0.63756,-1,-1,-1
823,303,378.25,119.01,69.19,167.56,0.46926,-1,-1,-1
824,232,307.43,136.40,78.38,206.97,0.78418,-1,-1,-1
824,284,440.72,0.11,159.30,479.14,0.84511,-1,-1,-1
824,291,572.98,8.69,66.92,462.04,0.73105,-1,-1,-1
824,294,117.13,139.17,83.94,201.77,0.85165,-1,-1,-1
824,298,197.80,164.12,45.20,138.30,0.76871,-1,-1,-1
824,281,57.38,141.01,46.35,167.82,0.76529,-1,-1,-1
824,299,10.79,124.99,52.57,175.22,0.59805,-1,-1,-1
824,300,242.47,180.78,32.68,116.87,0.77083,-1,-1,-1
824,302,265.73,174.23,35.00,103.62,0.72593,-1,-1,-1
824,303,378.62,114.61,79.20,262.80,0.68253,-1,-1,-1
825,232,309.48,136.33,77.53,206.59,0.78663,-1,-1,-1
825,284,451.96,0.00,175.40,480.00,0.87303,-1,-1,-1
825,291,583.25,4.48,56.75,451.31,0.34876,-1,-1,-1
825,294,99.13,136.32,96.75,212.49,0.85959,-1,-1,-1
825,298,190.05,159.97,47.48,143.43,0.76960,-1,-1,-1
825,281,50.42,138.45,47.84,171.77,0.76125,-1,-1,-1
825,299,2.45,121.29,49.36,148.13,0.37314,-1,-1,-1
825,300,237.53,180.46,36.54,120.19,0.77834,-1,-1,-1
825,302,262.58,173.27,35.11,105.69,0.69147,-1,-1,-1
825,303,379.51,113.02,86.37,261.26,0.65775,-1,-1,-1
826,232,310.93,131.00,74.98,205.75,0.81654,-1,-1,-1
826,284,463.27,0.00,176.07,479.14,0.91223,-1,-1,-1
826,294,86.34,129.71,105.99,224.21,0.88586,-1,-1,-1
826,298,182.06,152.58,49.75,148.15,0.80433,-1,-1,-1
826,281,43.53,131.81,49.54,176.75,0.70525,-1,-1,-1
826,299,0.00,112.86,48.18,189.52,0.46416,-1,-1,-1
826,300,232.34,174.93,38.12,125.43,0.75232,-1,-1,-1
826,302,260.59,170.12,33.92,105.49,0.66799,-1,-1,-1
826,303,380.61,107.02,88.94,272.94,0.59007,-1,-1,-1
826,304,294.85,169.83,25.74,100.32,0.49053,-1,-1,-1
827,232,309.25,132.69,70.29,204.94,0.82284,-1,-1,-1
827,284,471.72,0.94,168.28,479.06,0.88480,-1,-1,-1
827,294,69.05,125.77,103.34,239.39,0.86089,-1,-1,-1
827,298,162.04,155.72,59.08,153.92,0.81486,-1,-1,-1
827,281,30.92,130.73,47.90,181.74,0.67442,-1,-1,-1
827,300,220.54,179.27,39.93,130.62,0.76145,-1,-1,-1
827,302,251.98,174.05,33.91,108.28,0.68173,-1,-1,-1
827,303,374.88,111.97,92.55,280.68,0.82367,-1,-1,-1
827,304,287.52,175.07,28.86,100.04,0.54021,-1,-1,-1
828,232,311.84,132.27,67.13,204.47,0.82541,-1,-1,-1
828,284,485.17,0.91,154.83,479.09,0.90115,-1,-1,-1
828,294,61.42,118.24,101.40,250.46,0.86105,-1,-1,-1
828,298,153.16,153.92,64.55,158.19,0.79771,-1,-1,-1
828,281,25.64,129.63,55.50,184.29,0.68033,-1,-1,-1
828,300,217.22,178.12,39.92,134.98,0.79162,-1,-1,-1
828,302,249.02,173.34,35.57,110.23,0.71797,-1,-1,-1
828,303,373.62,113.27,96.22,283.41,0.77533,-1,-1,-1
828,304,286.64,175.93,29.49,100.10,0.63208,-1,-1,-1
828,299,0.00,109.10,32.11,212.05,0.49169,-1,-1,-1
829,232,316.77,130.73,64.82,205.56,0.80964,-1,-1,-1
829,284,503.93,0.00,136.07,480.00,0.87599,-1,-1,-1
829,294,56.16,111.43,100.98,261.91,0.85142,-1,-1,-1
829,298,151.20,149.91,62.88,166.59,0.87368,-1,-1,-1
829,281,22.62,127.45,54.41,187.15,0.74705,-1,-1,-1
829,300,214.12,175.49,42.82,138.89,0.73823,-1,-1,-1
829,302,246.57,169.27,39.54,114.73,0.69032,-1,-1,-1
829,303,376.58,112.52,103.52,285.41,0.79103,-1,-1,-1
829,304,288.03,172.82,32.96,101.21,0.69690,-1,-1,-1
830,232,320.70,138.11,63.68,203.21,0.85600,-1,-1,-1
830,284,519.22,0.96,120.78,479.04,0.85872,-1,-1,-1
830,294,32.21,110.73,117.34,275.04,0.85798,-1,-1,-1
830,298,149.59,152.62,61.99,172.54,0.86204,-1,-1,-1
830,300,211.32,177.55,44.72,144.36,0.71207,-1,-1,-1
830,302,247.04,175.29,39.42,113.78,0.67842,-1,-1,-1
830,303,379.85,118.40,105.09,282.09,0.83174,-1,-1,-1
830,304,291.22,176.14,33.89,101.80,0.78394,-1,-1,-1
831,232,320.64,138.51,60.75,205.03,0.82761,-1,-1,-1
831,284,530.44,0.00,109.56,478.50,0.86421,-1,-1,-1
831,294,12.99,104.94,124.01,289.69,0.85255,-1,-1,-1
831,298,140.78,146.24,62.62,181.00,0.85155,-1,-1,-1
831,300,205.01,172.10,45.38,151.62,0.74342,-1,-1,-1
831,302,242.68,171.40,37.40,118.09,0.71463,-1,-1,-1
831,303,377.96,116.00,105.36,284.29,0.83702,-1,-1,-1
831,304,287.19,174.20,36.09,101.99,0.77471,-1,-1,-1
832,232,313.51,133.36,61.99,205.86,0.83941,-1,-1,-1
832,284,549.39,0.00,90.61,478.32,0.85242,-1,-1,-1
832,294,0.00,87.79,115.26,318.92,0.87905,-1,-1,-1
832,298,122.42,133.42,67.31,190.91,0.83062,-1,-1,-1
832,300,190.23,162.05,46.21,162.28,0.78928,-1,-1,-1
832,302,230.48,162.49,41.97,123.83,0.76165,-1,-1,-1
832,303,372.31,108.40,99.73,283.98,0.85398,-1,-1,-1
832,304,279.11,166.38,37.70,104.05,0.78710,-1,-1,-1
833,232,312.84,133.38,62.57,205.81,0.83098,-1,-1,-1
833,284,561.41,0.00,78.59,478.59,0.83717,-1,-1,-1
833,294,0.00,81.93,103.81,325.75,0.85766,-1,-1,-1
833,298,111.66,130.04,71.62,200.90,0.86186,-1,-1,-1
833,300,181.38,161.37,50.41,166.77,0.80407,-1,-1,-1
833,302,226.77,161.78,41.84,127.14,0.80486,-1,-1,-1
833,303,370.13,107.15,97.19,279.13,0.85361,-1,-1,-1
833,304,274.83,166.06,39.31,104.75,0.77951,-1,-1,-1
834,232,313.66,129.93,65.46,202.17,0.83090,-1,-1,-1
834,284,577.73,11.27,62.27,467.75,0.46705,-1,-1,-1
834,294,0.00,77.29,88.82,327.03,0.88779,-1,-1,-1
834,298,101.59,126.27,77.25,208.29,0.86899,-1,-1,-1
834,300,174.90,159.35,53.09,174.89,0.83540,-1,-1,-1
834,302,224.42,158.30,43.52,132.36,0.75578,-1,-1,-1
834,303,372.06,104.16,94.34,277.62,0.87484,-1,-1,-1
834,304,272.73,166.22,39.62,104.29,0.80891,-1,-1,-1
835,232,314.08,127.17,67.54,201.29,0.79380,-1,-1,-1
835,284,594.85,31.54,45.15,445.64,0.32956,-1,-1,-1
835,294,0.00,95.64,72.40,310.38,0.70378,-1,-1,-1
835,298,91.08,122.23,82.06,224.45,0.88270,-1,-1,-1
835,300,166.95,156.49,59.59,184.93,0.81359,-1,-1,-1
835,302,221.45,157.62,46.59,136.29,0.76346,-1,-1,-1
835,303,373.07,103.68,94.11,279.46,0.87153,-1,-1,-1
835,304,273.42,166.87,39.99,102.32,0.79348,-1,-1,-1
836,232,318.94,125.40,69.07,197.25,0.85229,-1,-1,-1
836,298,82.08,117.10,88.40,238.49,0.86875,-1,-1,-1
836,300,165.61,152.19,59.30,194.38,0.84151,-1,-1,-1
836,302,221.91,154.84,50.24,140.31,0.83571,-1,-1,-1
836,303,375.96,104.51,94.92,281.09,0.87105,-1,-1,-1
836,304,273.67,167.34,41.57,100.20,0.77882,-1,-1,-1
836,281,0.00,107.81,52.02,215.42,0.77212,-1,-1,-1
837,232,326.65,128.30,70.10,190.32,0.83171,-1,-1,-1
837,298,75.44,114.05,93.49,250.79,0.85461,-1,-1,-1
837,300,163.85,148.22,59.61,205.49,0.86477,-1,-1,-1
837,302,224.46,153.06,52.45,146.55,0.81289,-1,-1,-1
837,303,381.09,108.91,95.96,281.39,0.86256,-1,-1,-1
837,304,275.73,168.82,43.86,100.64,0.81188,-1,-1,-1
837,281,1.01,110.60,42.55,217.47,0.67880,-1,-1,-1
