1,1,0.00,8.84,351.23,1061.90,0.92748,-1,-1,-1
1,2,874.76,152.63,238.79,626.83,0.81426,-1,-1,-1
1,3,546.17,271.39,94.47,315.83,0.81165,-1,-1,-1
1,4,404.00,277.98,107.39,319.40,0.81068,-1,-1,-1
1,5,740.97,330.79,42.18,124.89,0.40689,-1,-1,-1
1,6,1058.82,293.51,82.78,324.75,0.40108,-1,-1,-1
1,7,798.29,307.64,46.05,140.85,0.35447,-1,-1,-1
2,1,0.10,5.71,345.28,1064.57,0.93076,-1,-1,-1
2,2,870.43,148.88,234.58,629.09,0.80527,-1,-1,-1
2,3,542.63,266.55,95.27,321.82,0.80848,-1,-1,-1
2,4,398.03,274.23,110.54,321.29,0.81411,-1,-1,-1
2,6,1054.06,291.62,86.87,329.66,0.48152,-1,-1,-1
3,1,0.00,4.76,339.25,1063.38,0.92922,-1,-1,-1
3,2,865.49,152.00,227.07,628.00,0.82834,-1,-1,-1
3,3,536.99,265.93,96.72,326.66,0.80437,-1,-1,-1
3,4,391.17,274.32,108.86,322.65,0.84487,-1,-1,-1
3,6,1048.58,293.67,90.64,333.17,0.57414,-1,-1,-1
3,5,738.56,329.39,39.52,124.04,0.31803,-1,-1,-1
4,1,0.06,3.13,326.84,1062.02,0.92520,-1,-1,-1
4,2,868.56,152.88,218.22,628.91,0.83431,-1,-1,-1
4,3,531.95,264.65,96.19,329.07,0.80742,-1,-1,-1
4,4,382.19,271.12,111.43,327.10,0.84217,-1,-1,-1
4,6,1044.04,292.86,91.10,342.28,0.57916,-1,-1,-1
4,5,733.48,325.50,40.92,128.28,0.40296,-1,-1,-1
5,1,0.07,2.35,311.76,1062.87,0.91593,-1,-1,-1
5,2,876.98,151.30,206.84,636.22,0.81852,-1,-1,-1
5,3,526.34,261.86,97.31,334.09,0.80891,-1,-1,-1
5,4,376.24,264.92,111.58,331.64,0.83428,-1,-1,-1
5,6,1046.88,291.58,84.98,344.58,0.57886,-1,-1,-1
5,5,730.29,321.36,43.16,126.77,0.39390,-1,-1,-1
5,8,691.19,332.92,38.11,111.00,0.39660,-1,-1,-1
6,1,0.31,15.82,292.29,1056.23,0.87760,-1,-1,-1
6,2,883.68,150.75,197.82,628.70,0.80320,-1,-1,-1
6,3,520.21,261.71,100.93,335.88,0.79729,-1,-1,-1
6,4,371.79,261.80,111.22,334.77,0.83065,-1,-1,-1
6,6,1045.89,292.76,82.40,345.85,0.58679,-1,-1,-1
6,5,728.06,323.02,39.87,115.35,0.39948,-1,-1,-1
6,8,688.00,333.16,39.36,114.99,0.41927,-1,-1,-1
6,7,787.24,319.29,40.53,119.67,0.30348,-1,-1,-1
7,1,0.52,62.08,273.46,1009.73,0.90351,-1,-1,-1
7,2,890.70,152.92,189.55,622.14,0.81623,-1,-1,-1
7,3,515.27,260.01,102.15,343.61,0.78003,-1,-1,-1
7,4,363.93,260.88,113.72,338.16,0.82244,-1,-1,-1
7,6,1041.59,296.12,84.10,347.11,0.60376,-1,-1,-1
7,5,725.91,321.97,39.55,121.35,0.46583,-1,-1,-1
7,8,684.93,332.60,41.39,119.94,0.40657,-1,-1,-1
7,9,864.19,253.72,79.99,308.33,0.57473,-1,-1,-1
7,7,784.96,316.62,40.75,125.04,0.34632,-1,-1,-1
8,1,0.49,85.45,258.80,986.75,0.89596,-1,-1,-1
8,2,890.86,153.41,188.87,626.34,0.79316,-1,-1,-1
8,3,510.95,262.69,102.08,345.98,0.81536,-1,-1,-1
8,4,354.23,260.51,118.03,341.99,0.82658,-1,-1,-1
8,6,1037.71,299.57,86.98,347.20,0.67529,-1,-1,-1
8,5,723.39,321.73,40.84,125.36,0.50860,-1,-1,-1
8,8,682.47,332.55,40.62,121.56,0.50140,-1,-1,-1
8,9,862.96,263.20,73.76,300.85,0.58641,-1,-1,-1
8,7,782.85,307.16,47.57,139.49,0.41351,-1,-1,-1
9,1,0.00,100.53,228.05,973.10,0.86374,-1,-1,-1
9,2,888.88,154.85,187.00,625.86,0.78931,-1,-1,-1
9,3,506.39,263.14,103.33,344.88,0.83622,-1,-1,-1
9,4,347.85,261.13,120.03,343.82,0.81851,-1,-1,-1
9,6,1036.25,303.42,85.29,348.73,0.66222,-1,-1,-1
9,5,721.24,321.75,39.44,129.86,0.57912,-1,-1,-1
9,8,679.71,333.97,38.19,121.54,0.40676,-1,-1,-1
9,9,862.19,264.54,72.42,300.26,0.58828,-1,-1,-1
9,7,782.16,306.54,43.78,141.14,0.38687,-1,-1,-1
10,1,0.62,108.77,206.49,961.44,0.72726,-1,-1,-1
10,2,883.09,157.20,188.40,623.58,0.81592,-1,-1,-1
10,3,500.26,264.83,106.71,347.34,0.82567,-1,-1,-1
10,4,344.57,260.19,118.46,346.89,0.80802,-1,-1,-1
10,6,1036.33,301.79,82.93,352.79,0.70057,-1,-1,-1
10,5,720.12,324.02,40.21,131.13,0.58631,-1,-1,-1
10,8,676.70,336.18,40.75,123.55,0.48824,-1,-1,-1
10,9,861.55,262.12,72.31,302.82,0.56589,-1,-1,-1
10,7,777.99,300.09,48.18,152.14,0.49179,-1,-1,-1
11,1,0.95,113.45,178.66,954.82,0.73309,-1,-1,-1
11,2,880.34,157.18,187.58,628.64,0.81668,-1,-1,-1
11,3,493.74,263.38,109.62,352.70,0.82301,-1,-1,-1
11,4,337.81,261.98,121.09,349.01,0.78931,-1,-1,-1
11,6,1037.92,298.18,76.60,359.02,0.66322,-1,-1,-1
11,5,719.05,326.03,39.24,130.06,0.51851,-1,-1,-1
11,8,675.92,340.29,40.94,118.92,0.47215,-1,-1,-1
11,9,861.91,274.38,68.06,292.48,0.53345,-1,-1,-1
11,7,776.89,312.82,47.66,141.00,0.56374,-1,-1,-1
12,1,0.48,119.18,160.72,761.84,0.78809,-1,-1,-1
12,2,872.34,158.35,189.01,631.59,0.83553,-1,-1,-1
12,3,489.83,260.01,111.00,357.82,0.79724,-1,-1,-1
12,4,326.95,264.47,127.39,351.60,0.82753,-1,-1,-1
12,6,1037.07,297.25,72.84,361.97,0.67711,-1,-1,-1
12,5,717.73,327.21,40.98,131.74,0.54974,-1,-1,-1
12,8,673.83,339.94,40.91,121.09,0.43526,-1,-1,-1
12,9,863.42,250.42,67.12,315.59,0.38962,-1,-1,-1
12,7,774.24,317.86,51.64,136.79,0.54989,-1,-1,-1
12,10,828.25,323.62,43.52,122.98,0.36263,-1,-1,-1
13,1,0.55,139.36,140.04,626.27,0.82038,-1,-1,-1
13,2,864.21,156.28,195.19,637.43,0.82522,-1,-1,-1
13,3,483.40,256.81,114.18,361.70,0.82704,-1,-1,-1
13,4,318.81,264.95,133.25,355.61,0.83040,-1,-1,-1
13,6,1035.76,299.12,73.32,355.98,0.69571,-1,-1,-1
13,5,716.91,327.78,40.71,132.95,0.48658,-1,-1,-1
13,8,672.60,340.56,39.98,122.77,0.43476,-1,-1,-1
13,7,772.44,320.53,52.44,134.72,0.54244,-1,-1,-1
13,10,829.00,326.14,43.73,121.13,0.43578,-1,-1,-1
14,1,0.42,174.93,117.84,579.56,0.81837,-1,-1,-1
14,2,855.81,153.95,200.92,642.90,0.78653,-1,-1,-1
14,3,478.92,255.45,115.75,364.53,0.83627,-1,-1,-1
14,4,313.15,266.39,136.11,358.80,0.83522,-1,-1,-1
14,6,1034.10,293.49,73.88,358.62,0.68455,-1,-1,-1
14,5,715.17,327.62,43.55,133.70,0.53391,-1,-1,-1
14,8,671.97,342.42,37.91,120.82,0.37226,-1,-1,-1
14,7,772.52,323.22,49.13,131.03,0.56316,-1,-1,-1
14,10,828.41,325.70,44.04,122.22,0.46669,-1,-1,-1
15,1,0.20,231.42,86.20,542.77,0.55563,-1,-1,-1
15,2,844.20,153.52,207.94,639.60,0.79817,-1,-1,-1
15,3,474.80,256.81,119.42,363.14,0.83918,-1,-1,-1
15,4,312.96,269.26,133.94,360.13,0.82854,-1,-1,-1
15,6,1030.42,285.68,77.55,368.05,0.66771,-1,-1,-1
15,5,713.94,329.90,45.73,131.43,0.53029,-1,-1,-1
15,8,671.61,345.32,35.07,114.02,0.40727,-1,-1,-1
15,7,772.28,323.31,48.15,129.93,0.54290,-1,-1,-1
15,10,827.89,328.62,43.82,120.58,0.43503,-1,-1,-1
16,2,837.80,153.77,213.09,640.39,0.80209,-1,-1,-1
16,3,472.04,257.01,122.75,366.13,0.84485,-1,-1,-1
16,4,309.35,270.37,135.43,365.17,0.83976,-1,-1,-1
16,6,1027.27,278.22,81.55,377.02,0.63327,-1,-1,-1
16,5,713.63,330.94,45.81,130.95,0.53090,-1,-1,-1
16,8,671.07,348.78,33.01,109.97,0.44147,-1,-1,-1
16,7,771.17,324.10,49.54,129.30,0.57430,-1,-1,-1
16,10,828.45,332.95,42.69,116.98,0.41930,-1,-1,-1
17,2,834.89,155.22,217.03,642.83,0.82708,-1,-1,-1
17,3,470.54,259.01,124.03,367.81,0.84270,-1,-1,-1
17,4,307.62,274.78,134.66,367.73,0.85032,-1,-1,-1
17,6,1023.94,276.08,86.82,378.98,0.66102,-1,-1,-1
17,5,713.19,330.97,46.78,134.70,0.57260,-1,-1,-1
17,8,671.00,348.17,32.96,116.33,0.44824,-1,-1,-1
17,7,770.42,326.09,51.64,129.35,0.59349,-1,-1,-1
17,10,829.20,338.11,41.56,116.24,0.42090,-1,-1,-1
18,2,836.20,158.25,215.39,651.72,0.85720,-1,-1,-1
18,3,468.35,260.08,126.84,373.15,0.83794,-1,-1,-1
18,4,308.47,278.68,133.32,369.80,0.83017,-1,-1,-1
18,6,1021.63,261.74,89.14,392.31,0.69732,-1,-1,-1
18,5,713.87,333.39,46.86,135.95,0.47827,-1,-1,-1
18,7,771.70,320.64,50.91,139.63,0.42718,-1,-1,-1
18,10,829.35,340.05,42.23,117.34,0.36038,-1,-1,-1
19,2,841.53,160.71,205.18,656.86,0.85868,-1,-1,-1
19,3,466.75,264.50,130.29,378.25,0.82138,-1,-1,-1
19,4,298.07,281.96,143.32,377.03,0.83023,-1,-1,-1
19,6,1016.25,257.46,94.07,398.12,0.71880,-1,-1,-1
19,5,715.30,338.23,46.13,138.02,0.48804,-1,-1,-1
19,7,772.56,330.99,51.03,133.08,0.51087,-1,-1,-1
19,10,830.44,347.51,44.32,112.87,0.30517,-1,-1,-1
20,2,845.60,167.05,197.85,655.86,0.86348,-1,-1,-1
20,3,467.76,271.50,130.68,379.77,0.82687,-1,-1,-1
20,4,296.85,287.30,145.80,379.29,0.82848,-1,-1,-1
20,6,1012.64,252.17,98.26,407.98,0.76643,-1,-1,-1
20,5,717.62,342.81,43.99,139.88,0.52832,-1,-1,-1
20,7,773.30,335.02,51.87,132.02,0.56750,-1,-1,-1
20,10,829.05,356.12,47.97,107.99,0.34987,-1,-1,-1
21,2,859.80,170.13,188.54,656.85,0.85110,-1,-1,-1
21,3,472.61,274.08,133.84,386.87,0.81258,-1,-1,-1
21,4,303.50,288.77,146.11,383.67,0.84427,-1,-1,-1
21,6,1016.79,249.06,105.30,414.78,0.80815,-1,-1,-1
21,7,775.67,336.17,57.34,131.76,0.37845,-1,-1,-1
22,2,880.42,169.58,187.32,659.90,0.85364,-1,-1,-1
22,3,493.17,276.21,130.59,390.65,0.82492,-1,-1,-1
22,4,321.67,289.20,145.22,386.64,0.82773,-1,-1,-1
22,6,1032.43,249.55,107.74,418.96,0.79567,-1,-1,-1
22,7,796.15,339.89,54.46,135.11,0.56346,-1,-1,-1
22,5,744.01,349.49,42.69,139.10,0.52384,-1,-1,-1
22,10,853.65,359.22,51.36,108.53,0.32504,-1,-1,-1
23,2,886.25,171.33,188.95,663.73,0.86188,-1,-1,-1
23,3,506.32,280.98,129.91,393.50,0.82671,-1,-1,-1
23,4,331.46,291.87,145.74,387.68,0.82907,-1,-1,-1
23,6,1041.14,252.53,112.46,422.40,0.80076,-1,-1,-1
23,5,754.34,351.57,45.98,134.00,0.37400,-1,-1,-1
23,8,705.55,366.70,39.99,126.34,0.41931,-1,-1,-1
24,2,885.24,172.19,198.59,664.22,0.86824,-1,-1,-1
24,3,516.64,284.00,131.44,396.61,0.84460,-1,-1,-1
24,4,341.43,293.02,147.16,391.07,0.83294,-1,-1,-1
24,6,1048.19,254.61,119.06,419.32,0.81742,-1,-1,-1
24,5,767.08,351.98,43.91,136.89,0.51143,-1,-1,-1
24,8,716.50,367.70,41.65,126.57,0.53323,-1,-1,-1
24,7,823.52,346.60,49.29,133.34,0.51566,-1,-1,-1
25,2,881.89,172.52,207.07,661.26,0.86345,-1,-1,-1
25,3,525.08,284.82,134.45,403.47,0.84432,-1,-1,-1
25,4,353.81,294.63,146.38,389.96,0.83190,-1,-1,-1
25,6,1058.31,256.40,123.31,419.82,0.83571,-1,-1,-1
25,5,778.57,352.16,47.04,139.07,0.42134,-1,-1,-1
25,8,730.95,368.27,40.54,129.23,0.45489,-1,-1,-1
26,2,884.05,173.96,214.38,656.99,0.86935,-1,-1,-1
26,3,539.54,292.08,132.59,405.24,0.79799,-1,-1,-1
26,4,365.27,295.83,150.03,394.97,0.85380,-1,-1,-1
26,6,1067.81,259.91,131.91,422.88,0.83147,-1,-1,-1
26,5,794.23,353.87,45.84,134.56,0.30483,-1,-1,-1
26,8,744.99,375.22,40.97,122.66,0.32715,-1,-1,-1
27,2,884.96,176.72,223.66,657.51,0.86295,-1,-1,-1
27,3,553.51,294.15,133.17,411.15,0.83110,-1,-1,-1
27,4,380.34,299.59,146.55,397.43,0.84064,-1,-1,-1
27,6,1081.45,265.06,136.51,421.53,0.82966,-1,-1,-1
27,5,807.39,355.65,49.27,136.42,0.37050,-1,-1,-1
27,8,761.75,378.21,38.51,125.72,0.33116,-1,-1,-1
27,11,1874.38,551.46,45.62,204.38,0.36805,-1,-1,-1
27,7,867.86,341.39,52.45,147.90,0.33675,-1,-1,-1
28,2,884.57,184.05,231.54,658.40,0.87478,-1,-1,-1
28,3,561.31,299.98,132.63,413.57,0.84689,-1,-1,-1
28,4,385.16,305.97,148.25,399.17,0.86101,-1,-1,-1
28,6,1087.03,272.77,139.44,418.94,0.83570,-1,-1,-1
28,5,817.09,363.43,44.41,132.83,0.43751,-1,-1,-1
28,8,769.01,383.05,39.32,126.43,0.41813,-1,-1,-1
29,2,884.05,190.77,227.73,659.63,0.87938,-1,-1,-1
29,3,564.88,301.41,133.83,417.31,0.86390,-1,-1,-1
29,4,391.07,310.02,144.13,404.25,0.84195,-1,-1,-1
29,6,1091.09,278.34,143.11,427.03,0.81273,-1,-1,-1
29,5,820.55,368.04,45.09,141.07,0.50418,-1,-1,-1
29,8,773.23,387.26,40.70,128.84,0.37314,-1,-1,-1
30,2,887.64,195.77,226.28,661.14,0.89219,-1,-1,-1
30,3,569.38,301.16,136.66,418.04,0.85198,-1,-1,-1
30,4,397.23,312.66,144.40,411.02,0.83927,-1,-1,-1
30,6,1097.92,281.56,149.23,432.03,0.83194,-1,-1,-1
30,5,827.55,371.20,47.88,141.31,0.49137,-1,-1,-1
31,2,888.39,201.46,227.34,664.57,0.88319,-1,-1,-1
31,3,573.25,302.67,136.66,420.37,0.83577,-1,-1,-1
31,4,400.53,317.73,144.83,417.41,0.84342,-1,-1,-1
31,6,1102.12,285.42,153.36,435.82,0.85455,-1,-1,-1
31,5,836.33,378.62,44.62,139.25,0.51411,-1,-1,-1
31,8,789.67,394.04,41.25,126.64,0.48371,-1,-1,-1
32,2,889.26,208.54,230.59,668.29,0.88425,-1,-1,-1
32,3,577.41,305.28,135.13,427.84,0.85223,-1,-1,-1
32,4,402.26,323.05,145.21,419.41,0.85731,-1,-1,-1
32,6,1104.07,290.27,155.69,433.79,0.85769,-1,-1,-1
32,5,841.30,381.35,43.25,144.76,0.59359,-1,-1,-1
32,8,793.53,399.62,44.71,127.47,0.39461,-1,-1,-1
33,2,892.43,213.47,232.41,670.13,0.88244,-1,-1,-1
33,3,580.60,307.86,137.99,431.43,0.84633,-1,-1,-1
33,4,404.10,328.65,147.67,419.84,0.85843,-1,-1,-1
33,6,1106.31,298.01,161.61,431.69,0.85555,-1,-1,-1
33,5,846.19,387.98,44.21,145.03,0.53002,-1,-1,-1
33,8,798.90,402.82,43.10,127.15,0.35399,-1,-1,-1
34,2,894.01,219.71,238.55,672.77,0.87475,-1,-1,-1
34,3,584.75,309.55,136.46,434.43,0.84111,-1,-1,-1
34,4,401.79,332.80,149.17,425.93,0.84169,-1,-1,-1
34,6,1108.27,302.66,163.80,426.24,0.85489,-1,-1,-1
34,5,848.53,392.63,46.95,146.94,0.55801,-1,-1,-1
34,8,801.00,407.59,46.79,129.53,0.33657,-1,-1,-1
35,2,899.07,227.03,236.67,676.54,0.87767,-1,-1,-1
35,3,588.33,313.51,135.74,439.43,0.82979,-1,-1,-1
35,4,398.85,336.70,150.90,433.70,0.82698,-1,-1,-1
35,6,1110.27,306.96,165.72,421.89,0.84602,-1,-1,-1
35,5,850.37,397.32,48.09,146.69,0.53818,-1,-1,-1
35,8,803.15,409.84,48.86,133.43,0.48023,-1,-1,-1
36,2,903.57,233.70,233.19,678.51,0.88396,-1,-1,-1
36,3,590.93,318.63,138.79,442.31,0.82152,-1,-1,-1
36,4,394.27,341.01,151.89,439.74,0.85437,-1,-1,-1
36,6,1112.92,311.80,164.27,420.07,0.85113,-1,-1,-1
36,8,805.25,414.01,49.90,134.32,0.43166,-1,-1,-1
37,2,904.56,241.79,232.47,678.07,0.89033,-1,-1,-1
37,3,592.82,322.80,135.83,446.70,0.80431,-1,-1,-1
37,4,389.85,343.79,149.88,446.29,0.86665,-1,-1,-1
37,6,1116.94,315.80,162.94,424.24,0.84369,-1,-1,-1
37,8,806.36,422.49,50.57,130.75,0.36322,-1,-1,-1
37,5,860.13,413.28,43.85,135.61,0.45387,-1,-1,-1
38,2,909.85,248.54,228.66,677.78,0.88889,-1,-1,-1
38,3,593.92,328.58,135.37,450.58,0.82601,-1,-1,-1
38,4,383.29,347.93,152.50,448.98,0.86890,-1,-1,-1
38,6,1118.06,321.49,163.66,422.27,0.84618,-1,-1,-1
38,8,807.95,431.63,52.91,129.76,0.37886,-1,-1,-1
38,5,864.44,417.96,41.05,136.12,0.61322,-1,-1,-1
39,2,918.43,255.36,222.27,679.19,0.88449,-1,-1,-1
39,3,592.12,333.64,137.91,459.29,0.81654,-1,-1,-1
39,4,377.36,351.88,155.94,453.17,0.88029,-1,-1,-1
39,6,1122.59,328.19,160.46,427.25,0.85412,-1,-1,-1
39,8,810.18,439.20,50.85,119.97,0.32475,-1,-1,-1
39,5,864.51,425.05,42.77,134.75,0.50704,-1,-1,-1
40,2,924.35,258.03,216.89,684.69,0.87644,-1,-1,-1
40,3,586.60,342.12,143.36,467.11,0.79657,-1,-1,-1
40,4,371.56,356.07,158.53,456.13,0.87406,-1,-1,-1
40,6,1125.79,334.70,158.76,431.20,0.85404,-1,-1,-1
40,5,863.35,428.21,46.54,143.55,0.54806,-1,-1,-1
41,2,925.96,260.08,212.78,683.63,0.88030,-1,-1,-1
41,3,582.60,343.56,145.01,473.78,0.80262,-1,-1,-1
41,4,359.57,356.65,165.84,458.78,0.86257,-1,-1,-1
41,6,1130.52,339.14,155.01,430.73,0.85007,-1,-1,-1
41,5,862.73,432.85,47.48,144.60,0.47881,-1,-1,-1
41,8,806.74,451.60,55.04,125.58,0.33252,-1,-1,-1
42,2,929.06,265.88,208.53,676.65,0.88219,-1,-1,-1
42,3,577.39,347.73,148.47,479.88,0.71031,-1,-1,-1
42,4,346.66,358.30,171.87,465.13,0.87173,-1,-1,-1
42,6,1132.76,346.87,151.35,429.03,0.85584,-1,-1,-1
42,5,862.54,436.63,46.59,146.37,0.46506,-1,-1,-1
42,8,806.94,458.96,54.15,127.26,0.32929,-1,-1,-1
43,2,931.02,272.83,202.63,665.49,0.88192,-1,-1,-1
43,3,572.43,352.61,144.99,482.37,0.80547,-1,-1,-1
43,4,333.41,363.35,176.57,469.96,0.84817,-1,-1,-1
43,6,1130.63,353.59,151.57,429.55,0.85702,-1,-1,-1
43,5,859.65,442.21,46.44,138.97,0.35073,-1,-1,-1
44,2,930.33,278.20,200.03,660.08,0.88569,-1,-1,-1
44,3,566.70,356.11,143.12,490.36,0.81188,-1,-1,-1
44,4,318.31,365.79,182.21,476.45,0.85813,-1,-1,-1
44,6,1127.73,360.68,152.08,425.92,0.85634,-1,-1,-1
44,5,855.69,443.08,46.06,145.14,0.38930,-1,-1,-1
45,2,928.97,284.09,198.18,659.79,0.88762,-1,-1,-1
45,3,561.31,361.07,140.53,499.70,0.82446,-1,-1,-1
45,4,304.61,370.87,187.76,486.50,0.84532,-1,-1,-1
45,6,1124.23,367.67,151.12,426.29,0.84069,-1,-1,-1
45,5,848.76,449.17,48.54,146.23,0.43035,-1,-1,-1
46,2,925.47,292.72,197.48,664.25,0.88659,-1,-1,-1
46,3,554.59,365.01,140.78,506.80,0.82122,-1,-1,-1
46,4,292.71,378.10,189.58,499.55,0.84120,-1,-1,-1
46,6,1121.00,376.05,150.47,431.45,0.85075,-1,-1,-1
46,5,844.99,456.49,49.82,147.29,0.47742,-1,-1,-1
47,2,921.41,302.02,195.00,668.02,0.87807,-1,-1,-1
47,3,546.39,370.15,143.71,513.22,0.82466,-1,-1,-1
47,4,273.57,383.41,198.98,516.28,0.84342,-1,-1,-1
47,6,1116.92,382.48,147.74,433.81,0.83573,-1,-1,-1
47,5,841.57,468.46,49.63,138.49,0.33486,-1,-1,-1
48,2,916.06,309.58,195.49,676.14,0.87733,-1,-1,-1
48,3,534.17,373.19,149.33,522.89,0.85761,-1,-1,-1
48,4,257.84,391.67,205.22,527.11,0.85687,-1,-1,-1
48,6,1113.00,389.67,141.47,435.24,0.83208,-1,-1,-1
48,5,837.55,469.49,48.29,148.73,0.68381,-1,-1,-1
48,8,781.05,485.88,44.85,117.44,0.32346,-1,-1,-1
49,2,909.48,318.81,194.61,681.89,0.87833,-1,-1,-1
49,3,524.97,377.35,153.15,530.81,0.85076,-1,-1,-1
49,4,241.43,399.12,211.25,534.06,0.87181,-1,-1,-1
49,6,1105.67,395.63,145.21,434.72,0.85292,-1,-1,-1
49,5,831.93,473.53,49.70,150.59,0.49937,-1,-1,-1
50,2,904.06,327.75,193.67,683.38,0.87729,-1,-1,-1
50,3,519.06,383.46,155.23,537.05,0.83864,-1,-1,-1
50,4,225.44,406.79,218.24,527.97,0.83528,-1,-1,-1
50,6,1099.87,400.42,143.73,438.26,0.85371,-1,-1,-1
50,5,823.58,477.55,51.18,153.52,0.57694,-1,-1,-1
50,8,767.17,492.86,47.62,137.63,0.31359,-1,-1,-1
51,2,898.80,335.16,191.25,685.36,0.86939,-1,-1,-1
51,3,510.26,386.42,157.27,544.35,0.84697,-1,-1,-1
51,4,208.69,412.94,223.20,522.87,0.84416,-1,-1,-1
51,6,1094.88,403.92,144.81,439.61,0.86813,-1,-1,-1
51,5,816.56,480.72,54.78,155.72,0.59025,-1,-1,-1
52,2,893.81,341.84,189.87,684.94,0.87582,-1,-1,-1
52,3,501.90,388.65,160.11,547.22,0.83746,-1,-1,-1
52,4,195.37,417.41,226.93,548.45,0.82906,-1,-1,-1
52,6,1091.42,405.33,145.97,442.12,0.86459,-1,-1,-1
52,5,811.71,489.19,55.13,147.37,0.32809,-1,-1,-1
52,8,756.07,499.15,49.24,136.00,0.31323,-1,-1,-1
53,2,888.81,347.95,190.12,682.76,0.87830,-1,-1,-1
53,3,494.38,394.97,162.81,550.47,0.84029,-1,-1,-1
53,4,184.82,421.03,224.91,562.85,0.87042,-1,-1,-1
53,6,1084.90,408.52,152.11,443.24,0.86516,-1,-1,-1
53,5,809.72,492.46,54.06,147.07,0.65783,-1,-1,-1
53,8,753.23,502.44,51.42,138.03,0.32783,-1,-1,-1
54,2,883.25,351.16,192.54,680.23,0.88332,-1,-1,-1
54,3,484.99,396.38,169.07,557.55,0.85086,-1,-1,-1
54,4,174.36,422.36,226.42,573.04,0.88221,-1,-1,-1
54,6,1078.85,409.79,157.87,445.48,0.87112,-1,-1,-1
54,5,809.81,493.92,52.07,141.29,0.59593,-1,-1,-1
55,2,875.13,350.81,196.24,679.97,0.88370,-1,-1,-1
55,3,476.69,397.13,176.73,565.01,0.85814,-1,-1,-1
55,4,165.66,421.10,226.13,582.57,0.89521,-1,-1,-1
55,6,1074.58,410.58,161.82,445.68,0.87546,-1,-1,-1
55,5,807.47,493.47,52.86,142.73,0.46640,-1,-1,-1
55,8,747.41,508.13,51.42,139.59,0.51331,-1,-1,-1
56,2,870.00,350.17,197.30,682.29,0.87912,-1,-1,-1
56,3,470.79,399.14,183.57,576.12,0.87279,-1,-1,-1
56,4,157.83,420.16,224.99,592.85,0.88258,-1,-1,-1
56,6,1074.81,412.20,162.82,441.94,0.87445,-1,-1,-1
56,5,805.89,493.85,53.30,150.22,0.46261,-1,-1,-1
57,2,863.24,349.37,199.69,685.96,0.87516,-1,-1,-1
57,3,464.08,401.92,190.40,589.41,0.87556,-1,-1,-1
57,4,146.81,419.82,226.72,600.70,0.88868,-1,-1,-1
57,6,1073.67,414.03,164.82,439.19,0.86733,-1,-1,-1
57,5,805.39,497.40,53.19,153.46,0.37149,-1,-1,-1
57,8,744.98,522.94,47.31,127.88,0.30152,-1,-1,-1
58,2,857.67,348.32,203.04,680.26,0.86821,-1,-1,-1
58,3,458.52,399.85,195.82,605.30,0.88134,-1,-1,-1
58,4,137.84,418.36,229.03,610.90,0.87603,-1,-1,-1
58,6,1070.82,412.62,167.60,443.57,0.87185,-1,-1,-1
59,2,846.92,345.42,207.55,671.92,0.88263,-1,-1,-1
59,3,453.61,395.26,195.76,620.69,0.88284,-1,-1,-1
59,4,127.15,417.09,233.61,617.74,0.89692,-1,-1,-1
59,6,1069.16,413.83,169.30,441.72,0.87035,-1,-1,-1
59,5,802.13,501.71,52.52,147.60,0.33280,-1,-1,-1
59,8,744.72,516.93,41.23,121.94,0.31580,-1,-1,-1
60,2,838.21,345.39,210.13,667.23,0.88726,-1,-1,-1
60,3,450.98,396.52,193.55,626.02,0.87730,-1,-1,-1
60,4,115.09,416.14,238.26,623.80,0.90681,-1,-1,-1
60,6,1066.32,414.84,172.75,442.66,0.86824,-1,-1,-1
60,5,799.11,499.63,53.33,142.42,0.37405,-1,-1,-1
61,2,826.05,345.77,218.79,667.76,0.88875,-1,-1,-1
61,3,445.56,398.22,194.68,636.49,0.86424,-1,-1,-1
61,4,105.04,415.56,241.94,632.46,0.90515,-1,-1,-1
61,6,1063.91,415.89,176.31,443.22,0.86569,-1,-1,-1
61,5,797.81,498.78,53.44,140.25,0.41208,-1,-1,-1
62,2,820.32,345.07,224.88,667.72,0.87992,-1,-1,-1
62,3,444.90,397.20,194.73,643.87,0.85119,-1,-1,-1
62,4,99.01,412.22,244.12,651.66,0.90025,-1,-1,-1
62,6,1064.83,414.85,179.07,442.73,0.86282,-1,-1,-1
62,5,797.41,495.86,52.90,141.57,0.34284,-1,-1,-1
63,2,818.30,341.79,225.66,672.49,0.88103,-1,-1,-1
63,3,442.52,393.05,198.03,651.66,0.86134,-1,-1,-1
63,4,96.26,406.61,239.84,668.06,0.89228,-1,-1,-1
63,6,1066.44,413.38,182.90,442.96,0.87046,-1,-1,-1
63,17,1019.38,430.60,66.69,321.00,0.71563,-1,-1,-1
64,2,819.00,340.30,223.32,676.33,0.87833,-1,-1,-1
64,3,446.38,387.31,198.52,660.59,0.87083,-1,-1,-1
64,4,92.00,402.52,237.89,676.28,0.88713,-1,-1,-1
64,6,1068.58,413.48,185.51,443.35,0.87007,-1,-1,-1
64,17,1020.56,433.72,67.97,316.41,0.79150,-1,-1,-1
64,8,739.81,508.47,52.52,142.60,0.37490,-1,-1,-1
64,5,802.19,493.16,47.96,147.79,0.37087,-1,-1,-1
65,2,816.75,338.37,226.46,679.77,0.88888,-1,-1,-1
65,3,446.39,380.52,202.37,668.65,0.87217,-1,-1,-1
65,4,83.66,401.49,239.65,678.51,0.88333,-1,-1,-1
65,6,1071.94,411.33,186.66,444.65,0.86270,-1,-1,-1
65,17,1021.72,435.27,70.40,312.78,0.78734,-1,-1,-1
65,8,740.94,507.13,57.36,143.70,0.58102,-1,-1,-1
65,5,803.68,489.68,46.35,154.67,0.40236,-1,-1,-1
66,2,818.14,336.60,226.14,682.16,0.88752,-1,-1,-1
66,3,444.91,373.41,208.79,676.70,0.87640,-1,-1,-1
66,4,75.40,400.11,243.51,678.58,0.88846,-1,-1,-1
66,6,1079.53,406.18,188.03,450.42,0.83907,-1,-1,-1
66,17,1022.93,434.65,73.66,311.50,0.77982,-1,-1,-1
66,8,743.33,503.22,58.76,146.54,0.46625,-1,-1,-1
66,5,808.24,487.31,41.21,152.22,0.33378,-1,-1,-1
67,2,818.89,336.00,226.74,683.53,0.89299,-1,-1,-1
67,3,443.97,366.59,213.56,683.89,0.87329,-1,-1,-1
67,4,65.33,395.81,245.85,682.95,0.88793,-1,-1,-1
67,6,1084.54,402.31,190.39,455.88,0.84598,-1,-1,-1
67,17,1023.58,431.84,76.84,309.08,0.74665,-1,-1,-1
67,8,745.35,496.85,60.07,150.05,0.60535,-1,-1,-1
68,2,821.10,334.81,227.00,684.79,0.89336,-1,-1,-1
68,3,442.42,356.97,219.57,692.14,0.87090,-1,-1,-1
68,4,51.92,392.76,251.40,681.26,0.88891,-1,-1,-1
68,6,1090.61,399.19,184.23,455.39,0.84572,-1,-1,-1
68,17,1026.19,424.97,79.06,313.07,0.72611,-1,-1,-1
68,8,747.49,495.77,60.55,147.71,0.53036,-1,-1,-1
69,2,827.41,330.89,224.18,685.85,0.88784,-1,-1,-1
69,3,442.11,348.07,224.16,700.62,0.87751,-1,-1,-1
69,4,38.05,384.28,259.86,685.86,0.89985,-1,-1,-1
69,6,1094.73,395.24,182.56,456.61,0.87252,-1,-1,-1
69,17,1030.00,420.19,78.96,314.73,0.72112,-1,-1,-1
69,8,750.43,490.82,60.29,149.71,0.60342,-1,-1,-1
70,2,829.02,328.07,225.33,683.80,0.89667,-1,-1,-1
70,3,438.48,341.30,230.71,708.27,0.89128,-1,-1,-1
70,4,20.78,376.42,269.96,694.88,0.91348,-1,-1,-1
70,6,1097.54,391.25,182.54,457.04,0.87205,-1,-1,-1
70,17,1032.23,416.34,79.50,315.13,0.70917,-1,-1,-1
70,8,752.71,486.79,59.87,151.52,0.53729,-1,-1,-1
70,19,1547.27,449.94,54.29,63.95,0.35517,-1,-1,-1
70,5,817.75,469.05,46.30,162.73,0.31336,-1,-1,-1
71,2,831.62,325.41,224.55,682.30,0.89036,-1,-1,-1
71,3,433.57,334.23,235.60,720.04,0.89008,-1,-1,-1
71,4,5.72,368.89,269.52,703.04,0.90960,-1,-1,-1
71,6,1100.24,386.95,180.69,455.16,0.86407,-1,-1,-1
71,17,1032.89,412.75,80.48,315.74,0.72218,-1,-1,-1
71,8,753.14,484.10,60.41,151.95,0.57919,-1,-1,-1
71,19,1544.14,447.36,59.00,62.65,0.44109,-1,-1,-1
72,2,832.11,320.53,225.71,682.37,0.89058,-1,-1,-1
72,3,428.44,325.35,239.48,741.30,0.89163,-1,-1,-1
72,4,0.00,361.40,260.72,711.18,0.91953,-1,-1,-1
72,6,1102.76,384.48,179.29,452.46,0.85921,-1,-1,-1
72,17,1034.10,410.79,79.77,315.05,0.72288,-1,-1,-1
72,8,754.08,483.31,60.58,151.33,0.56159,-1,-1,-1
72,19,1550.52,445.39,53.59,61.97,0.40702,-1,-1,-1
73,2,833.00,314.65,224.86,680.03,0.88543,-1,-1,-1
73,3,422.01,315.78,243.18,758.45,0.89331,-1,-1,-1
73,4,0.00,349.90,244.83,722.88,0.91106,-1,-1,-1
73,6,1104.20,381.43,177.62,447.22,0.85555,-1,-1,-1
73,17,1034.95,409.92,78.67,313.17,0.67592,-1,-1,-1
73,8,753.20,477.64,58.00,153.04,0.46905,-1,-1,-1
73,19,1546.42,442.45,58.53,61.41,0.42647,-1,-1,-1
74,2,832.65,309.55,224.85,669.41,0.88045,-1,-1,-1
74,3,414.21,310.25,246.76,765.49,0.89072,-1,-1,-1
74,4,0.00,343.07,227.37,732.42,0.90642,-1,-1,-1
74,6,1105.59,378.24,174.24,443.46,0.85641,-1,-1,-1
74,17,1034.78,409.62,79.41,311.42,0.68504,-1,-1,-1
74,8,750.73,474.97,59.34,153.20,0.55621,-1,-1,-1
74,19,1546.59,440.76,61.72,61.48,0.43113,-1,-1,-1
75,2,835.05,305.26,221.17,664.01,0.87216,-1,-1,-1
75,3,404.46,303.39,250.06,772.96,0.89540,-1,-1,-1
75,4,0.00,332.46,210.61,744.38,0.89577,-1,-1,-1
75,6,1105.57,375.66,173.48,441.24,0.86166,-1,-1,-1
75,17,1034.76,419.84,77.11,298.73,0.66445,-1,-1,-1
75,8,749.04,471.96,58.70,153.81,0.56181,-1,-1,-1
75,19,1546.24,438.63,64.27,61.67,0.44315,-1,-1,-1
75,5,817.30,456.20,45.05,160.14,0.37097,-1,-1,-1
76,2,839.66,301.24,217.07,661.74,0.86908,-1,-1,-1
76,3,394.12,296.92,254.22,777.33,0.88931,-1,-1,-1
76,4,0.00,323.95,194.44,750.96,0.88826,-1,-1,-1
76,6,1108.38,373.54,168.82,440.16,0.85593,-1,-1,-1
76,17,1035.28,431.94,76.56,282.98,0.72323,-1,-1,-1
76,8,747.33,471.49,61.73,149.69,0.51721,-1,-1,-1
76,19,1544.18,437.81,68.43,61.80,0.45277,-1,-1,-1
76,5,817.08,452.91,44.47,162.52,0.39818,-1,-1,-1
77,2,844.75,298.79,210.29,663.12,0.87862,-1,-1,-1
77,3,384.28,293.73,257.57,777.19,0.89125,-1,-1,-1
77,4,0.00,317.91,178.67,758.46,0.88026,-1,-1,-1
77,6,1109.42,372.21,167.25,441.78,0.86582,-1,-1,-1
77,17,1034.37,435.96,77.28,278.44,0.63266,-1,-1,-1
77,8,745.94,471.01,64.65,149.23,0.50475,-1,-1,-1
77,19,1541.68,437.65,71.61,61.11,0.40923,-1,-1,-1
77,5,817.19,451.13,44.48,160.81,0.40953,-1,-1,-1
78,2,849.14,296.27,201.63,665.49,0.86367,-1,-1,-1
78,3,370.00,289.85,263.80,782.49,0.89717,-1,-1,-1
78,4,0.00,312.27,160.11,762.26,0.86736,-1,-1,-1
78,6,1108.63,370.92,166.51,443.05,0.86378,-1,-1,-1
78,17,1030.32,424.09,78.28,291.91,0.70746,-1,-1,-1
78,8,743.29,466.29,65.88,154.92,0.55042,-1,-1,-1
78,19,1542.29,437.08,70.05,61.42,0.42119,-1,-1,-1
78,5,814.76,451.05,45.40,161.71,0.63186,-1,-1,-1
79,2,851.22,292.54,198.16,670.39,0.85919,-1,-1,-1
79,3,354.06,284.70,267.04,788.00,0.90022,-1,-1,-1
79,4,0.00,308.93,143.80,765.25,0.82920,-1,-1,-1
79,6,1107.97,368.19,165.52,444.62,0.85970,-1,-1,-1
79,17,1025.30,408.71,79.81,306.44,0.71929,-1,-1,-1
79,8,741.68,468.47,56.31,152.54,0.49632,-1,-1,-1
79,19,1539.98,435.66,68.82,61.63,0.30159,-1,-1,-1
79,5,811.40,449.36,46.51,164.82,0.64462,-1,-1,-1
80,2,850.66,289.55,193.38,674.72,0.85658,-1,-1,-1
80,3,335.57,276.66,274.18,795.20,0.89650,-1,-1,-1
80,4,0.00,386.25,121.29,504.33,0.50731,-1,-1,-1
80,6,1105.59,364.63,162.85,447.17,0.84349,-1,-1,-1
80,17,1022.14,401.11,76.53,313.94,0.70990,-1,-1,-1
80,8,737.95,468.86,52.86,153.55,0.54136,-1,-1,-1
80,5,803.08,446.23,53.99,169.83,0.61555,-1,-1,-1
81,2,849.40,291.36,190.13,675.41,0.85133,-1,-1,-1
81,3,318.19,267.88,278.76,803.02,0.90180,-1,-1,-1
81,4,0.00,426.90,95.07,446.21,0.64182,-1,-1,-1
81,6,1103.55,363.76,158.20,446.26,0.85654,-1,-1,-1
81,17,1017.39,403.54,74.81,310.42,0.69410,-1,-1,-1
81,8,732.56,464.25,52.67,154.53,0.56095,-1,-1,-1
81,5,797.53,444.45,55.67,168.98,0.61928,-1,-1,-1
81,20,1871.22,883.60,47.07,195.57,0.35957,-1,-1,-1
81,19,1533.87,431.43,69.66,63.14,0.31201,-1,-1,-1
82,2,846.74,291.77,186.56,674.97,0.85286,-1,-1,-1
82,3,296.48,254.65,292.46,816.88,0.89740,-1,-1,-1
82,4,0.00,441.23,72.15,372.04,0.78120,-1,-1,-1
82,6,1099.35,359.35,155.40,447.44,0.86279,-1,-1,-1
82,17,1014.15,393.64,74.63,314.51,0.64686,-1,-1,-1
82,8,726.11,456.93,53.59,158.26,0.63416,-1,-1,-1
82,5,793.23,440.59,56.29,169.19,0.67518,-1,-1,-1
83,2,844.74,290.84,180.37,673.94,0.85138,-1,-1,-1
83,3,273.41,241.64,301.34,828.84,0.88959,-1,-1,-1
83,6,1095.61,357.14,152.48,450.90,0.85168,-1,-1,-1
83,17,1004.10,384.06,80.11,321.67,0.54467,-1,-1,-1
83,8,720.62,451.97,58.21,156.93,0.38772,-1,-1,-1
83,5,790.44,436.39,54.23,166.32,0.57783,-1,-1,-1
84,2,837.25,291.16,177.68,674.69,0.84769,-1,-1,-1
84,3,245.62,230.08,305.13,842.30,0.90331,-1,-1,-1
84,6,1087.74,354.51,153.53,455.40,0.85837,-1,-1,-1
84,17,995.73,377.62,80.77,321.81,0.74520,-1,-1,-1
84,8,712.78,449.69,56.37,155.72,0.59188,-1,-1,-1
84,5,783.81,434.56,52.78,166.24,0.55861,-1,-1,-1
85,2,826.67,289.76,176.72,672.31,0.82745,-1,-1,-1
85,3,213.38,217.58,324.73,855.85,0.91696,-1,-1,-1
85,6,1080.01,353.34,149.88,454.08,0.84845,-1,-1,-1
85,17,985.28,373.61,81.76,319.23,0.76171,-1,-1,-1
85,8,706.12,449.87,54.04,152.54,0.45834,-1,-1,-1
85,5,773.34,427.51,54.53,170.06,0.59944,-1,-1,-1
86,2,812.82,284.53,180.42,671.90,0.84170,-1,-1,-1
86,3,187.87,204.06,326.01,870.01,0.90558,-1,-1,-1
86,6,1071.91,348.99,150.22,454.37,0.83169,-1,-1,-1
86,17,972.62,368.96,87.70,320.03,0.80684,-1,-1,-1
86,8,695.99,444.61,56.87,154.67,0.53689,-1,-1,-1
86,5,768.30,420.73,49.40,175.04,0.51620,-1,-1,-1
86,23,483.73,413.00,77.01,283.68,0.71552,-1,-1,-1
87,2,799.11,279.14,186.77,675.08,0.85239,-1,-1,-1
87,3,157.60,190.11,332.56,885.04,0.91046,-1,-1,-1
87,6,1063.12,346.48,152.09,452.96,0.85072,-1,-1,-1
87,17,962.79,365.98,90.67,320.30,0.77981,-1,-1,-1
87,8,688.41,445.89,58.97,151.91,0.46444,-1,-1,-1
87,5,760.34,414.39,48.60,179.74,0.68849,-1,-1,-1
87,23,473.61,410.55,76.58,285.12,0.72968,-1,-1,-1
88,2,783.17,274.85,196.33,671.73,0.85708,-1,-1,-1
88,3,131.04,180.20,339.00,896.31,0.91546,-1,-1,-1
88,6,1053.28,340.70,152.08,454.21,0.84835,-1,-1,-1
88,17,950.25,359.27,95.03,323.90,0.74475,-1,-1,-1
88,8,679.92,440.70,57.58,154.35,0.61485,-1,-1,-1
88,5,748.79,410.04,50.00,177.74,0.46426,-1,-1,-1
88,23,449.94,407.98,90.71,286.57,0.76059,-1,-1,-1
88,24,1521.73,416.64,38.38,56.77,0.35264,-1,-1,-1
89,2,768.32,268.85,201.55,669.75,0.84762,-1,-1,-1
89,3,103.28,168.54,350.72,907.19,0.92011,-1,-1,-1
89,6,1043.65,334.51,157.91,454.61,0.85340,-1,-1,-1
89,17,941.02,357.57,98.39,319.64,0.81618,-1,-1,-1
89,8,671.95,436.54,58.88,156.61,0.55772,-1,-1,-1
89,5,742.79,407.65,44.03,180.55,0.33037,-1,-1,-1
89,23,431.29,398.60,102.42,298.01,0.77393,-1,-1,-1
90,2,752.16,261.76,213.27,660.33,0.86890,-1,-1,-1
90,3,74.70,154.35,369.31,921.01,0.92414,-1,-1,-1
90,6,1037.34,328.77,159.10,458.70,0.84823,-1,-1,-1
90,17,936.26,354.28,97.64,316.60,0.78226,-1,-1,-1
90,8,666.18,433.16,61.66,156.26,0.43212,-1,-1,-1
90,23,420.22,390.40,106.36,303.02,0.77996,-1,-1,-1
91,2,737.98,257.22,221.64,651.29,0.88084,-1,-1,-1
91,3,50.63,142.62,382.37,930.96,0.92243,-1,-1,-1
91,6,1030.92,324.37,162.99,457.02,0.86813,-1,-1,-1
91,17,929.67,349.87,100.32,317.93,0.79977,-1,-1,-1
91,8,659.35,426.86,56.86,156.77,0.45344,-1,-1,-1
91,23,411.63,386.32,106.73,305.69,0.76136,-1,-1,-1
91,24,1506.56,397.28,40.15,62.29,0.34186,-1,-1,-1
92,2,725.20,251.64,226.85,651.03,0.87866,-1,-1,-1
92,3,23.34,128.18,400.62,945.04,0.92212,-1,-1,-1
92,6,1024.98,318.46,166.41,455.13,0.86357,-1,-1,-1
92,17,923.58,348.32,98.66,317.20,0.78955,-1,-1,-1
92,8,653.86,423.32,59.06,158.05,0.54940,-1,-1,-1
92,23,402.62,384.01,108.67,307.93,0.82240,-1,-1,-1
92,24,1504.98,395.03,38.05,61.16,0.49399,-1,-1,-1
93,2,715.65,245.81,233.77,653.92,0.88904,-1,-1,-1
93,3,1.17,116.94,412.08,956.34,0.92437,-1,-1,-1
93,6,1018.58,314.10,170.55,454.72,0.87047,-1,-1,-1
93,17,920.93,346.82,98.64,317.06,0.77638,-1,-1,-1
93,8,651.93,420.70,56.39,157.69,0.33724,-1,-1,-1
93,23,395.65,379.36,109.69,312.07,0.80700,-1,-1,-1
93,24,1498.50,390.29,41.90,62.44,0.46585,-1,-1,-1
93,27,1844.97,838.81,73.82,194.63,0.39713,-1,-1,-1
94,2,708.06,242.10,232.46,657.73,0.87287,-1,-1,-1
94,3,0.00,107.44,403.31,968.73,0.93229,-1,-1,-1
94,6,1013.48,312.57,174.39,454.18,0.87255,-1,-1,-1
94,17,917.84,346.11,100.02,318.62,0.80271,-1,-1,-1
94,23,388.36,378.24,112.04,310.70,0.80270,-1,-1,-1
94,24,1495.76,389.73,41.96,60.09,0.41608,-1,-1,-1
94,28,1725.21,853.50,94.52,220.70,0.36180,-1,-1,-1
95,2,701.42,240.37,232.65,663.69,0.88596,-1,-1,-1
95,3,0.00,97.85,398.94,979.37,0.93068,-1,-1,-1
95,6,1008.10,311.64,178.26,453.83,0.86442,-1,-1,-1
95,17,915.82,344.64,99.63,319.99,0.78099,-1,-1,-1
95,23,382.61,375.70,113.38,314.50,0.81758,-1,-1,-1
95,24,1493.77,390.37,41.33,58.66,0.31999,-1,-1,-1
95,28,1724.13,855.03,95.10,219.67,0.36826,-1,-1,-1
96,2,693.70,241.99,233.14,664.72,0.90449,-1,-1,-1
96,3,0.00,87.07,383.57,990.34,0.93491,-1,-1,-1
96,6,1003.85,311.14,182.63,455.69,0.85979,-1,-1,-1
96,17,912.12,345.08,101.97,320.13,0.75403,-1,-1,-1
96,23,377.95,374.73,113.04,320.42,0.80997,-1,-1,-1
96,24,1490.95,391.56,41.39,57.65,0.30300,-1,-1,-1
96,28,1723.40,856.00,97.33,220.54,0.40522,-1,-1,-1
96,8,634.72,426.84,65.71,155.17,0.30260,-1,-1,-1
97,2,693.00,241.12,230.41,670.19,0.89958,-1,-1,-1
97,3,0.00,76.23,371.21,1000.44,0.93377,-1,-1,-1
97,6,1001.85,310.55,186.44,456.36,0.86178,-1,-1,-1
97,17,905.90,343.06,106.85,319.65,0.73266,-1,-1,-1
97,23,375.67,371.00,113.79,326.04,0.81881,-1,-1,-1
97,28,1726.50,855.65,97.37,221.17,0.44994,-1,-1,-1
97,8,632.60,420.80,63.23,160.21,0.55951,-1,-1,-1
97,27,1849.07,834.89,70.20,185.60,0.35958,-1,-1,-1
98,2,692.65,242.87,228.23,674.82,0.89959,-1,-1,-1
98,3,0.00,60.04,360.25,1014.26,0.93444,-1,-1,-1
98,6,1001.28,310.74,190.86,458.68,0.85885,-1,-1,-1
98,17,906.61,343.44,105.88,320.75,0.73049,-1,-1,-1
98,23,375.08,368.92,113.96,330.33,0.82569,-1,-1,-1
98,28,1731.21,857.77,97.68,220.71,0.40153,-1,-1,-1
98,8,632.00,417.54,60.90,165.05,0.63116,-1,-1,-1
99,2,692.39,246.38,227.58,677.11,0.89854,-1,-1,-1
99,3,0.00,48.10,349.72,1025.76,0.92723,-1,-1,-1
99,6,1002.14,311.23,195.94,460.56,0.86992,-1,-1,-1
99,17,907.97,343.61,105.29,321.05,0.73718,-1,-1,-1
99,23,374.33,366.96,114.62,334.08,0.82148,-1,-1,-1
99,8,632.82,416.87,56.59,165.40,0.63409,-1,-1,-1
99,24,1496.98,384.33,40.26,65.78,0.30786,-1,-1,-1
100,2,693.72,249.32,224.73,676.09,0.89873,-1,-1,-1
100,3,0.00,36.54,337.23,1035.71,0.92251,-1,-1,-1
100,6,1004.56,312.23,198.91,460.76,0.87626,-1,-1,-1
100,17,910.21,347.46,105.94,318.26,0.74373,-1,-1,-1
100,23,372.74,367.64,115.86,334.41,0.83242,-1,-1,-1
100,8,631.67,415.46,58.53,166.21,0.64973,-1,-1,-1
100,24,1497.16,381.29,42.61,67.20,0.41867,-1,-1,-1
101,2,699.09,249.84,218.92,676.00,0.88899,-1,-1,-1
101,3,0.00,19.38,321.17,1054.99,0.91444,-1,-1,-1
101,6,1006.92,311.48,201.37,462.94,0.85670,-1,-1,-1
101,17,913.09,347.50,105.61,317.60,0.76820,-1,-1,-1
101,23,373.80,365.41,115.94,337.64,0.82406,-1,-1,-1
101,8,633.37,413.75,59.04,165.60,0.70190,-1,-1,-1
102,2,702.95,250.72,219.97,671.17,0.89472,-1,-1,-1
102,3,0.00,11.89,302.41,1061.64,0.91897,-1,-1,-1
102,6,1013.82,311.98,200.11,464.72,0.83046,-1,-1,-1
102,17,919.38,346.94,103.95,318.94,0.79210,-1,-1,-1
102,23,375.26,364.39,117.20,341.29,0.83201,-1,-1,-1
102,8,637.25,413.62,59.59,165.78,0.52261,-1,-1,-1
103,2,713.96,250.57,221.30,667.78,0.88807,-1,-1,-1
103,3,0.94,6.66,284.63,1065.74,0.90924,-1,-1,-1
103,6,1022.73,314.00,202.23,465.75,0.84324,-1,-1,-1
103,17,930.16,342.29,101.96,321.74,0.74426,-1,-1,-1
103,23,384.04,365.17,115.55,338.95,0.80360,-1,-1,-1
103,8,643.72,409.78,60.72,166.42,0.55428,-1,-1,-1
104,2,726.04,247.48,222.22,668.70,0.89185,-1,-1,-1
104,3,2.67,7.54,265.09,1056.81,0.83178,-1,-1,-1
104,6,1040.46,309.47,203.41,469.21,0.85801,-1,-1,-1
104,17,942.44,338.94,105.64,322.62,0.73474,-1,-1,-1
104,23,395.46,368.17,114.46,336.40,0.81099,-1,-1,-1
104,8,657.87,407.30,58.02,168.54,0.66379,-1,-1,-1
104,28,1787.23,859.44,107.62,220.50,0.39878,-1,-1,-1
104,24,1533.99,376.43,43.42,66.45,0.52394,-1,-1,-1
105,2,738.16,245.89,221.10,665.41,0.88614,-1,-1,-1
105,3,2.27,165.46,241.79,902.36,0.78043,-1,-1,-1
105,6,1052.61,308.87,202.17,469.91,0.85453,-1,-1,-1
105,17,953.15,334.93,104.71,327.11,0.73729,-1,-1,-1
105,23,404.00,366.28,112.90,338.18,0.80857,-1,-1,-1
105,8,665.01,408.25,59.55,167.14,0.37431,-1,-1,-1
105,28,1804.32,861.15,108.02,218.85,0.49592,-1,-1,-1
105,24,1546.37,374.59,45.95,67.43,0.41805,-1,-1,-1
106,2,747.47,242.73,216.01,654.52,0.87807,-1,-1,-1
106,3,0.79,225.29,161.13,730.04,0.62257,-1,-1,-1
106,6,1064.51,304.33,204.88,475.77,0.84218,-1,-1,-1
106,17,959.68,332.25,104.53,329.08,0.78956,-1,-1,-1
106,23,410.64,364.70,112.33,337.24,0.80120,-1,-1,-1
106,8,669.49,405.47,61.75,167.72,0.68170,-1,-1,-1
106,28,1817.69,858.18,102.31,221.59,0.63554,-1,-1,-1
106,24,1557.02,372.54,45.00,67.48,0.46318,-1,-1,-1
107,2,755.98,237.77,213.03,647.29,0.87815,-1,-1,-1
107,3,0.14,245.20,109.34,770.02,0.72508,-1,-1,-1
107,6,1072.83,303.10,199.40,475.42,0.84234,-1,-1,-1
107,17,964.67,330.58,106.47,327.86,0.74529,-1,-1,-1
107,23,414.70,362.14,112.88,338.98,0.78888,-1,-1,-1
107,8,671.57,404.13,65.50,169.14,0.67489,-1,-1,-1
107,28,1831.10,856.34,88.90,222.10,0.47906,-1,-1,-1
107,24,1567.58,371.65,44.57,66.96,0.36131,-1,-1,-1
108,2,761.82,234.32,210.16,645.34,0.88267,-1,-1,-1
108,6,1080.77,301.79,182.70,473.30,0.83848,-1,-1,-1
108,17,968.82,328.67,106.65,329.18,0.72816,-1,-1,-1
108,23,417.11,360.65,113.18,344.19,0.79634,-1,-1,-1
108,8,673.80,403.42,67.31,170.10,0.72853,-1,-1,-1
108,24,1575.50,370.39,43.68,65.84,0.46394,-1,-1,-1
109,2,770.03,232.45,204.00,644.98,0.87524,-1,-1,-1
109,6,1085.57,298.66,174.13,470.57,0.87029,-1,-1,-1
109,17,972.43,327.17,99.63,327.10,0.54997,-1,-1,-1
109,23,415.92,358.43,115.38,349.09,0.80820,-1,-1,-1
109,8,677.52,401.29,65.45,170.83,0.68136,-1,-1,-1
109,24,1583.26,372.30,43.04,63.33,0.60095,-1,-1,-1
110,2,772.76,230.71,202.84,646.50,0.87525,-1,-1,-1
110,6,1089.56,295.45,171.63,466.99,0.87205,-1,-1,-1
110,17,976.18,324.54,102.23,327.43,0.66736,-1,-1,-1
110,23,413.02,354.56,117.61,355.65,0.79842,-1,-1,-1
110,8,679.44,398.35,66.79,171.19,0.62580,-1,-1,-1
110,24,1588.09,368.53,41.13,64.78,0.40334,-1,-1,-1
111,2,776.49,229.54,199.24,649.30,0.87199,-1,-1,-1
111,6,1093.35,292.28,169.23,463.49,0.86681,-1,-1,-1
111,17,976.22,323.84,104.49,325.65,0.61542,-1,-1,-1
111,23,410.84,352.60,119.74,356.01,0.80583,-1,-1,-1
111,8,682.10,395.20,66.19,173.30,0.65882,-1,-1,-1
111,24,1597.96,370.38,39.22,63.13,0.44146,-1,-1,-1
112,2,777.88,229.00,197.50,649.64,0.86735,-1,-1,-1
112,6,1097.87,289.30,168.77,461.10,0.85483,-1,-1,-1
112,17,975.48,323.48,108.38,326.27,0.63468,-1,-1,-1
112,23,409.10,350.15,121.46,357.98,0.74819,-1,-1,-1
112,8,684.36,394.74,67.19,174.28,0.64435,-1,-1,-1
113,2,779.99,228.62,195.09,650.28,0.86469,-1,-1,-1
113,6,1103.50,286.66,166.26,462.78,0.85099,-1,-1,-1
113,17,979.11,323.14,108.62,325.83,0.60295,-1,-1,-1
113,23,410.08,348.10,119.62,362.46,0.73929,-1,-1,-1
113,8,686.29,391.52,68.06,178.88,0.70084,-1,-1,-1
114,2,785.26,230.22,191.38,651.17,0.85446,-1,-1,-1
114,6,1109.44,285.16,163.32,465.83,0.85780,-1,-1,-1
114,17,985.44,321.50,104.73,321.86,0.59353,-1,-1,-1
114,23,411.71,345.54,118.09,365.73,0.73524,-1,-1,-1
114,8,689.84,392.71,67.41,176.77,0.62999,-1,-1,-1
114,24,1613.08,374.21,38.91,53.76,0.34973,-1,-1,-1
115,2,790.67,232.00,190.87,651.50,0.84438,-1,-1,-1
115,6,1112.74,285.73,162.97,466.14,0.86777,-1,-1,-1
115,17,994.12,321.00,101.24,322.63,0.73524,-1,-1,-1
115,23,410.81,344.31,119.99,368.34,0.73791,-1,-1,-1
115,8,693.86,391.28,66.44,178.90,0.59598,-1,-1,-1
115,24,1621.69,367.46,36.72,59.80,0.33137,-1,-1,-1
116,2,793.10,232.92,191.18,651.96,0.85071,-1,-1,-1
116,6,1115.06,285.83,163.70,464.80,0.86299,-1,-1,-1
116,17,994.42,322.21,106.45,320.47,0.70725,-1,-1,-1
116,23,406.08,342.72,125.02,370.35,0.77340,-1,-1,-1
116,8,694.26,392.29,68.30,179.44,0.55766,-1,-1,-1
116,24,1625.89,364.79,38.10,62.42,0.38217,-1,-1,-1
117,2,792.55,233.04,189.67,652.40,0.85205,-1,-1,-1
117,6,1117.32,284.53,164.03,466.78,0.85916,-1,-1,-1
117,17,994.45,320.89,107.37,321.09,0.67073,-1,-1,-1
117,23,402.28,342.32,128.22,370.16,0.72139,-1,-1,-1
117,8,691.25,389.56,72.96,179.77,0.62492,-1,-1,-1
118,2,787.04,235.21,189.36,649.86,0.85647,-1,-1,-1
118,6,1118.76,285.51,165.02,469.53,0.85639,-1,-1,-1
118,17,986.33,322.30,115.76,321.50,0.72977,-1,-1,-1
118,23,396.72,339.78,131.16,374.68,0.70296,-1,-1,-1
118,8,689.03,391.44,74.77,179.63,0.61549,-1,-1,-1
119,2,783.46,235.45,188.73,649.54,0.86665,-1,-1,-1
119,6,1122.02,287.22,162.67,472.27,0.85114,-1,-1,-1
119,17,980.76,324.13,121.72,321.97,0.75578,-1,-1,-1
119,23,391.45,338.60,132.64,376.96,0.82515,-1,-1,-1
119,8,689.87,392.78,73.73,179.47,0.55331,-1,-1,-1
120,2,777.39,233.28,191.96,649.24,0.87810,-1,-1,-1
120,6,1122.40,287.75,161.84,474.04,0.85307,-1,-1,-1
120,17,974.91,324.50,125.66,323.04,0.70756,-1,-1,-1
120,23,386.55,334.57,133.11,382.86,0.83580,-1,-1,-1
120,8,686.74,392.21,76.12,179.03,0.52920,-1,-1,-1
121,2,770.72,229.46,194.87,645.65,0.87408,-1,-1,-1
121,6,1120.40,289.47,162.43,475.39,0.84701,-1,-1,-1
121,17,969.69,325.54,129.18,322.45,0.60786,-1,-1,-1
121,23,380.36,333.12,134.23,386.17,0.83842,-1,-1,-1
121,8,683.44,393.31,79.59,182.00,0.43307,-1,-1,-1
122,2,762.73,227.84,195.55,637.78,0.86560,-1,-1,-1
122,6,1117.88,290.58,162.48,477.04,0.84072,-1,-1,-1
122,17,967.49,325.27,130.93,322.59,0.63732,-1,-1,-1
122,23,370.79,332.29,137.95,393.08,0.82598,-1,-1,-1
122,24,1638.38,372.01,44.28,59.86,0.36367,-1,-1,-1
123,2,751.58,226.87,200.48,635.70,0.86708,-1,-1,-1
123,6,1115.28,291.04,161.49,478.00,0.85820,-1,-1,-1
123,17,958.94,326.32,136.48,323.64,0.62263,-1,-1,-1
123,23,363.60,331.99,137.90,400.64,0.85410,-1,-1,-1
123,24,1635.14,372.48,47.11,60.06,0.44186,-1,-1,-1
124,2,741.40,227.01,204.38,636.33,0.87194,-1,-1,-1
124,6,1111.52,290.11,159.37,482.72,0.84903,-1,-1,-1
124,17,955.13,327.44,128.00,324.93,0.61190,-1,-1,-1
124,23,355.38,331.91,139.50,404.62,0.85890,-1,-1,-1
124,24,1632.52,373.05,48.15,61.76,0.44996,-1,-1,-1
125,2,731.92,227.67,208.38,639.45,0.87662,-1,-1,-1
125,6,1106.94,289.84,159.86,481.35,0.84533,-1,-1,-1
125,17,950.53,325.37,127.02,329.40,0.69571,-1,-1,-1
125,23,346.17,336.38,141.04,404.37,0.84487,-1,-1,-1
125,24,1628.73,372.82,47.89,63.32,0.38267,-1,-1,-1
125,8,675.09,393.18,69.13,192.12,0.44878,-1,-1,-1
126,2,715.51,228.81,220.10,643.77,0.86839,-1,-1,-1
126,6,1101.20,290.45,160.70,478.05,0.84451,-1,-1,-1
126,17,949.51,322.43,127.02,332.81,0.58007,-1,-1,-1
126,23,334.21,337.05,143.54,407.88,0.83985,-1,-1,-1
126,24,1626.14,371.48,46.94,64.72,0.41697,-1,-1,-1
126,8,669.29,394.14,68.41,189.83,0.38111,-1,-1,-1
127,2,708.11,231.27,224.09,645.73,0.86989,-1,-1,-1
127,6,1094.95,291.25,164.39,480.62,0.85654,-1,-1,-1
127,17,942.85,321.43,135.13,335.75,0.77011,-1,-1,-1
127,23,326.44,341.75,143.36,409.08,0.84743,-1,-1,-1
127,24,1623.12,372.29,45.18,64.92,0.43682,-1,-1,-1
128,2,704.17,231.54,225.91,649.76,0.87994,-1,-1,-1
128,6,1088.79,289.81,168.54,482.07,0.87073,-1,-1,-1
128,17,933.96,322.87,142.18,335.13,0.60968,-1,-1,-1
128,23,318.07,341.69,144.94,411.85,0.85293,-1,-1,-1
128,24,1620.55,371.45,42.98,65.97,0.35368,-1,-1,-1
128,8,659.91,391.19,73.32,192.52,0.37433,-1,-1,-1
129,2,706.06,234.63,222.63,648.62,0.88031,-1,-1,-1
129,6,1083.98,287.47,173.60,483.09,0.87410,-1,-1,-1
129,17,933.48,322.13,120.70,335.22,0.64994,-1,-1,-1
129,23,312.75,338.89,146.96,420.74,0.83371,-1,-1,-1
129,24,1617.67,368.78,44.49,68.56,0.37751,-1,-1,-1
129,8,659.29,390.06,68.42,192.90,0.53515,-1,-1,-1
130,2,705.72,236.47,222.83,648.89,0.88194,-1,-1,-1
130,6,1081.77,286.84,174.94,483.04,0.86735,-1,-1,-1
130,17,933.31,320.79,110.10,335.15,0.73498,-1,-1,-1
130,23,309.41,335.24,148.80,429.64,0.84028,-1,-1,-1
130,24,1618.22,367.48,43.01,69.66,0.40368,-1,-1,-1
130,8,659.00,389.56,64.29,193.01,0.55342,-1,-1,-1
131,2,706.06,238.30,223.63,649.16,0.87987,-1,-1,-1
131,6,1080.05,284.61,176.65,482.86,0.86640,-1,-1,-1
131,17,928.76,319.23,110.47,333.89,0.73731,-1,-1,-1
131,23,307.39,332.61,147.39,435.18,0.83883,-1,-1,-1
131,24,1619.01,365.95,42.97,69.62,0.38532,-1,-1,-1
131,8,657.19,389.49,63.91,193.28,0.58722,-1,-1,-1
131,31,1011.72,371.69,69.67,222.45,0.54334,-1,-1,-1
132,2,707.75,238.92,222.84,649.35,0.87540,-1,-1,-1
132,6,1079.83,282.92,176.12,482.02,0.86328,-1,-1,-1
132,17,925.61,317.80,111.10,333.91,0.73380,-1,-1,-1
132,23,307.40,332.77,144.48,437.03,0.82879,-1,-1,-1
132,24,1619.53,364.73,42.28,69.45,0.40790,-1,-1,-1
132,8,656.79,389.20,64.18,194.54,0.56893,-1,-1,-1
132,31,1012.82,367.66,69.72,226.38,0.55867,-1,-1,-1
133,2,710.93,239.43,222.06,647.74,0.87551,-1,-1,-1
133,6,1077.34,282.45,178.89,482.10,0.86840,-1,-1,-1
133,17,925.31,316.67,108.57,335.83,0.74723,-1,-1,-1
133,23,297.07,330.94,152.73,441.32,0.81957,-1,-1,-1
133,24,1621.00,364.24,41.91,70.54,0.38509,-1,-1,-1
133,8,656.95,389.59,63.04,195.03,0.44311,-1,-1,-1
133,31,1012.72,367.69,71.98,225.80,0.57668,-1,-1,-1
134,2,713.40,239.48,218.44,649.06,0.87651,-1,-1,-1
134,6,1075.15,283.81,182.58,484.91,0.86782,-1,-1,-1
134,17,927.01,318.17,103.14,337.38,0.73285,-1,-1,-1
134,23,290.02,327.00,155.63,451.96,0.84044,-1,-1,-1
134,24,1622.42,364.65,41.85,71.53,0.35754,-1,-1,-1
134,8,655.90,391.85,66.72,194.99,0.53187,-1,-1,-1
134,31,1011.73,367.68,73.52,224.13,0.61096,-1,-1,-1
135,2,715.89,240.54,215.84,648.35,0.87986,-1,-1,-1
135,6,1073.54,284.95,184.42,487.87,0.86482,-1,-1,-1
135,17,926.69,318.44,99.85,340.53,0.71000,-1,-1,-1
135,23,286.54,329.51,155.10,454.14,0.83157,-1,-1,-1
135,8,652.73,393.70,70.86,195.46,0.54333,-1,-1,-1
135,31,1010.79,369.68,75.77,220.35,0.65399,-1,-1,-1
136,2,720.87,240.70,212.59,643.86,0.87373,-1,-1,-1
136,6,1072.47,286.89,187.49,489.76,0.86636,-1,-1,-1
136,17,926.40,319.85,99.34,340.07,0.73196,-1,-1,-1
136,23,282.15,328.19,157.73,459.31,0.83885,-1,-1,-1
136,8,647.45,394.85,77.92,196.68,0.68491,-1,-1,-1
136,31,1011.26,365.56,77.22,228.02,0.70670,-1,-1,-1
137,2,723.33,240.88,212.09,630.75,0.88322,-1,-1,-1
137,6,1071.31,289.61,192.11,491.95,0.86350,-1,-1,-1
137,17,927.65,319.56,97.38,341.45,0.73114,-1,-1,-1
137,23,282.47,324.96,156.00,465.18,0.84104,-1,-1,-1
137,8,648.45,395.18,77.90,200.26,0.63545,-1,-1,-1
137,31,1013.59,368.18,77.36,226.33,0.74476,-1,-1,-1
137,24,1631.68,367.83,43.90,69.32,0.49903,-1,-1,-1
138,2,723.64,242.81,215.95,624.47,0.88635,-1,-1,-1
138,6,1076.26,294.11,192.93,491.58,0.86189,-1,-1,-1
138,17,928.74,321.45,96.55,342.26,0.74573,-1,-1,-1
138,23,279.92,324.10,157.52,469.46,0.80388,-1,-1,-1
138,8,651.06,397.45,74.02,200.71,0.59458,-1,-1,-1
138,31,1017.66,368.66,76.53,228.66,0.74503,-1,-1,-1
138,24,1637.39,371.21,45.22,69.20,0.32175,-1,-1,-1
139,2,728.18,242.32,213.87,622.30,0.88512,-1,-1,-1
139,6,1080.69,294.89,193.86,491.47,0.84806,-1,-1,-1
139,17,930.15,320.58,96.55,343.61,0.72672,-1,-1,-1
139,23,272.44,320.75,162.56,474.98,0.81454,-1,-1,-1
139,8,651.90,395.91,72.28,203.72,0.58249,-1,-1,-1
139,31,1020.82,364.94,76.18,230.23,0.71708,-1,-1,-1
140,2,739.70,241.57,204.99,626.07,0.87797,-1,-1,-1
140,6,1087.62,296.03,191.18,490.20,0.84515,-1,-1,-1
140,17,936.37,319.85,93.44,345.19,0.71530,-1,-1,-1
140,23,269.37,318.64,165.71,484.42,0.83024,-1,-1,-1
140,8,650.52,396.41,75.07,204.93,0.63209,-1,-1,-1
140,31,1023.50,366.96,76.71,228.01,0.77760,-1,-1,-1
140,24,1646.94,367.96,46.99,68.61,0.33951,-1,-1,-1
141,2,747.60,244.60,198.04,629.00,0.87351,-1,-1,-1
141,6,1092.75,296.06,189.91,494.78,0.85840,-1,-1,-1
141,17,936.14,321.36,95.57,344.84,0.73898,-1,-1,-1
141,23,270.65,318.81,165.30,495.11,0.82457,-1,-1,-1
141,8,648.90,395.56,78.53,206.61,0.76317,-1,-1,-1
141,31,1025.27,366.64,79.31,228.23,0.68540,-1,-1,-1
141,24,1650.87,367.98,48.34,69.79,0.38999,-1,-1,-1
142,2,754.26,249.78,193.53,628.59,0.86933,-1,-1,-1
142,6,1099.78,296.73,187.67,498.59,0.85159,-1,-1,-1
142,17,936.69,324.28,96.41,342.20,0.76410,-1,-1,-1
142,23,270.88,321.15,167.12,500.78,0.84902,-1,-1,-1
142,8,649.31,398.77,83.89,203.98,0.69111,-1,-1,-1
142,31,1029.68,370.56,79.29,226.85,0.72485,-1,-1,-1
143,2,766.21,253.21,187.73,632.08,0.87872,-1,-1,-1
143,6,1107.09,297.22,187.31,501.80,0.86756,-1,-1,-1
143,17,949.03,325.69,89.22,341.33,0.72350,-1,-1,-1
143,23,269.92,324.57,170.54,503.98,0.84734,-1,-1,-1
143,8,653.99,400.30,84.10,204.46,0.66364,-1,-1,-1
143,31,1037.09,372.02,75.23,226.27,0.74609,-1,-1,-1
143,24,1669.52,374.46,44.63,63.23,0.39543,-1,-1,-1
144,2,772.39,255.48,186.05,632.95,0.87291,-1,-1,-1
144,6,1112.61,297.02,187.05,501.79,0.86158,-1,-1,-1
144,17,957.65,329.66,84.45,335.38,0.80039,-1,-1,-1
144,23,268.23,324.87,174.25,510.63,0.85781,-1,-1,-1
144,8,660.98,398.14,78.94,207.08,0.70322,-1,-1,-1
144,31,1041.03,372.28,77.38,227.13,0.75442,-1,-1,-1
144,24,1673.40,370.99,49.74,67.08,0.42035,-1,-1,-1
145,2,779.46,257.65,184.35,634.28,0.86043,-1,-1,-1
145,6,1120.84,296.79,186.94,501.59,0.86064,-1,-1,-1
145,17,962.37,329.33,83.10,337.30,0.74958,-1,-1,-1
145,23,266.06,324.15,177.76,514.46,0.85313,-1,-1,-1
145,8,664.44,396.81,80.04,209.72,0.70211,-1,-1,-1
145,31,1043.55,374.72,78.71,224.17,0.73983,-1,-1,-1
145,24,1681.33,370.89,50.15,69.38,0.42254,-1,-1,-1
146,2,782.52,261.62,186.76,635.91,0.86361,-1,-1,-1
146,6,1128.52,300.23,184.55,495.72,0.87425,-1,-1,-1
146,17,968.74,331.57,84.85,337.42,0.68715,-1,-1,-1
146,23,267.40,324.25,178.50,523.18,0.87698,-1,-1,-1
146,8,669.23,397.53,80.39,210.29,0.69844,-1,-1,-1
146,31,1048.52,377.55,78.31,220.79,0.64787,-1,-1,-1
146,24,1693.14,377.30,46.39,64.03,0.32847,-1,-1,-1
147,2,783.90,265.02,188.56,637.14,0.86490,-1,-1,-1
147,6,1134.11,299.45,186.63,492.41,0.86694,-1,-1,-1
147,17,967.36,331.58,89.23,340.03,0.71171,-1,-1,-1
147,23,263.74,325.55,181.86,529.00,0.86007,-1,-1,-1
147,8,670.51,396.87,81.66,214.54,0.72607,-1,-1,-1
147,31,1050.90,381.09,79.84,220.58,0.63325,-1,-1,-1
147,24,1699.95,376.48,46.86,66.98,0.43346,-1,-1,-1
148,2,789.32,266.43,185.67,636.18,0.85540,-1,-1,-1
148,6,1139.85,298.62,183.59,491.54,0.86686,-1,-1,-1
148,17,969.34,331.87,90.31,340.86,0.73025,-1,-1,-1
148,23,259.04,325.88,185.49,539.58,0.86827,-1,-1,-1
148,8,673.05,395.98,77.84,217.83,0.72589,-1,-1,-1
148,31,1053.76,378.73,78.46,225.67,0.67688,-1,-1,-1
148,24,1701.66,376.03,50.28,68.29,0.37739,-1,-1,-1
149,2,793.43,267.27,183.84,637.58,0.86154,-1,-1,-1
149,6,1146.66,299.15,180.04,489.16,0.86191,-1,-1,-1
149,17,972.57,335.63,87.79,338.99,0.73467,-1,-1,-1
149,23,252.97,324.13,184.26,548.78,0.86497,-1,-1,-1
149,8,674.86,400.00,76.85,217.90,0.60121,-1,-1,-1
149,31,1055.75,379.14,77.84,228.27,0.63675,-1,-1,-1
149,24,1706.87,380.61,49.78,66.01,0.34924,-1,-1,-1
150,2,794.15,267.71,184.16,637.53,0.84970,-1,-1,-1
150,6,1150.91,300.30,178.77,490.03,0.86424,-1,-1,-1
150,17,975.12,339.27,88.49,339.03,0.73709,-1,-1,-1
150,23,247.32,320.21,181.59,558.08,0.85006,-1,-1,-1
150,8,674.05,404.52,78.54,216.79,0.61353,-1,-1,-1
150,31,1056.77,372.90,76.88,236.07,0.67238,-1,-1,-1
150,24,1711.23,381.93,51.23,66.81,0.45215,-1,-1,-1
151,2,793.58,267.82,186.88,634.51,0.84070,-1,-1,-1
151,6,1152.70,300.25,179.49,497.82,0.87155,-1,-1,-1
151,17,979.22,341.07,85.57,341.15,0.73360,-1,-1,-1
151,23,236.24,318.50,184.52,567.66,0.85048,-1,-1,-1
151,8,674.67,408.75,77.95,214.59,0.66903,-1,-1,-1
151,31,1056.61,370.83,77.09,240.25,0.59874,-1,-1,-1
151,24,1712.65,381.19,53.44,69.02,0.48829,-1,-1,-1
152,2,791.08,266.48,190.46,627.57,0.84165,-1,-1,-1
152,6,1153.93,300.46,180.69,499.05,0.88002,-1,-1,-1
152,17,978.68,341.80,86.15,341.31,0.71065,-1,-1,-1
152,23,227.16,314.97,187.60,577.01,0.85083,-1,-1,-1
152,8,674.83,409.77,80.16,215.64,0.71345,-1,-1,-1
152,31,1055.11,372.13,78.75,238.68,0.60607,-1,-1,-1
152,24,1715.79,379.77,54.50,70.46,0.52659,-1,-1,-1
153,2,786.11,264.34,198.40,620.38,0.84166,-1,-1,-1
153,6,1157.58,302.16,179.65,498.84,0.88244,-1,-1,-1
153,17,982.29,341.99,83.39,344.55,0.72491,-1,-1,-1
153,23,215.80,312.01,193.69,583.26,0.85839,-1,-1,-1
153,8,675.08,410.38,82.82,218.53,0.71228,-1,-1,-1
153,31,1055.47,372.31,79.12,239.43,0.62011,-1,-1,-1
153,24,1719.39,384.50,51.67,67.73,0.43157,-1,-1,-1
154,2,779.71,262.27,206.79,618.33,0.85927,-1,-1,-1
154,6,1159.10,302.83,178.88,497.24,0.87317,-1,-1,-1
154,17,981.08,341.75,83.89,344.68,0.72657,-1,-1,-1
154,23,203.71,309.44,200.65,589.14,0.87234,-1,-1,-1
154,8,675.38,411.15,85.76,220.44,0.71764,-1,-1,-1
154,31,1054.21,373.35,80.31,239.23,0.65690,-1,-1,-1
154,24,1722.70,385.19,51.07,68.22,0.40977,-1,-1,-1
155,2,771.99,259.07,214.56,618.75,0.86836,-1,-1,-1
155,6,1160.22,302.05,177.65,499.27,0.87895,-1,-1,-1
155,17,982.63,340.09,81.26,343.26,0.72750,-1,-1,-1
155,23,192.01,305.95,206.38,593.53,0.87116,-1,-1,-1
155,8,672.06,407.57,95.34,223.46,0.73001,-1,-1,-1
155,31,1053.28,371.95,80.35,239.40,0.70187,-1,-1,-1
155,24,1721.82,379.73,51.95,71.75,0.32497,-1,-1,-1
156,2,766.19,257.99,222.55,621.54,0.87012,-1,-1,-1
156,6,1159.47,305.21,179.32,504.72,0.87732,-1,-1,-1
156,17,981.48,339.96,82.51,343.96,0.70221,-1,-1,-1
156,23,181.23,302.58,207.94,599.57,0.87139,-1,-1,-1
156,8,671.18,406.01,98.68,226.03,0.76669,-1,-1,-1
156,31,1051.97,370.65,80.45,242.27,0.69286,-1,-1,-1
156,24,1721.19,381.22,52.73,71.79,0.34942,-1,-1,-1
157,2,760.21,259.82,228.86,624.01,0.87731,-1,-1,-1
157,6,1156.51,307.91,178.19,507.32,0.87299,-1,-1,-1
157,17,974.10,341.47,89.69,345.93,0.69690,-1,-1,-1
157,23,170.72,300.97,211.16,604.97,0.86343,-1,-1,-1
157,8,667.71,407.27,100.04,226.37,0.70373,-1,-1,-1
157,31,1049.34,370.61,81.93,243.86,0.67893,-1,-1,-1
157,24,1721.06,381.47,53.37,74.19,0.41463,-1,-1,-1
158,2,758.37,257.32,227.44,628.20,0.87307,-1,-1,-1
158,6,1151.27,305.49,177.26,507.74,0.86437,-1,-1,-1
158,17,968.22,341.03,90.44,345.00,0.74189,-1,-1,-1
158,23,157.04,296.87,214.20,611.38,0.86078,-1,-1,-1
158,8,662.34,405.57,87.21,228.03,0.67313,-1,-1,-1
158,31,1044.63,370.11,84.36,243.95,0.73916,-1,-1,-1
158,24,1717.08,382.71,54.78,71.52,0.41648,-1,-1,-1
159,2,761.45,260.46,221.35,628.70,0.86652,-1,-1,-1
159,6,1147.01,306.10,175.48,505.36,0.87603,-1,-1,-1
159,17,965.15,341.23,87.76,341.36,0.65518,-1,-1,-1
159,23,140.16,293.94,217.68,620.93,0.85581,-1,-1,-1
159,8,658.25,401.95,86.08,230.37,0.66018,-1,-1,-1
159,31,1040.13,374.65,85.44,239.43,0.70129,-1,-1,-1
159,24,1711.55,378.70,57.84,74.39,0.50903,-1,-1,-1
160,2,764.59,263.19,215.04,630.12,0.86409,-1,-1,-1
160,6,1142.09,305.86,173.96,506.64,0.87680,-1,-1,-1
160,17,961.22,340.02,90.76,341.38,0.72550,-1,-1,-1
160,23,126.83,290.58,221.25,637.23,0.86403,-1,-1,-1
160,8,650.78,401.27,92.87,230.38,0.67278,-1,-1,-1
160,31,1036.60,377.13,84.06,236.21,0.69828,-1,-1,-1
160,24,1707.01,375.57,58.14,77.23,0.33693,-1,-1,-1
160,33,748.97,355.58,68.80,277.42,0.50435,-1,-1,-1
161,2,767.25,268.99,211.39,628.87,0.87077,-1,-1,-1
161,6,1138.13,306.50,172.56,506.50,0.87827,-1,-1,-1
161,17,955.82,339.45,89.36,341.48,0.67024,-1,-1,-1
161,23,112.75,289.86,224.94,654.40,0.85478,-1,-1,-1
161,8,645.44,398.95,92.12,235.20,0.69203,-1,-1,-1
161,31,1032.30,382.91,84.80,229.95,0.75128,-1,-1,-1
161,24,1705.15,373.84,56.76,80.13,0.33760,-1,-1,-1
161,33,737.42,361.62,71.54,274.20,0.49587,-1,-1,-1
162,2,770.22,270.65,206.79,627.53,0.88231,-1,-1,-1
162,6,1133.03,301.46,171.40,511.75,0.87304,-1,-1,-1
162,17,950.23,336.91,84.16,346.50,0.64727,-1,-1,-1
162,23,95.84,284.31,229.34,661.41,0.86867,-1,-1,-1
162,8,637.95,395.93,82.96,238.79,0.70448,-1,-1,-1
162,31,1025.87,385.48,83.87,226.35,0.74397,-1,-1,-1
162,24,1700.17,378.71,56.69,76.70,0.45655,-1,-1,-1
162,33,730.09,361.04,77.05,278.01,0.60417,-1,-1,-1
163,2,771.18,270.21,202.48,628.48,0.89289,-1,-1,-1
163,6,1123.95,299.80,174.43,512.40,0.86818,-1,-1,-1
163,17,945.60,332.66,85.06,350.62,0.61761,-1,-1,-1
163,23,81.51,283.16,225.53,675.74,0.84660,-1,-1,-1
163,8,629.76,394.18,83.15,240.60,0.72519,-1,-1,-1
163,31,1019.65,386.55,84.40,224.60,0.68216,-1,-1,-1
163,24,1694.22,380.60,55.81,75.49,0.44538,-1,-1,-1
163,33,724.37,358.47,77.46,280.39,0.66659,-1,-1,-1
164,2,767.21,268.55,203.36,625.71,0.89086,-1,-1,-1
164,6,1114.57,297.68,180.73,511.21,0.86699,-1,-1,-1
164,17,941.91,332.61,83.42,350.58,0.66226,-1,-1,-1
164,23,59.31,281.80,240.35,693.17,0.88335,-1,-1,-1
164,8,620.05,392.44,85.97,243.49,0.72364,-1,-1,-1
164,31,1016.78,389.26,80.73,220.49,0.70185,-1,-1,-1
164,33,714.13,361.44,79.33,279.10,0.67428,-1,-1,-1
165,2,763.78,264.63,199.92,627.09,0.88650,-1,-1,-1
165,6,1107.54,298.16,181.72,507.64,0.87481,-1,-1,-1
165,17,940.22,332.27,82.33,348.43,0.69234,-1,-1,-1
165,23,39.37,279.92,248.04,711.51,0.87135,-1,-1,-1
165,8,611.00,392.25,85.63,244.39,0.68925,-1,-1,-1
165,31,1013.45,390.65,79.32,216.33,0.68702,-1,-1,-1
165,33,707.21,363.47,79.86,277.96,0.70671,-1,-1,-1
165,24,1683.17,377.51,56.39,75.14,0.32953,-1,-1,-1
166,2,764.55,260.38,196.31,630.04,0.88562,-1,-1,-1
166,6,1101.05,297.00,185.05,503.05,0.87675,-1,-1,-1
166,17,934.06,327.41,84.28,351.66,0.69584,-1,-1,-1
166,23,20.98,278.08,258.83,725.04,0.88759,-1,-1,-1
166,8,605.27,390.86,87.91,246.65,0.71746,-1,-1,-1
166,31,1008.76,390.28,79.59,214.21,0.66821,-1,-1,-1
166,33,703.05,364.77,80.64,278.02,0.73109,-1,-1,-1
166,24,1678.53,375.55,54.57,75.27,0.39346,-1,-1,-1
167,2,765.79,257.20,193.65,630.72,0.87465,-1,-1,-1
167,6,1095.02,292.16,189.80,506.34,0.86586,-1,-1,-1
167,17,932.84,325.26,84.09,350.50,0.69216,-1,-1,-1
167,23,5.75,274.45,258.68,736.94,0.86495,-1,-1,-1
167,8,600.57,389.66,87.19,248.82,0.72618,-1,-1,-1
167,31,1007.54,395.48,78.03,209.39,0.56142,-1,-1,-1
167,33,697.54,363.00,86.06,281.05,0.70860,-1,-1,-1
167,24,1678.04,374.39,54.97,74.75,0.38614,-1,-1,-1
168,2,770.98,254.29,187.30,623.30,0.86557,-1,-1,-1
168,6,1090.75,291.23,191.51,504.86,0.86479,-1,-1,-1
168,17,930.15,327.60,85.75,349.57,0.69947,-1,-1,-1
168,23,0.00,266.90,256.48,750.67,0.88764,-1,-1,-1
168,8,596.11,389.17,88.08,249.48,0.69144,-1,-1,-1
168,31,1006.54,381.83,77.98,225.42,0.60384,-1,-1,-1
168,33,685.84,359.04,94.56,285.50,0.77786,-1,-1,-1
168,24,1673.64,371.73,58.54,77.22,0.38104,-1,-1,-1
169,2,775.50,250.28,184.65,615.21,0.86313,-1,-1,-1
169,6,1086.78,290.86,193.66,503.36,0.86991,-1,-1,-1
169,17,929.43,328.40,83.89,344.86,0.69597,-1,-1,-1
169,23,0.00,259.51,243.52,763.24,0.90240,-1,-1,-1
169,8,590.85,387.63,90.37,251.95,0.73539,-1,-1,-1
169,31,1004.02,377.11,79.73,227.71,0.63728,-1,-1,-1
169,33,680.12,357.12,96.87,283.27,0.76944,-1,-1,-1
169,24,1672.33,370.55,58.38,77.66,0.41613,-1,-1,-1
170,2,778.12,248.27,181.71,611.50,0.85455,-1,-1,-1
170,6,1081.98,290.49,197.50,505.03,0.87058,-1,-1,-1
170,17,928.00,328.98,82.38,343.31,0.68883,-1,-1,-1
170,23,0.00,252.73,230.94,776.07,0.90220,-1,-1,-1
170,8,588.14,386.82,84.51,252.13,0.62093,-1,-1,-1
170,31,1003.53,372.85,80.53,231.07,0.63363,-1,-1,-1
170,33,673.40,353.88,102.96,286.83,0.79201,-1,-1,-1
170,24,1674.70,368.91,54.44,77.45,0.31427,-1,-1,-1
171,2,778.49,246.37,180.33,612.78,0.85628,-1,-1,-1
171,6,1079.00,290.25,200.65,508.31,0.86847,-1,-1,-1
171,17,927.43,328.55,83.23,346.48,0.71176,-1,-1,-1
171,23,0.00,247.50,219.44,788.96,0.90180,-1,-1,-1
171,8,582.21,383.52,88.78,258.06,0.64073,-1,-1,-1
171,31,1004.79,368.36,78.45,230.93,0.67126,-1,-1,-1
171,33,665.81,352.95,110.43,291.11,0.80422,-1,-1,-1
172,2,777.04,246.71,182.46,616.37,0.85050,-1,-1,-1
172,6,1075.75,290.09,203.88,509.03,0.87352,-1,-1,-1
172,17,927.67,335.31,81.45,337.28,0.67995,-1,-1,-1
172,23,0.00,242.50,206.64,799.93,0.89579,-1,-1,-1
172,8,575.23,384.14,95.96,260.73,0.68594,-1,-1,-1
172,31,1002.82,367.16,78.60,230.35,0.65652,-1,-1,-1
172,33,659.77,351.51,116.44,294.77,0.83188,-1,-1,-1
173,2,777.67,245.22,180.66,619.60,0.85515,-1,-1,-1
173,6,1073.78,288.79,204.11,510.76,0.86757,-1,-1,-1
173,17,926.69,335.97,79.17,335.72,0.66810,-1,-1,-1
173,23,0.00,237.06,195.37,814.68,0.88778,-1,-1,-1
173,8,567.45,384.86,101.17,261.90,0.70590,-1,-1,-1
173,31,1002.17,370.27,78.64,224.08,0.66270,-1,-1,-1
173,33,655.93,348.61,122.09,298.26,0.83203,-1,-1,-1
173,24,1674.56,363.83,53.41,76.65,0.44106,-1,-1,-1
174,2,777.56,245.50,181.76,621.98,0.85924,-1,-1,-1
174,6,1075.47,288.55,205.18,514.53,0.87182,-1,-1,-1
174,17,927.99,335.67,78.06,336.26,0.64673,-1,-1,-1
174,23,0.00,232.75,187.12,827.63,0.88438,-1,-1,-1
174,8,563.37,381.63,97.79,268.16,0.69566,-1,-1,-1
174,31,1002.98,368.06,77.43,226.89,0.66818,-1,-1,-1
174,33,654.42,346.34,125.93,300.93,0.81812,-1,-1,-1
174,24,1676.10,362.59,54.20,75.64,0.41633,-1,-1,-1
175,2,780.50,246.62,179.11,626.15,0.86369,-1,-1,-1
175,6,1078.83,288.74,204.94,518.72,0.87284,-1,-1,-1
175,17,930.10,331.61,77.81,340.62,0.63969,-1,-1,-1
175,23,0.00,227.58,179.36,838.01,0.88539,-1,-1,-1
175,8,560.35,379.83,96.98,272.21,0.68203,-1,-1,-1
175,31,1004.27,367.60,76.61,229.66,0.66679,-1,-1,-1
175,33,653.18,345.33,129.26,303.76,0.81834,-1,-1,-1
175,24,1679.49,362.70,55.88,75.81,0.46747,-1,-1,-1
176,2,785.29,252.32,176.51,627.63,0.84784,-1,-1,-1
176,6,1082.93,290.03,204.38,519.95,0.87202,-1,-1,-1
176,17,933.02,328.10,75.40,345.18,0.63800,-1,-1,-1
176,23,0.00,226.99,173.24,845.97,0.88358,-1,-1,-1
176,8,556.86,379.58,99.95,275.90,0.72373,-1,-1,-1
176,31,1008.02,366.83,75.27,231.20,0.68033,-1,-1,-1
176,33,653.69,345.98,129.32,308.98,0.81061,-1,-1,-1
176,24,1685.29,364.09,51.92,72.76,0.35674,-1,-1,-1
177,2,787.61,255.82,176.32,627.21,0.84829,-1,-1,-1
177,6,1086.04,289.75,203.83,518.57,0.87469,-1,-1,-1
177,17,935.14,324.50,67.78,347.93,0.59103,-1,-1,-1
177,23,0.00,224.36,163.95,852.95,0.87603,-1,-1,-1
177,8,554.53,379.04,101.82,275.87,0.71271,-1,-1,-1
177,31,1009.56,366.86,75.08,229.80,0.68917,-1,-1,-1
177,33,653.55,345.23,129.41,311.24,0.81517,-1,-1,-1
177,24,1685.24,359.36,56.49,74.06,0.39552,-1,-1,-1
178,2,791.13,260.49,176.90,626.17,0.85736,-1,-1,-1
178,6,1090.16,290.07,205.63,522.69,0.87862,-1,-1,-1
178,17,940.20,326.46,60.13,351.61,0.40995,-1,-1,-1
178,23,0.00,222.13,156.29,857.45,0.87393,-1,-1,-1
178,8,554.40,379.38,101.21,277.71,0.73251,-1,-1,-1
178,31,1013.93,369.52,74.53,228.96,0.64455,-1,-1,-1
178,33,653.67,347.50,133.02,314.14,0.82521,-1,-1,-1
178,24,1690.33,359.49,57.01,74.65,0.33162,-1,-1,-1
179,2,793.51,262.64,176.69,625.03,0.85646,-1,-1,-1
179,6,1097.22,288.29,202.90,526.22,0.88036,-1,-1,-1
179,17,934.66,308.91,68.61,366.14,0.57640,-1,-1,-1
179,23,0.28,224.29,145.61,855.65,0.87390,-1,-1,-1
179,8,553.42,379.14,102.25,280.08,0.70976,-1,-1,-1
179,31,1016.31,373.09,74.85,224.58,0.67547,-1,-1,-1
179,33,651.92,348.77,139.22,315.31,0.82517,-1,-1,-1
179,24,1688.90,357.16,65.50,78.18,0.44302,-1,-1,-1
180,2,796.91,266.06,179.02,619.46,0.86291,-1,-1,-1
180,6,1103.53,289.93,202.46,524.67,0.87167,-1,-1,-1
180,17,942.09,316.32,61.34,358.21,0.32480,-1,-1,-1
180,23,0.83,228.23,135.05,851.77,0.86524,-1,-1,-1
180,8,553.37,378.85,104.12,283.46,0.76386,-1,-1,-1
180,31,1019.63,380.97,74.27,218.07,0.61180,-1,-1,-1
180,33,653.38,350.63,137.91,316.21,0.79869,-1,-1,-1
180,24,1695.63,357.58,65.80,77.10,0.46400,-1,-1,-1
181,2,798.63,266.31,182.14,618.57,0.86782,-1,-1,-1
181,6,1112.39,286.43,198.95,527.00,0.87462,-1,-1,-1
181,17,943.80,312.60,60.05,359.91,0.36474,-1,-1,-1
181,23,1.04,249.76,127.55,830.24,0.86244,-1,-1,-1
181,8,554.34,381.24,104.05,284.21,0.72587,-1,-1,-1
181,31,1020.92,374.62,76.35,224.93,0.63266,-1,-1,-1
181,33,654.58,351.28,138.88,319.82,0.81603,-1,-1,-1
181,24,1708.88,355.86,57.12,77.22,0.41321,-1,-1,-1
182,2,799.20,265.52,183.96,617.82,0.87223,-1,-1,-1
182,6,1120.02,285.88,197.45,527.08,0.87266,-1,-1,-1
182,17,945.65,312.57,62.01,360.96,0.44207,-1,-1,-1
182,23,0.95,275.47,118.71,804.53,0.85645,-1,-1,-1
182,8,555.28,382.34,106.38,286.65,0.74990,-1,-1,-1
182,31,1023.34,376.91,79.05,221.62,0.73371,-1,-1,-1
182,33,655.09,351.20,138.92,323.17,0.82031,-1,-1,-1
182,24,1714.35,354.97,58.87,77.42,0.56951,-1,-1,-1
183,2,801.22,264.18,189.05,612.70,0.87320,-1,-1,-1
183,6,1130.05,283.46,193.17,522.19,0.87046,-1,-1,-1
183,17,948.12,313.56,63.24,357.28,0.33228,-1,-1,-1
183,23,1.25,301.79,106.69,777.75,0.84326,-1,-1,-1
183,8,555.58,385.25,107.37,287.30,0.73997,-1,-1,-1
183,31,1025.94,382.20,79.97,216.92,0.67095,-1,-1,-1
183,33,655.40,349.59,142.96,325.07,0.82994,-1,-1,-1
183,24,1717.26,353.94,60.23,77.98,0.41288,-1,-1,-1
184,2,803.74,264.76,191.72,601.86,0.87593,-1,-1,-1
184,6,1134.86,282.70,192.70,517.74,0.87545,-1,-1,-1
184,17,951.73,307.70,65.66,366.22,0.42307,-1,-1,-1
184,23,1.29,358.66,94.20,719.38,0.84283,-1,-1,-1
184,8,556.23,388.09,109.90,285.54,0.75527,-1,-1,-1
184,31,1031.24,381.83,80.59,220.40,0.64391,-1,-1,-1
184,33,659.56,348.00,144.54,327.62,0.83101,-1,-1,-1
184,24,1725.87,353.77,60.91,77.80,0.43844,-1,-1,-1
185,2,804.24,262.96,193.58,599.01,0.85851,-1,-1,-1
185,6,1140.35,282.86,192.31,514.04,0.87067,-1,-1,-1
185,17,957.24,310.49,68.71,364.53,0.60603,-1,-1,-1
185,23,0.92,384.06,85.27,693.01,0.80661,-1,-1,-1
185,8,557.47,389.83,114.72,286.23,0.71677,-1,-1,-1
185,31,1036.80,383.97,78.21,217.91,0.67599,-1,-1,-1
185,33,666.99,335.05,140.42,343.37,0.85108,-1,-1,-1
185,24,1729.06,351.40,63.73,79.22,0.40873,-1,-1,-1
186,2,805.61,259.08,193.20,602.83,0.86418,-1,-1,-1
186,6,1148.96,283.87,187.39,514.33,0.87920,-1,-1,-1
186,17,962.22,315.61,67.38,360.93,0.54535,-1,-1,-1
186,23,0.89,396.92,82.14,679.81,0.76073,-1,-1,-1
186,8,558.47,390.48,118.06,288.00,0.75256,-1,-1,-1
186,31,1038.80,383.99,81.14,218.16,0.68588,-1,-1,-1
186,33,669.75,327.46,139.79,353.62,0.84709,-1,-1,-1
186,24,1737.67,351.78,62.78,79.00,0.47741,-1,-1,-1
187,2,806.89,255.21,194.51,603.86,0.86743,-1,-1,-1
187,6,1154.11,280.74,188.37,519.21,0.88273,-1,-1,-1
187,17,969.28,337.52,61.75,339.08,0.37219,-1,-1,-1
187,23,0.10,414.46,64.35,661.11,0.42813,-1,-1,-1
187,8,558.02,387.12,122.71,293.12,0.76537,-1,-1,-1
187,31,1042.51,380.07,80.23,219.99,0.70391,-1,-1,-1
187,33,671.09,327.27,139.23,353.50,0.85143,-1,-1,-1
187,24,1751.47,353.41,57.64,77.32,0.32934,-1,-1,-1
188,2,803.26,252.88,200.53,606.00,0.86897,-1,-1,-1
188,6,1155.96,279.24,188.83,520.29,0.88602,-1,-1,-1
188,8,556.84,385.55,125.34,294.56,0.77596,-1,-1,-1
188,31,1039.59,377.67,83.69,222.49,0.71110,-1,-1,-1
188,33,669.54,325.22,139.55,354.04,0.85504,-1,-1,-1
188,24,1760.54,353.83,52.60,74.58,0.41697,-1,-1,-1
189,2,800.50,252.52,203.01,609.18,0.86734,-1,-1,-1
189,6,1159.63,276.81,184.04,522.93,0.88234,-1,-1,-1
189,8,554.23,382.71,129.77,298.06,0.70899,-1,-1,-1
189,31,1038.41,375.97,84.92,223.74,0.72604,-1,-1,-1
189,33,667.33,324.32,141.39,356.35,0.84941,-1,-1,-1
189,24,1761.77,352.47,55.60,74.84,0.47312,-1,-1,-1
190,2,802.28,251.51,200.90,612.31,0.85844,-1,-1,-1
190,6,1160.64,275.65,184.47,526.18,0.88067,-1,-1,-1
190,8,549.12,380.47,137.83,301.36,0.72751,-1,-1,-1
190,31,1033.88,376.21,89.30,222.25,0.71313,-1,-1,-1
190,33,669.78,322.68,138.32,360.14,0.84455,-1,-1,-1
190,24,1759.73,353.26,59.73,76.15,0.46598,-1,-1,-1
191,2,804.15,252.85,199.04,616.65,0.85527,-1,-1,-1
191,6,1161.83,277.79,184.79,528.57,0.87960,-1,-1,-1
191,8,546.00,379.15,138.03,305.17,0.66343,-1,-1,-1
191,31,1033.78,375.21,89.85,224.81,0.69920,-1,-1,-1
191,33,670.43,323.88,136.71,362.11,0.80738,-1,-1,-1
191,24,1759.98,355.26,60.43,78.02,0.48782,-1,-1,-1
191,17,977.52,329.62,56.84,353.94,0.31444,-1,-1,-1
192,2,808.60,258.76,194.10,617.89,0.85783,-1,-1,-1
192,6,1161.25,283.84,183.64,528.50,0.88615,-1,-1,-1
192,8,541.39,378.75,114.93,307.47,0.70309,-1,-1,-1
192,31,1031.96,378.42,90.01,223.43,0.70323,-1,-1,-1
192,33,666.98,325.39,139.17,362.93,0.83268,-1,-1,-1
192,24,1758.47,359.90,62.78,77.68,0.43167,-1,-1,-1
193,2,808.77,263.14,194.08,617.82,0.86803,-1,-1,-1
193,6,1160.34,285.29,180.19,530.67,0.88359,-1,-1,-1
193,8,535.54,377.68,126.12,309.11,0.66356,-1,-1,-1
193,31,1029.80,377.32,89.51,226.16,0.69848,-1,-1,-1
193,33,659.04,328.86,145.64,362.02,0.78644,-1,-1,-1
193,24,1755.41,361.63,67.40,77.59,0.44257,-1,-1,-1
194,2,806.25,267.59,196.93,615.26,0.86541,-1,-1,-1
194,6,1158.83,287.99,177.90,533.86,0.87924,-1,-1,-1
194,8,530.01,378.00,130.88,312.72,0.75310,-1,-1,-1
194,31,1031.76,378.68,86.57,227.03,0.72600,-1,-1,-1
194,33,655.41,331.47,146.17,365.15,0.82562,-1,-1,-1
194,24,1755.35,363.43,68.07,79.33,0.42333,-1,-1,-1
195,2,802.44,273.42,202.57,611.51,0.87960,-1,-1,-1
195,6,1155.64,291.40,175.90,534.56,0.86881,-1,-1,-1
195,8,522.03,380.35,119.64,316.14,0.74822,-1,-1,-1
195,31,1026.92,381.30,89.30,225.95,0.73744,-1,-1,-1
195,33,646.94,336.19,151.07,367.53,0.84446,-1,-1,-1
195,24,1756.06,367.62,66.33,79.55,0.50332,-1,-1,-1
196,2,798.28,272.08,205.55,614.18,0.88648,-1,-1,-1
196,6,1149.95,293.89,175.74,536.57,0.85623,-1,-1,-1
196,8,514.50,379.83,116.81,321.97,0.76259,-1,-1,-1
196,31,1021.45,383.35,92.08,224.11,0.71897,-1,-1,-1
196,33,642.63,340.62,151.69,367.17,0.82853,-1,-1,-1
196,24,1758.70,369.29,61.78,79.34,0.37431,-1,-1,-1
197,2,795.41,271.53,208.10,614.95,0.89463,-1,-1,-1
197,6,1145.05,294.52,174.03,536.93,0.85552,-1,-1,-1
197,8,506.51,381.56,115.54,324.20,0.77154,-1,-1,-1
197,31,1017.82,386.53,93.11,222.52,0.76066,-1,-1,-1
197,33,634.73,341.46,153.73,369.82,0.82250,-1,-1,-1
197,24,1757.67,374.27,61.72,74.98,0.32217,-1,-1,-1
198,2,795.67,273.27,207.97,615.53,0.88906,-1,-1,-1
198,6,1139.11,297.11,176.13,530.26,0.85468,-1,-1,-1
198,8,496.39,384.69,117.71,329.62,0.79191,-1,-1,-1
198,31,1014.64,390.29,92.44,221.26,0.72057,-1,-1,-1
198,33,622.33,343.41,157.87,374.52,0.83761,-1,-1,-1
199,2,801.42,276.06,200.09,600.95,0.88196,-1,-1,-1
199,6,1133.67,298.46,178.54,539.78,0.86277,-1,-1,-1
199,8,488.12,387.79,120.77,332.54,0.82010,-1,-1,-1
199,31,1009.79,396.24,91.83,216.64,0.74357,-1,-1,-1
199,33,607.85,347.37,162.96,381.25,0.83367,-1,-1,-1
200,2,799.91,280.35,200.95,589.51,0.88447,-1,-1,-1
200,6,1126.14,300.13,181.73,541.43,0.86142,-1,-1,-1
200,8,478.55,392.20,128.57,335.89,0.70064,-1,-1,-1
200,31,1007.69,404.38,89.11,211.00,0.66692,-1,-1,-1
200,33,605.50,349.42,155.86,383.91,0.84372,-1,-1,-1
200,24,1736.78,381.46,70.67,79.31,0.55053,-1,-1,-1
201,2,799.20,281.54,197.15,588.20,0.88687,-1,-1,-1
201,6,1117.43,303.51,186.01,534.24,0.87000,-1,-1,-1
201,8,467.60,395.30,120.44,335.64,0.77160,-1,-1,-1
201,31,1006.61,397.98,83.85,219.21,0.73491,-1,-1,-1
201,33,586.37,348.61,163.23,384.87,0.79744,-1,-1,-1
201,24,1731.89,384.30,72.31,79.42,0.41370,-1,-1,-1
202,2,796.16,282.03,195.23,591.06,0.89189,-1,-1,-1
202,6,1111.05,304.59,189.17,532.65,0.87212,-1,-1,-1
202,8,457.67,399.02,126.96,335.73,0.80728,-1,-1,-1
202,31,1004.55,403.67,80.96,215.72,0.68438,-1,-1,-1
202,33,581.98,347.47,157.35,389.17,0.80870,-1,-1,-1
202,24,1726.27,384.54,74.74,81.27,0.42502,-1,-1,-1
203,2,798.08,282.55,189.66,593.57,0.88168,-1,-1,-1
203,6,1106.39,304.98,192.34,532.16,0.87310,-1,-1,-1
203,8,445.51,397.98,115.20,343.01,0.61584,-1,-1,-1
203,31,1001.11,407.91,81.61,215.11,0.72358,-1,-1,-1
203,33,577.07,345.67,156.96,395.66,0.82803,-1,-1,-1
203,24,1726.80,384.71,70.66,82.25,0.42434,-1,-1,-1
203,38,761.17,398.96,63.05,239.83,0.44335,-1,-1,-1
204,2,804.49,284.60,180.28,595.21,0.86494,-1,-1,-1
204,6,1103.91,304.32,192.22,531.14,0.87111,-1,-1,-1
204,8,435.58,399.14,134.24,346.39,0.72540,-1,-1,-1
204,31,1002.65,412.01,78.54,216.31,0.73687,-1,-1,-1
204,33,572.19,345.14,157.12,397.89,0.81704,-1,-1,-1
204,24,1728.88,385.03,66.66,82.18,0.35666,-1,-1,-1
204,38,758.30,400.22,67.16,240.57,0.66571,-1,-1,-1
205,2,807.09,285.96,175.86,596.97,0.86430,-1,-1,-1
205,6,1102.35,303.95,193.12,529.98,0.87419,-1,-1,-1
205,8,426.31,399.32,142.50,348.99,0.77999,-1,-1,-1
205,31,1002.24,413.77,76.85,214.90,0.70149,-1,-1,-1
205,33,565.21,343.98,154.47,400.39,0.80087,-1,-1,-1
205,24,1724.29,383.26,69.32,84.03,0.48373,-1,-1,-1
205,38,758.00,397.90,68.58,244.24,0.65829,-1,-1,-1
206,2,808.42,287.54,172.97,598.73,0.86699,-1,-1,-1
206,6,1099.90,306.20,197.82,531.07,0.86679,-1,-1,-1
206,8,418.85,397.82,148.70,352.55,0.79650,-1,-1,-1
206,31,1000.48,415.54,78.06,212.14,0.68902,-1,-1,-1
206,33,559.30,342.95,155.49,404.53,0.83205,-1,-1,-1
206,24,1728.41,382.43,64.83,84.44,0.42436,-1,-1,-1
206,38,756.22,396.69,69.65,248.51,0.69052,-1,-1,-1
207,2,809.11,288.90,171.00,598.48,0.86444,-1,-1,-1
207,6,1096.86,307.33,202.73,532.98,0.86809,-1,-1,-1
207,8,412.33,395.96,149.46,356.18,0.83146,-1,-1,-1
207,31,1000.17,414.94,77.96,213.58,0.69848,-1,-1,-1
207,33,552.42,343.54,160.01,407.02,0.85313,-1,-1,-1
207,24,1733.48,382.21,60.13,84.45,0.38665,-1,-1,-1
207,38,754.09,395.87,71.64,249.21,0.69042,-1,-1,-1
208,2,809.75,289.68,169.07,598.12,0.85599,-1,-1,-1
208,6,1094.51,305.06,206.78,537.93,0.86790,-1,-1,-1
208,8,404.84,394.93,146.60,358.60,0.84118,-1,-1,-1
208,31,1002.20,411.27,75.85,212.23,0.72490,-1,-1,-1
208,33,546.54,337.76,161.45,413.24,0.85867,-1,-1,-1
208,24,1739.45,382.95,54.99,83.11,0.30250,-1,-1,-1
208,38,753.47,393.93,72.04,250.80,0.68784,-1,-1,-1
209,2,808.95,291.23,169.04,598.10,0.85544,-1,-1,-1
209,6,1094.39,305.22,209.21,540.91,0.86753,-1,-1,-1
209,8,399.14,392.43,148.04,362.27,0.82735,-1,-1,-1
209,31,1002.34,405.90,75.78,215.50,0.71629,-1,-1,-1
209,33,538.43,335.95,170.31,419.35,0.86378,-1,-1,-1
209,24,1744.87,383.40,51.64,81.34,0.38603,-1,-1,-1
209,38,753.97,393.90,69.30,252.13,0.63098,-1,-1,-1
210,2,806.47,294.15,171.19,597.52,0.86476,-1,-1,-1
210,6,1095.17,307.89,211.01,540.50,0.87186,-1,-1,-1
210,8,392.43,390.44,148.07,365.79,0.82458,-1,-1,-1
210,31,1002.03,404.76,77.10,216.26,0.55768,-1,-1,-1
210,33,532.38,338.42,175.76,422.70,0.84998,-1,-1,-1
210,24,1731.08,383.05,65.51,83.60,0.40341,-1,-1,-1
210,38,749.66,393.12,71.32,254.65,0.64229,-1,-1,-1
211,2,804.67,294.36,173.25,599.91,0.87000,-1,-1,-1
211,6,1095.85,309.60,211.25,543.98,0.87255,-1,-1,-1
211,8,384.94,389.57,148.63,367.78,0.82516,-1,-1,-1
211,31,1003.45,414.77,74.66,206.10,0.54930,-1,-1,-1
211,33,522.23,331.62,183.67,437.34,0.83229,-1,-1,-1
211,24,1741.21,382.65,56.46,83.46,0.46241,-1,-1,-1
211,38,746.32,393.62,72.12,257.57,0.64867,-1,-1,-1
212,2,799.90,293.01,180.08,600.33,0.86075,-1,-1,-1
212,6,1095.45,313.34,213.33,542.19,0.86508,-1,-1,-1
212,8,377.40,389.12,145.78,374.67,0.82601,-1,-1,-1
212,31,1000.68,407.81,77.52,214.91,0.66907,-1,-1,-1
212,33,508.00,330.67,195.60,446.62,0.82114,-1,-1,-1
212,38,743.21,394.49,74.33,259.17,0.65222,-1,-1,-1
213,2,795.61,293.67,181.89,600.44,0.86427,-1,-1,-1
213,6,1095.13,312.28,213.19,545.70,0.86088,-1,-1,-1
213,8,368.89,389.93,149.44,384.29,0.84185,-1,-1,-1
213,31,997.21,404.41,80.45,220.07,0.71720,-1,-1,-1
213,33,505.28,336.96,194.34,446.41,0.83673,-1,-1,-1
213,38,740.43,395.98,71.69,262.82,0.67009,-1,-1,-1
214,2,792.92,298.64,183.90,592.86,0.86043,-1,-1,-1
214,6,1096.16,318.20,213.47,545.47,0.87038,-1,-1,-1
214,8,364.30,395.85,150.77,390.15,0.84350,-1,-1,-1
214,31,996.16,410.03,82.59,219.45,0.74422,-1,-1,-1
214,33,504.06,342.66,193.46,449.05,0.84532,-1,-1,-1
214,38,739.37,401.83,70.13,261.33,0.67173,-1,-1,-1
215,2,790.42,294.55,187.34,585.50,0.86474,-1,-1,-1
215,6,1100.37,314.07,211.10,552.62,0.87191,-1,-1,-1
215,8,360.31,395.66,150.98,396.04,0.84844,-1,-1,-1
215,31,995.81,406.74,85.13,221.84,0.71665,-1,-1,-1
215,33,502.53,340.95,194.67,455.18,0.86414,-1,-1,-1
215,38,739.04,400.68,68.94,260.98,0.69401,-1,-1,-1
215,24,1749.55,392.83,54.92,76.94,0.34567,-1,-1,-1
216,2,788.74,292.64,191.09,586.95,0.86617,-1,-1,-1
216,6,1109.70,311.80,203.88,558.13,0.88325,-1,-1,-1
216,8,358.01,396.50,150.50,401.94,0.84676,-1,-1,-1
216,31,1002.54,411.69,81.53,217.85,0.75275,-1,-1,-1
216,33,501.34,338.13,193.80,464.92,0.87098,-1,-1,-1
216,38,741.35,400.60,67.71,260.10,0.61772,-1,-1,-1
216,24,1760.87,396.41,51.00,76.25,0.36006,-1,-1,-1
217,2,788.04,291.03,193.86,588.28,0.87237,-1,-1,-1
217,6,1116.04,309.77,202.20,559.83,0.88289,-1,-1,-1
217,8,356.29,397.18,150.15,403.56,0.84527,-1,-1,-1
217,31,1007.27,415.80,81.12,215.06,0.77357,-1,-1,-1
217,33,501.08,334.55,192.98,473.24,0.86975,-1,-1,-1
217,38,743.53,398.92,67.65,265.69,0.63531,-1,-1,-1
217,24,1768.97,394.96,47.04,77.78,0.37430,-1,-1,-1
218,2,791.27,290.41,194.34,590.64,0.87767,-1,-1,-1
218,6,1124.32,312.04,198.01,554.84,0.87402,-1,-1,-1
218,8,354.59,397.29,155.63,409.10,0.85137,-1,-1,-1
218,31,1011.78,421.96,80.32,209.52,0.75285,-1,-1,-1
218,33,502.96,328.49,190.38,483.33,0.87193,-1,-1,-1
218,38,747.91,397.87,65.91,269.72,0.67840,-1,-1,-1
218,39,663.82,399.39,55.61,197.85,0.45244,-1,-1,-1
219,2,795.49,290.93,195.12,591.79,0.87617,-1,-1,-1
219,6,1131.57,313.39,196.74,549.47,0.87449,-1,-1,-1
219,8,353.75,397.23,162.98,414.32,0.85101,-1,-1,-1
219,31,1016.94,420.92,81.20,214.63,0.71591,-1,-1,-1
219,33,506.45,325.16,189.61,488.72,0.87728,-1,-1,-1
219,38,751.12,398.14,66.59,272.66,0.68430,-1,-1,-1
219,39,666.93,405.99,56.08,186.68,0.38730,-1,-1,-1
219,24,1783.93,395.57,50.34,80.98,0.32300,-1,-1,-1
220,2,796.19,294.37,197.59,592.60,0.87042,-1,-1,-1
220,6,1137.31,314.12,196.62,546.87,0.87208,-1,-1,-1
220,8,353.54,395.76,167.03,417.58,0.85805,-1,-1,-1
220,31,1021.30,420.11,81.26,216.06,0.72204,-1,-1,-1
220,33,509.59,323.01,188.95,492.42,0.86671,-1,-1,-1
220,38,752.08,398.44,70.54,273.33,0.67230,-1,-1,-1
220,39,666.41,405.58,59.78,179.61,0.55867,-1,-1,-1
220,24,1793.04,394.62,49.58,81.79,0.41075,-1,-1,-1
221,2,801.60,297.13,198.94,594.81,0.85879,-1,-1,-1
221,6,1145.37,314.74,198.22,546.16,0.87333,-1,-1,-1
221,8,352.61,391.54,170.54,423.27,0.85082,-1,-1,-1
221,31,1026.49,422.51,80.92,214.97,0.71136,-1,-1,-1
221,33,510.93,319.24,188.75,497.49,0.86547,-1,-1,-1
221,38,754.66,397.09,73.92,276.46,0.70187,-1,-1,-1
221,39,665.98,404.91,64.05,182.86,0.54039,-1,-1,-1
221,24,1799.13,394.83,52.19,84.73,0.49365,-1,-1,-1
222,2,807.47,299.51,197.21,597.29,0.85650,-1,-1,-1
222,6,1154.86,317.50,194.43,545.91,0.88924,-1,-1,-1
222,8,351.66,388.13,172.77,428.19,0.85454,-1,-1,-1
222,31,1026.39,423.72,85.74,216.23,0.71242,-1,-1,-1
222,33,511.92,316.18,189.20,503.05,0.87453,-1,-1,-1
222,38,757.83,397.14,76.89,278.10,0.71763,-1,-1,-1
222,39,667.74,406.53,68.24,186.20,0.50399,-1,-1,-1
222,24,1810.75,398.36,50.63,82.27,0.49109,-1,-1,-1
223,2,815.63,301.94,194.01,596.61,0.87083,-1,-1,-1
223,6,1162.93,317.49,191.49,547.40,0.88058,-1,-1,-1
223,8,349.02,386.16,175.56,431.10,0.85011,-1,-1,-1
223,31,1033.84,421.73,80.87,218.54,0.70519,-1,-1,-1
223,33,511.88,313.09,191.57,504.15,0.87397,-1,-1,-1
223,38,760.34,396.01,79.11,279.66,0.72070,-1,-1,-1
223,39,668.88,407.01,70.58,189.09,0.54396,-1,-1,-1
223,24,1816.93,396.56,52.59,84.93,0.49553,-1,-1,-1
223,41,1432.61,523.82,157.24,334.31,0.35617,-1,-1,-1
224,2,822.17,304.49,194.02,594.50,0.87975,-1,-1,-1
224,6,1169.48,313.58,189.62,553.36,0.88608,-1,-1,-1
224,8,347.73,385.04,175.00,432.58,0.84867,-1,-1,-1
224,31,1038.63,419.82,80.84,219.10,0.75685,-1,-1,-1
224,33,510.29,306.89,195.22,512.34,0.87617,-1,-1,-1
224,38,761.73,393.72,82.14,284.53,0.81849,-1,-1,-1
224,39,670.96,406.77,70.82,193.89,0.41239,-1,-1,-1
224,24,1822.96,395.26,55.87,87.59,0.44279,-1,-1,-1
224,41,1443.42,530.91,147.44,327.00,0.41323,-1,-1,-1
225,2,826.53,304.29,198.25,593.95,0.88050,-1,-1,-1
225,6,1176.01,313.69,188.68,554.88,0.88260,-1,-1,-1
225,8,347.20,383.91,170.83,435.57,0.85298,-1,-1,-1
225,31,1040.22,420.69,81.53,216.89,0.76669,-1,-1,-1
225,33,507.96,301.31,199.63,523.32,0.87041,-1,-1,-1
225,38,761.71,393.08,86.98,286.65,0.81226,-1,-1,-1
225,39,672.26,405.03,70.22,199.75,0.53284,-1,-1,-1
225,24,1833.20,397.49,54.56,85.05,0.44071,-1,-1,-1
226,2,834.63,302.75,196.46,589.29,0.87217,-1,-1,-1
226,6,1179.97,313.54,187.25,557.43,0.87124,-1,-1,-1
226,8,341.78,381.88,170.99,438.76,0.86165,-1,-1,-1
226,31,1039.90,422.24,82.41,214.24,0.75523,-1,-1,-1
226,33,501.39,299.64,205.89,532.07,0.87151,-1,-1,-1
226,38,760.83,393.25,92.62,288.10,0.79399,-1,-1,-1
226,39,671.94,405.20,72.02,210.46,0.64712,-1,-1,-1
226,24,1836.57,396.03,58.30,86.92,0.63318,-1,-1,-1
227,2,837.61,302.03,197.22,582.06,0.87337,-1,-1,-1
227,6,1183.05,314.43,187.68,558.44,0.86373,-1,-1,-1
227,8,335.27,379.29,171.45,447.14,0.85018,-1,-1,-1
227,31,1041.23,425.65,84.78,209.82,0.76232,-1,-1,-1
227,33,494.41,296.41,211.05,544.08,0.87623,-1,-1,-1
227,38,756.94,393.32,99.18,290.30,0.78565,-1,-1,-1
227,39,671.29,403.93,73.48,216.44,0.66994,-1,-1,-1
227,24,1839.10,397.77,62.77,86.07,0.42837,-1,-1,-1
228,2,840.34,299.63,195.98,592.21,0.86646,-1,-1,-1
228,6,1184.80,315.05,186.99,562.63,0.86410,-1,-1,-1
228,8,330.04,373.34,165.74,459.89,0.84969,-1,-1,-1
228,31,1042.55,421.88,85.37,212.63,0.76583,-1,-1,-1
228,33,478.17,292.09,225.39,553.14,0.87462,-1,-1,-1
228,38,754.69,392.91,103.64,293.02,0.79765,-1,-1,-1
228,39,667.42,401.59,77.69,224.31,0.64816,-1,-1,-1
228,24,1841.45,397.99,65.55,85.68,0.36090,-1,-1,-1
229,2,846.39,297.73,191.46,592.64,0.85797,-1,-1,-1
229,6,1185.25,316.44,186.81,564.99,0.86634,-1,-1,-1
229,8,322.18,369.91,163.57,471.30,0.84556,-1,-1,-1
229,31,1045.46,421.33,83.81,212.88,0.76059,-1,-1,-1
229,33,471.85,290.54,227.78,556.84,0.86910,-1,-1,-1
229,38,754.23,393.78,103.62,296.18,0.80258,-1,-1,-1
229,39,663.60,401.41,80.64,227.09,0.63767,-1,-1,-1
229,24,1846.54,397.39,63.51,88.05,0.43522,-1,-1,-1
230,2,852.97,297.80,188.03,585.64,0.85122,-1,-1,-1
230,6,1186.06,317.16,186.40,565.45,0.86780,-1,-1,-1
230,8,310.72,370.69,171.41,480.70,0.86938,-1,-1,-1
230,31,1047.67,420.25,81.52,215.10,0.76086,-1,-1,-1
230,33,456.41,290.24,239.35,566.24,0.85060,-1,-1,-1
230,38,754.27,395.57,103.35,297.76,0.80801,-1,-1,-1
230,39,659.10,399.39,84.95,231.52,0.68410,-1,-1,-1
230,24,1849.34,398.93,65.24,89.00,0.47761,-1,-1,-1
231,2,859.53,298.38,182.78,578.08,0.85678,-1,-1,-1
231,6,1185.28,316.55,186.38,567.38,0.86156,-1,-1,-1
231,8,296.62,373.92,175.75,482.94,0.84503,-1,-1,-1
231,31,1047.39,417.99,80.87,217.89,0.74910,-1,-1,-1
231,33,445.55,288.22,246.57,579.13,0.83158,-1,-1,-1
231,38,753.72,395.61,103.15,300.33,0.81871,-1,-1,-1
231,39,653.45,398.17,89.99,242.12,0.69438,-1,-1,-1
231,24,1850.41,401.24,66.51,89.40,0.53566,-1,-1,-1
232,2,861.93,298.80,180.18,574.95,0.84986,-1,-1,-1
232,6,1183.23,316.85,186.30,570.18,0.86239,-1,-1,-1
232,8,279.16,373.00,177.68,492.64,0.82711,-1,-1,-1
232,31,1045.07,421.02,79.85,215.85,0.75404,-1,-1,-1
232,33,437.24,287.10,246.06,588.59,0.85703,-1,-1,-1
232,38,749.65,399.11,103.41,300.92,0.83662,-1,-1,-1
232,39,646.66,398.57,92.97,260.16,0.77556,-1,-1,-1
232,24,1851.00,402.90,66.14,90.79,0.52906,-1,-1,-1
232,41,1469.92,478.40,148.12,410.73,0.31504,-1,-1,-1
233,2,857.62,301.39,182.20,580.26,0.86227,-1,-1,-1
233,6,1179.48,318.54,188.67,575.55,0.86098,-1,-1,-1
233,8,257.54,371.37,188.87,506.85,0.87209,-1,-1,-1
233,31,1042.01,422.36,79.84,218.73,0.75422,-1,-1,-1
233,33,425.98,285.10,247.26,603.10,0.88186,-1,-1,-1
233,38,737.81,396.98,109.83,305.89,0.82724,-1,-1,-1
233,39,637.51,403.83,95.50,274.65,0.77533,-1,-1,-1
233,24,1849.48,407.51,67.03,89.39,0.53307,-1,-1,-1
234,2,856.16,302.72,183.37,583.30,0.87061,-1,-1,-1
234,6,1174.15,321.03,192.20,575.73,0.87147,-1,-1,-1
234,8,246.17,368.64,190.21,519.61,0.87808,-1,-1,-1
234,31,1036.86,425.38,80.72,218.36,0.72102,-1,-1,-1
234,33,411.85,281.23,245.72,615.11,0.89174,-1,-1,-1
234,38,733.57,393.12,109.19,311.28,0.82166,-1,-1,-1
234,39,630.09,403.82,97.41,285.20,0.78052,-1,-1,-1
234,24,1847.99,411.36,67.22,86.58,0.48903,-1,-1,-1
235,2,855.39,303.43,184.31,586.89,0.87448,-1,-1,-1
235,6,1165.91,320.78,196.97,577.45,0.87782,-1,-1,-1
235,8,232.33,364.34,191.07,531.91,0.88497,-1,-1,-1
235,31,1036.04,425.96,79.41,217.71,0.70892,-1,-1,-1
235,33,396.78,274.09,248.49,625.83,0.87645,-1,-1,-1
235,38,724.10,391.38,111.34,314.33,0.80843,-1,-1,-1
235,39,623.79,403.92,96.55,290.84,0.78666,-1,-1,-1
235,24,1849.33,413.02,65.77,86.47,0.44554,-1,-1,-1
236,2,856.43,306.27,182.06,588.95,0.87610,-1,-1,-1
236,6,1159.10,322.83,202.08,577.41,0.87167,-1,-1,-1
236,8,218.89,362.77,193.97,537.62,0.84357,-1,-1,-1
236,31,1032.79,428.20,81.19,215.05,0.66858,-1,-1,-1
236,33,386.11,269.92,245.20,635.55,0.86914,-1,-1,-1
236,38,720.74,391.83,110.38,318.55,0.79578,-1,-1,-1
236,39,614.31,405.25,100.14,301.05,0.83061,-1,-1,-1
236,24,1850.04,415.55,65.91,85.95,0.50091,-1,-1,-1
237,2,857.73,310.46,178.52,589.01,0.87851,-1,-1,-1
237,6,1154.17,324.72,206.50,573.03,0.87870,-1,-1,-1
237,8,204.53,360.90,197.68,543.81,0.86546,-1,-1,-1
237,31,1033.52,428.18,78.19,218.23,0.69000,-1,-1,-1
237,33,375.37,266.10,244.00,643.33,0.86566,-1,-1,-1
237,38,711.03,392.84,116.40,321.95,0.79963,-1,-1,-1
237,39,607.10,406.14,99.97,306.08,0.79099,-1,-1,-1
237,24,1849.36,416.78,66.78,87.53,0.50127,-1,-1,-1
238,2,857.58,312.63,175.31,591.56,0.87617,-1,-1,-1
238,6,1148.80,328.24,211.58,566.55,0.87798,-1,-1,-1
238,8,190.51,354.18,198.70,555.47,0.85886,-1,-1,-1
238,31,1034.76,427.76,75.51,221.02,0.53703,-1,-1,-1
238,33,361.32,261.26,242.06,656.13,0.86875,-1,-1,-1
238,38,710.50,389.86,114.64,326.37,0.81412,-1,-1,-1
238,39,599.04,406.54,102.66,308.62,0.79569,-1,-1,-1
238,24,1847.12,416.91,68.54,90.46,0.54330,-1,-1,-1
239,2,856.10,317.19,173.78,591.04,0.86728,-1,-1,-1
239,6,1145.10,328.39,212.93,564.79,0.88118,-1,-1,-1
239,8,176.07,350.86,195.68,564.80,0.88702,-1,-1,-1
239,31,1031.69,427.46,72.60,224.30,0.55598,-1,-1,-1
239,33,340.89,258.02,252.11,663.02,0.86379,-1,-1,-1
239,38,702.54,388.39,118.08,330.57,0.83221,-1,-1,-1
239,39,592.05,405.81,102.47,313.44,0.76135,-1,-1,-1
239,24,1846.47,418.37,67.19,91.16,0.56515,-1,-1,-1
240,2,851.45,321.73,170.73,590.14,0.85862,-1,-1,-1
240,6,1137.00,328.19,217.37,567.09,0.88834,-1,-1,-1
240,8,154.79,346.83,202.56,574.58,0.84351,-1,-1,-1
240,31,1029.50,431.97,73.25,227.23,0.58801,-1,-1,-1
240,33,313.94,253.56,273.11,671.17,0.87656,-1,-1,-1
240,38,696.45,388.16,119.46,334.37,0.81868,-1,-1,-1
240,39,586.39,406.98,102.17,315.80,0.76656,-1,-1,-1
240,24,1842.16,420.72,68.32,92.24,0.58941,-1,-1,-1
241,2,845.41,323.53,168.65,589.69,0.86591,-1,-1,-1
241,6,1131.72,327.31,217.88,570.03,0.87633,-1,-1,-1
241,8,136.99,346.59,206.42,576.19,0.84626,-1,-1,-1
241,31,1020.95,428.95,78.10,226.81,0.50007,-1,-1,-1
241,33,302.61,250.39,269.09,678.20,0.88292,-1,-1,-1
241,38,690.72,389.15,121.11,335.67,0.81604,-1,-1,-1
241,39,577.83,407.20,102.91,322.72,0.82540,-1,-1,-1
241,24,1840.12,423.51,68.38,89.92,0.45030,-1,-1,-1
242,2,836.16,324.44,168.98,588.91,0.85025,-1,-1,-1
242,6,1128.17,328.11,217.13,570.32,0.86832,-1,-1,-1
242,8,105.87,341.47,224.17,588.44,0.84603,-1,-1,-1
242,31,1013.46,425.67,78.36,231.52,0.52462,-1,-1,-1
242,33,283.47,245.98,277.75,692.97,0.88670,-1,-1,-1
242,38,682.50,389.29,122.37,338.33,0.81293,-1,-1,-1
242,39,568.71,405.01,103.72,328.49,0.83417,-1,-1,-1
242,24,1831.48,422.34,74.25,92.89,0.43645,-1,-1,-1
243,2,826.95,321.16,172.53,591.00,0.84132,-1,-1,-1
243,6,1123.50,329.09,215.78,571.38,0.87050,-1,-1,-1
243,8,83.65,338.93,230.83,597.19,0.81690,-1,-1,-1
243,31,1007.74,425.98,78.44,239.32,0.54911,-1,-1,-1
243,33,254.02,241.85,297.75,714.03,0.88717,-1,-1,-1
243,38,678.74,389.39,118.60,342.62,0.81603,-1,-1,-1
243,39,555.40,403.62,110.62,331.95,0.81326,-1,-1,-1
243,24,1826.40,421.20,72.79,93.99,0.55401,-1,-1,-1
243,41,1442.17,473.38,159.68,425.12,0.42789,-1,-1,-1
244,2,817.24,318.94,176.72,591.63,0.84015,-1,-1,-1
244,6,1117.40,331.48,216.42,571.29,0.86084,-1,-1,-1
244,8,64.15,336.49,233.35,621.01,0.82403,-1,-1,-1
244,31,1004.10,425.96,78.70,236.74,0.68180,-1,-1,-1
244,33,222.13,237.45,319.24,748.39,0.86533,-1,-1,-1
244,38,673.87,391.57,115.73,343.33,0.83838,-1,-1,-1
244,39,543.91,401.44,113.79,338.25,0.76880,-1,-1,-1
244,24,1823.05,421.30,71.77,92.96,0.56895,-1,-1,-1
245,2,805.15,317.72,182.36,587.93,0.84717,-1,-1,-1
245,6,1113.22,332.69,216.07,571.45,0.86535,-1,-1,-1
245,8,29.87,335.39,249.84,633.92,0.85753,-1,-1,-1
245,31,1001.84,416.64,76.94,241.04,0.57988,-1,-1,-1
245,33,202.49,235.69,327.80,752.27,0.85772,-1,-1,-1
245,38,665.93,392.79,117.73,345.88,0.83069,-1,-1,-1
245,39,532.19,399.58,115.34,345.11,0.78780,-1,-1,-1
245,24,1820.63,421.81,69.62,92.79,0.56560,-1,-1,-1
246,2,795.02,317.06,189.60,580.59,0.84838,-1,-1,-1
246,6,1108.93,333.26,217.67,572.93,0.87303,-1,-1,-1
246,8,12.37,333.86,248.01,643.51,0.85085,-1,-1,-1
246,31,998.20,417.59,75.53,235.16,0.61040,-1,-1,-1
246,33,183.18,232.71,338.40,789.04,0.88507,-1,-1,-1
246,38,654.90,392.26,121.74,351.93,0.82066,-1,-1,-1
246,39,521.00,397.91,120.31,350.63,0.80277,-1,-1,-1
246,24,1817.65,421.96,68.51,92.31,0.53178,-1,-1,-1
247,2,788.90,317.21,193.86,577.16,0.84349,-1,-1,-1
247,6,1104.59,335.25,220.00,573.32,0.87298,-1,-1,-1
247,8,0.00,334.93,245.60,655.84,0.86505,-1,-1,-1
247,31,994.66,427.07,74.68,225.52,0.51311,-1,-1,-1
247,33,153.04,230.22,357.07,810.37,0.87509,-1,-1,-1
247,38,646.90,393.16,125.58,355.35,0.82293,-1,-1,-1
247,39,513.04,398.34,119.30,358.33,0.76638,-1,-1,-1
247,24,1811.44,421.20,69.76,92.64,0.52519,-1,-1,-1
247,44,951.87,391.01,58.67,339.96,0.32630,-1,-1,-1
248,2,783.01,320.20,200.91,576.61,0.82742,-1,-1,-1
248,6,1099.78,336.62,221.75,580.34,0.87708,-1,-1,-1
248,8,0.00,336.13,232.46,674.57,0.85002,-1,-1,-1
248,31,991.59,426.46,73.13,235.01,0.43224,-1,-1,-1
248,33,118.48,230.13,379.33,815.54,0.87769,-1,-1,-1
248,38,639.92,396.99,125.98,358.24,0.78276,-1,-1,-1
248,39,504.77,400.33,117.67,365.92,0.80869,-1,-1,-1
248,24,1814.19,424.72,61.98,92.09,0.35026,-1,-1,-1
248,44,946.14,386.91,60.78,355.87,0.40886,-1,-1,-1
249,2,778.82,322.97,197.73,577.49,0.82988,-1,-1,-1
249,6,1099.65,338.79,220.38,584.83,0.87707,-1,-1,-1
249,8,0.00,349.05,208.62,685.52,0.82941,-1,-1,-1
249,31,988.45,435.84,72.48,241.37,0.32227,-1,-1,-1
249,33,96.43,227.33,385.68,834.53,0.88279,-1,-1,-1
249,38,632.35,396.93,130.38,365.70,0.78015,-1,-1,-1
249,39,496.93,403.22,121.83,375.41,0.79653,-1,-1,-1
249,24,1806.72,425.32,68.16,91.48,0.49072,-1,-1,-1
249,44,940.83,370.84,66.13,378.14,0.58730,-1,-1,-1
249,41,1410.26,479.63,169.77,437.18,0.37655,-1,-1,-1
250,2,775.55,322.59,197.81,581.40,0.83655,-1,-1,-1
250,6,1100.68,339.58,219.55,588.01,0.87888,-1,-1,-1
250,8,0.00,345.93,189.07,714.20,0.83062,-1,-1,-1
250,33,80.02,222.89,387.74,848.70,0.85870,-1,-1,-1
250,38,628.54,396.87,132.10,371.72,0.81571,-1,-1,-1
250,39,492.51,406.13,121.91,380.59,0.78770,-1,-1,-1
250,24,1809.64,425.96,66.84,90.73,0.38742,-1,-1,-1
250,44,937.96,370.37,71.10,381.85,0.56050,-1,-1,-1
251,2,774.08,326.53,196.77,584.63,0.84828,-1,-1,-1
251,6,1102.20,339.91,218.18,591.53,0.87951,-1,-1,-1
251,8,0.00,342.37,174.82,729.54,0.83933,-1,-1,-1
251,33,69.37,218.88,381.87,859.20,0.88533,-1,-1,-1
251,38,625.18,398.94,133.97,375.94,0.81664,-1,-1,-1
251,39,486.52,411.54,126.10,383.07,0.83836,-1,-1,-1
251,24,1809.66,428.80,69.29,88.46,0.35650,-1,-1,-1
251,44,938.40,370.15,69.39,385.67,0.48152,-1,-1,-1
251,31,984.19,452.50,73.56,282.12,0.37263,-1,-1,-1
252,2,773.55,329.18,193.11,589.15,0.85101,-1,-1,-1
252,6,1103.35,341.59,217.43,591.99,0.88082,-1,-1,-1
252,8,0.00,340.43,158.92,735.74,0.82762,-1,-1,-1
252,33,63.26,213.41,373.46,866.29,0.88864,-1,-1,-1
252,38,614.51,400.15,142.73,379.85,0.82055,-1,-1,-1
252,39,479.31,414.31,131.09,384.71,0.83349,-1,-1,-1
252,24,1807.65,430.09,75.36,88.13,0.31577,-1,-1,-1
252,44,936.87,362.39,75.14,396.06,0.43114,-1,-1,-1
253,2,772.96,329.65,192.36,594.99,0.85232,-1,-1,-1
253,6,1107.49,340.56,215.85,595.01,0.87156,-1,-1,-1
253,8,0.00,336.95,140.82,742.08,0.83481,-1,-1,-1
253,33,61.86,204.53,360.71,870.52,0.90573,-1,-1,-1
253,38,604.85,397.87,150.60,380.39,0.83420,-1,-1,-1
253,39,473.01,413.21,135.49,390.22,0.83621,-1,-1,-1
253,24,1811.79,427.22,73.65,88.72,0.31785,-1,-1,-1
253,44,933.84,366.41,79.02,391.04,0.48593,-1,-1,-1
253,31,958.10,437.74,96.89,317.22,0.37785,-1,-1,-1
254,2,774.36,333.55,194.17,595.69,0.84851,-1,-1,-1
254,6,1111.68,340.34,213.16,593.43,0.87034,-1,-1,-1
254,8,0.00,337.44,126.05,741.68,0.83016,-1,-1,-1
254,33,50.01,199.01,357.38,875.63,0.91194,-1,-1,-1
254,38,602.86,399.13,153.46,381.53,0.84747,-1,-1,-1
254,39,470.15,416.23,135.77,395.72,0.83812,-1,-1,-1
254,24,1817.12,425.71,71.61,83.76,0.32588,-1,-1,-1
254,31,948.74,408.95,107.32,354.50,0.63355,-1,-1,-1
255,2,776.72,337.76,198.59,594.32,0.85910,-1,-1,-1
255,6,1115.71,338.67,213.86,591.62,0.87792,-1,-1,-1
255,8,0.00,334.68,108.57,744.51,0.75946,-1,-1,-1
255,33,33.65,190.50,363.80,885.42,0.91127,-1,-1,-1
255,38,600.93,399.42,156.56,384.42,0.83977,-1,-1,-1
255,39,468.53,416.65,135.62,400.67,0.83489,-1,-1,-1
255,24,1821.49,423.58,74.40,88.65,0.46489,-1,-1,-1
255,31,946.31,401.36,116.65,366.25,0.69138,-1,-1,-1
256,2,783.82,344.66,194.95,590.47,0.86541,-1,-1,-1
256,6,1120.98,340.79,215.35,586.43,0.87708,-1,-1,-1
256,8,0.13,334.48,94.33,742.87,0.70251,-1,-1,-1
256,33,16.87,181.16,373.07,897.00,0.90727,-1,-1,-1
256,38,597.97,401.47,162.04,388.23,0.83782,-1,-1,-1
256,39,466.62,416.55,139.27,407.05,0.82957,-1,-1,-1
256,24,1824.08,424.06,81.38,91.45,0.54123,-1,-1,-1
256,31,947.92,398.32,124.88,372.62,0.66544,-1,-1,-1
257,2,789.84,350.43,194.60,584.79,0.87377,-1,-1,-1
257,6,1127.58,341.54,214.17,581.36,0.88271,-1,-1,-1
257,8,0.10,397.05,82.11,674.60,0.53480,-1,-1,-1
257,33,6.60,178.92,374.68,894.82,0.90806,-1,-1,-1
257,38,596.37,401.14,163.49,395.46,0.83011,-1,-1,-1
257,39,465.01,416.25,140.97,412.12,0.82370,-1,-1,-1
257,24,1831.16,424.95,79.00,92.45,0.36148,-1,-1,-1
257,31,952.26,413.92,128.28,359.29,0.53530,-1,-1,-1
258,2,796.23,350.49,191.83,584.64,0.86584,-1,-1,-1
258,6,1134.06,340.53,212.11,581.12,0.87777,-1,-1,-1
258,33,0.00,173.52,374.63,897.69,0.91884,-1,-1,-1
258,38,594.18,400.49,165.08,403.65,0.83851,-1,-1,-1
258,39,463.28,413.73,140.47,416.21,0.82658,-1,-1,-1
258,24,1829.99,421.89,85.09,95.21,0.44873,-1,-1,-1
258,31,958.09,431.82,128.18,340.86,0.50413,-1,-1,-1
259,2,800.21,350.85,191.05,586.52,0.87026,-1,-1,-1
259,6,1139.18,340.45,209.54,581.41,0.89358,-1,-1,-1
259,33,0.00,167.70,369.63,902.58,0.92221,-1,-1,-1
259,38,588.80,403.06,169.57,403.91,0.85106,-1,-1,-1
259,39,459.47,410.60,138.75,416.73,0.83268,-1,-1,-1
259,24,1844.17,421.93,75.31,94.45,0.42421,-1,-1,-1
259,31,961.48,428.54,127.85,345.05,0.58501,-1,-1,-1
260,2,804.40,349.03,191.47,588.05,0.85024,-1,-1,-1
260,6,1145.10,340.13,206.27,586.13,0.89582,-1,-1,-1
260,33,0.00,159.67,364.58,911.26,0.93029,-1,-1,-1
260,38,584.67,407.30,173.55,403.45,0.84127,-1,-1,-1
260,39,453.84,407.97,141.74,421.64,0.82380,-1,-1,-1
260,24,1851.43,423.24,68.57,93.91,0.36968,-1,-1,-1
260,31,973.51,431.07,119.81,340.74,0.59544,-1,-1,-1
261,2,814.09,345.45,185.70,578.84,0.85066,-1,-1,-1
261,6,1148.62,340.10,204.45,588.64,0.90392,-1,-1,-1
261,33,0.00,151.11,357.96,921.50,0.93337,-1,-1,-1
261,38,584.45,409.65,171.75,406.16,0.82453,-1,-1,-1
261,39,449.74,404.70,143.69,425.56,0.81898,-1,-1,-1
261,24,1854.26,423.85,65.74,94.51,0.39538,-1,-1,-1
261,31,975.62,431.20,120.57,342.24,0.67285,-1,-1,-1
261,45,784.44,455.05,56.34,203.07,0.57507,-1,-1,-1
262,2,820.84,342.74,182.08,571.21,0.86148,-1,-1,-1
262,6,1151.96,339.56,203.39,590.66,0.90561,-1,-1,-1
262,33,0.00,142.88,348.97,930.64,0.93274,-1,-1,-1
262,38,588.95,410.49,162.93,409.28,0.78422,-1,-1,-1
262,39,445.60,403.30,144.14,432.32,0.84757,-1,-1,-1
262,24,1860.05,423.40,59.95,95.12,0.46835,-1,-1,-1
262,31,976.83,429.73,123.05,344.35,0.66185,-1,-1,-1
262,45,784.29,455.17,58.00,206.80,0.57399,-1,-1,-1
263,2,826.04,341.12,176.89,566.50,0.84990,-1,-1,-1
263,6,1155.98,337.32,202.12,593.67,0.90563,-1,-1,-1
263,33,0.00,130.42,337.39,942.22,0.93105,-1,-1,-1
263,38,588.36,407.94,156.93,417.59,0.71761,-1,-1,-1
263,39,440.16,400.15,144.37,439.73,0.84733,-1,-1,-1
263,24,1864.15,423.42,55.85,94.33,0.36723,-1,-1,-1
263,31,981.98,427.16,122.60,346.57,0.66313,-1,-1,-1
263,45,784.29,451.81,60.36,211.50,0.59348,-1,-1,-1
264,2,827.12,339.74,175.90,564.34,0.83885,-1,-1,-1
264,6,1158.81,335.74,202.05,595.62,0.89802,-1,-1,-1
264,33,0.00,121.85,324.37,948.82,0.91929,-1,-1,-1
264,38,585.80,404.22,153.92,424.49,0.77528,-1,-1,-1
264,39,428.85,395.17,153.96,452.67,0.84786,-1,-1,-1
264,24,1866.06,421.11,48.46,93.93,0.33872,-1,-1,-1
264,31,983.51,422.35,129.17,351.94,0.62870,-1,-1,-1
264,45,786.47,448.78,59.51,216.17,0.63586,-1,-1,-1
265,2,829.89,331.70,170.99,567.19,0.84121,-1,-1,-1
265,6,1160.04,333.52,202.61,597.82,0.89748,-1,-1,-1
265,33,0.00,113.19,307.40,954.97,0.89636,-1,-1,-1
265,38,585.22,397.25,146.41,428.77,0.78138,-1,-1,-1
265,39,416.95,393.44,161.55,456.53,0.84649,-1,-1,-1
265,24,1868.73,419.64,49.32,94.80,0.37961,-1,-1,-1
265,31,992.42,415.46,127.52,356.34,0.78419,-1,-1,-1
265,45,786.54,444.92,61.64,226.58,0.69281,-1,-1,-1
266,2,832.58,325.52,168.62,574.07,0.84973,-1,-1,-1
266,6,1161.33,331.52,202.46,600.91,0.89771,-1,-1,-1
266,33,0.00,114.06,285.22,948.65,0.82942,-1,-1,-1
266,38,576.92,390.94,149.79,429.69,0.76260,-1,-1,-1
266,39,407.44,394.78,160.96,457.47,0.82548,-1,-1,-1
266,24,1875.74,419.33,43.49,95.29,0.46020,-1,-1,-1
266,31,996.01,409.92,136.08,359.55,0.76435,-1,-1,-1
266,45,786.08,443.16,64.62,230.22,0.74973,-1,-1,-1
267,2,836.51,323.10,165.32,577.27,0.84379,-1,-1,-1
267,6,1163.07,330.07,202.52,603.07,0.89535,-1,-1,-1
267,33,0.00,194.56,257.47,862.51,0.81996,-1,-1,-1
267,38,554.49,381.99,169.15,441.86,0.82806,-1,-1,-1
267,39,403.12,390.31,156.36,464.80,0.83430,-1,-1,-1
267,24,1881.48,418.50,38.07,95.07,0.49971,-1,-1,-1
267,31,1004.20,406.11,134.02,360.45,0.77355,-1,-1,-1
267,45,786.21,441.92,67.33,234.94,0.76054,-1,-1,-1
267,46,722.17,467.25,41.02,142.00,0.30714,-1,-1,-1
268,2,842.19,323.11,158.14,579.29,0.84491,-1,-1,-1
268,6,1163.79,328.07,202.75,604.70,0.89723,-1,-1,-1
268,33,0.00,225.52,218.69,785.06,0.83560,-1,-1,-1
268,38,550.93,375.56,169.26,450.83,0.83877,-1,-1,-1
268,39,400.16,388.98,154.78,469.76,0.84251,-1,-1,-1
268,24,1884.12,416.84,35.45,95.65,0.48858,-1,-1,-1
268,31,1009.42,403.78,132.17,363.01,0.80197,-1,-1,-1
268,45,785.49,440.89,70.75,237.33,0.79255,-1,-1,-1
268,46,721.39,466.74,40.86,140.91,0.31049,-1,-1,-1
269,2,846.29,323.26,152.08,579.62,0.84598,-1,-1,-1
269,6,1163.13,324.81,203.40,610.52,0.88787,-1,-1,-1
269,33,0.00,224.39,186.61,807.22,0.82257,-1,-1,-1
269,38,546.75,365.03,168.30,461.55,0.83240,-1,-1,-1
269,39,393.43,381.04,156.01,480.46,0.86933,-1,-1,-1
269,24,1885.39,413.60,33.78,98.30,0.45490,-1,-1,-1
269,31,1005.19,400.62,139.67,369.77,0.72687,-1,-1,-1
269,45,784.28,438.18,71.41,237.24,0.77753,-1,-1,-1
270,2,836.22,319.87,162.06,581.77,0.81528,-1,-1,-1
270,6,1161.86,318.98,203.13,614.60,0.88202,-1,-1,-1
270,33,0.00,222.03,155.30,607.35,0.59283,-1,-1,-1
270,38,541.92,353.45,170.99,471.70,0.84087,-1,-1,-1
270,39,384.80,371.79,161.73,488.74,0.87592,-1,-1,-1
270,24,1887.66,410.65,31.23,100.23,0.37467,-1,-1,-1
270,31,1003.46,396.68,145.20,373.22,0.64320,-1,-1,-1
270,45,782.56,434.44,71.77,235.01,0.75373,-1,-1,-1
271,2,833.89,319.67,163.01,579.57,0.79823,-1,-1,-1
271,6,1161.24,316.21,202.37,612.62,0.89052,-1,-1,-1
271,33,0.00,220.32,128.12,584.12,0.39949,-1,-1,-1
271,38,536.14,347.84,174.39,475.45,0.84196,-1,-1,-1
271,39,375.66,365.21,168.14,494.87,0.87476,-1,-1,-1
271,24,1890.46,406.04,28.28,103.37,0.32647,-1,-1,-1
271,31,1008.00,395.42,141.36,374.67,0.75994,-1,-1,-1
271,45,780.87,430.68,72.13,233.71,0.76212,-1,-1,-1
272,2,837.32,317.08,152.49,577.06,0.84206,-1,-1,-1
272,6,1159.25,309.81,200.63,611.15,0.89486,-1,-1,-1
272,33,0.00,239.08,99.14,566.54,0.31669,-1,-1,-1
272,38,529.77,342.90,175.07,478.35,0.85754,-1,-1,-1
272,39,360.01,353.32,170.75,505.43,0.87198,-1,-1,-1
272,24,1887.72,402.98,30.45,102.23,0.35037,-1,-1,-1
272,31,1008.78,392.45,139.64,373.92,0.78881,-1,-1,-1
272,45,776.75,425.27,72.34,230.34,0.79216,-1,-1,-1
272,44,962.08,361.38,72.48,397.71,0.41144,-1,-1,-1
272,46,710.60,458.49,40.90,134.50,0.35190,-1,-1,-1
273,2,831.73,315.63,152.85,572.88,0.83695,-1,-1,-1
273,6,1155.19,304.69,200.39,610.32,0.89880,-1,-1,-1
273,38,522.93,337.93,173.22,480.47,0.86748,-1,-1,-1
273,39,343.74,343.65,170.62,512.66,0.88057,-1,-1,-1
273,24,1883.16,397.77,34.73,103.69,0.45270,-1,-1,-1
273,31,1007.02,390.07,139.09,375.44,0.78863,-1,-1,-1
273,45,769.29,419.08,74.06,229.25,0.74375,-1,-1,-1
273,44,960.73,358.99,67.61,397.73,0.37333,-1,-1,-1
273,46,703.53,450.08,43.73,138.18,0.39932,-1,-1,-1
274,2,826.34,307.80,153.57,575.91,0.85143,-1,-1,-1
274,6,1150.31,300.55,202.40,606.68,0.89616,-1,-1,-1
274,38,516.52,332.75,179.07,488.50,0.86215,-1,-1,-1
274,39,330.88,333.67,168.22,518.49,0.86987,-1,-1,-1
274,24,1880.03,391.10,37.53,107.20,0.47371,-1,-1,-1
274,31,999.92,386.34,144.30,378.23,0.79551,-1,-1,-1
274,45,764.75,412.75,72.66,238.54,0.70618,-1,-1,-1
274,46,698.85,444.08,42.70,138.95,0.43616,-1,-1,-1
275,2,815.18,301.58,163.16,575.40,0.85693,-1,-1,-1
275,6,1141.10,294.34,208.82,602.09,0.88907,-1,-1,-1
275,38,506.51,325.29,184.87,496.06,0.86321,-1,-1,-1
275,39,316.50,322.39,174.60,525.05,0.86075,-1,-1,-1
275,24,1874.00,391.74,43.44,103.90,0.45133,-1,-1,-1
275,31,990.22,380.67,151.43,381.85,0.81490,-1,-1,-1
275,45,758.22,404.28,72.05,247.79,0.66665,-1,-1,-1
275,48,0.00,663.46,197.95,414.30,0.53228,-1,-1,-1
276,2,806.22,290.83,164.42,580.20,0.83759,-1,-1,-1
276,6,1135.63,288.54,212.27,597.07,0.88920,-1,-1,-1
276,38,497.50,317.70,187.56,505.53,0.86899,-1,-1,-1
276,39,300.42,315.53,180.80,531.67,0.87372,-1,-1,-1
276,24,1870.97,389.93,46.38,101.82,0.36702,-1,-1,-1
276,31,983.15,373.64,154.43,386.77,0.82685,-1,-1,-1
276,45,752.08,398.25,70.35,252.21,0.67198,-1,-1,-1
276,44,941.99,328.06,61.70,412.79,0.46715,-1,-1,-1
277,2,797.99,282.82,164.73,571.47,0.84369,-1,-1,-1
277,6,1130.12,280.85,215.05,595.75,0.88446,-1,-1,-1
277,38,488.06,305.93,188.67,509.70,0.85666,-1,-1,-1
277,39,287.67,303.55,178.81,545.31,0.88224,-1,-1,-1
277,24,1868.54,385.15,48.85,99.23,0.34309,-1,-1,-1
277,31,987.97,366.45,145.57,393.20,0.76206,-1,-1,-1
277,45,744.25,391.64,69.08,250.47,0.66064,-1,-1,-1
277,44,938.74,324.99,65.39,412.71,0.49554,-1,-1,-1
278,2,787.87,277.33,167.49,564.30,0.85646,-1,-1,-1
278,6,1124.77,274.52,215.53,596.12,0.87304,-1,-1,-1
278,38,479.86,297.77,185.79,523.30,0.86252,-1,-1,-1
278,39,273.64,298.70,178.03,553.91,0.85955,-1,-1,-1
278,24,1864.78,379.70,52.92,98.27,0.34281,-1,-1,-1
278,31,979.57,356.23,151.52,398.84,0.76728,-1,-1,-1
278,45,739.69,386.79,65.45,243.20,0.62356,-1,-1,-1
278,44,935.56,337.02,83.02,390.95,0.47078,-1,-1,-1
278,46,672.71,420.55,43.92,134.95,0.32370,-1,-1,-1
279,2,778.03,268.93,173.71,563.40,0.84004,-1,-1,-1
279,6,1121.54,266.27,217.22,596.96,0.87198,-1,-1,-1
279,38,472.50,292.03,184.99,530.92,0.87952,-1,-1,-1
279,39,258.70,291.67,185.30,566.72,0.87475,-1,-1,-1
279,24,1862.79,374.22,55.76,98.30,0.44714,-1,-1,-1
279,31,976.52,346.15,153.51,402.74,0.79647,-1,-1,-1
279,45,733.54,377.06,66.13,243.23,0.63738,-1,-1,-1
279,44,928.41,313.04,77.43,402.54,0.60631,-1,-1,-1
280,2,773.92,260.21,173.63,562.25,0.84403,-1,-1,-1
280,6,1118.46,257.06,219.62,600.41,0.86952,-1,-1,-1
280,38,468.32,281.56,184.44,542.92,0.87452,-1,-1,-1
280,39,246.63,279.14,188.08,579.58,0.86682,-1,-1,-1
280,24,1862.96,369.51,56.73,96.74,0.42330,-1,-1,-1
280,31,979.36,335.40,150.81,407.33,0.77588,-1,-1,-1
280,45,730.21,369.96,66.01,246.29,0.69249,-1,-1,-1
280,44,926.08,301.24,76.87,407.36,0.43322,-1,-1,-1
281,2,774.60,251.22,173.73,557.36,0.84718,-1,-1,-1
281,6,1119.36,249.92,219.08,600.69,0.88274,-1,-1,-1
281,38,463.56,271.60,187.24,553.00,0.88797,-1,-1,-1
281,39,234.91,270.22,196.79,589.68,0.87198,-1,-1,-1
281,24,1865.39,363.08,54.61,96.16,0.40408,-1,-1,-1
281,31,981.82,321.99,149.58,417.05,0.79685,-1,-1,-1
281,45,728.71,365.05,62.86,239.26,0.63530,-1,-1,-1
281,44,923.49,283.27,81.43,416.77,0.60547,-1,-1,-1
282,2,765.77,238.71,183.05,565.88,0.85536,-1,-1,-1
282,6,1117.66,240.20,220.01,604.61,0.87780,-1,-1,-1
282,38,458.82,250.59,191.67,568.82,0.88174,-1,-1,-1
282,39,225.33,253.45,203.67,599.72,0.88275,-1,-1,-1
282,24,1869.05,354.31,50.95,98.76,0.37496,-1,-1,-1
282,31,984.96,308.59,146.52,422.22,0.77476,-1,-1,-1
282,45,727.33,355.29,62.63,245.10,0.61623,-1,-1,-1
282,44,920.73,271.52,79.41,414.33,0.46636,-1,-1,-1
282,46,661.65,385.06,41.37,149.45,0.31067,-1,-1,-1
283,2,762.98,230.38,187.11,567.90,0.82435,-1,-1,-1
283,6,1118.82,229.47,221.60,607.32,0.88305,-1,-1,-1
283,38,453.53,232.45,197.19,576.90,0.87490,-1,-1,-1
283,39,213.61,239.47,212.02,610.01,0.87230,-1,-1,-1
283,24,1871.01,345.22,48.99,101.28,0.41235,-1,-1,-1
283,31,985.49,298.45,147.79,428.63,0.78528,-1,-1,-1
283,45,726.39,346.06,62.45,250.47,0.63423,-1,-1,-1
283,44,920.39,262.01,76.10,415.04,0.51786,-1,-1,-1
283,46,662.78,377.70,38.52,144.11,0.34567,-1,-1,-1
284,2,763.62,222.66,188.93,568.54,0.82391,-1,-1,-1
284,6,1120.80,220.63,222.98,613.39,0.88409,-1,-1,-1
284,38,445.26,220.85,206.66,577.47,0.87625,-1,-1,-1
284,39,204.82,226.74,216.64,626.31,0.87258,-1,-1,-1
284,31,980.81,288.79,157.45,434.93,0.79181,-1,-1,-1
284,45,725.43,340.65,63.68,246.97,0.62286,-1,-1,-1
284,44,919.77,253.78,74.72,418.17,0.58298,-1,-1,-1
285,2,766.39,214.83,187.00,572.11,0.85019,-1,-1,-1
285,6,1122.58,212.41,225.04,618.24,0.88944,-1,-1,-1
285,38,437.83,207.98,215.55,589.06,0.88181,-1,-1,-1
285,39,195.06,213.71,222.24,635.84,0.88126,-1,-1,-1
285,31,981.75,281.30,161.10,439.66,0.72014,-1,-1,-1
285,45,725.82,332.74,64.94,250.46,0.63841,-1,-1,-1
285,44,921.94,246.60,72.71,420.56,0.36202,-1,-1,-1
285,24,1878.43,320.30,41.57,110.75,0.31462,-1,-1,-1
285,46,664.69,363.89,37.89,140.57,0.43386,-1,-1,-1
286,2,770.64,209.40,184.37,573.41,0.85692,-1,-1,-1
286,6,1125.05,205.78,225.73,622.72,0.89120,-1,-1,-1
286,38,434.69,193.19,219.38,597.12,0.89729,-1,-1,-1
286,39,182.81,201.18,226.36,645.84,0.87124,-1,-1,-1
286,31,979.29,272.24,170.62,450.82,0.78219,-1,-1,-1
286,45,725.26,324.22,67.97,253.46,0.66908,-1,-1,-1
286,44,921.75,236.99,74.50,424.69,0.48655,-1,-1,-1
286,46,666.15,359.61,37.76,143.69,0.44352,-1,-1,-1
287,2,777.12,202.70,178.94,574.19,0.86451,-1,-1,-1
287,6,1126.39,200.20,231.35,621.42,0.88595,-1,-1,-1
287,38,432.37,179.08,222.37,606.86,0.90200,-1,-1,-1
287,39,173.55,187.49,228.98,654.85,0.87810,-1,-1,-1
287,31,977.08,261.81,181.26,458.05,0.75212,-1,-1,-1
287,45,726.36,313.97,71.42,259.02,0.73153,-1,-1,-1
287,44,923.01,230.61,78.49,423.51,0.58987,-1,-1,-1
287,46,670.18,349.88,35.59,147.83,0.32698,-1,-1,-1
288,2,779.10,198.47,180.35,571.58,0.85526,-1,-1,-1
288,6,1137.48,191.97,228.79,624.57,0.87548,-1,-1,-1
288,38,430.65,166.44,224.04,618.59,0.89777,-1,-1,-1
288,39,167.24,176.74,228.86,662.33,0.88187,-1,-1,-1
288,31,984.92,256.34,182.23,463.22,0.65687,-1,-1,-1
288,45,730.13,304.87,70.89,261.13,0.77428,-1,-1,-1
288,44,921.94,225.53,82.14,416.79,0.45591,-1,-1,-1
288,46,672.63,340.86,38.99,150.98,0.46333,-1,-1,-1
289,2,782.41,190.91,185.16,570.21,0.84067,-1,-1,-1
289,6,1146.31,185.07,230.11,627.56,0.87092,-1,-1,-1
289,38,422.84,159.90,233.83,633.31,0.90017,-1,-1,-1
289,39,155.66,163.62,233.61,674.40,0.89790,-1,-1,-1
289,31,1000.94,253.34,172.38,468.09,0.63317,-1,-1,-1
289,45,732.33,298.48,73.20,267.24,0.74952,-1,-1,-1
289,44,927.62,222.86,77.35,406.89,0.53506,-1,-1,-1
289,46,677.90,334.52,39.41,152.37,0.34463,-1,-1,-1
290,2,788.00,188.64,190.11,570.50,0.83979,-1,-1,-1
290,6,1157.80,182.25,226.15,625.72,0.87284,-1,-1,-1
290,38,416.60,153.93,241.96,650.79,0.90806,-1,-1,-1
290,39,148.06,151.69,234.44,686.70,0.90364,-1,-1,-1
290,31,1019.17,246.93,162.19,478.90,0.78866,-1,-1,-1
290,45,734.96,295.53,74.34,267.49,0.74083,-1,-1,-1
290,44,936.69,224.33,93.06,408.46,0.42673,-1,-1,-1
290,46,683.79,332.42,40.62,153.49,0.42354,-1,-1,-1
291,2,796.57,183.75,185.70,567.07,0.82248,-1,-1,-1
291,6,1171.82,177.87,218.58,623.32,0.86471,-1,-1,-1
291,38,411.10,148.56,249.66,659.99,0.90726,-1,-1,-1
291,39,138.42,140.36,238.95,696.57,0.90606,-1,-1,-1
291,31,1028.84,238.83,161.49,488.96,0.79181,-1,-1,-1
291,45,738.80,288.20,76.22,268.92,0.72802,-1,-1,-1
291,44,943.41,215.78,92.06,411.05,0.36233,-1,-1,-1
292,2,799.24,180.89,188.07,561.65,0.82766,-1,-1,-1
292,6,1182.17,173.01,216.94,619.04,0.87894,-1,-1,-1
292,38,406.51,147.55,256.29,671.40,0.90814,-1,-1,-1
292,39,130.60,134.11,237.00,709.88,0.90450,-1,-1,-1
292,31,1034.38,233.20,165.42,492.30,0.80500,-1,-1,-1
292,45,741.14,283.21,79.82,272.02,0.73893,-1,-1,-1
292,44,948.57,208.35,87.23,414.44,0.37818,-1,-1,-1
293,2,808.51,176.22,184.51,555.31,0.84132,-1,-1,-1
293,6,1191.91,170.35,214.43,612.12,0.88847,-1,-1,-1
293,38,401.67,144.84,259.90,687.04,0.90562,-1,-1,-1
293,39,114.53,131.86,245.13,730.70,0.87954,-1,-1,-1
293,31,1038.96,229.82,175.08,496.72,0.83163,-1,-1,-1
293,45,745.19,278.84,82.92,274.11,0.74619,-1,-1,-1
293,44,959.25,202.16,91.16,415.03,0.67226,-1,-1,-1
294,2,819.23,173.44,179.96,553.34,0.82546,-1,-1,-1
294,6,1207.63,169.92,209.47,611.27,0.87498,-1,-1,-1
294,38,399.45,143.76,261.67,700.67,0.90512,-1,-1,-1
294,39,88.43,131.68,265.87,752.09,0.89190,-1,-1,-1
294,31,1047.23,226.78,179.18,500.68,0.84800,-1,-1,-1
294,45,751.36,278.41,86.70,274.46,0.75570,-1,-1,-1
294,44,966.20,200.34,96.27,426.17,0.71629,-1,-1,-1
295,2,828.38,179.84,179.58,550.37,0.83258,-1,-1,-1
295,6,1223.38,171.09,202.38,613.24,0.87558,-1,-1,-1
295,38,395.91,142.19,265.53,725.36,0.90521,-1,-1,-1
295,39,63.67,130.54,284.93,768.05,0.89168,-1,-1,-1
295,31,1054.64,222.26,183.43,510.63,0.85412,-1,-1,-1
295,45,757.84,278.79,89.04,276.82,0.78900,-1,-1,-1
295,44,973.06,201.15,91.27,430.25,0.64280,-1,-1,-1
296,2,838.08,177.36,174.67,553.43,0.84250,-1,-1,-1
296,6,1235.98,172.23,197.33,616.11,0.86775,-1,-1,-1
296,38,390.57,137.50,272.22,744.92,0.90537,-1,-1,-1
296,39,40.66,130.16,299.77,780.79,0.89530,-1,-1,-1
296,31,1062.44,213.18,184.45,529.64,0.86576,-1,-1,-1
296,45,761.51,277.39,92.15,279.04,0.79592,-1,-1,-1
296,44,975.94,200.22,95.67,429.88,0.60751,-1,-1,-1
297,2,849.90,178.02,165.14,555.19,0.82501,-1,-1,-1
297,6,1249.83,172.39,193.02,623.56,0.87320,-1,-1,-1
297,38,383.07,131.69,277.61,759.46,0.91194,-1,-1,-1
297,39,29.13,127.37,304.42,799.42,0.89921,-1,-1,-1
297,31,1070.99,208.59,191.53,539.02,0.85568,-1,-1,-1
297,45,768.16,276.68,90.63,279.24,0.79408,-1,-1,-1
297,44,980.59,205.33,108.77,418.00,0.69934,-1,-1,-1
298,2,857.12,179.70,163.71,555.80,0.82053,-1,-1,-1
298,6,1261.42,172.19,189.02,629.24,0.86801,-1,-1,-1
298,38,376.25,121.67,281.69,776.37,0.90564,-1,-1,-1
298,39,24.18,124.39,302.46,816.18,0.90054,-1,-1,-1
298,31,1077.92,205.03,195.47,547.00,0.85996,-1,-1,-1
298,45,773.21,278.04,90.15,276.01,0.80596,-1,-1,-1
298,44,986.20,212.25,106.07,418.33,0.69833,-1,-1,-1
299,2,865.78,181.15,157.89,555.45,0.83757,-1,-1,-1
299,6,1266.09,170.10,189.50,634.84,0.86521,-1,-1,-1
299,38,368.35,109.74,285.23,794.25,0.90760,-1,-1,-1
299,39,17.84,115.54,303.93,841.91,0.89684,-1,-1,-1
299,31,1080.11,203.87,204.81,553.37,0.87255,-1,-1,-1
299,45,778.13,277.81,91.31,278.76,0.79012,-1,-1,-1
299,44,991.74,205.90,101.63,425.73,0.69740,-1,-1,-1
300,2,868.93,183.82,156.35,557.81,0.83021,-1,-1,-1
300,6,1262.45,169.21,199.32,639.49,0.85560,-1,-1,-1
300,38,355.51,98.93,295.78,810.71,0.90862,-1,-1,-1
300,39,7.83,108.19,309.76,869.76,0.89337,-1,-1,-1
300,31,1085.22,201.73,212.43,567.48,0.86507,-1,-1,-1
300,45,781.51,277.41,94.01,279.66,0.75766,-1,-1,-1
300,44,997.66,203.19,98.64,426.36,0.73769,-1,-1,-1
301,2,872.40,183.16,154.52,558.55,0.84770,-1,-1,-1
301,6,1257.55,167.20,210.55,646.82,0.84488,-1,-1,-1
301,38,342.53,85.31,305.08,829.91,0.91497,-1,-1,-1
301,39,0.00,98.94,309.21,890.65,0.90623,-1,-1,-1
301,31,1089.55,200.42,216.98,582.21,0.85567,-1,-1,-1
301,45,783.49,277.27,95.57,279.41,0.77289,-1,-1,-1
301,44,1003.55,202.27,103.32,425.42,0.75814,-1,-1,-1
302,2,875.52,184.34,152.79,558.50,0.83858,-1,-1,-1
302,6,1261.22,169.07,210.24,649.12,0.83520,-1,-1,-1
302,38,326.92,75.71,316.37,843.01,0.89901,-1,-1,-1
302,39,0.00,86.15,294.93,913.87,0.89982,-1,-1,-1
302,31,1095.31,198.77,216.48,584.91,0.85990,-1,-1,-1
302,45,782.73,277.28,98.31,280.68,0.78407,-1,-1,-1
302,44,1007.34,201.57,101.79,426.14,0.75623,-1,-1,-1
303,2,878.66,184.65,149.20,557.76,0.84894,-1,-1,-1
303,6,1264.61,170.87,207.16,650.16,0.82034,-1,-1,-1
303,38,312.87,61.48,325.86,860.82,0.90520,-1,-1,-1
303,39,0.00,68.14,278.94,939.79,0.91989,-1,-1,-1
303,31,1102.42,198.72,210.32,585.85,0.84475,-1,-1,-1
303,45,781.95,277.39,100.12,281.08,0.78711,-1,-1,-1
303,44,1009.55,202.26,97.46,426.20,0.76924,-1,-1,-1
304,2,875.88,184.31,149.65,560.25,0.85308,-1,-1,-1
304,6,1271.04,171.04,200.65,652.79,0.81684,-1,-1,-1
304,38,299.00,55.56,335.13,873.86,0.91509,-1,-1,-1
304,39,0.00,51.63,251.14,961.32,0.90524,-1,-1,-1
304,31,1104.91,197.14,207.63,607.15,0.80941,-1,-1,-1
304,45,783.36,278.17,97.79,280.91,0.78579,-1,-1,-1
304,44,1010.39,205.90,97.01,423.47,0.77734,-1,-1,-1
305,2,869.40,186.70,153.66,563.42,0.85855,-1,-1,-1
305,6,1278.06,170.80,192.72,655.19,0.81561,-1,-1,-1
305,38,289.38,47.99,340.27,909.22,0.92317,-1,-1,-1
305,39,0.00,37.49,221.15,981.29,0.89937,-1,-1,-1
305,31,1105.30,197.38,208.33,619.08,0.82779,-1,-1,-1
305,45,783.19,279.34,96.60,281.30,0.76918,-1,-1,-1
305,44,1010.14,209.97,96.64,420.53,0.78226,-1,-1,-1
306,2,862.03,186.10,158.51,563.31,0.85543,-1,-1,-1
306,6,1281.61,170.21,187.81,653.22,0.82780,-1,-1,-1
306,38,273.43,43.94,350.21,943.28,0.92226,-1,-1,-1
306,39,0.00,31.80,198.40,999.95,0.90076,-1,-1,-1
306,31,1104.42,196.43,210.02,639.69,0.85490,-1,-1,-1
306,45,782.73,279.07,96.49,285.15,0.76215,-1,-1,-1
306,44,1008.82,209.68,97.14,422.30,0.77906,-1,-1,-1
307,2,858.40,184.64,158.85,555.02,0.83942,-1,-1,-1
307,6,1290.88,168.96,178.14,655.83,0.83402,-1,-1,-1
307,38,253.85,38.65,364.75,973.14,0.91205,-1,-1,-1
307,39,0.00,30.59,176.57,1026.11,0.87187,-1,-1,-1
307,31,1103.84,194.55,214.32,652.61,0.86940,-1,-1,-1
307,45,781.55,276.50,94.68,289.92,0.72577,-1,-1,-1
307,44,1004.92,211.89,100.50,420.19,0.79930,-1,-1,-1
308,2,855.31,182.44,159.94,552.06,0.82663,-1,-1,-1
308,6,1292.81,166.99,173.80,657.70,0.82006,-1,-1,-1
308,38,238.90,33.88,369.07,1002.25,0.91273,-1,-1,-1
308,39,0.00,97.70,150.16,964.54,0.78397,-1,-1,-1
308,31,1102.61,190.99,220.61,668.03,0.86246,-1,-1,-1
308,45,779.41,276.16,93.23,289.66,0.75357,-1,-1,-1
308,44,1001.64,212.41,102.09,423.25,0.77885,-1,-1,-1
309,2,849.97,183.26,163.37,551.31,0.82329,-1,-1,-1
309,6,1293.00,168.98,167.88,654.27,0.81609,-1,-1,-1
309,38,220.16,34.08,375.63,1021.58,0.90729,-1,-1,-1
309,39,0.00,151.47,127.46,903.96,0.83457,-1,-1,-1
309,31,1097.83,189.56,226.07,678.56,0.87195,-1,-1,-1
309,45,776.55,279.27,88.58,282.89,0.76534,-1,-1,-1
309,44,998.86,213.08,103.32,425.16,0.77401,-1,-1,-1
310,2,846.35,181.60,167.43,547.54,0.81411,-1,-1,-1
310,6,1295.52,166.57,164.08,659.81,0.81741,-1,-1,-1
310,38,200.11,27.39,385.21,1032.34,0.91921,-1,-1,-1
310,39,0.00,175.19,108.51,637.09,0.74033,-1,-1,-1
310,31,1096.09,179.94,231.78,695.34,0.88215,-1,-1,-1
310,45,775.92,276.92,85.22,286.29,0.75680,-1,-1,-1
310,44,997.82,211.53,105.31,425.75,0.77288,-1,-1,-1
311,2,834.61,183.21,180.26,547.48,0.82674,-1,-1,-1
311,6,1299.78,165.61,160.69,656.58,0.82277,-1,-1,-1
311,38,183.59,17.03,391.48,1057.24,0.91790,-1,-1,-1
311,39,0.00,196.11,92.04,525.60,0.76671,-1,-1,-1
311,31,1095.46,174.73,238.31,704.91,0.88502,-1,-1,-1
311,45,776.22,273.65,82.73,289.88,0.74400,-1,-1,-1
311,44,998.33,209.42,102.78,427.85,0.75972,-1,-1,-1
312,2,827.29,183.53,187.89,550.78,0.82914,-1,-1,-1
312,6,1306.99,164.82,156.27,650.66,0.80738,-1,-1,-1
312,38,165.59,7.55,399.42,1072.29,0.91868,-1,-1,-1
312,31,1100.32,164.19,240.62,719.80,0.88519,-1,-1,-1
312,45,774.64,272.05,81.43,292.77,0.76242,-1,-1,-1
312,44,998.91,206.73,102.32,432.30,0.74507,-1,-1,-1
313,2,820.13,183.76,194.53,553.79,0.84092,-1,-1,-1
313,6,1307.74,163.95,155.15,649.67,0.83496,-1,-1,-1
313,38,143.43,3.12,412.87,1074.44,0.91928,-1,-1,-1
313,31,1103.15,150.47,244.55,739.95,0.90390,-1,-1,-1
313,45,771.38,270.63,81.63,296.20,0.74538,-1,-1,-1
313,44,999.26,208.14,102.61,432.02,0.73847,-1,-1,-1
314,2,815.54,184.00,196.21,553.80,0.82805,-1,-1,-1
314,6,1306.91,160.99,156.72,653.26,0.84416,-1,-1,-1
314,38,121.30,0.62,427.66,1076.88,0.92621,-1,-1,-1
314,31,1102.34,141.40,249.97,756.54,0.90155,-1,-1,-1
314,45,767.02,270.69,83.97,294.70,0.74698,-1,-1,-1
314,44,997.33,210.10,99.74,433.39,0.73822,-1,-1,-1
315,2,817.09,182.82,191.90,552.31,0.82370,-1,-1,-1
315,6,1311.51,157.61,153.19,646.99,0.85384,-1,-1,-1
315,38,91.79,0.00,448.76,1077.30,0.92806,-1,-1,-1
315,31,1104.83,133.33,251.28,781.24,0.89324,-1,-1,-1
315,45,764.54,269.43,84.38,296.43,0.78513,-1,-1,-1
315,44,994.88,215.07,103.47,425.24,0.75098,-1,-1,-1
316,2,816.27,183.07,191.49,552.60,0.83251,-1,-1,-1
316,6,1311.81,154.52,153.82,648.30,0.84716,-1,-1,-1
316,38,58.40,0.00,470.96,1076.58,0.92441,-1,-1,-1
316,31,1108.71,126.67,253.51,806.92,0.87573,-1,-1,-1
316,45,761.28,266.50,85.17,298.21,0.80128,-1,-1,-1
316,44,995.18,214.82,99.74,429.25,0.74385,-1,-1,-1
317,2,814.83,181.29,191.96,553.57,0.84857,-1,-1,-1
317,6,1316.73,149.99,147.80,655.53,0.82953,-1,-1,-1
317,38,26.28,0.00,491.75,1078.67,0.91267,-1,-1,-1
317,31,1110.53,116.76,259.94,832.05,0.87552,-1,-1,-1
317,45,760.04,263.69,85.03,299.51,0.80285,-1,-1,-1
317,44,992.83,215.32,99.31,428.68,0.74894,-1,-1,-1
318,2,815.89,181.10,189.97,550.61,0.85545,-1,-1,-1
318,6,1320.28,147.71,143.09,659.86,0.84077,-1,-1,-1
318,38,3.05,0.00,499.86,1076.46,0.93525,-1,-1,-1
318,31,1113.48,110.15,267.39,848.77,0.86739,-1,-1,-1
318,45,756.65,261.74,87.37,298.76,0.80600,-1,-1,-1
318,44,989.92,213.43,102.41,427.17,0.74508,-1,-1,-1
319,2,814.22,177.13,190.67,553.14,0.87245,-1,-1,-1
319,6,1324.16,144.24,138.60,661.18,0.79784,-1,-1,-1
319,38,0.00,2.02,488.15,1072.45,0.93632,-1,-1,-1
319,31,1116.67,99.57,275.07,875.92,0.85624,-1,-1,-1
319,45,746.59,260.18,96.18,300.86,0.76880,-1,-1,-1
319,44,986.84,210.52,104.68,427.98,0.76997,-1,-1,-1
320,2,811.36,172.24,192.71,552.28,0.85881,-1,-1,-1
320,6,1333.11,139.54,130.60,664.65,0.76051,-1,-1,-1
320,38,0.00,2.60,469.30,1070.39,0.94423,-1,-1,-1
320,31,1119.99,94.59,280.89,898.02,0.87395,-1,-1,-1
320,45,742.58,257.79,98.65,304.47,0.77588,-1,-1,-1
320,44,984.05,206.34,107.01,428.43,0.77997,-1,-1,-1
321,2,807.30,166.92,195.22,556.27,0.86018,-1,-1,-1
321,6,1339.70,134.47,126.78,665.13,0.68448,-1,-1,-1
321,38,0.00,1.46,446.25,1071.11,0.93497,-1,-1,-1
321,31,1127.91,88.38,285.03,929.26,0.85985,-1,-1,-1
321,45,739.23,255.40,99.61,306.70,0.75078,-1,-1,-1
321,44,981.06,203.00,109.67,428.00,0.79538,-1,-1,-1
322,2,815.59,165.24,186.88,554.78,0.86719,-1,-1,-1
322,38,0.00,3.50,422.44,1068.60,0.93259,-1,-1,-1
322,31,1136.04,80.79,310.82,958.68,0.86968,-1,-1,-1
322,45,735.83,252.50,100.53,309.23,0.76279,-1,-1,-1
322,44,978.47,198.96,110.91,427.41,0.80713,-1,-1,-1
323,2,818.77,162.95,182.23,549.93,0.86793,-1,-1,-1
323,38,0.00,4.31,395.21,1064.56,0.91740,-1,-1,-1
323,31,1140.34,71.43,328.08,981.63,0.89461,-1,-1,-1
323,45,731.13,250.43,103.32,312.96,0.76143,-1,-1,-1
323,44,975.42,196.80,113.02,423.92,0.79871,-1,-1,-1
324,2,819.77,166.52,178.41,539.50,0.87132,-1,-1,-1
324,38,0.00,5.53,363.13,1064.63,0.93233,-1,-1,-1
324,31,1150.04,62.50,329.31,1005.40,0.90568,-1,-1,-1
324,45,727.76,251.10,103.30,316.27,0.76183,-1,-1,-1
324,44,973.91,196.03,113.94,422.46,0.79131,-1,-1,-1
325,2,825.79,165.87,171.56,538.86,0.87298,-1,-1,-1
325,38,0.00,6.50,327.61,1062.80,0.91800,-1,-1,-1
325,31,1158.67,51.49,327.66,1024.84,0.90141,-1,-1,-1
325,45,721.92,251.74,106.00,317.98,0.76794,-1,-1,-1
325,44,973.52,195.01,114.21,424.02,0.79000,-1,-1,-1
326,2,828.66,164.98,168.59,540.49,0.85961,-1,-1,-1
326,38,0.00,7.05,315.95,1063.14,0.83821,-1,-1,-1
326,31,1165.28,35.45,330.95,1042.21,0.90370,-1,-1,-1
326,45,714.39,250.70,111.76,320.81,0.80431,-1,-1,-1
326,44,973.67,193.86,114.11,427.42,0.79163,-1,-1,-1
327,2,830.72,167.21,166.83,542.24,0.85872,-1,-1,-1
327,38,0.00,8.32,255.72,1063.16,0.79195,-1,-1,-1
327,31,1174.44,24.74,338.03,1054.72,0.87968,-1,-1,-1
327,45,711.55,252.53,113.15,321.73,0.81021,-1,-1,-1
327,44,974.59,195.56,112.97,429.04,0.80099,-1,-1,-1
328,2,831.59,166.94,165.61,543.32,0.85066,-1,-1,-1
328,38,0.00,8.11,192.81,1059.30,0.54315,-1,-1,-1
328,31,1180.21,11.73,355.07,1067.40,0.88625,-1,-1,-1
328,45,711.68,251.07,110.66,320.42,0.81485,-1,-1,-1
328,44,974.93,194.89,111.98,429.83,0.79665,-1,-1,-1
329,2,838.41,165.21,162.45,550.18,0.84701,-1,-1,-1
329,38,0.00,42.69,137.12,739.84,0.60875,-1,-1,-1
329,31,1191.22,3.33,366.22,1073.37,0.88792,-1,-1,-1
329,45,709.62,249.73,113.22,323.48,0.81112,-1,-1,-1
329,44,976.28,196.18,111.85,430.99,0.77723,-1,-1,-1
329,52,558.24,299.73,46.87,160.02,0.40149,-1,-1,-1
330,2,843.27,163.70,159.64,558.48,0.84773,-1,-1,-1
330,31,1207.71,0.00,369.72,1078.61,0.90272,-1,-1,-1
330,45,709.15,250.10,114.00,327.58,0.81029,-1,-1,-1
330,44,980.39,198.97,113.27,430.11,0.78636,-1,-1,-1
330,52,557.79,300.28,49.60,161.31,0.36577,-1,-1,-1
331,2,847.04,170.51,158.08,558.95,0.82835,-1,-1,-1
331,31,1224.48,0.00,383.52,1074.45,0.90532,-1,-1,-1
331,45,710.46,251.55,112.94,330.97,0.79294,-1,-1,-1
331,44,984.90,202.33,113.58,431.09,0.78968,-1,-1,-1
332,2,852.06,178.05,155.62,559.84,0.83256,-1,-1,-1
332,31,1239.27,0.00,394.64,1072.82,0.90740,-1,-1,-1
332,45,709.93,253.99,114.02,330.81,0.81753,-1,-1,-1
332,44,987.49,205.23,113.74,433.40,0.77691,-1,-1,-1
333,2,852.63,182.96,155.05,560.92,0.83409,-1,-1,-1
333,31,1258.23,0.00,403.87,1076.52,0.89854,-1,-1,-1
333,45,707.67,255.77,116.04,331.39,0.81589,-1,-1,-1
333,44,988.39,208.99,113.61,432.24,0.76540,-1,-1,-1
333,54,825.70,235.71,65.23,287.17,0.44847,-1,-1,-1
334,2,850.91,189.18,156.83,561.39,0.82810,-1,-1,-1
334,31,1268.46,1.40,424.40,1072.32,0.88009,-1,-1,-1
334,45,704.64,256.82,118.55,335.67,0.82397,-1,-1,-1
334,44,988.95,215.29,115.59,431.30,0.78709,-1,-1,-1
334,54,824.29,237.46,66.69,267.47,0.45028,-1,-1,-1
334,52,554.76,315.49,54.48,160.75,0.33752,-1,-1,-1
335,2,850.32,194.27,155.45,558.37,0.82732,-1,-1,-1
335,31,1273.15,1.33,455.79,1070.55,0.88153,-1,-1,-1
335,45,702.37,258.09,119.75,338.77,0.83530,-1,-1,-1
335,44,991.04,220.35,115.45,431.14,0.78739,-1,-1,-1
335,54,823.01,238.51,68.23,321.73,0.40228,-1,-1,-1
336,2,847.11,196.45,155.67,559.94,0.81657,-1,-1,-1
336,31,1302.46,1.83,469.72,1071.58,0.86299,-1,-1,-1
336,45,699.58,260.42,120.12,339.44,0.82746,-1,-1,-1
336,44,989.01,223.00,118.42,433.43,0.77354,-1,-1,-1
336,54,819.63,239.30,69.11,327.08,0.40881,-1,-1,-1
337,2,843.56,198.48,157.52,558.65,0.80601,-1,-1,-1
337,31,1322.95,2.03,504.81,1075.16,0.86128,-1,-1,-1
337,45,694.08,260.48,121.30,345.86,0.82594,-1,-1,-1
337,44,984.83,225.16,118.47,434.03,0.74414,-1,-1,-1
337,54,815.66,237.39,70.79,341.37,0.31778,-1,-1,-1
337,55,1245.27,166.75,189.79,641.99,0.81658,-1,-1,-1
338,2,835.54,199.54,163.35,558.10,0.80518,-1,-1,-1
338,31,1308.88,2.21,572.64,1074.25,0.86680,-1,-1,-1
338,45,688.95,264.54,122.47,346.14,0.82361,-1,-1,-1
338,44,981.04,228.03,123.09,437.06,0.76552,-1,-1,-1
338,54,811.42,240.24,71.14,365.12,0.47031,-1,-1,-1
338,55,1236.43,166.74,200.34,660.48,0.79739,-1,-1,-1
339,2,828.78,193.83,168.54,555.44,0.81165,-1,-1,-1
339,31,1306.54,2.43,600.11,1069.75,0.86875,-1,-1,-1
339,45,684.71,266.88,123.27,350.62,0.83402,-1,-1,-1
339,44,978.60,230.19,123.97,437.77,0.78001,-1,-1,-1
339,54,809.38,245.39,69.14,372.87,0.50778,-1,-1,-1
339,55,1233.61,164.28,202.12,689.15,0.76639,-1,-1,-1
340,2,823.69,190.49,173.18,551.18,0.82967,-1,-1,-1
340,31,1309.20,2.18,610.80,1068.23,0.90692,-1,-1,-1
340,45,682.11,267.66,122.26,352.69,0.81657,-1,-1,-1
340,44,978.04,229.69,124.46,438.32,0.77696,-1,-1,-1
340,54,806.42,246.84,70.39,374.01,0.54092,-1,-1,-1
340,55,1235.56,167.13,187.13,690.06,0.72446,-1,-1,-1
341,2,822.26,189.16,174.98,548.19,0.83218,-1,-1,-1
341,31,1315.38,0.00,604.62,1069.04,0.79522,-1,-1,-1
341,45,679.04,266.74,122.35,356.66,0.81136,-1,-1,-1
341,44,980.47,227.00,124.65,439.94,0.78002,-1,-1,-1
341,54,802.76,245.40,72.71,377.27,0.54946,-1,-1,-1
341,55,1234.60,160.97,207.37,703.31,0.83845,-1,-1,-1
342,2,816.95,187.93,181.09,548.44,0.84109,-1,-1,-1
342,31,1324.96,0.00,595.04,1069.71,0.72504,-1,-1,-1
342,45,673.72,262.64,125.77,363.12,0.80482,-1,-1,-1
342,44,982.34,225.46,122.93,439.93,0.77638,-1,-1,-1
342,54,800.96,242.45,72.49,377.65,0.43843,-1,-1,-1
342,55,1233.77,160.56,211.73,700.37,0.86811,-1,-1,-1
343,2,811.70,189.29,185.43,547.69,0.84171,-1,-1,-1
343,31,1335.68,0.00,584.32,1065.76,0.84056,-1,-1,-1
343,45,668.55,258.40,126.53,367.19,0.80832,-1,-1,-1
343,44,979.41,224.75,126.32,439.33,0.77483,-1,-1,-1
343,54,788.24,239.10,80.49,380.46,0.48714,-1,-1,-1
343,55,1231.09,159.84,214.51,697.97,0.87658,-1,-1,-1
343,52,524.99,323.31,61.97,171.91,0.31315,-1,-1,-1
344,2,809.56,186.95,186.79,551.95,0.83961,-1,-1,-1
344,31,1361.23,0.00,558.77,1065.39,0.61262,-1,-1,-1
344,45,663.59,256.92,126.18,367.07,0.82339,-1,-1,-1
344,44,978.71,223.28,125.86,439.11,0.77627,-1,-1,-1
344,54,784.14,237.05,80.46,392.55,0.58355,-1,-1,-1
344,55,1227.36,158.23,214.84,701.43,0.87088,-1,-1,-1
345,2,804.51,185.55,190.56,555.84,0.82067,-1,-1,-1
345,45,659.40,254.05,125.14,371.88,0.81634,-1,-1,-1
345,44,980.05,221.66,124.57,435.04,0.77048,-1,-1,-1
345,54,781.06,234.31,79.78,398.48,0.59762,-1,-1,-1
345,55,1222.77,148.17,222.28,710.95,0.87705,-1,-1,-1
346,2,797.47,186.43,193.01,556.88,0.83719,-1,-1,-1
346,45,654.58,250.70,124.69,373.38,0.82784,-1,-1,-1
346,44,972.51,217.42,130.93,433.49,0.78253,-1,-1,-1
346,54,775.16,232.44,80.70,396.72,0.51007,-1,-1,-1
346,55,1213.82,145.32,237.30,715.46,0.88836,-1,-1,-1
346,31,1445.25,0.99,474.75,908.76,0.43635,-1,-1,-1
347,2,795.65,187.93,188.71,556.27,0.82474,-1,-1,-1
347,45,646.17,248.59,125.61,374.58,0.81209,-1,-1,-1
347,44,967.77,216.34,130.64,431.49,0.79050,-1,-1,-1
347,54,767.49,231.88,85.15,393.85,0.59779,-1,-1,-1
347,55,1201.58,145.58,248.49,712.88,0.88439,-1,-1,-1
347,31,1494.34,6.70,425.66,920.09,0.79212,-1,-1,-1
348,2,796.87,188.26,185.36,554.92,0.83710,-1,-1,-1
348,45,638.02,244.20,127.43,378.16,0.80824,-1,-1,-1
348,44,964.66,214.34,130.29,429.62,0.76905,-1,-1,-1
348,54,760.06,229.00,89.10,399.63,0.68019,-1,-1,-1
348,55,1194.31,141.94,254.71,710.89,0.89042,-1,-1,-1
348,31,1557.76,15.79,362.24,921.92,0.83363,-1,-1,-1
349,2,797.70,188.94,184.08,554.80,0.83263,-1,-1,-1
349,45,630.11,237.51,130.71,387.50,0.82150,-1,-1,-1
349,44,961.12,213.62,132.13,429.62,0.78631,-1,-1,-1
349,54,757.97,225.48,89.03,404.76,0.68840,-1,-1,-1
349,55,1186.61,140.80,258.67,701.67,0.89409,-1,-1,-1
349,31,1630.98,42.31,289.02,844.11,0.61735,-1,-1,-1
349,52,487.94,303.19,56.05,176.37,0.34077,-1,-1,-1
350,2,796.96,190.76,183.83,551.28,0.85251,-1,-1,-1
350,45,623.23,235.12,132.40,390.46,0.81705,-1,-1,-1
350,44,961.12,215.22,128.76,429.75,0.78260,-1,-1,-1
350,54,754.23,223.79,91.78,409.79,0.74228,-1,-1,-1
350,55,1179.46,141.31,261.82,695.73,0.90228,-1,-1,-1
350,52,482.86,306.35,58.06,174.67,0.31760,-1,-1,-1
351,2,795.17,191.63,185.57,547.72,0.85475,-1,-1,-1
351,45,618.15,236.36,133.07,394.03,0.80969,-1,-1,-1
351,44,964.17,216.38,121.78,430.74,0.76290,-1,-1,-1
351,54,750.30,221.57,92.80,414.99,0.72049,-1,-1,-1
351,55,1171.30,142.81,266.00,694.42,0.90322,-1,-1,-1
351,52,477.64,302.85,57.08,180.11,0.35671,-1,-1,-1
351,59,1087.90,328.25,68.62,182.54,0.47506,-1,-1,-1
352,2,797.81,190.76,182.27,547.88,0.85312,-1,-1,-1
352,45,611.89,235.24,133.88,397.76,0.82034,-1,-1,-1
352,44,961.21,216.68,121.26,433.40,0.78627,-1,-1,-1
352,54,743.38,218.89,96.70,420.71,0.76378,-1,-1,-1
352,55,1163.65,142.92,271.12,697.52,0.90187,-1,-1,-1
352,59,1081.22,328.27,68.63,183.05,0.42081,-1,-1,-1
353,2,799.69,189.11,181.62,549.08,0.85428,-1,-1,-1
353,45,606.80,230.36,131.54,402.50,0.83191,-1,-1,-1
353,44,958.93,216.07,119.65,432.89,0.78149,-1,-1,-1
353,54,736.23,213.55,100.34,427.65,0.75878,-1,-1,-1
353,55,1157.74,142.25,271.55,701.56,0.90615,-1,-1,-1
354,2,797.27,190.86,180.68,542.03,0.87885,-1,-1,-1
354,45,596.38,228.80,135.00,403.78,0.84037,-1,-1,-1
354,44,958.01,217.54,115.46,431.45,0.80123,-1,-1,-1
354,54,727.82,212.14,106.43,431.75,0.78200,-1,-1,-1
354,55,1150.75,143.01,271.96,706.65,0.90927,-1,-1,-1
354,59,1055.34,322.03,75.26,185.24,0.49255,-1,-1,-1
355,2,796.00,189.95,177.46,535.86,0.87150,-1,-1,-1
355,45,588.22,228.47,133.40,406.01,0.85029,-1,-1,-1
355,44,952.50,218.77,113.15,429.80,0.80263,-1,-1,-1
355,54,718.16,208.44,113.35,438.54,0.79942,-1,-1,-1
355,55,1144.97,143.15,273.68,710.14,0.91137,-1,-1,-1
355,59,1045.36,318.60,78.77,187.55,0.60364,-1,-1,-1
356,2,794.28,187.76,175.52,531.47,0.84663,-1,-1,-1
356,45,574.22,225.34,139.64,411.61,0.73274,-1,-1,-1
356,44,945.72,219.66,112.74,429.54,0.79717,-1,-1,-1
356,54,711.71,206.72,112.88,442.55,0.79551,-1,-1,-1
356,55,1137.50,142.12,278.02,712.99,0.91219,-1,-1,-1
356,59,1037.88,315.87,76.92,189.03,0.42249,-1,-1,-1
357,2,793.04,188.40,172.82,526.92,0.85352,-1,-1,-1
357,45,567.10,223.94,137.56,416.58,0.82092,-1,-1,-1
357,44,940.09,216.90,111.16,431.12,0.77338,-1,-1,-1
357,54,699.80,204.22,118.34,447.92,0.81546,-1,-1,-1
357,55,1134.38,140.99,275.52,716.30,0.91010,-1,-1,-1
357,59,1034.02,320.90,68.41,184.26,0.50905,-1,-1,-1
357,52,432.87,294.08,61.02,186.60,0.32817,-1,-1,-1
358,2,786.90,185.31,171.59,533.95,0.84552,-1,-1,-1
358,45,555.53,221.25,138.25,416.78,0.83798,-1,-1,-1
358,44,936.43,216.00,108.44,434.34,0.75324,-1,-1,-1
358,54,686.44,199.89,124.73,453.70,0.82563,-1,-1,-1
358,55,1128.00,141.12,276.72,718.87,0.90958,-1,-1,-1
358,59,1024.89,319.25,67.68,183.37,0.63071,-1,-1,-1
358,52,421.61,293.92,60.31,187.84,0.49398,-1,-1,-1
359,2,786.20,182.35,165.10,537.95,0.85515,-1,-1,-1
359,45,540.80,221.44,141.14,420.38,0.82631,-1,-1,-1
359,44,926.17,216.43,109.98,437.69,0.77855,-1,-1,-1
359,54,673.43,195.82,134.05,454.26,0.78807,-1,-1,-1
359,55,1121.36,140.62,278.83,720.55,0.90808,-1,-1,-1
359,59,1015.45,315.04,69.38,188.68,0.43434,-1,-1,-1
360,2,780.75,179.99,163.82,543.26,0.86942,-1,-1,-1
360,45,526.54,220.53,144.94,426.94,0.82130,-1,-1,-1
360,44,918.02,214.94,108.81,441.81,0.80349,-1,-1,-1
360,54,659.26,193.74,140.27,458.99,0.85067,-1,-1,-1
360,55,1115.23,140.39,278.68,723.77,0.91021,-1,-1,-1
360,59,1005.37,315.49,69.74,188.15,0.57555,-1,-1,-1
360,52,401.93,297.19,56.10,182.53,0.31505,-1,-1,-1
361,2,774.16,179.51,163.36,545.22,0.87042,-1,-1,-1
361,45,512.05,219.21,147.18,431.04,0.81081,-1,-1,-1
361,44,912.59,214.98,105.49,444.07,0.81977,-1,-1,-1
361,54,650.36,191.20,141.78,466.79,0.83192,-1,-1,-1
361,55,1110.49,140.82,276.98,726.43,0.90735,-1,-1,-1
361,59,994.72,314.07,72.65,190.51,0.60774,-1,-1,-1
361,52,391.68,295.21,55.99,186.30,0.45147,-1,-1,-1
362,2,768.93,180.91,161.74,549.94,0.86968,-1,-1,-1
362,45,494.75,222.46,151.33,431.95,0.81739,-1,-1,-1
362,44,905.81,216.61,103.96,441.23,0.78388,-1,-1,-1
362,54,635.06,191.85,150.70,467.53,0.85636,-1,-1,-1
362,55,1106.39,141.49,274.81,726.13,0.90803,-1,-1,-1
362,59,988.02,317.90,73.81,187.74,0.62735,-1,-1,-1
362,52,382.72,298.61,55.24,188.08,0.34048,-1,-1,-1
363,2,764.48,183.73,159.33,549.24,0.84890,-1,-1,-1
363,45,481.91,222.28,153.12,441.95,0.79304,-1,-1,-1
363,44,900.25,213.55,100.56,441.79,0.73516,-1,-1,-1
363,54,620.03,191.67,158.55,470.53,0.85220,-1,-1,-1
363,55,1102.19,140.29,274.60,732.73,0.90794,-1,-1,-1
363,59,981.83,319.26,74.43,190.05,0.54276,-1,-1,-1
364,2,763.25,188.52,155.13,549.83,0.81271,-1,-1,-1
364,45,466.46,219.60,159.31,454.20,0.79152,-1,-1,-1
364,44,897.13,211.07,98.38,441.46,0.70130,-1,-1,-1
364,54,607.50,189.62,167.24,479.13,0.85166,-1,-1,-1
364,55,1101.48,137.49,273.02,736.40,0.90651,-1,-1,-1
364,59,973.44,313.91,78.63,195.76,0.56463,-1,-1,-1
365,2,762.95,193.01,156.30,548.84,0.81356,-1,-1,-1
365,45,442.60,221.50,178.14,458.91,0.82894,-1,-1,-1
365,44,895.90,210.27,94.08,445.41,0.64223,-1,-1,-1
365,54,593.42,191.49,179.46,484.02,0.82472,-1,-1,-1
365,55,1101.91,137.18,271.19,738.03,0.89929,-1,-1,-1
365,59,968.44,316.25,81.08,195.88,0.52285,-1,-1,-1
366,2,760.77,198.76,154.42,544.76,0.81474,-1,-1,-1
366,45,438.41,222.43,174.68,462.08,0.80471,-1,-1,-1
366,44,893.97,212.08,90.08,441.61,0.67408,-1,-1,-1
366,54,586.51,195.66,182.57,483.98,0.86130,-1,-1,-1
366,55,1100.08,137.99,269.25,732.80,0.90218,-1,-1,-1
366,59,963.58,320.91,83.19,193.99,0.44082,-1,-1,-1
366,52,357.50,304.50,61.24,188.57,0.38216,-1,-1,-1
367,2,760.50,198.05,153.20,543.97,0.82459,-1,-1,-1
367,45,434.89,221.53,170.39,466.38,0.79615,-1,-1,-1
367,44,893.97,207.97,87.65,441.06,0.67001,-1,-1,-1
367,54,587.70,192.93,180.39,489.69,0.87111,-1,-1,-1
367,55,1100.33,134.96,269.20,727.42,0.90268,-1,-1,-1
367,59,963.07,313.48,82.78,198.42,0.40839,-1,-1,-1
367,52,355.03,307.58,66.21,186.06,0.30657,-1,-1,-1
368,2,760.46,198.05,154.04,545.30,0.82720,-1,-1,-1
368,45,432.10,220.79,173.64,471.65,0.81782,-1,-1,-1
368,44,894.47,206.41,85.12,437.66,0.62406,-1,-1,-1
368,54,590.69,192.51,175.16,498.16,0.86019,-1,-1,-1
368,55,1100.58,133.38,268.65,722.68,0.90226,-1,-1,-1
368,59,959.90,310.08,83.41,199.33,0.40830,-1,-1,-1
369,2,760.08,195.85,158.88,546.82,0.85381,-1,-1,-1
369,45,427.27,220.50,173.93,474.25,0.82748,-1,-1,-1
369,44,895.45,204.18,83.60,437.68,0.58214,-1,-1,-1
369,54,590.58,190.95,171.11,505.14,0.86282,-1,-1,-1
369,55,1103.02,133.12,266.45,717.15,0.90530,-1,-1,-1
369,59,959.43,313.55,85.15,197.63,0.47770,-1,-1,-1
370,2,760.10,194.65,163.31,542.14,0.82252,-1,-1,-1
370,45,423.27,221.66,174.65,476.26,0.82582,-1,-1,-1
370,44,896.28,205.29,83.88,437.85,0.63505,-1,-1,-1
370,54,587.84,192.75,169.12,509.46,0.85521,-1,-1,-1
370,55,1104.78,133.01,265.10,716.45,0.90567,-1,-1,-1
371,2,759.45,195.82,165.56,538.95,0.84865,-1,-1,-1
371,45,419.47,223.64,177.38,479.12,0.85287,-1,-1,-1
371,44,898.10,207.28,83.82,439.92,0.69063,-1,-1,-1
371,54,585.07,194.75,168.54,516.40,0.86361,-1,-1,-1
371,55,1106.94,133.44,261.81,720.08,0.90574,-1,-1,-1
372,2,762.04,195.66,164.50,539.20,0.84799,-1,-1,-1
372,45,416.80,224.14,178.44,481.39,0.87101,-1,-1,-1
372,44,901.52,208.59,81.73,442.08,0.68075,-1,-1,-1
372,54,581.28,193.93,170.28,523.90,0.86496,-1,-1,-1
372,55,1111.26,133.14,257.25,726.02,0.90558,-1,-1,-1
372,59,963.94,317.56,79.72,196.26,0.44780,-1,-1,-1
373,2,762.44,198.28,166.39,539.15,0.85689,-1,-1,-1
373,45,413.76,225.66,177.84,483.49,0.86586,-1,-1,-1
373,44,902.52,209.99,80.91,439.96,0.66285,-1,-1,-1
373,54,575.42,193.57,174.55,529.09,0.86760,-1,-1,-1
373,55,1113.73,136.64,254.53,729.74,0.89709,-1,-1,-1
373,59,965.72,322.61,81.61,195.14,0.44497,-1,-1,-1
374,2,763.58,198.49,167.69,540.40,0.84730,-1,-1,-1
374,45,409.69,226.21,176.73,487.40,0.86368,-1,-1,-1
374,44,903.66,210.76,83.69,443.42,0.67489,-1,-1,-1
374,54,569.49,192.21,178.77,533.14,0.87076,-1,-1,-1
374,55,1115.91,139.46,251.23,735.17,0.89234,-1,-1,-1
374,59,967.35,327.81,82.93,192.53,0.48153,-1,-1,-1
375,2,765.84,200.82,166.81,543.22,0.85402,-1,-1,-1
375,45,404.11,229.21,175.33,488.95,0.84666,-1,-1,-1
375,44,906.62,211.21,81.93,446.33,0.66128,-1,-1,-1
375,54,561.99,191.70,186.29,541.32,0.87691,-1,-1,-1
375,55,1118.72,141.20,246.83,740.95,0.89461,-1,-1,-1
375,59,967.68,330.43,81.82,194.83,0.52189,-1,-1,-1
376,2,769.10,203.61,164.79,546.52,0.85269,-1,-1,-1
376,45,396.92,229.68,173.31,499.28,0.85118,-1,-1,-1
376,44,908.81,217.82,81.28,447.27,0.64851,-1,-1,-1
376,54,558.10,191.59,189.15,549.07,0.86256,-1,-1,-1
376,55,1121.63,143.45,240.58,746.94,0.89512,-1,-1,-1
376,59,967.86,322.60,83.31,206.46,0.39150,-1,-1,-1
377,2,773.27,206.48,162.31,549.28,0.88579,-1,-1,-1
377,45,393.79,226.57,171.93,512.81,0.84090,-1,-1,-1
377,44,913.26,222.76,77.25,447.35,0.70229,-1,-1,-1
377,54,551.32,188.97,194.40,554.01,0.86514,-1,-1,-1
377,55,1122.55,150.82,238.46,748.12,0.89495,-1,-1,-1
377,59,971.33,334.21,81.82,199.49,0.42755,-1,-1,-1
378,2,780.12,211.10,158.06,548.25,0.83893,-1,-1,-1
378,45,388.80,222.28,172.10,524.70,0.82247,-1,-1,-1
378,44,915.93,230.09,76.83,441.58,0.72524,-1,-1,-1
378,54,545.00,187.86,200.15,556.11,0.85932,-1,-1,-1
378,55,1123.81,156.38,237.37,749.07,0.89877,-1,-1,-1
378,59,973.91,338.53,81.33,198.39,0.35782,-1,-1,-1
379,2,780.68,214.17,159.62,551.73,0.84049,-1,-1,-1
379,45,385.82,220.94,168.23,533.91,0.80226,-1,-1,-1
379,44,918.04,235.06,75.78,437.27,0.64702,-1,-1,-1
379,54,538.00,189.09,205.58,560.82,0.86397,-1,-1,-1
379,55,1124.69,157.54,235.92,754.38,0.89613,-1,-1,-1
379,59,973.11,338.94,82.70,201.07,0.41472,-1,-1,-1
379,64,737.62,318.70,51.09,197.27,0.46706,-1,-1,-1
380,2,783.60,216.87,158.75,550.12,0.84464,-1,-1,-1
380,45,377.64,216.52,172.81,546.29,0.81243,-1,-1,-1
380,44,916.78,238.91,79.62,434.63,0.71598,-1,-1,-1
380,54,533.24,187.83,208.34,568.33,0.87085,-1,-1,-1
380,55,1124.62,159.40,234.74,757.22,0.89127,-1,-1,-1
380,59,977.18,345.23,79.94,196.81,0.33687,-1,-1,-1
380,64,737.18,317.47,56.08,202.33,0.59898,-1,-1,-1
381,2,784.46,220.06,159.57,548.77,0.83910,-1,-1,-1
381,45,373.98,212.95,173.89,556.94,0.81109,-1,-1,-1
381,44,916.67,242.59,80.38,433.12,0.73574,-1,-1,-1
381,54,524.27,184.86,213.01,577.76,0.87443,-1,-1,-1
381,55,1122.09,158.97,234.38,756.73,0.88356,-1,-1,-1
381,59,979.74,344.15,78.42,198.68,0.39340,-1,-1,-1
381,64,735.42,316.42,59.24,209.63,0.64838,-1,-1,-1
382,2,784.93,220.32,159.24,546.33,0.84642,-1,-1,-1
382,45,370.49,210.51,177.19,566.85,0.80968,-1,-1,-1
382,44,918.37,244.10,82.16,434.47,0.70165,-1,-1,-1
382,54,520.90,182.77,214.44,588.72,0.87188,-1,-1,-1
382,55,1119.50,157.51,232.91,760.35,0.88089,-1,-1,-1
382,59,982.11,351.29,76.67,192.51,0.49705,-1,-1,-1
382,64,733.24,316.61,61.46,212.99,0.64966,-1,-1,-1
383,2,785.45,218.26,159.25,543.25,0.84104,-1,-1,-1
383,45,364.63,207.05,177.14,571.37,0.82146,-1,-1,-1
383,44,919.03,243.80,83.43,436.91,0.68355,-1,-1,-1
383,54,513.52,179.37,219.80,599.76,0.87655,-1,-1,-1
383,55,1114.45,154.90,233.03,762.35,0.88067,-1,-1,-1
383,59,983.41,353.10,74.40,190.36,0.46949,-1,-1,-1
383,64,731.63,316.98,61.31,210.57,0.64200,-1,-1,-1
384,2,785.83,217.46,160.80,541.45,0.84693,-1,-1,-1
384,45,356.59,205.77,180.42,574.13,0.82311,-1,-1,-1
384,44,919.78,244.67,93.93,435.52,0.57482,-1,-1,-1
384,54,506.48,177.18,222.98,607.75,0.86485,-1,-1,-1
384,55,1110.32,152.77,234.35,766.48,0.88335,-1,-1,-1
384,64,728.18,319.02,62.54,211.15,0.65265,-1,-1,-1
385,2,785.71,217.83,163.07,543.34,0.84213,-1,-1,-1
385,45,348.55,208.48,187.12,575.07,0.83920,-1,-1,-1
385,44,919.43,246.31,99.52,435.13,0.60185,-1,-1,-1
385,54,504.83,176.06,222.72,616.61,0.86028,-1,-1,-1
385,55,1107.03,155.77,238.59,763.39,0.88358,-1,-1,-1
385,64,726.55,321.51,64.55,212.66,0.69667,-1,-1,-1
386,2,782.38,215.32,166.74,536.37,0.81745,-1,-1,-1
386,45,341.35,206.49,185.11,574.26,0.83338,-1,-1,-1
386,44,920.79,244.48,91.16,430.13,0.54474,-1,-1,-1
386,54,495.32,172.81,229.66,622.62,0.86385,-1,-1,-1
386,55,1098.62,156.46,248.27,759.05,0.88733,-1,-1,-1
386,64,726.79,319.85,62.23,211.40,0.65834,-1,-1,-1
386,59,978.35,351.22,75.69,196.24,0.33736,-1,-1,-1
387,2,778.69,213.62,169.13,532.57,0.83608,-1,-1,-1
387,45,332.23,201.33,187.09,584.17,0.83855,-1,-1,-1
387,44,919.31,244.58,83.86,430.85,0.61854,-1,-1,-1
387,54,485.99,168.71,235.32,631.66,0.86182,-1,-1,-1
387,55,1088.40,156.41,259.76,752.84,0.89352,-1,-1,-1
387,64,722.40,317.82,64.90,212.44,0.67810,-1,-1,-1
387,59,977.66,349.82,76.11,197.81,0.35299,-1,-1,-1
388,2,777.61,211.70,170.71,531.93,0.83456,-1,-1,-1
388,45,321.98,193.98,190.27,595.42,0.84735,-1,-1,-1
388,44,917.94,241.01,84.92,433.30,0.50952,-1,-1,-1
388,54,478.88,166.03,237.50,646.45,0.86439,-1,-1,-1
388,55,1083.56,157.68,266.01,746.95,0.88749,-1,-1,-1
388,64,718.77,316.97,67.73,211.49,0.70959,-1,-1,-1
388,59,976.12,348.21,76.29,199.47,0.38001,-1,-1,-1
389,2,778.21,209.68,166.97,536.53,0.84239,-1,-1,-1
389,45,314.96,186.84,190.71,604.77,0.84096,-1,-1,-1
389,44,916.55,242.21,83.82,433.88,0.59225,-1,-1,-1
389,54,476.47,161.96,236.35,657.79,0.86360,-1,-1,-1
389,55,1081.67,157.44,268.61,747.83,0.89122,-1,-1,-1
389,64,717.07,316.70,68.84,212.57,0.68959,-1,-1,-1
389,59,974.34,333.80,80.05,216.59,0.31271,-1,-1,-1
390,2,777.45,210.03,164.51,539.57,0.84704,-1,-1,-1
390,45,306.23,183.74,195.85,609.58,0.83506,-1,-1,-1
390,44,915.15,242.24,81.79,433.54,0.65968,-1,-1,-1
390,54,475.71,156.61,235.55,669.01,0.87164,-1,-1,-1
390,55,1078.01,157.08,273.98,750.22,0.88538,-1,-1,-1
390,64,715.13,316.81,71.27,213.24,0.72952,-1,-1,-1
390,59,975.54,336.85,79.34,215.30,0.38214,-1,-1,-1
391,2,773.52,209.61,164.83,542.52,0.84969,-1,-1,-1
391,45,295.29,180.77,200.90,614.42,0.83686,-1,-1,-1
391,44,911.61,238.32,83.74,436.31,0.65246,-1,-1,-1
391,54,474.29,149.86,237.04,678.78,0.87184,-1,-1,-1
391,55,1069.32,157.17,283.42,754.54,0.88820,-1,-1,-1
391,64,711.54,316.27,74.29,213.65,0.73646,-1,-1,-1
391,59,976.30,340.55,75.67,211.74,0.59959,-1,-1,-1
392,2,770.98,210.70,164.24,545.76,0.83346,-1,-1,-1
392,45,286.49,175.76,203.09,624.67,0.84984,-1,-1,-1
392,44,908.79,235.72,83.02,439.22,0.66053,-1,-1,-1
392,54,473.75,143.89,236.02,689.20,0.87493,-1,-1,-1
392,55,1062.23,156.47,290.20,763.13,0.89425,-1,-1,-1
392,64,707.85,314.68,77.46,214.98,0.76108,-1,-1,-1
392,59,976.46,335.18,74.09,216.28,0.48139,-1,-1,-1
393,2,769.00,216.84,166.01,540.18,0.82142,-1,-1,-1
393,45,273.38,172.09,209.26,633.32,0.85707,-1,-1,-1
393,44,906.11,238.08,84.34,437.17,0.61729,-1,-1,-1
393,54,471.69,139.61,234.30,696.69,0.87836,-1,-1,-1
393,55,1057.99,156.82,294.16,768.63,0.89679,-1,-1,-1
393,64,705.94,314.14,78.42,216.80,0.75966,-1,-1,-1
393,59,974.51,331.06,74.97,219.84,0.56237,-1,-1,-1
394,2,766.90,218.72,163.20,538.87,0.80766,-1,-1,-1
394,45,260.36,165.44,217.00,642.70,0.86375,-1,-1,-1
394,44,904.59,235.05,82.42,436.11,0.62000,-1,-1,-1
394,54,465.42,133.61,235.99,704.95,0.88211,-1,-1,-1
394,55,1055.43,156.23,295.85,771.97,0.90465,-1,-1,-1
394,64,702.77,313.49,79.22,216.27,0.75111,-1,-1,-1
394,59,972.39,329.89,76.71,220.25,0.60480,-1,-1,-1
395,2,761.65,220.09,164.42,538.96,0.80365,-1,-1,-1
395,45,231.01,160.64,238.95,648.67,0.86549,-1,-1,-1
395,44,901.48,232.75,81.92,436.97,0.62718,-1,-1,-1
395,54,461.00,127.42,235.02,714.62,0.87712,-1,-1,-1
395,55,1052.32,155.92,298.13,776.44,0.90044,-1,-1,-1
395,64,700.53,311.84,79.02,217.49,0.74299,-1,-1,-1
395,59,970.67,338.17,74.30,210.77,0.61779,-1,-1,-1
396,2,758.94,222.26,162.89,535.47,0.80886,-1,-1,-1
396,45,222.91,157.47,235.17,659.93,0.86764,-1,-1,-1
396,44,899.50,235.74,81.81,434.04,0.68786,-1,-1,-1
396,54,454.57,118.58,237.22,726.18,0.88029,-1,-1,-1
396,55,1050.52,155.90,300.69,778.06,0.89914,-1,-1,-1
396,64,697.44,309.84,78.69,218.53,0.73473,-1,-1,-1
396,59,969.00,338.14,73.79,210.30,0.64198,-1,-1,-1
396,66,1028.11,378.69,44.10,170.01,0.34859,-1,-1,-1
397,2,756.57,222.17,160.66,532.07,0.81367,-1,-1,-1
397,45,198.52,155.95,251.35,667.13,0.87036,-1,-1,-1
397,44,896.91,237.79,81.96,430.15,0.68887,-1,-1,-1
397,54,445.40,110.78,242.15,736.70,0.88609,-1,-1,-1
397,55,1050.11,155.83,300.54,779.86,0.89807,-1,-1,-1
397,64,695.60,309.28,75.68,219.91,0.74480,-1,-1,-1
397,59,967.73,337.17,75.29,210.28,0.62799,-1,-1,-1
398,2,752.14,219.03,159.83,535.97,0.83129,-1,-1,-1
398,45,174.60,149.00,268.64,684.39,0.88573,-1,-1,-1
398,44,894.05,238.37,82.87,430.10,0.68168,-1,-1,-1
398,54,435.39,102.42,248.99,747.35,0.89519,-1,-1,-1
398,55,1049.74,155.70,298.40,781.34,0.89827,-1,-1,-1
398,64,693.09,307.25,72.82,221.49,0.75811,-1,-1,-1
398,59,967.48,338.11,75.69,208.58,0.60322,-1,-1,-1
399,2,747.14,216.51,159.07,537.43,0.85502,-1,-1,-1
399,45,142.86,144.48,287.98,697.68,0.89675,-1,-1,-1
399,44,888.32,238.32,87.36,430.52,0.71824,-1,-1,-1
399,54,426.82,94.64,254.12,756.91,0.89307,-1,-1,-1
399,55,1050.23,155.32,295.50,784.50,0.89646,-1,-1,-1
399,64,690.99,304.83,69.72,224.18,0.78677,-1,-1,-1
399,59,966.80,336.25,75.95,210.71,0.62174,-1,-1,-1
400,2,740.48,216.45,159.46,531.73,0.84310,-1,-1,-1
400,45,126.10,141.66,294.24,705.77,0.89442,-1,-1,-1
400,44,881.87,238.89,91.36,431.36,0.75150,-1,-1,-1
400,54,418.55,90.22,262.74,764.55,0.89450,-1,-1,-1
400,55,1050.04,155.02,294.05,787.89,0.89894,-1,-1,-1
400,64,689.87,305.14,67.11,223.63,0.77402,-1,-1,-1
400,59,964.76,331.04,81.09,217.06,0.54276,-1,-1,-1
401,2,731.76,216.42,163.51,521.71,0.86353,-1,-1,-1
401,45,114.86,139.79,294.55,717.70,0.89561,-1,-1,-1
401,44,877.78,236.03,93.42,437.27,0.78138,-1,-1,-1
401,54,412.35,85.10,270.07,774.94,0.89918,-1,-1,-1
401,55,1051.25,154.74,290.65,784.80,0.89973,-1,-1,-1
401,64,687.34,304.28,66.02,223.76,0.72484,-1,-1,-1
401,59,964.51,330.18,83.41,217.80,0.60456,-1,-1,-1
402,2,727.97,213.44,165.33,520.25,0.87931,-1,-1,-1
402,45,110.15,136.30,290.02,727.64,0.89789,-1,-1,-1
402,44,874.78,235.12,96.83,438.52,0.80493,-1,-1,-1
402,54,406.13,80.04,277.48,790.78,0.89858,-1,-1,-1
402,55,1054.33,149.75,285.89,790.49,0.89735,-1,-1,-1
402,64,686.96,302.47,63.83,225.37,0.56781,-1,-1,-1
402,59,965.78,329.73,81.17,216.84,0.60709,-1,-1,-1
403,2,725.58,212.78,165.89,521.26,0.87707,-1,-1,-1
403,45,103.26,135.17,284.65,746.15,0.89639,-1,-1,-1
403,44,873.38,236.48,98.01,438.64,0.80483,-1,-1,-1
403,54,398.89,75.81,285.55,812.81,0.90800,-1,-1,-1
403,55,1058.17,149.70,281.60,795.88,0.89659,-1,-1,-1
403,64,686.95,303.13,62.78,227.76,0.58189,-1,-1,-1
403,59,968.92,338.93,77.62,208.02,0.58084,-1,-1,-1
404,2,723.59,213.00,166.58,523.60,0.86413,-1,-1,-1
404,45,93.42,132.49,283.12,767.34,0.90127,-1,-1,-1
404,44,873.25,237.59,99.09,443.01,0.80131,-1,-1,-1
404,54,390.39,73.95,292.55,835.15,0.90925,-1,-1,-1
404,55,1063.39,149.66,281.77,796.06,0.89003,-1,-1,-1
404,64,686.69,304.44,62.63,228.59,0.54568,-1,-1,-1
404,59,970.59,339.32,78.23,210.19,0.63939,-1,-1,-1
405,2,724.96,214.27,164.36,524.57,0.86230,-1,-1,-1
405,45,78.97,130.07,288.42,781.84,0.89144,-1,-1,-1
405,44,873.26,238.58,99.36,441.93,0.80141,-1,-1,-1
405,54,378.90,73.54,302.40,841.94,0.90823,-1,-1,-1
405,55,1064.04,150.54,285.30,792.85,0.88902,-1,-1,-1
405,64,687.58,304.11,61.33,229.67,0.52093,-1,-1,-1
405,59,972.25,338.89,79.66,211.20,0.65458,-1,-1,-1
406,2,724.00,215.43,166.37,525.74,0.84941,-1,-1,-1
406,45,59.91,128.71,300.74,790.81,0.89192,-1,-1,-1
406,44,873.69,238.98,101.38,439.43,0.79616,-1,-1,-1
406,54,368.13,71.72,313.46,852.29,0.90540,-1,-1,-1
406,55,1065.83,149.88,287.23,785.39,0.87731,-1,-1,-1
406,64,689.20,304.42,61.95,231.31,0.49131,-1,-1,-1
406,59,975.66,341.80,83.08,211.43,0.66720,-1,-1,-1
407,2,726.43,217.14,165.16,527.18,0.85861,-1,-1,-1
407,45,56.54,122.81,301.43,804.11,0.88891,-1,-1,-1
407,44,874.01,238.92,102.40,441.15,0.79804,-1,-1,-1
407,54,358.16,72.57,325.64,860.65,0.90493,-1,-1,-1
407,55,1070.95,149.49,284.51,780.21,0.87765,-1,-1,-1
407,64,690.21,305.13,63.49,234.74,0.59441,-1,-1,-1
407,59,978.53,345.49,84.14,209.09,0.65379,-1,-1,-1
408,2,726.16,219.49,166.76,528.04,0.86439,-1,-1,-1
408,45,42.66,118.20,311.20,813.66,0.90358,-1,-1,-1
408,44,873.21,239.72,104.59,441.02,0.79253,-1,-1,-1
408,54,351.65,70.27,331.72,874.68,0.90373,-1,-1,-1
408,55,1076.27,149.23,280.70,778.58,0.88910,-1,-1,-1
408,64,693.58,305.08,60.91,237.28,0.47144,-1,-1,-1
408,59,981.13,337.94,84.92,218.03,0.61379,-1,-1,-1
409,2,728.95,220.95,166.58,532.30,0.86040,-1,-1,-1
409,45,43.42,114.74,310.20,825.45,0.90468,-1,-1,-1
409,44,873.92,241.72,106.82,438.00,0.80365,-1,-1,-1
409,54,351.76,68.02,330.07,893.81,0.90878,-1,-1,-1
409,55,1083.59,150.07,276.00,782.24,0.89483,-1,-1,-1
409,64,699.50,306.73,55.34,240.25,0.48678,-1,-1,-1
409,59,986.74,342.52,79.57,212.82,0.65957,-1,-1,-1
410,2,732.24,223.55,165.75,533.74,0.83722,-1,-1,-1
410,45,39.58,111.40,313.85,836.41,0.90315,-1,-1,-1
410,44,875.70,240.52,113.40,438.13,0.78966,-1,-1,-1
410,54,355.93,65.40,321.77,911.69,0.91613,-1,-1,-1
410,55,1091.12,151.24,272.13,785.51,0.89212,-1,-1,-1
410,64,704.60,308.78,56.77,242.07,0.60659,-1,-1,-1
410,59,994.08,345.78,76.21,210.08,0.63021,-1,-1,-1
411,2,734.20,224.38,168.79,535.36,0.80137,-1,-1,-1
411,45,31.05,105.38,313.45,847.33,0.90778,-1,-1,-1
411,44,880.96,239.61,113.44,438.33,0.78726,-1,-1,-1
411,54,356.99,61.19,317.92,925.12,0.91575,-1,-1,-1
411,55,1099.56,149.65,267.34,793.58,0.88926,-1,-1,-1
411,64,710.28,308.71,54.93,242.19,0.58892,-1,-1,-1
411,59,1000.02,349.63,80.02,207.94,0.66357,-1,-1,-1
412,2,736.81,225.83,171.16,532.74,0.81357,-1,-1,-1
412,45,21.17,97.03,314.05,859.02,0.91686,-1,-1,-1
412,44,888.26,236.51,110.56,442.28,0.75153,-1,-1,-1
412,54,353.46,56.20,318.91,953.43,0.91289,-1,-1,-1
412,55,1103.71,152.46,269.29,797.81,0.89243,-1,-1,-1
412,64,716.23,308.39,55.15,240.68,0.54743,-1,-1,-1
412,59,1004.43,347.14,82.39,211.36,0.70111,-1,-1,-1
412,67,653.97,342.66,54.24,191.03,0.62762,-1,-1,-1
412,66,1068.88,376.22,50.61,166.45,0.36022,-1,-1,-1
413,2,740.56,226.08,172.22,529.95,0.81759,-1,-1,-1
413,45,4.93,89.95,320.70,869.78,0.92649,-1,-1,-1
413,44,891.02,231.65,113.53,445.30,0.75228,-1,-1,-1
413,54,345.88,49.01,324.23,976.93,0.91108,-1,-1,-1
413,55,1105.52,153.43,273.82,803.11,0.89727,-1,-1,-1
413,64,722.87,306.76,53.93,241.14,0.46280,-1,-1,-1
413,59,1010.19,344.74,80.23,213.59,0.59897,-1,-1,-1
413,67,653.51,345.71,57.93,187.82,0.66324,-1,-1,-1
414,2,749.18,226.79,168.86,526.59,0.82086,-1,-1,-1
414,45,0.00,83.21,320.19,879.89,0.92961,-1,-1,-1
414,44,894.06,232.98,119.53,445.30,0.78181,-1,-1,-1
414,54,338.43,39.65,326.92,995.90,0.90230,-1,-1,-1
414,55,1109.96,153.73,274.24,806.59,0.88957,-1,-1,-1
414,64,727.74,303.91,56.02,241.75,0.48549,-1,-1,-1
414,59,1016.77,341.73,78.80,216.42,0.64121,-1,-1,-1
414,67,654.76,342.64,63.45,195.59,0.64327,-1,-1,-1
415,2,752.91,224.56,168.82,527.87,0.82476,-1,-1,-1
415,45,0.00,77.59,315.79,886.70,0.92515,-1,-1,-1
415,44,899.43,237.22,118.78,441.76,0.80912,-1,-1,-1
415,54,328.85,28.05,335.63,1016.47,0.91300,-1,-1,-1
415,55,1115.33,153.52,272.92,809.86,0.88638,-1,-1,-1
415,64,731.36,302.70,56.74,238.06,0.43668,-1,-1,-1
415,59,1020.57,347.21,82.08,212.79,0.67478,-1,-1,-1
415,67,655.25,342.10,67.07,189.97,0.64319,-1,-1,-1
416,2,750.93,221.42,174.26,524.48,0.84372,-1,-1,-1
416,45,0.00,67.58,310.87,906.17,0.92166,-1,-1,-1
416,44,904.13,236.97,120.01,444.75,0.79222,-1,-1,-1
416,54,318.84,15.31,343.90,1036.18,0.91370,-1,-1,-1
416,55,1119.77,152.11,272.10,813.88,0.89040,-1,-1,-1
416,59,1023.23,348.72,84.52,211.40,0.59395,-1,-1,-1
416,67,656.18,341.06,68.33,187.63,0.65598,-1,-1,-1
417,2,748.59,221.43,179.13,521.85,0.83578,-1,-1,-1
417,45,0.00,58.14,307.01,940.16,0.91796,-1,-1,-1
417,44,906.41,237.30,120.69,444.68,0.79832,-1,-1,-1
417,54,299.81,5.97,359.83,1052.33,0.90903,-1,-1,-1
417,55,1123.84,151.44,269.42,821.59,0.89152,-1,-1,-1
417,59,1028.18,345.73,83.13,213.08,0.66281,-1,-1,-1
417,67,656.66,341.14,69.32,188.54,0.66108,-1,-1,-1
418,2,747.06,219.61,181.87,520.98,0.84377,-1,-1,-1
418,45,0.00,49.62,284.44,974.50,0.91624,-1,-1,-1
418,44,909.25,234.53,122.32,444.78,0.78371,-1,-1,-1
418,54,281.02,0.78,374.13,1061.56,0.91499,-1,-1,-1
418,55,1126.71,148.70,267.81,826.00,0.89199,-1,-1,-1
418,59,1030.87,338.08,83.26,218.27,0.66686,-1,-1,-1
418,67,655.77,339.73,69.61,190.78,0.67195,-1,-1,-1
419,2,745.37,212.69,182.56,528.23,0.85402,-1,-1,-1
419,45,0.00,41.83,264.78,990.87,0.91052,-1,-1,-1
419,44,910.39,234.01,121.00,443.66,0.77796,-1,-1,-1
419,54,260.60,0.00,389.19,1067.38,0.92149,-1,-1,-1
419,55,1126.83,147.20,268.17,825.42,0.89032,-1,-1,-1
419,59,1032.28,337.03,84.25,219.11,0.63291,-1,-1,-1
419,67,653.20,337.66,69.41,198.54,0.67416,-1,-1,-1
420,2,742.79,209.39,183.86,532.12,0.85646,-1,-1,-1
420,45,0.00,37.98,248.07,1004.47,0.90357,-1,-1,-1
420,44,909.80,235.09,123.07,445.35,0.78576,-1,-1,-1
420,54,243.30,0.00,400.66,1074.13,0.92562,-1,-1,-1
420,55,1126.54,144.46,269.00,826.86,0.88960,-1,-1,-1
420,59,1031.82,333.87,89.07,224.62,0.63630,-1,-1,-1
420,67,650.56,337.22,68.58,204.43,0.67677,-1,-1,-1
421,2,741.78,210.06,185.32,530.68,0.85749,-1,-1,-1
421,45,0.00,27.88,232.08,992.92,0.90012,-1,-1,-1
421,44,908.90,234.85,122.55,444.16,0.79296,-1,-1,-1
421,54,224.10,0.46,414.16,1075.58,0.92582,-1,-1,-1
421,55,1123.61,139.96,273.88,829.83,0.89141,-1,-1,-1
421,59,1031.63,334.21,90.67,224.12,0.64291,-1,-1,-1
421,67,648.87,336.48,69.36,205.49,0.67591,-1,-1,-1
422,2,739.97,210.56,184.27,537.67,0.84701,-1,-1,-1
422,45,0.00,17.59,214.16,991.79,0.88897,-1,-1,-1
422,44,907.35,235.27,122.39,444.89,0.79223,-1,-1,-1
422,54,203.86,0.00,424.43,1078.58,0.91956,-1,-1,-1
422,55,1119.60,132.45,278.75,834.96,0.88662,-1,-1,-1
422,59,1031.15,337.55,89.89,220.38,0.54839,-1,-1,-1
422,67,644.54,334.06,69.80,209.28,0.68580,-1,-1,-1
423,2,737.85,211.11,179.71,537.59,0.84798,-1,-1,-1
423,45,0.00,13.13,194.32,995.93,0.89021,-1,-1,-1
423,44,906.54,237.46,121.75,444.63,0.77443,-1,-1,-1
423,54,186.87,0.00,429.96,1080.00,0.92256,-1,-1,-1
423,55,1111.99,127.94,286.79,838.55,0.89320,-1,-1,-1
423,59,1030.38,340.15,90.19,218.84,0.56309,-1,-1,-1
423,67,640.22,332.55,72.88,212.95,0.71794,-1,-1,-1
424,2,736.68,213.47,174.96,533.25,0.83784,-1,-1,-1
424,45,0.00,9.54,174.12,1004.53,0.87639,-1,-1,-1
424,44,903.09,240.28,126.09,442.21,0.75098,-1,-1,-1
424,54,165.75,0.24,438.49,1079.76,0.92724,-1,-1,-1
424,55,1106.73,126.85,293.88,838.21,0.90047,-1,-1,-1
424,59,1028.52,340.83,88.10,218.64,0.60421,-1,-1,-1
424,67,636.63,332.02,75.93,213.56,0.70016,-1,-1,-1
425,2,731.95,213.01,176.11,535.40,0.83777,-1,-1,-1
425,45,0.00,6.28,149.01,1011.02,0.84352,-1,-1,-1
425,44,899.10,239.08,127.58,440.56,0.77448,-1,-1,-1
425,54,139.17,0.00,454.78,1078.40,0.92428,-1,-1,-1
425,55,1100.79,125.16,300.13,831.95,0.90281,-1,-1,-1
425,59,1027.89,338.54,86.11,219.30,0.62046,-1,-1,-1
425,67,632.02,327.41,76.36,218.78,0.70066,-1,-1,-1
425,64,718.75,295.49,53.69,247.55,0.30564,-1,-1,-1
426,2,731.70,212.59,173.18,535.41,0.84013,-1,-1,-1
426,45,0.00,4.79,128.40,806.33,0.57606,-1,-1,-1
426,44,894.77,236.69,132.69,442.07,0.79493,-1,-1,-1
426,54,112.05,0.00,468.71,1076.18,0.92616,-1,-1,-1
426,55,1093.23,125.18,309.26,820.55,0.90319,-1,-1,-1
426,59,1026.34,334.57,85.25,220.01,0.63227,-1,-1,-1
426,67,629.56,325.75,74.80,217.90,0.68494,-1,-1,-1
426,68,560.32,316.63,43.12,196.13,0.44647,-1,-1,-1
427,2,728.35,214.05,176.55,536.74,0.83095,-1,-1,-1
427,45,0.00,108.95,98.25,600.56,0.71230,-1,-1,-1
427,44,895.49,236.09,132.59,442.39,0.77990,-1,-1,-1
427,54,78.03,0.22,488.74,1073.15,0.92240,-1,-1,-1
427,55,1086.97,127.39,315.87,812.90,0.90020,-1,-1,-1
427,59,1024.96,332.55,84.79,222.54,0.58502,-1,-1,-1
427,67,625.94,326.06,74.01,220.86,0.72005,-1,-1,-1
427,68,551.14,329.38,50.76,182.96,0.52004,-1,-1,-1
428,2,720.17,218.27,181.40,531.92,0.83379,-1,-1,-1
428,45,0.00,148.96,73.24,538.90,0.43611,-1,-1,-1
428,44,892.06,235.90,135.97,442.50,0.79769,-1,-1,-1
428,54,47.01,1.97,510.45,1070.88,0.92131,-1,-1,-1
428,55,1081.49,128.92,321.30,813.71,0.90390,-1,-1,-1
428,59,1024.55,332.54,81.61,223.40,0.50007,-1,-1,-1
428,67,620.46,326.69,74.36,221.29,0.71527,-1,-1,-1
428,68,542.73,316.06,55.42,193.89,0.58751,-1,-1,-1
429,2,711.16,216.37,185.97,539.07,0.83180,-1,-1,-1
429,44,892.68,234.80,132.96,441.68,0.77671,-1,-1,-1
429,54,10.94,2.11,533.59,1070.98,0.93018,-1,-1,-1
429,55,1076.21,130.66,322.75,816.05,0.90479,-1,-1,-1
429,59,1026.76,330.84,77.77,226.91,0.48608,-1,-1,-1
429,67,615.37,327.95,71.59,222.29,0.75500,-1,-1,-1
429,68,537.46,319.72,57.07,194.00,0.58705,-1,-1,-1
430,2,703.83,214.82,179.61,544.37,0.83801,-1,-1,-1
430,44,893.53,234.09,129.46,437.52,0.77924,-1,-1,-1
430,54,0.00,2.57,535.45,1070.93,0.92660,-1,-1,-1
430,55,1070.06,132.77,328.30,819.75,0.90912,-1,-1,-1
430,59,1004.90,319.66,83.16,236.49,0.32143,-1,-1,-1
430,67,611.69,325.40,71.32,224.58,0.71309,-1,-1,-1
430,68,532.52,331.37,55.28,178.10,0.46615,-1,-1,-1
431,2,695.06,212.55,175.15,551.93,0.82610,-1,-1,-1
431,44,892.59,233.23,128.27,434.93,0.78270,-1,-1,-1
431,54,0.00,2.90,524.25,1070.98,0.92979,-1,-1,-1
431,55,1067.12,133.46,329.74,823.93,0.90504,-1,-1,-1
431,59,995.71,315.43,80.68,237.41,0.39962,-1,-1,-1
431,67,606.00,325.89,74.99,227.98,0.67611,-1,-1,-1
431,68,527.15,334.15,55.03,182.34,0.45751,-1,-1,-1
431,70,1034.70,329.17,72.09,224.97,0.37206,-1,-1,-1
432,2,685.60,209.67,175.65,566.49,0.83327,-1,-1,-1
432,44,893.00,231.69,127.24,433.23,0.78843,-1,-1,-1
432,54,0.00,4.38,516.03,1070.79,0.93519,-1,-1,-1
432,55,1065.40,133.88,331.33,828.46,0.90382,-1,-1,-1
432,59,994.38,314.61,78.26,237.46,0.46705,-1,-1,-1
432,67,602.81,326.57,73.88,228.95,0.65976,-1,-1,-1
432,68,522.02,342.83,55.62,209.84,0.41246,-1,-1,-1
432,70,1035.32,328.29,71.80,224.80,0.37641,-1,-1,-1
433,2,679.51,206.37,178.11,562.92,0.82828,-1,-1,-1
433,44,893.16,231.16,126.22,431.59,0.79601,-1,-1,-1
433,54,0.00,5.35,505.18,1066.25,0.93553,-1,-1,-1
433,55,1066.55,132.97,330.88,832.43,0.90328,-1,-1,-1
433,59,996.08,310.31,76.47,240.99,0.56347,-1,-1,-1
433,67,600.06,325.11,74.40,228.86,0.64434,-1,-1,-1
433,68,518.96,343.95,55.20,191.18,0.42244,-1,-1,-1
434,2,675.97,202.63,176.66,573.15,0.84026,-1,-1,-1
434,44,892.78,228.39,126.45,432.03,0.79594,-1,-1,-1
434,54,0.00,4.09,495.27,1065.65,0.93873,-1,-1,-1
434,55,1069.65,131.09,328.90,834.17,0.90125,-1,-1,-1
434,59,1000.09,308.81,73.38,240.56,0.52045,-1,-1,-1
434,67,597.30,321.73,72.80,231.73,0.68486,-1,-1,-1
434,68,517.62,333.30,55.46,187.21,0.42863,-1,-1,-1
434,70,1042.53,323.45,66.50,231.40,0.33910,-1,-1,-1
435,2,674.12,199.28,174.25,565.71,0.82541,-1,-1,-1
435,44,891.39,225.86,128.13,431.72,0.77879,-1,-1,-1
435,54,0.00,2.96,485.69,1065.60,0.93963,-1,-1,-1
435,55,1071.22,128.54,328.44,836.84,0.90367,-1,-1,-1
435,59,999.94,304.99,72.54,241.16,0.54090,-1,-1,-1
435,67,595.18,319.60,73.61,233.19,0.68572,-1,-1,-1
435,68,515.97,317.55,54.48,193.81,0.66709,-1,-1,-1
435,70,1046.39,321.34,62.50,238.27,0.31189,-1,-1,-1
436,2,671.98,196.19,174.60,558.11,0.79738,-1,-1,-1
436,44,896.40,224.16,123.43,431.96,0.77012,-1,-1,-1
436,54,0.00,2.11,476.24,1066.89,0.93971,-1,-1,-1
436,55,1073.65,125.53,327.28,841.68,0.90693,-1,-1,-1
436,59,998.24,302.56,73.68,242.26,0.54252,-1,-1,-1
436,67,594.66,317.71,73.25,233.01,0.70885,-1,-1,-1
436,68,514.42,309.92,53.61,198.73,0.61481,-1,-1,-1
437,2,669.12,193.55,173.86,539.63,0.81350,-1,-1,-1
437,44,899.94,223.03,120.40,432.21,0.75627,-1,-1,-1
437,54,0.00,1.51,462.74,1071.76,0.93570,-1,-1,-1
437,55,1077.77,121.03,325.20,845.45,0.90549,-1,-1,-1
437,59,996.29,300.73,72.11,241.67,0.57125,-1,-1,-1
437,67,591.59,313.59,75.02,232.70,0.72354,-1,-1,-1
437,68,514.10,334.27,51.84,170.96,0.58688,-1,-1,-1
437,72,820.00,300.86,80.80,230.25,0.67429,-1,-1,-1
437,70,1048.08,313.79,63.96,235.08,0.49911,-1,-1,-1
438,2,663.77,194.08,175.76,531.11,0.83848,-1,-1,-1
438,44,903.37,223.24,116.89,433.74,0.75570,-1,-1,-1
438,54,0.00,3.08,441.62,1070.24,0.93489,-1,-1,-1
438,55,1079.52,118.42,324.34,839.90,0.90031,-1,-1,-1
438,59,994.89,300.53,72.37,240.41,0.57019,-1,-1,-1
438,67,589.05,312.63,75.24,233.80,0.73092,-1,-1,-1
438,68,512.45,335.55,51.25,170.84,0.42339,-1,-1,-1
438,72,816.82,300.82,83.34,231.32,0.67256,-1,-1,-1
438,70,1049.75,314.06,62.61,231.87,0.38758,-1,-1,-1
439,2,661.29,194.75,174.84,528.06,0.85406,-1,-1,-1
439,44,905.27,223.45,114.26,435.61,0.75772,-1,-1,-1
439,54,0.00,3.66,417.52,1070.62,0.92768,-1,-1,-1
439,55,1083.76,115.47,321.10,840.87,0.90121,-1,-1,-1
439,59,994.57,300.55,72.49,238.22,0.63996,-1,-1,-1
439,67,585.39,312.42,75.97,234.45,0.72185,-1,-1,-1
439,68,510.25,330.97,51.65,173.97,0.43385,-1,-1,-1
439,72,812.64,299.60,85.40,236.61,0.72513,-1,-1,-1
439,70,1050.49,313.01,66.14,232.03,0.46918,-1,-1,-1
440,2,657.30,193.89,175.80,527.31,0.86723,-1,-1,-1
440,44,905.03,221.66,112.97,437.39,0.76951,-1,-1,-1
440,54,0.00,3.51,392.17,1066.64,0.92690,-1,-1,-1
440,55,1087.52,111.59,320.95,840.61,0.88449,-1,-1,-1
440,59,994.07,300.00,73.79,236.90,0.70439,-1,-1,-1
440,67,582.78,308.78,77.42,241.30,0.76859,-1,-1,-1
440,68,507.19,325.98,52.80,177.92,0.40841,-1,-1,-1
440,72,809.04,297.25,84.95,239.48,0.70190,-1,-1,-1
440,70,1051.45,309.42,68.28,235.39,0.56879,-1,-1,-1
441,2,656.36,195.49,176.88,528.56,0.86375,-1,-1,-1
441,44,906.72,222.30,111.95,437.74,0.77916,-1,-1,-1
441,54,0.00,3.48,363.87,1065.44,0.91987,-1,-1,-1
441,55,1092.38,107.37,321.33,841.76,0.89978,-1,-1,-1
441,59,994.80,297.99,75.12,238.74,0.71017,-1,-1,-1
441,67,582.90,306.17,76.90,246.02,0.76630,-1,-1,-1
441,68,506.60,315.72,53.82,188.85,0.40873,-1,-1,-1
441,72,808.72,296.34,83.98,241.56,0.69518,-1,-1,-1
441,70,1052.10,308.40,70.58,239.62,0.60964,-1,-1,-1
442,2,657.48,198.22,176.53,529.44,0.85527,-1,-1,-1
442,44,909.93,224.36,109.56,435.74,0.73374,-1,-1,-1
442,54,0.00,3.94,332.03,1064.90,0.91354,-1,-1,-1
442,55,1097.85,106.98,322.20,832.62,0.89739,-1,-1,-1
442,59,996.03,297.78,75.54,242.27,0.67762,-1,-1,-1
442,67,583.67,306.09,76.37,249.02,0.77191,-1,-1,-1
442,68,509.77,326.76,52.05,177.80,0.42719,-1,-1,-1
442,72,811.53,297.39,86.81,238.36,0.72846,-1,-1,-1
442,70,1056.02,313.81,71.74,237.22,0.65718,-1,-1,-1
443,2,662.00,199.27,173.48,527.63,0.85101,-1,-1,-1
443,44,911.19,224.99,109.74,435.49,0.74653,-1,-1,-1
443,54,0.00,4.55,300.23,1063.43,0.89324,-1,-1,-1
443,55,1103.85,110.20,323.65,821.40,0.89673,-1,-1,-1
443,59,998.52,295.96,79.19,243.56,0.64358,-1,-1,-1
443,67,584.26,308.59,78.42,249.20,0.77296,-1,-1,-1
443,68,513.29,334.63,50.89,172.27,0.44917,-1,-1,-1
443,72,814.37,299.60,87.31,232.75,0.75903,-1,-1,-1
443,70,1060.84,314.26,71.07,238.27,0.59892,-1,-1,-1
444,2,667.60,200.60,169.63,521.57,0.84485,-1,-1,-1
444,44,915.14,225.63,107.68,432.80,0.71024,-1,-1,-1
444,54,0.15,4.41,269.07,1061.82,0.83903,-1,-1,-1
444,55,1112.36,112.38,319.99,814.25,0.90035,-1,-1,-1
444,59,1000.20,297.03,82.21,243.38,0.63593,-1,-1,-1
444,67,586.02,307.33,79.98,250.95,0.76191,-1,-1,-1
444,68,516.59,341.44,50.59,164.49,0.49085,-1,-1,-1
444,72,817.73,299.44,85.44,233.71,0.77166,-1,-1,-1
444,70,1063.45,304.03,72.41,245.35,0.58136,-1,-1,-1
445,2,673.19,202.94,169.46,512.59,0.84182,-1,-1,-1
445,44,913.15,222.73,113.73,438.66,0.77501,-1,-1,-1
445,54,0.68,5.06,235.60,1062.12,0.38227,-1,-1,-1
445,55,1120.25,118.06,317.04,817.69,0.89724,-1,-1,-1
445,59,1006.83,292.21,82.89,246.61,0.71546,-1,-1,-1
445,67,586.44,307.53,82.38,251.39,0.76218,-1,-1,-1
445,68,521.15,334.10,50.71,172.72,0.49182,-1,-1,-1
445,72,820.95,298.44,87.24,235.45,0.78289,-1,-1,-1
445,70,1070.77,303.42,73.01,243.33,0.57065,-1,-1,-1
446,2,680.97,202.46,166.36,502.76,0.83505,-1,-1,-1
446,44,911.20,220.93,118.97,445.73,0.80871,-1,-1,-1
446,54,0.99,5.17,277.17,1063.73,0.72860,-1,-1,-1
446,55,1128.94,124.06,315.31,818.62,0.90601,-1,-1,-1
446,59,1012.71,294.51,81.04,248.35,0.77140,-1,-1,-1
446,67,586.68,308.97,86.97,250.74,0.73861,-1,-1,-1
446,68,524.67,342.49,53.33,164.72,0.53551,-1,-1,-1
446,72,826.16,296.19,86.71,237.96,0.79053,-1,-1,-1
446,70,1078.53,301.97,71.21,245.17,0.65219,-1,-1,-1
447,2,685.42,201.43,169.70,508.18,0.83575,-1,-1,-1
447,44,916.37,220.50,121.84,449.99,0.76663,-1,-1,-1
447,55,1139.64,126.60,310.53,823.67,0.90603,-1,-1,-1
447,59,1017.95,293.00,83.42,250.28,0.76477,-1,-1,-1
447,67,589.42,310.42,88.49,249.40,0.69033,-1,-1,-1
447,68,530.28,352.32,52.32,153.81,0.50066,-1,-1,-1
447,72,833.35,295.94,87.53,239.14,0.75758,-1,-1,-1
447,70,1086.57,300.89,69.11,248.47,0.68980,-1,-1,-1
448,2,689.67,201.70,175.49,518.30,0.84180,-1,-1,-1
448,44,922.89,219.87,123.60,453.75,0.74402,-1,-1,-1
448,55,1147.86,136.09,312.43,824.29,0.90516,-1,-1,-1
448,59,1026.34,296.11,81.87,250.88,0.73904,-1,-1,-1
448,67,591.04,312.33,90.02,249.01,0.69646,-1,-1,-1
448,68,535.76,335.31,52.62,175.18,0.49974,-1,-1,-1
448,72,840.94,296.95,85.57,239.65,0.79701,-1,-1,-1
448,70,1094.91,303.80,69.75,247.91,0.67945,-1,-1,-1
449,2,698.63,202.99,173.12,518.60,0.81634,-1,-1,-1
449,44,931.47,217.96,118.83,454.58,0.77324,-1,-1,-1
449,55,1154.28,141.91,314.23,824.55,0.90732,-1,-1,-1
449,59,1037.01,297.22,78.22,250.15,0.71194,-1,-1,-1
449,67,599.82,314.77,87.11,251.03,0.74513,-1,-1,-1
449,68,541.01,322.99,55.57,190.00,0.52470,-1,-1,-1
449,72,846.66,297.77,85.84,239.41,0.75060,-1,-1,-1
449,70,1102.50,313.26,70.38,240.22,0.67477,-1,-1,-1
450,2,705.97,202.28,172.41,514.58,0.81519,-1,-1,-1
450,44,931.20,218.57,119.59,453.81,0.78027,-1,-1,-1
450,55,1162.17,147.17,309.82,827.59,0.90994,-1,-1,-1
450,59,1040.38,298.96,79.43,247.99,0.70502,-1,-1,-1
450,67,605.86,315.00,84.78,251.14,0.71779,-1,-1,-1
450,68,546.28,325.70,54.55,185.25,0.48942,-1,-1,-1
450,72,852.07,298.40,83.46,236.33,0.71620,-1,-1,-1
450,70,1107.95,314.66,71.29,240.23,0.70526,-1,-1,-1
451,2,710.37,201.79,172.53,513.24,0.82435,-1,-1,-1
451,44,939.25,220.30,117.23,447.88,0.78059,-1,-1,-1
451,55,1170.47,151.53,306.49,831.26,0.90310,-1,-1,-1
451,59,1050.62,291.73,74.48,253.37,0.69196,-1,-1,-1
451,67,606.02,314.86,87.42,253.84,0.74111,-1,-1,-1
451,68,552.01,319.03,54.56,191.04,0.45826,-1,-1,-1
451,72,856.38,295.21,88.86,240.52,0.72401,-1,-1,-1
451,70,1116.27,319.13,71.13,236.47,0.69943,-1,-1,-1
452,2,718.72,200.92,167.60,511.64,0.84152,-1,-1,-1
452,44,946.32,220.48,120.52,440.95,0.76626,-1,-1,-1
452,55,1177.80,154.56,306.70,835.02,0.90430,-1,-1,-1
452,59,1057.23,293.91,78.32,251.38,0.74216,-1,-1,-1
452,67,607.73,315.17,89.46,253.72,0.73529,-1,-1,-1
452,68,558.17,319.05,53.10,186.76,0.45047,-1,-1,-1
452,72,858.91,297.89,91.15,237.91,0.77794,-1,-1,-1
452,70,1124.25,317.18,71.29,240.79,0.67523,-1,-1,-1
452,64,708.27,256.13,62.76,300.47,0.41334,-1,-1,-1
453,2,726.28,202.68,164.44,512.76,0.84555,-1,-1,-1
453,44,952.00,217.91,122.81,441.61,0.79511,-1,-1,-1
453,55,1185.22,157.73,304.89,839.23,0.90960,-1,-1,-1
453,59,1065.41,297.53,77.31,252.50,0.74006,-1,-1,-1
453,67,615.25,314.76,84.53,256.29,0.77053,-1,-1,-1
453,68,565.02,313.57,54.57,191.83,0.54861,-1,-1,-1
453,72,870.41,297.45,84.71,241.03,0.78656,-1,-1,-1
453,70,1132.17,317.76,69.93,241.17,0.72101,-1,-1,-1
453,64,711.51,256.11,63.18,302.25,0.36878,-1,-1,-1
454,2,733.45,202.44,164.85,513.25,0.81828,-1,-1,-1
454,44,954.49,218.93,129.63,441.74,0.78348,-1,-1,-1
454,55,1192.60,159.92,304.17,842.45,0.91124,-1,-1,-1
454,59,1074.53,299.27,77.36,251.85,0.71284,-1,-1,-1
454,67,619.50,310.57,85.38,258.36,0.75452,-1,-1,-1
454,68,572.30,319.35,52.93,187.04,0.39564,-1,-1,-1
454,72,878.73,298.39,83.86,242.32,0.73169,-1,-1,-1
454,70,1140.44,313.85,70.47,245.73,0.62435,-1,-1,-1
454,64,712.09,256.16,66.01,311.67,0.62716,-1,-1,-1
455,2,738.51,199.49,168.31,519.58,0.83535,-1,-1,-1
455,44,961.88,220.50,128.22,437.62,0.77868,-1,-1,-1
455,55,1197.37,159.34,306.58,844.64,0.91169,-1,-1,-1
455,59,1082.85,300.50,75.61,251.76,0.71518,-1,-1,-1
455,67,625.67,304.63,83.76,265.53,0.76631,-1,-1,-1
455,68,579.96,315.74,54.06,190.35,0.56368,-1,-1,-1
455,72,885.95,302.98,84.28,235.24,0.69502,-1,-1,-1
455,70,1152.20,313.73,67.23,246.08,0.61480,-1,-1,-1
455,64,717.08,256.71,66.69,311.66,0.58432,-1,-1,-1
456,2,750.13,199.05,163.91,520.49,0.82628,-1,-1,-1
456,44,966.45,214.33,128.03,442.79,0.75639,-1,-1,-1
456,55,1201.75,158.76,309.85,839.01,0.90408,-1,-1,-1
456,59,1090.04,299.80,74.56,248.61,0.71420,-1,-1,-1
456,67,630.69,301.46,84.50,269.07,0.75041,-1,-1,-1
456,68,583.44,316.89,56.19,191.44,0.51679,-1,-1,-1
456,72,895.02,300.75,80.63,238.54,0.66223,-1,-1,-1
456,70,1158.12,313.90,66.60,245.72,0.54326,-1,-1,-1
456,64,721.07,254.73,71.93,317.09,0.62547,-1,-1,-1
457,2,760.13,200.77,162.62,519.96,0.81395,-1,-1,-1
457,44,974.45,213.06,124.18,442.39,0.76776,-1,-1,-1
457,55,1206.10,157.18,313.87,836.93,0.90019,-1,-1,-1
457,59,1095.12,297.86,76.24,250.42,0.67783,-1,-1,-1
457,67,632.47,299.80,89.01,268.63,0.74105,-1,-1,-1
457,68,589.07,308.88,56.79,200.79,0.52712,-1,-1,-1
457,72,901.36,298.88,81.19,239.75,0.67633,-1,-1,-1
457,70,1161.03,310.43,68.18,249.18,0.39522,-1,-1,-1
457,64,725.79,251.71,74.81,320.71,0.67579,-1,-1,-1
458,2,768.94,199.94,160.62,519.10,0.81641,-1,-1,-1
458,44,989.21,211.45,119.99,441.44,0.77678,-1,-1,-1
458,55,1208.33,155.59,317.35,835.58,0.89705,-1,-1,-1
458,59,1102.46,293.63,73.69,255.53,0.70985,-1,-1,-1
458,67,634.70,297.17,90.79,271.26,0.71591,-1,-1,-1
458,68,596.18,307.10,55.15,199.44,0.48709,-1,-1,-1
458,72,907.59,298.12,86.07,240.12,0.74464,-1,-1,-1
458,64,728.50,249.97,75.73,319.84,0.75316,-1,-1,-1
459,2,775.89,203.48,159.70,517.24,0.84804,-1,-1,-1
459,44,996.89,206.96,121.40,444.37,0.80782,-1,-1,-1
459,55,1206.69,150.65,329.11,840.09,0.90809,-1,-1,-1
459,59,1106.53,293.30,79.07,257.11,0.74406,-1,-1,-1
459,67,638.95,296.54,91.42,272.86,0.72458,-1,-1,-1
459,68,599.27,302.87,55.92,202.85,0.47919,-1,-1,-1
459,72,913.01,297.36,83.69,238.73,0.78363,-1,-1,-1
459,64,730.51,249.96,76.84,322.44,0.76663,-1,-1,-1
460,2,783.15,202.93,156.41,513.55,0.85350,-1,-1,-1
460,44,997.49,207.09,129.37,444.82,0.78995,-1,-1,-1
460,55,1204.98,143.51,340.43,837.04,0.90998,-1,-1,-1
460,59,1109.68,294.30,80.17,255.95,0.72712,-1,-1,-1
460,67,640.25,295.45,92.45,272.93,0.73739,-1,-1,-1
460,72,920.32,295.97,80.90,238.51,0.78907,-1,-1,-1
460,64,732.76,246.93,79.12,327.98,0.77148,-1,-1,-1
461,2,786.49,202.84,157.45,509.80,0.83068,-1,-1,-1
461,44,1002.97,209.11,126.66,445.20,0.78480,-1,-1,-1
461,55,1203.58,137.78,347.69,833.80,0.90765,-1,-1,-1
461,59,1110.84,293.36,84.52,254.12,0.72903,-1,-1,-1
461,67,641.75,293.69,92.58,276.03,0.74320,-1,-1,-1
461,72,927.27,295.77,79.17,237.45,0.75301,-1,-1,-1
461,64,734.81,242.94,80.91,331.32,0.75564,-1,-1,-1
462,2,788.27,201.64,157.98,508.07,0.80759,-1,-1,-1
462,44,1003.35,208.67,128.06,450.49,0.79350,-1,-1,-1
462,55,1203.07,133.03,352.87,830.03,0.90694,-1,-1,-1
462,59,1113.68,294.10,84.47,254.14,0.66741,-1,-1,-1
462,67,643.24,292.42,91.73,278.29,0.77749,-1,-1,-1
462,72,931.97,295.24,79.69,235.64,0.72962,-1,-1,-1
462,64,736.79,241.84,81.97,330.15,0.75895,-1,-1,-1
462,68,615.11,293.10,48.13,200.21,0.39958,-1,-1,-1
463,2,787.39,198.51,160.12,511.64,0.81992,-1,-1,-1
463,44,1002.67,207.38,130.89,451.65,0.80114,-1,-1,-1
463,55,1203.24,131.49,354.28,822.70,0.90668,-1,-1,-1
463,59,1117.45,292.33,83.18,252.39,0.66270,-1,-1,-1
463,67,642.54,291.91,91.58,279.15,0.76874,-1,-1,-1
463,72,935.42,290.58,79.34,236.22,0.73664,-1,-1,-1
463,64,736.48,239.13,81.67,333.66,0.75168,-1,-1,-1
464,2,783.61,191.17,163.46,511.16,0.81350,-1,-1,-1
464,44,1001.82,205.46,133.99,452.24,0.80492,-1,-1,-1
464,55,1207.66,127.88,350.05,823.70,0.90357,-1,-1,-1
464,59,1117.50,287.47,82.61,254.00,0.66831,-1,-1,-1
464,67,639.15,289.13,90.87,277.72,0.77048,-1,-1,-1
464,72,934.71,284.89,80.25,236.67,0.73620,-1,-1,-1
464,64,734.42,237.73,82.12,333.53,0.77391,-1,-1,-1
464,68,616.92,288.47,47.30,202.83,0.42295,-1,-1,-1
465,2,779.70,185.78,166.34,512.09,0.81520,-1,-1,-1
465,44,1001.86,205.64,135.07,450.93,0.78770,-1,-1,-1
465,55,1209.74,123.26,346.29,828.99,0.90713,-1,-1,-1
465,59,1122.82,286.92,77.35,252.15,0.60993,-1,-1,-1
465,67,635.73,284.31,91.06,282.83,0.75404,-1,-1,-1
465,72,933.81,280.03,80.15,239.02,0.72039,-1,-1,-1
465,64,729.36,232.91,84.60,336.65,0.76146,-1,-1,-1
466,2,774.26,180.98,170.50,512.51,0.80600,-1,-1,-1
466,44,1001.85,204.53,136.01,447.51,0.77730,-1,-1,-1
466,55,1208.16,119.69,347.55,836.80,0.90750,-1,-1,-1
466,59,1125.98,285.53,72.08,251.64,0.59618,-1,-1,-1
466,67,632.29,282.28,90.25,284.70,0.70793,-1,-1,-1
466,72,932.86,275.94,80.79,241.34,0.73211,-1,-1,-1
466,64,725.41,228.37,85.27,339.77,0.73562,-1,-1,-1
467,2,769.45,180.66,177.53,508.85,0.82060,-1,-1,-1
467,44,1001.89,204.50,134.53,449.11,0.78214,-1,-1,-1
467,55,1204.19,118.85,351.60,842.73,0.90898,-1,-1,-1
467,59,1125.40,283.46,72.13,253.54,0.62512,-1,-1,-1
467,67,624.40,277.87,94.10,291.92,0.71794,-1,-1,-1
467,72,931.13,274.97,82.67,242.23,0.75912,-1,-1,-1
467,64,718.91,224.84,88.47,343.76,0.71208,-1,-1,-1
468,2,766.70,179.50,177.26,509.06,0.82753,-1,-1,-1
468,44,999.14,203.83,133.44,449.95,0.77596,-1,-1,-1
468,55,1197.49,117.78,356.52,851.48,0.91283,-1,-1,-1
468,59,1120.53,280.75,75.54,253.92,0.57197,-1,-1,-1
468,67,618.13,275.28,94.80,295.89,0.74763,-1,-1,-1
468,72,929.22,274.58,82.79,242.41,0.76613,-1,-1,-1
468,64,713.45,220.38,88.56,351.53,0.72895,-1,-1,-1
469,2,763.80,179.55,175.61,507.42,0.82873,-1,-1,-1
469,44,997.87,203.36,130.63,445.60,0.78533,-1,-1,-1
469,55,1193.33,117.34,359.16,860.34,0.91126,-1,-1,-1
469,59,1113.47,279.74,82.18,254.50,0.57700,-1,-1,-1
469,67,612.42,270.07,92.56,301.59,0.80448,-1,-1,-1
469,72,925.43,272.83,84.37,243.44,0.77153,-1,-1,-1
469,64,706.96,218.12,87.25,354.61,0.75058,-1,-1,-1
470,2,761.61,176.80,177.13,512.81,0.83973,-1,-1,-1
470,44,995.30,200.02,131.93,447.45,0.80003,-1,-1,-1
470,55,1189.81,118.08,359.06,865.29,0.91423,-1,-1,-1
470,59,1110.56,277.85,82.60,257.06,0.62464,-1,-1,-1
470,67,602.15,267.63,97.61,303.39,0.78103,-1,-1,-1
470,72,922.19,272.50,82.73,243.25,0.78628,-1,-1,-1
470,64,702.13,215.72,89.12,357.50,0.77151,-1,-1,-1
471,2,759.69,175.25,175.84,513.00,0.84053,-1,-1,-1
471,44,993.57,196.82,131.15,449.82,0.79715,-1,-1,-1
471,55,1182.97,117.98,364.18,874.31,0.90870,-1,-1,-1
471,59,1106.13,273.84,81.63,259.95,0.56466,-1,-1,-1
471,67,595.04,265.13,97.96,307.19,0.77602,-1,-1,-1
471,72,917.89,272.58,84.27,243.49,0.80145,-1,-1,-1
471,64,693.51,213.15,92.09,359.60,0.73917,-1,-1,-1
472,2,754.59,173.98,177.06,512.59,0.86239,-1,-1,-1
472,44,990.80,196.49,131.42,449.76,0.78274,-1,-1,-1
472,55,1182.92,118.18,360.57,875.98,0.91083,-1,-1,-1
472,59,1103.47,271.31,82.14,264.16,0.65787,-1,-1,-1
472,67,589.91,264.24,98.52,308.24,0.82149,-1,-1,-1
472,72,916.22,271.55,83.18,243.31,0.80490,-1,-1,-1
472,64,686.17,209.51,96.07,362.09,0.78634,-1,-1,-1
473,2,754.87,174.11,176.09,513.60,0.87524,-1,-1,-1
473,44,988.21,196.29,129.26,450.45,0.77505,-1,-1,-1
473,55,1183.01,117.75,357.69,874.18,0.91054,-1,-1,-1
473,59,1102.41,270.88,85.04,265.84,0.69448,-1,-1,-1
473,67,584.90,262.52,98.49,310.57,0.82034,-1,-1,-1
473,72,915.76,272.23,81.91,242.84,0.79306,-1,-1,-1
473,64,680.16,206.58,99.76,364.93,0.81416,-1,-1,-1
474,2,756.75,175.19,174.23,513.49,0.87647,-1,-1,-1
474,44,986.37,195.54,127.67,450.21,0.77768,-1,-1,-1
474,55,1184.73,115.41,351.92,867.65,0.91241,-1,-1,-1
474,59,1100.46,269.32,82.96,267.80,0.74436,-1,-1,-1
474,67,580.87,261.43,96.21,311.23,0.85503,-1,-1,-1
474,72,915.52,273.77,79.79,242.81,0.75747,-1,-1,-1
474,64,674.95,205.37,103.23,368.72,0.80776,-1,-1,-1
475,2,757.60,175.25,174.84,513.97,0.86691,-1,-1,-1
475,44,987.01,195.67,119.77,441.25,0.76751,-1,-1,-1
475,55,1185.10,112.32,350.12,863.02,0.91168,-1,-1,-1
475,59,1097.00,266.96,81.29,268.24,0.75151,-1,-1,-1
475,67,574.90,259.66,97.17,312.19,0.83853,-1,-1,-1
475,72,915.91,275.87,79.23,239.18,0.75959,-1,-1,-1
475,64,668.05,203.31,106.95,371.44,0.82450,-1,-1,-1
476,2,759.10,175.98,176.01,512.77,0.86551,-1,-1,-1
476,44,984.85,194.67,116.82,436.22,0.76942,-1,-1,-1
476,55,1187.08,107.91,348.58,861.94,0.90870,-1,-1,-1
476,59,1097.54,264.34,77.76,270.55,0.76063,-1,-1,-1
476,67,571.28,258.34,94.96,313.99,0.82371,-1,-1,-1
476,72,917.85,276.89,75.54,235.65,0.74924,-1,-1,-1
476,64,662.78,202.47,110.17,374.51,0.82859,-1,-1,-1
477,2,763.10,177.87,174.78,511.39,0.86426,-1,-1,-1
477,44,983.89,194.91,115.44,434.12,0.76579,-1,-1,-1
477,55,1189.78,104.71,346.61,857.86,0.90847,-1,-1,-1
477,59,1098.39,264.02,76.18,272.01,0.76072,-1,-1,-1
477,67,569.45,260.43,94.58,315.61,0.83055,-1,-1,-1
477,72,919.24,279.80,73.66,233.51,0.75654,-1,-1,-1
477,64,658.29,203.36,114.04,378.47,0.83705,-1,-1,-1
478,2,767.84,179.92,173.49,509.90,0.85113,-1,-1,-1
478,44,982.04,196.32,116.31,433.89,0.76532,-1,-1,-1
478,55,1190.71,103.25,347.87,848.68,0.90907,-1,-1,-1
478,59,1097.09,265.90,77.09,272.50,0.76852,-1,-1,-1
478,67,561.49,263.57,98.79,320.92,0.80920,-1,-1,-1
478,72,920.91,280.80,72.02,235.11,0.66916,-1,-1,-1
478,64,654.62,205.68,117.02,383.70,0.84244,-1,-1,-1
479,2,773.21,179.85,172.73,507.78,0.86142,-1,-1,-1
479,44,980.17,196.46,120.16,433.17,0.75241,-1,-1,-1
479,55,1192.23,101.89,348.98,842.13,0.91179,-1,-1,-1
479,59,1097.31,265.88,76.64,273.47,0.76600,-1,-1,-1
479,67,553.40,262.91,105.35,324.41,0.80607,-1,-1,-1
479,72,919.23,252.81,78.21,265.75,0.55941,-1,-1,-1
479,64,652.12,205.86,120.46,387.16,0.83553,-1,-1,-1
480,2,776.95,180.82,174.02,504.55,0.85618,-1,-1,-1
480,44,979.64,195.47,121.06,440.72,0.75884,-1,-1,-1
480,55,1194.33,101.41,349.44,842.64,0.90944,-1,-1,-1
480,59,1097.46,266.23,77.25,275.89,0.76064,-1,-1,-1
480,67,548.62,263.91,106.91,327.77,0.80753,-1,-1,-1
480,72,919.48,240.43,79.37,278.46,0.49168,-1,-1,-1
480,64,648.66,206.19,126.46,390.01,0.81688,-1,-1,-1
481,2,781.56,180.94,172.65,503.21,0.85885,-1,-1,-1
481,44,979.63,196.45,123.01,446.62,0.77330,-1,-1,-1
481,55,1196.84,102.90,350.33,848.78,0.91249,-1,-1,-1
481,59,1097.67,271.05,79.10,273.25,0.78719,-1,-1,-1
481,67,545.29,267.23,108.27,329.70,0.80477,-1,-1,-1
481,72,924.76,264.10,73.49,253.71,0.37062,-1,-1,-1
481,64,647.47,207.92,131.14,393.61,0.81755,-1,-1,-1
482,2,785.77,185.63,175.44,502.52,0.85038,-1,-1,-1
482,44,979.48,199.78,125.12,444.06,0.76337,-1,-1,-1
482,55,1200.03,106.74,353.76,854.44,0.91125,-1,-1,-1
482,59,1098.56,275.40,80.29,271.63,0.76772,-1,-1,-1
482,67,544.40,272.48,108.57,329.53,0.79564,-1,-1,-1
482,64,649.05,211.27,133.13,395.54,0.82431,-1,-1,-1
483,2,789.48,183.53,177.09,505.86,0.85028,-1,-1,-1
483,44,982.03,199.94,128.84,446.27,0.79874,-1,-1,-1
483,55,1202.45,107.36,355.84,860.29,0.90918,-1,-1,-1
483,59,1101.20,274.35,83.82,274.22,0.77192,-1,-1,-1
483,67,545.32,271.25,106.88,331.86,0.78017,-1,-1,-1
483,64,649.72,210.00,136.61,398.01,0.81709,-1,-1,-1
484,2,797.94,183.12,172.91,508.26,0.85236,-1,-1,-1
484,44,986.71,202.30,127.08,448.13,0.82121,-1,-1,-1
484,55,1205.25,110.76,355.31,865.77,0.90802,-1,-1,-1
484,59,1103.34,275.14,86.89,274.55,0.78344,-1,-1,-1
484,67,546.61,270.09,104.76,337.23,0.77083,-1,-1,-1
484,64,650.99,208.99,134.30,403.24,0.81141,-1,-1,-1
485,2,805.81,188.62,172.16,502.85,0.84412,-1,-1,-1
485,44,993.25,206.33,124.10,449.39,0.82102,-1,-1,-1
485,55,1209.17,113.57,355.20,876.59,0.90148,-1,-1,-1
485,59,1106.18,275.43,86.65,277.98,0.78963,-1,-1,-1
485,67,545.99,271.61,106.79,341.44,0.79610,-1,-1,-1
485,64,653.15,208.57,131.69,410.22,0.80252,-1,-1,-1
486,2,812.47,191.59,171.72,505.13,0.84550,-1,-1,-1
486,44,999.07,210.56,121.88,448.83,0.81424,-1,-1,-1
486,55,1215.38,117.63,351.49,888.31,0.90443,-1,-1,-1
486,59,1107.24,279.02,94.14,277.35,0.78556,-1,-1,-1
486,67,546.37,272.05,109.09,345.50,0.79938,-1,-1,-1
486,64,655.62,208.52,135.35,413.03,0.81454,-1,-1,-1
487,2,820.43,195.50,171.27,510.12,0.86085,-1,-1,-1
487,44,1005.67,217.15,121.16,448.92,0.79535,-1,-1,-1
487,55,1223.34,127.94,349.25,892.02,0.90473,-1,-1,-1
487,59,1113.61,283.30,93.75,279.50,0.78771,-1,-1,-1
487,67,545.38,271.56,111.56,350.93,0.81280,-1,-1,-1
487,64,658.46,209.79,144.57,417.86,0.80537,-1,-1,-1
488,2,826.76,201.83,172.72,510.11,0.85731,-1,-1,-1
488,44,1007.93,222.11,123.98,449.10,0.80143,-1,-1,-1
488,55,1227.79,136.96,347.50,894.42,0.90435,-1,-1,-1
488,59,1119.35,286.46,93.37,278.84,0.77995,-1,-1,-1
488,67,545.29,272.23,112.75,354.80,0.80770,-1,-1,-1
488,64,661.33,211.36,146.61,419.98,0.80472,-1,-1,-1
489,2,834.32,206.31,175.90,510.39,0.85236,-1,-1,-1
489,44,1012.86,227.95,121.58,444.03,0.77908,-1,-1,-1
489,55,1230.21,141.87,346.69,894.49,0.90775,-1,-1,-1
489,59,1128.13,291.79,90.03,278.19,0.79643,-1,-1,-1
489,67,543.81,270.95,116.39,359.78,0.79079,-1,-1,-1
489,64,663.51,211.63,151.82,422.34,0.80421,-1,-1,-1
490,2,840.08,212.89,176.96,509.11,0.86742,-1,-1,-1
490,44,1015.79,230.26,122.73,446.79,0.77521,-1,-1,-1
490,55,1232.06,144.50,348.79,892.58,0.91062,-1,-1,-1
490,59,1133.23,296.56,90.44,275.29,0.80224,-1,-1,-1
490,67,538.74,271.99,125.70,363.13,0.78333,-1,-1,-1
490,64,665.07,213.14,153.66,426.52,0.79980,-1,-1,-1
491,2,844.73,218.15,177.83,508.63,0.86521,-1,-1,-1
491,44,1016.85,230.16,122.93,448.00,0.77968,-1,-1,-1
491,55,1230.50,144.92,353.08,894.73,0.91007,-1,-1,-1
491,59,1136.07,300.27,92.13,274.04,0.81882,-1,-1,-1
491,67,533.17,273.03,131.29,365.83,0.78042,-1,-1,-1
491,64,665.00,213.80,158.09,430.02,0.81394,-1,-1,-1
492,2,848.42,223.95,177.54,507.80,0.84589,-1,-1,-1
492,44,1015.52,232.52,124.97,450.74,0.78529,-1,-1,-1
492,55,1227.40,144.09,362.54,895.40,0.90837,-1,-1,-1
492,59,1137.09,304.42,94.92,274.72,0.82348,-1,-1,-1
492,67,527.92,273.59,139.04,367.37,0.80825,-1,-1,-1
492,64,665.74,214.05,158.54,432.77,0.83012,-1,-1,-1
493,2,851.23,230.32,174.40,505.98,0.83076,-1,-1,-1
493,44,1015.41,233.76,127.13,452.23,0.81154,-1,-1,-1
493,55,1224.38,140.16,361.83,901.67,0.89875,-1,-1,-1
493,59,1136.35,309.02,98.66,273.10,0.82159,-1,-1,-1
493,67,523.48,274.66,142.91,369.52,0.79785,-1,-1,-1
493,64,661.68,214.18,160.44,436.26,0.81352,-1,-1,-1
494,2,854.95,231.74,173.79,498.34,0.83094,-1,-1,-1
494,44,1014.71,234.34,127.49,449.71,0.81609,-1,-1,-1
494,55,1219.83,136.60,355.87,895.98,0.89837,-1,-1,-1
494,59,1135.07,311.48,101.69,272.16,0.79004,-1,-1,-1
494,67,519.58,275.64,145.22,375.00,0.82007,-1,-1,-1
494,64,659.86,213.85,159.57,442.67,0.82696,-1,-1,-1
495,2,858.12,231.69,172.16,496.44,0.83836,-1,-1,-1
495,44,1010.49,234.95,128.92,448.10,0.80956,-1,-1,-1
495,55,1214.46,133.35,355.19,889.14,0.90573,-1,-1,-1
495,59,1135.66,312.90,100.74,273.52,0.78302,-1,-1,-1
495,67,515.18,277.43,146.49,379.42,0.79119,-1,-1,-1
495,64,655.48,213.47,162.27,449.91,0.81951,-1,-1,-1
496,2,859.61,230.91,172.63,495.67,0.81230,-1,-1,-1
496,44,1009.54,235.05,129.10,446.02,0.80640,-1,-1,-1
496,55,1213.01,129.18,352.99,883.18,0.90904,-1,-1,-1
496,59,1139.02,313.26,98.43,274.85,0.76597,-1,-1,-1
496,67,511.49,280.10,145.71,382.25,0.80094,-1,-1,-1
496,64,646.61,213.49,170.61,454.61,0.83758,-1,-1,-1
497,2,860.13,230.28,174.35,476.76,0.81124,-1,-1,-1
497,44,1008.19,234.51,129.64,446.29,0.81061,-1,-1,-1
497,55,1211.21,123.56,352.71,885.71,0.91615,-1,-1,-1
497,59,1140.36,313.05,97.78,277.65,0.74460,-1,-1,-1
497,67,507.73,282.23,145.41,384.58,0.81747,-1,-1,-1
497,64,638.76,213.14,177.33,457.07,0.84594,-1,-1,-1
498,2,859.67,229.82,176.85,462.12,0.81292,-1,-1,-1
498,44,1007.02,235.23,130.21,446.84,0.82408,-1,-1,-1
498,55,1209.30,119.48,353.30,893.62,0.91148,-1,-1,-1
498,59,1140.79,312.99,97.72,279.06,0.77231,-1,-1,-1
498,67,505.24,285.17,141.27,384.29,0.82599,-1,-1,-1
498,64,633.76,212.91,178.94,460.53,0.87650,-1,-1,-1
499,2,858.96,228.18,178.42,480.38,0.81887,-1,-1,-1
499,44,1006.35,233.60,129.85,448.79,0.80605,-1,-1,-1
499,55,1209.07,115.77,352.66,903.45,0.91190,-1,-1,-1
499,59,1141.89,312.13,96.40,282.17,0.73889,-1,-1,-1
499,67,498.22,286.76,143.83,387.19,0.81039,-1,-1,-1
499,64,628.57,213.63,176.66,463.93,0.87677,-1,-1,-1
500,2,858.78,226.98,177.61,484.59,0.83091,-1,-1,-1
500,44,1006.58,232.69,127.45,452.04,0.80088,-1,-1,-1
500,55,1206.87,113.86,354.51,914.47,0.91011,-1,-1,-1
500,59,1140.76,312.23,97.41,284.78,0.73974,-1,-1,-1
500,67,492.49,289.00,143.51,390.73,0.82534,-1,-1,-1
500,64,623.63,213.61,174.16,471.06,0.84117,-1,-1,-1
501,2,857.36,226.85,179.30,489.19,0.84059,-1,-1,-1
501,44,1006.09,232.99,127.56,453.32,0.81200,-1,-1,-1
501,55,1206.19,113.24,354.66,923.43,0.91156,-1,-1,-1
501,59,1141.71,312.03,96.24,284.78,0.75720,-1,-1,-1
501,67,485.98,285.49,144.12,397.88,0.83239,-1,-1,-1
501,64,620.16,212.41,172.09,479.96,0.84238,-1,-1,-1
502,2,857.40,227.15,180.54,488.87,0.84632,-1,-1,-1
502,44,1003.59,234.26,128.64,453.30,0.81811,-1,-1,-1
502,55,1206.51,113.08,353.60,929.73,0.91469,-1,-1,-1
502,59,1141.04,311.36,96.96,284.09,0.79615,-1,-1,-1
502,67,479.71,283.76,142.54,404.13,0.82632,-1,-1,-1
502,64,615.02,212.52,174.70,484.62,0.83894,-1,-1,-1
503,2,854.95,225.32,180.26,494.12,0.84266,-1,-1,-1
503,44,1000.83,234.13,130.83,450.43,0.81223,-1,-1,-1
503,55,1206.07,113.56,352.58,933.59,0.91562,-1,-1,-1
503,59,1138.03,308.99,97.17,285.02,0.81505,-1,-1,-1
503,67,470.55,278.69,142.76,410.15,0.81738,-1,-1,-1
503,64,608.13,207.48,168.74,488.17,0.84845,-1,-1,-1
504,2,852.07,223.87,182.63,492.80,0.84096,-1,-1,-1
504,44,1000.02,232.64,129.69,448.91,0.80542,-1,-1,-1
504,55,1205.00,113.97,352.98,937.80,0.91716,-1,-1,-1
504,59,1136.11,305.42,98.57,287.91,0.80989,-1,-1,-1
504,67,461.65,274.85,144.87,414.72,0.81482,-1,-1,-1
504,64,600.98,198.49,169.07,498.19,0.85383,-1,-1,-1
505,2,853.14,223.84,183.61,495.10,0.82162,-1,-1,-1
505,44,1002.30,230.23,122.59,449.02,0.76314,-1,-1,-1
505,55,1205.78,113.94,353.10,942.17,0.91944,-1,-1,-1
505,59,1134.70,302.44,98.21,288.43,0.81184,-1,-1,-1
505,67,452.05,270.07,145.30,421.49,0.80917,-1,-1,-1
505,64,591.39,194.88,172.64,503.94,0.86382,-1,-1,-1
506,2,853.46,223.48,183.94,500.91,0.81884,-1,-1,-1
506,44,1001.67,231.13,120.25,442.55,0.75399,-1,-1,-1
506,55,1206.00,112.92,353.95,945.23,0.91610,-1,-1,-1
506,59,1130.10,299.36,103.03,289.99,0.80771,-1,-1,-1
506,67,441.58,266.79,151.11,427.24,0.81973,-1,-1,-1
506,64,582.57,189.35,170.65,508.03,0.85213,-1,-1,-1
507,2,856.74,226.60,179.31,501.22,0.81228,-1,-1,-1
507,44,1000.09,232.36,119.10,440.87,0.75918,-1,-1,-1
507,55,1208.02,111.75,352.80,938.90,0.91593,-1,-1,-1
507,59,1128.51,297.60,103.23,290.86,0.81477,-1,-1,-1
507,67,432.13,263.65,151.43,434.02,0.85042,-1,-1,-1
507,64,573.32,186.94,170.64,509.30,0.84997,-1,-1,-1
508,2,854.38,228.61,177.33,499.14,0.82312,-1,-1,-1
508,44,1001.40,228.86,111.24,444.80,0.73085,-1,-1,-1
508,55,1209.27,108.51,350.48,935.43,0.91720,-1,-1,-1
508,59,1130.08,296.08,99.39,290.53,0.79447,-1,-1,-1
508,67,419.39,260.00,151.17,439.28,0.83837,-1,-1,-1
508,64,563.16,181.63,170.31,517.68,0.84631,-1,-1,-1
509,2,853.25,228.64,174.84,494.71,0.80091,-1,-1,-1
509,44,1000.82,227.21,100.84,447.90,0.73847,-1,-1,-1
509,55,1208.53,104.98,349.17,935.12,0.91584,-1,-1,-1
509,59,1126.73,294.96,97.52,290.07,0.79458,-1,-1,-1
509,67,408.30,256.09,150.51,443.84,0.84591,-1,-1,-1
509,64,550.90,175.70,172.63,525.70,0.86545,-1,-1,-1
510,2,850.30,228.43,173.53,490.63,0.79372,-1,-1,-1
510,44,997.44,227.23,98.26,448.12,0.71378,-1,-1,-1
510,55,1205.83,101.17,354.70,933.94,0.91128,-1,-1,-1
510,59,1121.29,293.24,98.27,290.68,0.80587,-1,-1,-1
510,67,393.98,254.27,150.72,450.04,0.83940,-1,-1,-1
510,64,536.78,171.05,177.74,534.11,0.87960,-1,-1,-1
510,76,1077.14,309.79,51.10,207.59,0.45611,-1,-1,-1
511,2,855.43,226.49,164.83,485.93,0.75356,-1,-1,-1
511,44,993.12,221.40,99.32,456.17,0.68377,-1,-1,-1
511,55,1203.50,95.42,358.30,925.60,0.91186,-1,-1,-1
511,59,1118.24,289.82,97.55,293.78,0.81120,-1,-1,-1
511,67,377.33,251.78,157.11,459.16,0.85199,-1,-1,-1
511,64,523.67,169.62,178.89,537.91,0.86558,-1,-1,-1
511,76,1070.90,310.36,57.17,205.13,0.52432,-1,-1,-1
512,2,855.37,221.47,161.56,482.88,0.74874,-1,-1,-1
512,44,989.99,217.37,100.68,462.55,0.68448,-1,-1,-1
512,55,1203.13,88.75,356.37,912.90,0.90770,-1,-1,-1
512,59,1114.31,285.73,97.85,296.59,0.78450,-1,-1,-1
512,67,363.48,250.80,159.31,468.45,0.82645,-1,-1,-1
512,64,511.55,167.66,182.83,545.99,0.86651,-1,-1,-1
512,76,1066.74,307.71,59.44,202.48,0.45613,-1,-1,-1
513,2,852.49,216.21,161.20,482.85,0.82573,-1,-1,-1
513,44,988.46,219.68,88.74,455.67,0.61007,-1,-1,-1
513,55,1205.03,83.47,353.50,903.47,0.90284,-1,-1,-1
513,59,1111.42,283.53,97.92,296.83,0.74594,-1,-1,-1
513,67,350.88,246.82,161.57,478.86,0.85404,-1,-1,-1
513,64,500.81,162.38,187.84,557.69,0.85844,-1,-1,-1
513,76,1061.10,308.04,63.26,203.12,0.50373,-1,-1,-1
514,2,851.34,207.98,159.57,486.33,0.77747,-1,-1,-1
514,44,987.30,214.02,88.50,453.24,0.67466,-1,-1,-1
514,55,1208.85,75.74,350.17,899.90,0.90534,-1,-1,-1
514,59,1108.78,278.61,99.51,297.55,0.78384,-1,-1,-1
514,67,340.90,245.79,164.35,478.94,0.82900,-1,-1,-1
514,64,489.09,157.69,194.76,569.44,0.84774,-1,-1,-1
514,76,1058.93,301.03,63.32,210.95,0.42429,-1,-1,-1
515,2,850.91,204.46,158.21,486.22,0.79223,-1,-1,-1
515,44,987.46,210.81,88.81,453.14,0.66579,-1,-1,-1
515,55,1212.45,69.03,347.18,903.27,0.90655,-1,-1,-1
515,59,1105.74,274.74,101.27,298.81,0.80485,-1,-1,-1
515,67,329.92,244.59,168.27,482.13,0.85460,-1,-1,-1
515,64,480.68,154.51,197.36,579.15,0.84795,-1,-1,-1
515,76,1057.05,294.59,60.08,219.02,0.44582,-1,-1,-1
516,2,849.60,201.65,158.22,486.49,0.81714,-1,-1,-1
516,44,987.48,206.10,88.04,450.13,0.67209,-1,-1,-1
516,55,1216.09,63.02,343.63,908.42,0.90667,-1,-1,-1
516,59,1104.78,272.47,100.97,299.27,0.81761,-1,-1,-1
516,67,318.57,243.60,172.46,490.28,0.86398,-1,-1,-1
516,64,470.74,150.97,203.96,586.28,0.86533,-1,-1,-1
516,76,1054.46,294.60,61.18,217.53,0.44958,-1,-1,-1
517,2,851.26,199.21,155.68,488.83,0.81573,-1,-1,-1
517,44,988.23,204.17,85.24,441.80,0.66370,-1,-1,-1
517,55,1219.42,59.84,341.45,916.42,0.90859,-1,-1,-1
517,59,1105.62,270.95,101.12,300.74,0.82104,-1,-1,-1
517,67,309.41,240.77,172.60,502.27,0.85476,-1,-1,-1
517,64,464.86,150.26,208.19,595.20,0.88660,-1,-1,-1
517,76,1054.84,295.02,61.40,214.92,0.53027,-1,-1,-1
518,2,852.79,197.52,153.40,491.70,0.79264,-1,-1,-1
518,44,988.67,201.70,82.49,438.23,0.66787,-1,-1,-1
518,55,1220.97,57.34,341.10,926.66,0.90895,-1,-1,-1
518,59,1104.49,268.92,103.75,304.12,0.81045,-1,-1,-1
518,67,300.10,236.18,174.09,515.29,0.86352,-1,-1,-1
518,64,459.18,147.44,212.53,604.70,0.88010,-1,-1,-1
518,76,1054.17,289.58,58.18,218.42,0.49463,-1,-1,-1
518,81,832.26,326.57,59.81,227.72,0.33299,-1,-1,-1
519,2,852.61,195.77,153.81,493.54,0.79361,-1,-1,-1
519,44,988.53,199.05,81.32,436.78,0.64127,-1,-1,-1
519,55,1221.94,55.99,340.69,932.61,0.90346,-1,-1,-1
519,59,1102.33,264.73,106.38,307.45,0.80839,-1,-1,-1
519,67,291.27,231.02,176.70,527.41,0.86350,-1,-1,-1
519,64,452.53,143.35,217.29,614.56,0.86620,-1,-1,-1
519,76,1055.54,289.59,57.48,220.29,0.54831,-1,-1,-1
520,2,854.18,193.67,152.72,495.45,0.78480,-1,-1,-1
520,44,988.54,196.51,80.97,438.30,0.63529,-1,-1,-1
520,55,1226.56,54.85,337.94,940.58,0.90246,-1,-1,-1
520,59,1102.98,264.00,107.48,306.14,0.80279,-1,-1,-1
520,67,280.62,226.15,181.61,535.32,0.87320,-1,-1,-1
520,64,447.86,139.41,221.93,623.60,0.85807,-1,-1,-1
520,76,1056.62,286.06,54.78,221.70,0.54291,-1,-1,-1
521,2,857.92,196.19,151.09,496.14,0.78572,-1,-1,-1
521,44,990.89,196.62,81.11,439.47,0.66998,-1,-1,-1
521,55,1232.02,57.74,336.36,946.62,0.90213,-1,-1,-1
521,59,1107.91,264.36,108.55,307.00,0.79627,-1,-1,-1
521,67,274.07,227.16,184.80,538.33,0.88401,-1,-1,-1
521,64,446.21,136.30,225.55,631.27,0.85682,-1,-1,-1
521,76,1060.12,293.23,56.14,215.26,0.58184,-1,-1,-1
522,2,859.39,196.53,150.75,494.17,0.80849,-1,-1,-1
522,44,990.90,194.48,81.29,441.42,0.65152,-1,-1,-1
522,55,1234.90,56.02,332.09,955.27,0.90468,-1,-1,-1
522,59,1109.10,261.48,107.90,307.21,0.79927,-1,-1,-1
522,67,265.94,222.92,187.90,545.24,0.87654,-1,-1,-1
522,64,442.55,130.12,229.14,639.58,0.86732,-1,-1,-1
522,76,1060.61,285.75,56.36,216.24,0.57654,-1,-1,-1
523,2,863.69,195.94,148.78,493.15,0.81578,-1,-1,-1
523,44,991.89,192.37,81.93,445.10,0.66786,-1,-1,-1
523,55,1236.78,53.77,327.15,963.16,0.90785,-1,-1,-1
523,59,1109.70,258.96,109.26,306.14,0.78691,-1,-1,-1
523,67,256.96,217.37,195.63,552.69,0.87858,-1,-1,-1
523,64,438.04,120.00,233.86,652.61,0.87475,-1,-1,-1
523,76,1061.41,283.99,58.87,215.76,0.63638,-1,-1,-1
524,2,869.25,197.79,145.96,492.19,0.83257,-1,-1,-1
524,44,994.60,196.17,80.01,449.09,0.61845,-1,-1,-1
524,55,1238.45,53.14,323.98,963.94,0.90664,-1,-1,-1
524,59,1108.65,258.18,112.59,306.88,0.79710,-1,-1,-1
524,67,249.70,215.28,200.56,561.38,0.87952,-1,-1,-1
524,64,434.19,117.23,237.48,659.43,0.87598,-1,-1,-1
524,76,1061.66,282.13,61.09,217.07,0.66227,-1,-1,-1
525,2,874.11,199.21,147.84,491.33,0.85334,-1,-1,-1
525,44,996.54,200.03,82.56,442.19,0.56016,-1,-1,-1
525,55,1238.96,49.81,326.23,966.82,0.90480,-1,-1,-1
525,59,1112.32,256.90,114.10,307.30,0.80807,-1,-1,-1
525,67,242.44,212.75,203.47,567.37,0.87667,-1,-1,-1
525,64,433.05,113.00,241.36,667.28,0.87564,-1,-1,-1
525,76,1065.58,280.58,61.83,218.70,0.65120,-1,-1,-1
526,2,878.97,199.74,148.72,493.05,0.86135,-1,-1,-1
526,44,998.41,202.13,86.00,444.50,0.53947,-1,-1,-1
526,55,1242.01,48.64,326.90,966.45,0.90252,-1,-1,-1
526,59,1115.53,256.38,116.78,310.15,0.82811,-1,-1,-1
526,67,234.67,210.51,206.25,574.27,0.86706,-1,-1,-1
526,64,430.81,110.80,246.93,672.54,0.87796,-1,-1,-1
526,76,1070.25,278.27,60.40,220.91,0.71144,-1,-1,-1
527,2,882.31,200.76,150.31,492.07,0.83859,-1,-1,-1
527,44,999.49,203.76,89.21,447.09,0.60714,-1,-1,-1
527,55,1246.17,49.13,325.70,964.67,0.90873,-1,-1,-1
527,59,1118.66,258.36,118.98,309.69,0.84289,-1,-1,-1
527,67,226.97,206.55,207.62,583.55,0.85595,-1,-1,-1
527,64,426.80,110.09,253.90,676.02,0.87464,-1,-1,-1
527,76,1073.41,278.80,62.16,224.19,0.75623,-1,-1,-1
528,2,881.89,200.40,154.79,492.72,0.82589,-1,-1,-1
528,44,1001.27,203.69,91.60,450.02,0.58908,-1,-1,-1
528,55,1246.05,47.40,329.51,964.88,0.90933,-1,-1,-1
528,59,1125.37,260.05,114.43,310.37,0.83954,-1,-1,-1
528,67,223.77,205.62,209.49,590.05,0.84614,-1,-1,-1
528,64,422.59,107.95,259.42,682.08,0.88411,-1,-1,-1
528,76,1078.95,278.44,62.69,224.91,0.72212,-1,-1,-1
529,2,880.41,199.70,156.76,490.77,0.81192,-1,-1,-1
529,44,1003.71,203.90,90.49,451.87,0.62371,-1,-1,-1
529,55,1245.74,47.92,332.62,958.24,0.91042,-1,-1,-1
529,59,1132.75,261.58,110.32,311.50,0.81250,-1,-1,-1
529,67,222.02,205.32,210.29,604.91,0.82541,-1,-1,-1
529,64,418.14,104.86,267.09,692.15,0.88148,-1,-1,-1
529,76,1085.03,282.54,60.03,226.17,0.72140,-1,-1,-1
530,2,888.24,198.22,148.16,490.89,0.77954,-1,-1,-1
530,44,1008.79,207.66,88.15,452.09,0.70418,-1,-1,-1
530,55,1248.68,49.22,338.55,945.94,0.90490,-1,-1,-1
530,59,1137.97,262.65,108.31,313.37,0.80013,-1,-1,-1
530,67,215.09,205.53,216.31,624.46,0.82758,-1,-1,-1
530,64,408.31,101.85,278.17,708.92,0.88055,-1,-1,-1
530,76,1089.90,293.67,61.11,215.03,0.65291,-1,-1,-1
531,2,883.21,196.91,155.13,491.20,0.79614,-1,-1,-1
531,44,1011.57,207.85,91.09,456.83,0.71535,-1,-1,-1
531,55,1250.04,49.48,342.74,940.29,0.91063,-1,-1,-1
531,59,1143.97,264.90,106.58,312.35,0.80734,-1,-1,-1
531,67,209.60,207.36,218.13,634.81,0.84391,-1,-1,-1
531,64,403.31,95.93,283.09,734.30,0.88306,-1,-1,-1
531,76,1094.50,294.27,63.10,213.91,0.72525,-1,-1,-1
532,2,887.61,198.20,155.79,488.01,0.82026,-1,-1,-1
532,44,1014.64,204.20,91.74,461.22,0.64418,-1,-1,-1
532,55,1252.13,48.37,346.78,946.10,0.90809,-1,-1,-1
532,59,1147.90,265.62,105.94,313.60,0.81288,-1,-1,-1
532,67,204.27,209.89,221.68,637.63,0.85724,-1,-1,-1
532,64,398.58,92.70,288.16,753.24,0.88709,-1,-1,-1
532,76,1099.92,294.81,61.33,215.50,0.73382,-1,-1,-1
533,2,892.54,200.04,154.23,486.44,0.83511,-1,-1,-1
533,44,1016.88,203.99,92.10,461.01,0.71456,-1,-1,-1
533,55,1254.24,48.55,352.61,952.47,0.90080,-1,-1,-1
533,59,1152.19,268.86,105.48,314.86,0.80239,-1,-1,-1
533,67,198.25,212.63,222.41,642.67,0.86689,-1,-1,-1
533,64,390.64,90.80,295.97,763.55,0.88269,-1,-1,-1
533,76,1103.78,288.94,61.73,222.60,0.65896,-1,-1,-1
534,2,896.14,201.41,153.46,492.84,0.83487,-1,-1,-1
534,44,1017.47,200.36,91.96,464.94,0.66191,-1,-1,-1
534,55,1259.57,46.02,356.92,961.85,0.90355,-1,-1,-1
534,59,1155.13,270.37,106.26,315.99,0.76838,-1,-1,-1
534,67,190.38,215.28,222.65,644.92,0.87527,-1,-1,-1
534,64,382.94,89.81,302.71,767.66,0.88512,-1,-1,-1
534,76,1106.95,287.97,63.56,229.34,0.59967,-1,-1,-1
535,2,897.10,203.95,153.58,492.90,0.84208,-1,-1,-1
535,44,1018.38,199.68,93.86,470.34,0.68590,-1,-1,-1
535,55,1263.19,44.01,358.07,973.45,0.90820,-1,-1,-1
535,59,1154.90,270.38,110.83,317.09,0.78784,-1,-1,-1
535,67,180.75,211.91,226.90,668.34,0.88006,-1,-1,-1
535,64,375.11,86.92,305.26,778.23,0.87563,-1,-1,-1
535,76,1107.85,288.84,61.29,231.32,0.40407,-1,-1,-1
536,2,899.80,205.05,152.41,494.24,0.83214,-1,-1,-1
536,44,1019.18,197.80,93.22,469.62,0.71203,-1,-1,-1
536,55,1263.75,42.16,364.20,984.03,0.90502,-1,-1,-1
536,59,1155.40,270.05,111.86,317.90,0.80157,-1,-1,-1
536,67,169.03,209.47,232.56,681.28,0.88074,-1,-1,-1
536,64,370.08,83.08,303.85,801.65,0.86998,-1,-1,-1
536,76,1109.17,292.77,59.74,226.58,0.35721,-1,-1,-1
537,2,902.17,208.66,151.22,493.36,0.82269,-1,-1,-1
537,44,1019.56,198.54,93.02,465.46,0.69873,-1,-1,-1
537,55,1264.08,41.13,369.54,992.00,0.90497,-1,-1,-1
537,59,1155.90,270.30,111.70,318.29,0.76668,-1,-1,-1
537,67,154.21,206.52,239.32,693.38,0.87649,-1,-1,-1
537,64,362.79,79.42,304.13,824.43,0.87435,-1,-1,-1
537,76,1111.83,286.52,64.07,238.62,0.37413,-1,-1,-1
538,2,903.76,211.43,151.67,491.27,0.81788,-1,-1,-1
538,44,1019.91,199.47,98.27,461.84,0.70390,-1,-1,-1
538,55,1266.29,40.55,374.46,999.20,0.90476,-1,-1,-1
538,59,1157.91,268.93,110.57,320.61,0.80092,-1,-1,-1
538,67,138.88,200.67,243.76,707.06,0.87301,-1,-1,-1
538,64,352.04,69.79,302.01,845.08,0.88460,-1,-1,-1
538,76,1114.30,283.24,64.01,244.29,0.36176,-1,-1,-1
539,2,902.79,211.21,151.20,491.49,0.81557,-1,-1,-1
539,44,1019.50,198.87,102.23,454.53,0.71945,-1,-1,-1
539,55,1267.24,39.00,377.75,1006.56,0.90426,-1,-1,-1
539,59,1155.38,265.72,110.64,322.91,0.78947,-1,-1,-1
539,67,116.16,191.07,250.01,720.37,0.86933,-1,-1,-1
539,64,341.98,56.72,306.44,863.65,0.88032,-1,-1,-1
540,2,902.37,212.54,151.29,490.88,0.80954,-1,-1,-1
540,44,1019.59,198.72,95.75,454.08,0.62522,-1,-1,-1
540,55,1270.33,40.68,376.04,1013.48,0.90398,-1,-1,-1
540,59,1151.91,266.27,109.52,322.91,0.79768,-1,-1,-1
540,67,99.80,182.31,246.60,734.44,0.88499,-1,-1,-1
540,64,328.04,51.30,309.86,874.51,0.87688,-1,-1,-1
541,2,902.25,216.20,148.71,485.53,0.80537,-1,-1,-1
541,44,1017.80,200.15,96.07,454.05,0.70992,-1,-1,-1
541,55,1270.78,48.20,377.13,1013.13,0.90001,-1,-1,-1
541,59,1139.92,268.50,115.51,322.37,0.78087,-1,-1,-1
541,67,79.02,180.10,251.48,744.60,0.89522,-1,-1,-1
541,64,307.76,44.02,310.89,887.64,0.88577,-1,-1,-1
542,2,897.62,212.33,149.95,487.39,0.79660,-1,-1,-1
542,44,1015.78,197.74,89.14,454.78,0.65724,-1,-1,-1
542,55,1271.08,50.43,378.05,1009.84,0.89524,-1,-1,-1
542,59,1138.58,266.12,112.45,323.53,0.82092,-1,-1,-1
542,67,55.66,168.99,256.48,755.06,0.88704,-1,-1,-1
542,64,291.02,34.27,307.97,901.91,0.88660,-1,-1,-1
542,84,584.88,291.26,69.96,248.70,0.62777,-1,-1,-1
543,2,892.55,209.24,151.79,489.00,0.82169,-1,-1,-1
543,44,1015.79,194.75,84.38,455.24,0.63080,-1,-1,-1
543,55,1274.01,50.58,376.74,1005.67,0.89889,-1,-1,-1
543,59,1132.87,264.68,111.58,322.41,0.79600,-1,-1,-1
543,67,31.63,160.09,261.95,769.31,0.88978,-1,-1,-1
543,64,264.97,21.71,319.54,918.37,0.87781,-1,-1,-1
543,84,581.66,287.49,74.16,254.16,0.60000,-1,-1,-1
544,2,890.83,206.43,151.85,487.20,0.81713,-1,-1,-1
544,44,1014.34,191.98,84.89,459.19,0.56123,-1,-1,-1
544,55,1276.46,52.05,375.37,1007.34,0.89843,-1,-1,-1
544,59,1120.81,263.50,118.52,326.19,0.83585,-1,-1,-1
544,67,7.87,154.71,269.22,781.40,0.88701,-1,-1,-1
544,64,252.69,12.50,315.57,935.64,0.89823,-1,-1,-1
544,84,579.27,286.89,74.74,257.44,0.64361,-1,-1,-1
544,85,1636.76,287.74,64.05,154.34,0.32790,-1,-1,-1
545,2,888.93,205.04,151.50,484.44,0.80961,-1,-1,-1
545,44,1011.75,198.10,85.20,459.36,0.61141,-1,-1,-1
545,55,1278.78,54.01,373.43,1003.70,0.90406,-1,-1,-1
545,59,1111.12,264.68,123.29,328.06,0.84207,-1,-1,-1
545,67,0.00,148.04,257.44,798.90,0.88153,-1,-1,-1
545,64,226.26,5.04,325.94,950.21,0.88993,-1,-1,-1
545,84,577.47,289.35,73.48,255.92,0.64765,-1,-1,-1
545,85,1637.57,290.44,63.40,155.01,0.31298,-1,-1,-1
546,2,884.41,203.07,154.68,484.13,0.80774,-1,-1,-1
546,44,1008.86,198.81,90.86,448.77,0.49388,-1,-1,-1
546,55,1278.51,54.56,372.95,1001.83,0.90424,-1,-1,-1
546,59,1108.19,267.53,120.88,325.74,0.82040,-1,-1,-1
546,67,0.00,141.81,237.92,820.24,0.88693,-1,-1,-1
546,64,204.04,2.64,335.61,961.13,0.90397,-1,-1,-1
546,84,574.07,288.76,71.63,254.42,0.69676,-1,-1,-1
546,85,1638.02,299.61,60.61,148.38,0.36245,-1,-1,-1
547,2,878.62,201.47,155.30,484.53,0.80887,-1,-1,-1
547,44,1002.39,200.37,101.51,448.53,0.60843,-1,-1,-1
547,55,1277.61,53.79,371.09,995.73,0.90788,-1,-1,-1
547,59,1108.46,267.94,113.57,324.25,0.77428,-1,-1,-1
547,67,0.00,133.21,219.75,837.72,0.87930,-1,-1,-1
547,64,182.91,0.00,344.05,969.85,0.89745,-1,-1,-1
547,84,568.68,289.23,64.19,254.69,0.62783,-1,-1,-1
547,85,1637.35,300.17,59.10,149.39,0.34120,-1,-1,-1
548,2,873.37,202.38,155.94,485.45,0.81547,-1,-1,-1
548,44,998.82,202.23,112.33,447.50,0.63270,-1,-1,-1
548,55,1276.91,53.37,369.05,984.17,0.90417,-1,-1,-1
548,59,1098.48,269.63,115.65,325.28,0.80820,-1,-1,-1
548,67,0.00,126.21,203.42,845.04,0.86061,-1,-1,-1
548,64,160.37,0.33,357.45,986.18,0.89959,-1,-1,-1
548,84,563.02,288.34,62.15,258.16,0.67322,-1,-1,-1
548,85,1632.47,295.00,60.92,155.92,0.38789,-1,-1,-1
549,2,867.83,202.39,152.90,488.93,0.83570,-1,-1,-1
549,44,993.76,213.25,125.79,435.34,0.67947,-1,-1,-1
549,55,1276.15,51.54,366.05,972.85,0.90448,-1,-1,-1
549,59,1094.97,271.37,113.14,324.14,0.82084,-1,-1,-1
549,67,0.00,125.52,192.45,851.04,0.84909,-1,-1,-1
549,64,122.72,0.00,388.57,1017.92,0.87837,-1,-1,-1
549,84,555.70,290.94,63.18,255.51,0.66385,-1,-1,-1
549,85,1629.52,296.26,60.19,156.41,0.43392,-1,-1,-1
550,2,864.84,203.61,152.60,491.62,0.84009,-1,-1,-1
550,44,987.74,209.40,99.35,443.61,0.45651,-1,-1,-1
550,55,1275.68,49.80,363.23,971.42,0.90356,-1,-1,-1
550,59,1094.22,272.45,106.47,323.81,0.80885,-1,-1,-1
550,67,0.00,148.97,160.93,835.22,0.81654,-1,-1,-1
550,64,93.77,0.40,398.08,1053.89,0.88489,-1,-1,-1
550,84,547.24,287.97,69.26,259.56,0.66445,-1,-1,-1
550,85,1624.83,293.25,61.50,161.80,0.47818,-1,-1,-1
550,76,1027.40,276.29,108.07,345.71,0.61456,-1,-1,-1
551,2,863.09,207.02,149.52,488.93,0.84657,-1,-1,-1
551,44,983.29,208.28,87.13,435.28,0.30725,-1,-1,-1
551,55,1275.15,48.66,362.54,979.62,0.89956,-1,-1,-1
551,59,1092.43,274.07,104.14,322.04,0.79837,-1,-1,-1
551,67,0.00,218.11,143.71,770.94,0.84003,-1,-1,-1
551,64,66.41,0.01,406.04,1072.91,0.88706,-1,-1,-1
551,84,541.03,283.21,65.44,265.79,0.72847,-1,-1,-1
551,85,1621.13,287.44,63.64,168.88,0.49365,-1,-1,-1
551,76,1021.50,283.58,111.22,344.11,0.67753,-1,-1,-1
552,2,858.89,211.35,148.63,482.88,0.84031,-1,-1,-1
552,44,976.23,211.43,85.99,419.21,0.44710,-1,-1,-1
552,55,1275.41,48.67,360.58,987.33,0.89933,-1,-1,-1
552,59,1092.45,276.37,99.13,320.95,0.74772,-1,-1,-1
552,67,0.00,234.56,125.53,759.15,0.79419,-1,-1,-1
552,64,31.54,1.66,421.47,1076.28,0.90760,-1,-1,-1
552,84,534.68,283.43,68.26,267.20,0.73271,-1,-1,-1
552,85,1618.55,281.68,66.01,175.82,0.37847,-1,-1,-1
552,76,1013.74,283.66,120.51,349.00,0.65556,-1,-1,-1
553,2,853.16,215.26,146.95,480.89,0.81415,-1,-1,-1
553,44,972.44,212.80,85.91,420.53,0.57079,-1,-1,-1
553,55,1278.32,47.99,356.34,994.73,0.89582,-1,-1,-1
553,59,1094.64,276.61,90.87,320.04,0.74632,-1,-1,-1
553,67,0.00,236.39,113.91,763.44,0.47240,-1,-1,-1
553,64,3.86,1.53,435.57,1074.25,0.90534,-1,-1,-1
553,84,529.79,288.74,69.59,263.48,0.70541,-1,-1,-1
553,85,1615.90,281.07,67.49,177.92,0.31620,-1,-1,-1
553,76,1011.49,276.04,123.39,360.99,0.62685,-1,-1,-1
554,2,851.09,219.83,140.35,480.36,0.84014,-1,-1,-1
554,44,965.82,213.93,85.45,451.58,0.62834,-1,-1,-1
554,55,1276.01,47.55,353.91,1001.76,0.90252,-1,-1,-1
554,59,1095.05,277.66,89.66,325.75,0.68508,-1,-1,-1
554,64,0.00,2.90,428.95,1071.32,0.91088,-1,-1,-1
554,84,526.46,287.60,70.30,267.32,0.72070,-1,-1,-1
554,85,1613.41,285.10,70.46,173.96,0.57060,-1,-1,-1
554,76,1013.48,271.39,121.03,369.73,0.61760,-1,-1,-1
555,2,851.65,222.29,134.57,481.76,0.84899,-1,-1,-1
555,44,960.90,215.35,86.67,460.51,0.65130,-1,-1,-1
555,55,1271.30,49.95,353.35,1006.28,0.90514,-1,-1,-1
555,59,1096.71,279.26,84.08,333.13,0.45129,-1,-1,-1
555,64,0.00,2.86,394.55,1069.65,0.88395,-1,-1,-1
555,84,523.01,289.00,73.09,268.39,0.74781,-1,-1,-1
555,85,1608.28,289.20,75.16,171.53,0.65673,-1,-1,-1
555,76,1013.57,270.05,122.46,375.10,0.64086,-1,-1,-1
556,2,850.09,223.47,133.76,481.69,0.84361,-1,-1,-1
556,44,959.91,217.14,90.02,464.05,0.72871,-1,-1,-1
556,55,1268.64,53.03,352.79,1012.32,0.90045,-1,-1,-1
556,64,0.00,5.03,360.93,1065.66,0.92331,-1,-1,-1
556,84,520.63,290.42,71.59,269.93,0.72853,-1,-1,-1
556,85,1607.45,291.34,76.58,172.12,0.64559,-1,-1,-1
556,76,1015.45,265.24,125.64,382.45,0.60339,-1,-1,-1
557,2,846.66,221.45,135.33,483.29,0.83552,-1,-1,-1
557,44,959.47,214.59,92.71,464.96,0.75827,-1,-1,-1
557,55,1270.33,54.44,347.98,1013.53,0.89583,-1,-1,-1
557,64,0.00,4.05,341.44,1066.80,0.91834,-1,-1,-1
557,84,517.35,291.90,71.34,270.04,0.72369,-1,-1,-1
557,85,1606.40,289.08,77.86,175.24,0.52275,-1,-1,-1
557,76,1032.73,262.26,124.17,381.88,0.75200,-1,-1,-1
558,2,841.45,219.78,139.63,486.85,0.83902,-1,-1,-1
558,44,960.37,215.72,93.39,462.37,0.80130,-1,-1,-1
558,55,1276.15,55.64,338.82,1015.45,0.89540,-1,-1,-1
558,64,0.00,3.91,330.89,1067.13,0.87444,-1,-1,-1
558,84,516.37,292.73,72.19,270.87,0.73875,-1,-1,-1
558,85,1606.37,287.96,81.68,176.64,0.44248,-1,-1,-1
558,76,1044.25,257.72,120.16,388.71,0.78925,-1,-1,-1
559,2,835.39,220.85,146.01,484.34,0.83508,-1,-1,-1
559,44,958.91,214.84,97.73,457.98,0.79898,-1,-1,-1
559,55,1283.33,57.03,329.00,1013.97,0.90231,-1,-1,-1
559,64,0.00,5.77,342.99,1067.71,0.89537,-1,-1,-1
559,84,518.91,290.83,70.42,276.28,0.74392,-1,-1,-1
559,85,1605.73,290.57,90.28,176.25,0.50659,-1,-1,-1
559,76,1047.38,256.13,121.43,393.09,0.79292,-1,-1,-1
560,2,827.81,223.98,154.59,478.24,0.84278,-1,-1,-1
560,44,957.22,218.78,101.98,449.26,0.76622,-1,-1,-1
560,55,1288.92,59.24,319.47,1010.64,0.89229,-1,-1,-1
560,64,0.00,5.03,345.25,1067.42,0.79913,-1,-1,-1
560,84,520.21,291.85,70.94,277.98,0.74227,-1,-1,-1
560,85,1604.44,292.35,99.03,176.04,0.62887,-1,-1,-1
560,59,1065.34,266.53,109.24,378.25,0.72052,-1,-1,-1
561,2,824.19,221.42,159.23,475.80,0.84654,-1,-1,-1
561,44,957.15,216.72,107.58,447.44,0.78449,-1,-1,-1
561,55,1294.31,56.10,317.88,1011.93,0.89553,-1,-1,-1
561,64,0.00,4.69,336.77,1065.82,0.86369,-1,-1,-1
561,84,522.88,287.68,74.46,281.19,0.71757,-1,-1,-1
561,85,1607.29,284.86,112.11,181.43,0.59024,-1,-1,-1
561,59,1074.57,269.57,112.71,373.73,0.70604,-1,-1,-1
562,2,820.33,219.36,163.42,473.08,0.84353,-1,-1,-1
562,44,956.32,214.82,112.67,451.77,0.79926,-1,-1,-1
562,55,1298.85,55.01,314.47,1017.17,0.90031,-1,-1,-1
562,64,0.00,9.98,332.61,1060.19,0.83492,-1,-1,-1
562,84,525.20,288.54,74.68,280.15,0.69480,-1,-1,-1
562,85,1615.47,284.93,112.64,182.06,0.68932,-1,-1,-1
562,76,1087.89,268.27,114.80,383.90,0.76156,-1,-1,-1
563,2,819.79,218.74,165.97,475.04,0.84723,-1,-1,-1
563,44,959.00,215.59,114.42,453.91,0.81216,-1,-1,-1
563,55,1304.15,57.27,319.99,1016.95,0.89568,-1,-1,-1
563,64,0.00,7.82,320.93,1062.25,0.87426,-1,-1,-1
563,84,528.63,288.87,74.16,281.56,0.73855,-1,-1,-1
563,85,1627.65,283.59,116.35,184.67,0.59940,-1,-1,-1
563,76,1101.41,270.93,124.77,382.77,0.79086,-1,-1,-1
564,2,822.77,219.09,166.64,478.98,0.85860,-1,-1,-1
564,44,963.81,214.86,116.62,459.80,0.79578,-1,-1,-1
564,55,1308.43,54.22,332.70,1021.08,0.89859,-1,-1,-1
564,64,0.33,6.68,309.07,1065.14,0.85918,-1,-1,-1
564,84,534.41,292.32,73.03,280.77,0.75004,-1,-1,-1
564,85,1642.65,280.11,111.46,189.64,0.65285,-1,-1,-1
564,76,1113.80,271.18,140.71,386.50,0.75217,-1,-1,-1
564,59,1072.28,271.36,97.98,349.83,0.54869,-1,-1,-1
565,2,831.17,223.12,164.07,478.73,0.85586,-1,-1,-1
565,44,971.65,216.75,118.09,463.05,0.79800,-1,-1,-1
565,55,1311.26,53.84,349.56,1025.36,0.90258,-1,-1,-1
565,64,0.95,9.95,291.96,1059.98,0.76065,-1,-1,-1
565,84,542.37,300.08,72.99,275.63,0.71641,-1,-1,-1
565,85,1657.28,280.55,113.94,195.21,0.65609,-1,-1,-1
565,76,1129.99,271.67,157.53,390.07,0.79722,-1,-1,-1
565,59,1081.97,274.66,93.63,341.58,0.67097,-1,-1,-1
566,2,838.38,225.66,162.03,478.26,0.84885,-1,-1,-1
566,44,976.47,216.07,121.36,463.07,0.75616,-1,-1,-1
566,55,1316.55,53.57,361.12,1019.10,0.89788,-1,-1,-1
566,64,0.80,8.64,271.89,1061.36,0.79971,-1,-1,-1
566,84,548.50,302.65,72.53,273.95,0.72467,-1,-1,-1
566,85,1672.79,281.15,107.15,196.22,0.72024,-1,-1,-1
566,76,1139.75,273.93,175.36,393.28,0.72532,-1,-1,-1
566,59,1087.32,274.09,100.02,340.76,0.65300,-1,-1,-1
567,2,845.10,230.07,162.09,479.17,0.83640,-1,-1,-1
567,44,981.53,221.17,119.17,452.98,0.76545,-1,-1,-1
567,55,1322.11,54.15,375.36,1011.33,0.91663,-1,-1,-1
567,64,0.45,5.96,250.56,1064.19,0.72861,-1,-1,-1
567,84,553.35,304.40,73.51,273.21,0.74152,-1,-1,-1
567,85,1689.25,282.15,105.51,195.19,0.65592,-1,-1,-1
567,76,1145.90,272.79,197.84,398.47,0.79912,-1,-1,-1
567,59,1092.19,274.14,105.21,347.39,0.74138,-1,-1,-1
568,2,849.39,231.23,163.73,480.06,0.84518,-1,-1,-1
568,44,986.91,224.72,121.06,452.94,0.81939,-1,-1,-1
568,55,1317.98,54.71,394.87,1015.21,0.91635,-1,-1,-1
568,64,0.00,11.29,223.22,1063.88,0.30480,-1,-1,-1
568,84,558.44,302.29,75.78,275.46,0.75372,-1,-1,-1
568,85,1703.04,283.32,105.51,197.59,0.62134,-1,-1,-1
568,76,1152.81,280.01,196.85,395.82,0.86335,-1,-1,-1
568,59,1096.04,273.23,111.59,351.36,0.74612,-1,-1,-1
569,2,854.15,232.88,163.32,480.72,0.85116,-1,-1,-1
569,44,995.54,226.99,119.78,459.42,0.81809,-1,-1,-1
569,55,1321.89,55.25,405.36,1016.86,0.90975,-1,-1,-1
569,84,563.82,301.42,78.01,278.36,0.76230,-1,-1,-1
569,85,1715.82,285.79,104.24,199.20,0.66746,-1,-1,-1
569,76,1157.25,284.29,197.92,395.64,0.86547,-1,-1,-1
569,59,1102.52,275.65,112.06,352.72,0.77331,-1,-1,-1
570,2,861.55,239.99,159.27,476.60,0.86067,-1,-1,-1
570,44,1005.69,230.94,116.52,461.03,0.82201,-1,-1,-1
570,55,1320.51,54.11,421.73,1020.56,0.90100,-1,-1,-1
570,84,567.98,297.76,79.56,283.23,0.76283,-1,-1,-1
570,85,1728.68,288.77,103.63,199.30,0.66116,-1,-1,-1
570,76,1166.55,283.53,198.96,400.94,0.84860,-1,-1,-1
570,59,1109.38,276.82,116.09,352.00,0.78135,-1,-1,-1
571,2,868.65,244.44,157.45,474.45,0.85110,-1,-1,-1
571,44,1012.07,233.45,113.61,463.50,0.79772,-1,-1,-1
571,55,1326.85,54.56,423.72,1020.61,0.91502,-1,-1,-1
571,84,571.69,301.91,79.24,283.04,0.79404,-1,-1,-1
571,85,1739.92,289.90,104.18,201.28,0.59940,-1,-1,-1
571,76,1172.75,281.93,202.57,408.83,0.82973,-1,-1,-1
571,59,1111.41,275.36,124.92,355.57,0.80519,-1,-1,-1
572,2,874.25,241.45,157.02,476.09,0.82070,-1,-1,-1
572,44,1015.91,234.16,114.71,462.52,0.78077,-1,-1,-1
572,55,1328.46,54.17,430.94,1021.97,0.90471,-1,-1,-1
572,84,576.43,304.68,77.24,280.76,0.81951,-1,-1,-1
572,85,1751.01,290.42,105.26,202.21,0.56346,-1,-1,-1
572,76,1190.06,282.44,194.71,410.77,0.82943,-1,-1,-1
572,59,1117.71,275.33,128.70,358.81,0.79142,-1,-1,-1
573,2,879.78,240.11,154.15,476.43,0.82840,-1,-1,-1
573,44,1021.57,234.20,114.71,459.74,0.75823,-1,-1,-1
573,55,1332.32,54.90,439.69,1021.54,0.89421,-1,-1,-1
573,84,580.23,307.61,75.37,279.49,0.77740,-1,-1,-1
573,85,1761.27,292.78,104.63,201.87,0.60628,-1,-1,-1
573,76,1209.56,284.66,181.57,410.83,0.81701,-1,-1,-1
573,59,1121.81,276.28,132.45,359.31,0.82186,-1,-1,-1
574,2,883.72,240.06,156.84,476.96,0.84181,-1,-1,-1
574,44,1025.73,236.12,115.42,456.82,0.75951,-1,-1,-1
574,55,1338.79,54.38,443.25,1020.96,0.90822,-1,-1,-1
574,84,584.31,306.83,75.62,280.70,0.71125,-1,-1,-1
574,85,1773.17,294.05,106.33,203.84,0.55446,-1,-1,-1
574,76,1229.98,284.31,170.07,413.95,0.77378,-1,-1,-1
574,59,1126.56,278.21,133.12,360.96,0.83002,-1,-1,-1
575,2,886.14,239.63,157.52,475.56,0.84219,-1,-1,-1
575,44,1029.67,236.24,113.69,459.04,0.77118,-1,-1,-1
575,55,1346.69,56.05,440.37,1016.36,0.91068,-1,-1,-1
575,84,588.04,305.47,75.13,281.62,0.69109,-1,-1,-1
575,76,1247.11,283.57,159.47,417.22,0.71578,-1,-1,-1
575,59,1131.98,278.30,132.44,363.42,0.84039,-1,-1,-1
576,2,888.69,239.52,156.76,473.38,0.82403,-1,-1,-1
576,44,1030.67,236.80,113.41,456.89,0.78323,-1,-1,-1
576,55,1353.96,59.29,437.70,1011.52,0.91276,-1,-1,-1
576,84,591.10,312.30,74.37,276.29,0.71034,-1,-1,-1
576,76,1266.90,282.27,146.45,422.09,0.74072,-1,-1,-1
576,59,1137.51,276.10,133.10,367.44,0.83637,-1,-1,-1
576,85,1786.82,296.15,113.48,205.16,0.55317,-1,-1,-1
577,2,891.46,237.31,155.05,471.21,0.81829,-1,-1,-1
577,44,1030.69,229.48,113.06,469.13,0.79015,-1,-1,-1
577,55,1358.70,59.72,436.78,1009.89,0.90738,-1,-1,-1
577,84,588.88,315.13,77.37,273.57,0.67054,-1,-1,-1
577,76,1288.38,285.82,139.59,424.22,0.76201,-1,-1,-1
577,59,1139.70,274.25,134.82,370.12,0.82807,-1,-1,-1
577,85,1794.51,295.60,114.87,202.49,0.60574,-1,-1,-1
578,2,892.83,236.74,154.10,470.78,0.82873,-1,-1,-1
578,44,1030.65,225.89,113.01,474.70,0.79029,-1,-1,-1
578,55,1364.82,62.01,437.95,1007.43,0.90236,-1,-1,-1
578,84,589.28,315.18,77.61,274.48,0.69773,-1,-1,-1
578,76,1312.18,283.48,126.77,429.98,0.72789,-1,-1,-1
578,59,1142.13,274.10,129.02,372.27,0.82250,-1,-1,-1
578,85,1798.85,298.38,116.59,201.82,0.59336,-1,-1,-1
579,2,890.51,240.44,153.83,471.04,0.83843,-1,-1,-1
579,44,1027.98,231.30,114.48,472.91,0.78458,-1,-1,-1
579,55,1378.52,69.62,429.57,1000.30,0.90337,-1,-1,-1
579,84,588.83,311.23,75.26,285.65,0.73753,-1,-1,-1
579,76,1327.98,285.38,123.28,439.47,0.78591,-1,-1,-1
579,59,1141.73,277.04,129.65,375.82,0.82973,-1,-1,-1
579,85,1801.63,304.00,117.98,206.79,0.62571,-1,-1,-1
580,2,890.28,241.65,150.40,468.49,0.84329,-1,-1,-1
580,44,1022.94,233.62,117.93,468.74,0.77315,-1,-1,-1
580,55,1389.18,71.87,424.26,996.62,0.90241,-1,-1,-1
580,84,585.06,305.80,75.21,293.31,0.68209,-1,-1,-1
580,76,1333.89,284.83,125.13,447.40,0.77108,-1,-1,-1
580,59,1140.21,275.74,129.35,379.01,0.80059,-1,-1,-1
580,85,1806.20,304.72,113.80,210.89,0.65778,-1,-1,-1
581,2,887.04,241.97,150.18,466.31,0.83737,-1,-1,-1
581,44,1019.54,233.97,121.64,464.12,0.77659,-1,-1,-1
581,55,1404.32,70.08,417.97,995.10,0.90158,-1,-1,-1
581,84,583.11,306.54,73.13,293.10,0.72898,-1,-1,-1
581,76,1337.39,283.46,141.31,453.21,0.77207,-1,-1,-1
581,59,1143.62,281.79,122.75,373.10,0.78776,-1,-1,-1
581,85,1814.35,304.72,105.65,214.52,0.60419,-1,-1,-1
582,2,885.48,244.35,146.83,464.75,0.84375,-1,-1,-1
582,44,1016.33,233.85,125.09,461.99,0.78305,-1,-1,-1
582,55,1419.03,70.68,414.51,998.92,0.90837,-1,-1,-1
582,84,581.41,307.36,72.47,293.51,0.75946,-1,-1,-1
582,76,1339.56,284.68,159.12,452.88,0.82566,-1,-1,-1
582,59,1146.03,284.26,118.82,370.81,0.77503,-1,-1,-1
582,85,1824.59,305.00,95.41,215.52,0.52727,-1,-1,-1
582,87,1230.01,311.03,62.54,282.30,0.45637,-1,-1,-1
583,2,882.79,247.97,144.74,469.81,0.84943,-1,-1,-1
583,44,1013.00,233.33,128.37,463.27,0.76369,-1,-1,-1
583,55,1427.87,72.49,415.55,999.55,0.90847,-1,-1,-1
583,84,577.44,309.97,73.64,293.33,0.76431,-1,-1,-1
583,76,1342.54,286.34,164.48,452.09,0.80106,-1,-1,-1
583,59,1143.68,282.09,118.15,375.71,0.78137,-1,-1,-1
583,85,1834.49,306.75,85.51,217.33,0.53058,-1,-1,-1
583,87,1231.82,312.39,62.08,283.33,0.55786,-1,-1,-1
584,2,876.39,249.65,145.97,474.80,0.84811,-1,-1,-1
584,44,1011.69,234.41,129.80,466.34,0.76492,-1,-1,-1
584,55,1436.29,71.41,416.66,1001.18,0.90914,-1,-1,-1
584,84,574.23,306.80,74.13,294.65,0.76282,-1,-1,-1
584,76,1342.59,283.52,167.73,456.16,0.79838,-1,-1,-1
584,59,1142.06,284.01,120.10,376.88,0.77154,-1,-1,-1
584,85,1840.15,307.96,79.67,222.74,0.56976,-1,-1,-1
584,87,1231.57,312.37,63.70,283.07,0.54934,-1,-1,-1
585,2,868.53,251.22,145.82,475.64,0.86285,-1,-1,-1
585,44,1006.82,233.61,132.76,468.90,0.78641,-1,-1,-1
585,55,1442.30,71.84,417.05,997.40,0.90912,-1,-1,-1
585,84,571.96,307.56,72.20,293.08,0.78176,-1,-1,-1
585,76,1342.38,282.58,166.18,453.68,0.76601,-1,-1,-1
585,59,1140.80,284.22,120.80,378.76,0.77508,-1,-1,-1
585,85,1847.30,305.47,72.02,227.11,0.52251,-1,-1,-1
585,87,1229.68,310.70,64.39,277.33,0.47110,-1,-1,-1
586,2,862.28,252.68,146.18,474.92,0.84716,-1,-1,-1
586,44,1005.93,234.09,129.80,469.63,0.80589,-1,-1,-1
586,55,1450.70,71.01,414.48,1000.40,0.90389,-1,-1,-1
586,84,567.70,299.63,72.88,301.53,0.75900,-1,-1,-1
586,76,1342.73,283.52,167.63,452.90,0.74074,-1,-1,-1
586,59,1139.57,284.32,124.43,378.70,0.74518,-1,-1,-1
586,85,1851.42,306.09,67.89,230.05,0.44585,-1,-1,-1
587,2,860.09,253.90,144.40,473.21,0.84978,-1,-1,-1
587,44,1005.84,236.03,125.31,468.94,0.80815,-1,-1,-1
587,55,1457.85,68.41,411.41,1005.43,0.89854,-1,-1,-1
587,84,563.79,303.36,72.43,299.38,0.71798,-1,-1,-1
587,76,1343.30,284.00,174.18,457.63,0.75653,-1,-1,-1
587,59,1139.60,283.56,125.07,381.13,0.75682,-1,-1,-1
587,85,1853.93,308.49,65.24,228.62,0.48224,-1,-1,-1
588,2,857.97,254.54,141.42,472.42,0.83949,-1,-1,-1
588,44,1001.74,238.46,124.28,466.98,0.79083,-1,-1,-1
588,55,1464.13,66.42,406.61,1007.15,0.90197,-1,-1,-1
588,84,556.98,312.97,72.70,291.80,0.72630,-1,-1,-1
588,76,1342.70,284.15,181.78,460.41,0.75446,-1,-1,-1
588,59,1139.76,285.06,126.76,380.52,0.72276,-1,-1,-1
588,85,1856.49,308.96,62.52,226.69,0.53682,-1,-1,-1
589,2,854.22,253.75,137.96,473.71,0.83942,-1,-1,-1
589,44,997.07,237.71,127.14,468.94,0.79973,-1,-1,-1
589,55,1468.46,63.97,407.18,1010.75,0.90341,-1,-1,-1
589,84,552.24,319.42,70.77,285.74,0.71465,-1,-1,-1
589,76,1342.68,283.47,191.60,466.75,0.76947,-1,-1,-1
589,59,1139.59,284.02,132.65,383.46,0.77185,-1,-1,-1
589,85,1860.31,311.12,58.98,223.29,0.46363,-1,-1,-1
590,2,849.62,252.64,137.57,476.13,0.83811,-1,-1,-1
590,44,985.04,239.28,135.91,468.30,0.81086,-1,-1,-1
590,55,1468.73,62.63,412.22,1013.08,0.90737,-1,-1,-1
590,84,548.62,318.39,71.37,287.67,0.71321,-1,-1,-1
590,76,1349.88,280.59,192.88,474.63,0.73151,-1,-1,-1
590,59,1138.76,284.79,138.55,386.05,0.81115,-1,-1,-1
590,85,1864.36,313.26,55.15,222.23,0.39033,-1,-1,-1
591,2,838.97,250.74,144.64,474.65,0.84023,-1,-1,-1
591,44,982.61,240.39,134.60,465.95,0.80654,-1,-1,-1
591,55,1469.08,61.04,416.48,1012.22,0.90939,-1,-1,-1
591,84,543.37,318.88,73.58,288.30,0.73804,-1,-1,-1
591,76,1369.98,279.11,177.14,479.38,0.71543,-1,-1,-1
591,59,1139.22,282.51,139.36,389.80,0.82267,-1,-1,-1
591,85,1868.12,315.53,51.63,219.85,0.35921,-1,-1,-1
592,2,830.29,250.22,147.64,470.59,0.83399,-1,-1,-1
592,44,982.15,239.70,132.37,468.24,0.81327,-1,-1,-1
592,55,1468.91,59.58,419.88,1011.98,0.90619,-1,-1,-1
592,84,539.50,311.15,77.20,298.46,0.72792,-1,-1,-1
592,76,1394.62,276.60,154.68,483.27,0.56337,-1,-1,-1
592,59,1140.68,279.21,137.39,393.93,0.80656,-1,-1,-1
592,85,1871.51,330.18,48.23,201.61,0.32109,-1,-1,-1
593,2,824.91,250.02,148.36,466.55,0.83512,-1,-1,-1
593,44,982.55,239.24,129.52,470.62,0.81581,-1,-1,-1
593,55,1467.09,59.66,424.63,1012.24,0.89568,-1,-1,-1
593,84,537.29,306.89,78.90,305.84,0.71127,-1,-1,-1
593,76,1414.68,299.48,142.98,460.85,0.44341,-1,-1,-1
593,59,1142.10,279.96,135.97,396.24,0.82585,-1,-1,-1
593,88,1107.21,317.92,52.82,242.92,0.62038,-1,-1,-1
594,2,816.59,250.74,154.50,463.94,0.83642,-1,-1,-1
594,44,981.88,240.99,127.46,471.88,0.81337,-1,-1,-1
594,55,1471.34,61.04,420.41,1013.30,0.89546,-1,-1,-1
594,84,534.54,309.96,76.24,303.84,0.73012,-1,-1,-1
594,59,1145.49,281.56,132.88,397.34,0.80401,-1,-1,-1
594,88,1107.68,318.13,54.16,243.88,0.61176,-1,-1,-1
595,2,810.02,250.54,158.25,463.98,0.85251,-1,-1,-1
595,44,982.04,242.81,126.78,472.13,0.80375,-1,-1,-1
595,55,1480.00,62.21,414.81,1011.56,0.90881,-1,-1,-1
595,84,531.42,308.08,80.40,309.95,0.76358,-1,-1,-1
595,59,1148.09,281.89,131.15,398.73,0.79762,-1,-1,-1
595,88,1106.37,314.95,57.28,247.57,0.66077,-1,-1,-1
596,2,804.44,250.43,162.66,464.06,0.84754,-1,-1,-1
596,44,978.53,242.98,132.58,472.87,0.81196,-1,-1,-1
596,55,1487.62,59.66,406.64,1013.75,0.91603,-1,-1,-1
596,84,529.80,309.05,81.87,311.05,0.75631,-1,-1,-1
596,59,1149.13,278.37,131.76,402.90,0.77745,-1,-1,-1
596,88,1106.17,312.18,59.06,250.51,0.53976,-1,-1,-1
597,2,801.41,248.84,163.70,467.09,0.84489,-1,-1,-1
597,44,977.38,243.60,136.79,473.84,0.81053,-1,-1,-1
597,55,1497.93,55.52,396.12,1018.55,0.91586,-1,-1,-1
597,84,530.38,306.92,79.37,313.12,0.76305,-1,-1,-1
597,59,1152.87,276.65,136.45,404.75,0.77091,-1,-1,-1
597,88,1105.88,313.08,60.77,250.77,0.57860,-1,-1,-1
598,2,800.49,251.87,164.78,472.55,0.84616,-1,-1,-1
598,44,979.70,249.31,139.33,479.47,0.82370,-1,-1,-1
598,55,1507.79,57.45,385.39,1017.04,0.91452,-1,-1,-1
598,84,530.75,306.72,77.56,316.92,0.74876,-1,-1,-1
598,59,1153.48,281.75,145.61,404.12,0.80498,-1,-1,-1
598,88,1107.93,317.09,60.85,245.61,0.45970,-1,-1,-1
599,2,800.87,253.90,165.81,473.79,0.85022,-1,-1,-1
599,44,985.21,251.47,138.53,479.41,0.81890,-1,-1,-1
599,55,1511.70,57.58,383.91,1017.72,0.91961,-1,-1,-1
599,84,531.44,310.10,82.35,318.14,0.75008,-1,-1,-1
599,59,1155.94,283.76,151.34,403.83,0.80415,-1,-1,-1
599,88,1108.31,316.55,62.03,249.01,0.36490,-1,-1,-1
600,2,804.62,255.33,163.70,475.02,0.84051,-1,-1,-1
600,44,991.57,250.97,136.79,482.71,0.80109,-1,-1,-1
600,55,1514.08,54.74,388.88,1021.68,0.92329,-1,-1,-1
600,84,534.17,310.78,85.90,319.27,0.73386,-1,-1,-1
600,59,1161.90,286.20,152.75,402.12,0.82588,-1,-1,-1
601,2,808.55,258.58,159.50,476.52,0.84551,-1,-1,-1
601,44,995.77,251.60,134.83,483.12,0.79340,-1,-1,-1
601,55,1514.54,55.09,398.10,1022.87,0.92378,-1,-1,-1
601,84,536.94,312.95,84.61,319.42,0.72982,-1,-1,-1
601,59,1167.01,283.66,154.97,406.53,0.78916,-1,-1,-1
601,88,1117.23,325.44,62.11,238.51,0.39748,-1,-1,-1
602,2,813.79,263.19,158.19,477.30,0.83905,-1,-1,-1
602,44,996.91,252.37,135.88,485.30,0.79346,-1,-1,-1
602,55,1514.18,57.11,405.71,1019.46,0.92143,-1,-1,-1
602,84,540.48,317.44,84.38,317.37,0.71733,-1,-1,-1
602,59,1182.16,282.34,146.45,411.89,0.73946,-1,-1,-1
602,88,1120.61,329.62,64.80,242.14,0.52079,-1,-1,-1
603,2,822.32,269.47,153.78,475.53,0.81507,-1,-1,-1
603,44,1004.08,256.63,130.16,481.83,0.78855,-1,-1,-1
603,55,1518.94,60.58,401.06,1016.67,0.92612,-1,-1,-1
603,84,543.99,326.14,82.65,314.40,0.73816,-1,-1,-1
603,59,1193.02,285.20,145.44,418.28,0.71501,-1,-1,-1
603,88,1125.61,343.15,64.87,232.90,0.57765,-1,-1,-1
603,90,1182.96,310.97,84.34,374.88,0.37387,-1,-1,-1
604,2,827.43,275.12,153.69,471.46,0.82305,-1,-1,-1
604,44,1010.72,261.02,126.37,478.66,0.81307,-1,-1,-1
604,55,1524.70,62.98,395.30,1014.60,0.92791,-1,-1,-1
604,84,550.03,332.70,83.66,312.64,0.70570,-1,-1,-1
604,59,1203.50,288.09,144.95,420.79,0.75983,-1,-1,-1
604,88,1132.40,348.89,63.40,231.73,0.65938,-1,-1,-1
604,90,1190.09,315.50,82.26,305.38,0.44766,-1,-1,-1
605,2,835.13,277.01,153.40,470.99,0.83117,-1,-1,-1
605,44,1015.41,260.61,126.28,472.91,0.80952,-1,-1,-1
605,55,1527.72,62.63,392.28,1016.07,0.91807,-1,-1,-1
605,84,554.71,334.73,81.20,313.45,0.74055,-1,-1,-1
605,59,1211.13,289.36,145.29,422.15,0.74304,-1,-1,-1
605,88,1136.81,351.57,65.23,232.14,0.65323,-1,-1,-1
605,90,1197.57,326.58,79.96,274.78,0.38061,-1,-1,-1
606,2,843.98,278.00,152.21,473.27,0.81521,-1,-1,-1
606,44,1018.72,260.77,126.21,470.06,0.79262,-1,-1,-1
606,55,1535.72,63.62,384.28,1013.16,0.92223,-1,-1,-1
606,84,560.44,330.58,79.25,318.91,0.71551,-1,-1,-1
606,59,1223.06,290.23,145.59,425.25,0.64703,-1,-1,-1
606,88,1142.72,353.36,66.74,233.30,0.64717,-1,-1,-1
606,90,1205.74,324.02,76.63,280.77,0.51844,-1,-1,-1
607,2,852.84,279.47,148.56,471.97,0.83637,-1,-1,-1
607,44,1028.34,262.06,121.08,469.03,0.80690,-1,-1,-1
607,55,1544.01,65.42,375.99,1009.16,0.91400,-1,-1,-1
607,84,566.91,327.77,83.11,323.04,0.80413,-1,-1,-1
607,59,1237.00,291.67,140.84,425.20,0.66916,-1,-1,-1
607,88,1150.56,345.01,66.50,242.26,0.66588,-1,-1,-1
607,90,1215.84,326.72,73.89,344.27,0.47939,-1,-1,-1
608,2,856.17,278.36,150.91,467.74,0.82943,-1,-1,-1
608,44,1035.81,263.55,124.20,464.73,0.79657,-1,-1,-1
608,55,1553.49,66.94,366.51,1004.44,0.91743,-1,-1,-1
608,84,572.16,328.55,82.76,322.33,0.76126,-1,-1,-1
608,59,1246.41,291.48,146.11,429.59,0.53952,-1,-1,-1
608,88,1157.02,345.50,67.56,241.86,0.71788,-1,-1,-1
608,90,1222.77,320.11,87.80,343.08,0.54714,-1,-1,-1
609,2,862.21,277.16,148.00,466.01,0.81969,-1,-1,-1
609,44,1039.15,262.15,130.96,468.66,0.82517,-1,-1,-1
609,55,1561.89,69.17,358.11,1002.57,0.92010,-1,-1,-1
609,84,575.82,330.22,83.78,323.36,0.78401,-1,-1,-1
609,59,1258.57,287.17,141.00,436.75,0.72606,-1,-1,-1
609,88,1162.20,348.78,70.57,242.16,0.62380,-1,-1,-1
609,90,1231.29,325.55,87.51,317.54,0.56666,-1,-1,-1
610,2,870.91,277.70,143.45,463.72,0.82620,-1,-1,-1
610,44,1043.14,263.87,132.42,471.59,0.82233,-1,-1,-1
610,55,1569.34,72.08,350.66,1001.52,0.92215,-1,-1,-1
610,84,579.66,329.28,87.61,326.95,0.75147,-1,-1,-1
610,59,1272.16,286.68,142.00,436.05,0.75856,-1,-1,-1
610,88,1166.81,349.76,71.10,240.96,0.55615,-1,-1,-1
610,90,1237.99,327.77,87.23,314.11,0.60001,-1,-1,-1
611,2,874.48,278.11,143.61,463.92,0.81671,-1,-1,-1
611,44,1043.33,267.53,133.58,470.34,0.78492,-1,-1,-1
611,55,1580.54,70.92,339.46,1004.69,0.91764,-1,-1,-1
611,84,583.52,330.73,85.13,326.81,0.74133,-1,-1,-1
611,59,1282.50,288.91,137.23,439.35,0.67958,-1,-1,-1
611,88,1167.70,348.46,71.73,241.93,0.69410,-1,-1,-1
611,90,1243.58,332.89,85.06,307.72,0.59408,-1,-1,-1
612,2,878.27,280.90,141.54,459.79,0.83331,-1,-1,-1
612,44,1035.70,273.32,141.38,470.77,0.81246,-1,-1,-1
612,55,1595.26,74.77,323.60,1004.16,0.91517,-1,-1,-1
612,84,586.40,333.64,79.98,323.44,0.77570,-1,-1,-1
612,59,1289.46,291.63,138.11,432.74,0.69402,-1,-1,-1
612,88,1170.93,348.46,71.64,245.72,0.65073,-1,-1,-1
612,90,1245.75,339.38,82.19,300.48,0.60327,-1,-1,-1
613,2,878.95,282.91,143.77,459.96,0.83676,-1,-1,-1
613,44,1032.03,276.32,148.92,475.52,0.84597,-1,-1,-1
613,55,1607.53,77.99,310.97,998.12,0.91186,-1,-1,-1
613,84,587.55,333.99,79.20,323.74,0.76602,-1,-1,-1
613,59,1298.29,295.47,134.79,438.24,0.61735,-1,-1,-1
613,88,1174.95,353.28,71.14,240.36,0.65796,-1,-1,-1
613,90,1246.96,337.38,84.75,309.07,0.55604,-1,-1,-1
614,2,882.95,287.05,143.51,463.42,0.83277,-1,-1,-1
614,44,1031.39,278.53,156.29,478.64,0.85036,-1,-1,-1
614,55,1619.94,80.87,298.48,996.25,0.91434,-1,-1,-1
614,84,588.03,335.79,78.95,325.43,0.76865,-1,-1,-1
614,59,1307.54,298.19,131.95,445.81,0.66235,-1,-1,-1
614,88,1180.22,359.24,68.38,240.02,0.60008,-1,-1,-1
614,90,1255.33,327.54,89.53,332.01,0.47485,-1,-1,-1
615,2,886.32,288.94,145.04,465.06,0.83576,-1,-1,-1
615,44,1031.45,280.16,157.97,478.79,0.83219,-1,-1,-1
615,55,1635.03,82.23,283.91,993.77,0.90255,-1,-1,-1
615,84,589.43,342.75,80.14,322.70,0.73295,-1,-1,-1
615,59,1317.89,296.21,122.71,454.06,0.72648,-1,-1,-1
615,88,1182.64,360.57,68.24,241.77,0.62719,-1,-1,-1
615,90,1263.65,324.10,92.34,345.18,0.59365,-1,-1,-1
616,2,886.08,293.47,148.72,462.80,0.83009,-1,-1,-1
616,44,1031.62,282.76,163.46,479.01,0.82420,-1,-1,-1
616,55,1643.76,82.19,274.70,994.80,0.88971,-1,-1,-1
616,84,590.44,344.81,97.09,321.80,0.71453,-1,-1,-1
616,59,1324.55,299.11,120.22,457.45,0.72419,-1,-1,-1
616,88,1186.35,362.36,66.07,239.08,0.57246,-1,-1,-1
616,90,1269.10,322.05,91.74,353.66,0.61196,-1,-1,-1
617,2,885.14,295.33,151.29,466.35,0.84385,-1,-1,-1
617,44,1030.06,285.83,167.68,479.33,0.84513,-1,-1,-1
617,55,1656.80,90.64,261.41,986.34,0.88453,-1,-1,-1
617,84,589.90,342.78,95.16,327.71,0.73353,-1,-1,-1
617,59,1329.14,300.25,118.51,462.25,0.73212,-1,-1,-1
617,88,1187.40,368.96,65.18,235.15,0.60049,-1,-1,-1
617,90,1272.20,323.43,91.97,361.60,0.59311,-1,-1,-1
618,2,885.54,298.52,151.17,468.53,0.83535,-1,-1,-1
618,44,1029.19,288.45,172.70,481.12,0.84953,-1,-1,-1
618,55,1666.08,99.57,251.93,977.10,0.88133,-1,-1,-1
618,84,588.88,337.47,87.43,335.81,0.78586,-1,-1,-1
618,59,1329.87,301.31,119.89,465.50,0.73784,-1,-1,-1
618,88,1188.29,371.90,65.15,240.07,0.56180,-1,-1,-1
618,90,1273.20,326.74,93.54,365.69,0.56919,-1,-1,-1
619,2,883.13,300.50,148.55,467.10,0.83635,-1,-1,-1
619,44,1026.73,289.14,173.85,482.62,0.80990,-1,-1,-1
619,55,1668.12,104.55,249.14,970.28,0.89531,-1,-1,-1
619,84,586.22,336.20,83.08,337.92,0.76055,-1,-1,-1
619,59,1329.70,301.91,127.59,466.69,0.73717,-1,-1,-1
619,88,1186.47,369.43,66.61,245.77,0.52676,-1,-1,-1
619,90,1273.50,327.40,97.28,371.36,0.59998,-1,-1,-1
619,91,1242.36,359.20,72.74,311.82,0.43817,-1,-1,-1
620,2,880.87,302.90,142.30,465.38,0.82309,-1,-1,-1
620,44,1026.65,288.98,175.50,482.30,0.78649,-1,-1,-1
620,55,1679.16,110.85,238.93,963.92,0.88545,-1,-1,-1
620,84,581.71,337.82,84.07,341.40,0.69740,-1,-1,-1
620,59,1331.23,302.15,125.12,469.03,0.75301,-1,-1,-1
620,88,1184.75,372.45,65.41,237.50,0.58070,-1,-1,-1
620,90,1269.15,328.17,101.87,377.77,0.60778,-1,-1,-1
620,91,1242.90,358.90,73.04,318.39,0.40934,-1,-1,-1
621,2,875.89,302.66,137.30,462.35,0.82411,-1,-1,-1
621,44,1025.75,288.25,165.52,481.63,0.68113,-1,-1,-1
621,55,1686.48,119.36,231.09,955.36,0.87914,-1,-1,-1
621,84,578.30,336.65,82.30,345.17,0.72507,-1,-1,-1
621,59,1330.71,303.95,123.58,466.62,0.74444,-1,-1,-1
621,88,1183.20,375.45,65.53,229.31,0.50598,-1,-1,-1
621,90,1266.76,329.26,105.55,381.27,0.62661,-1,-1,-1
622,2,869.43,303.09,146.19,461.38,0.80211,-1,-1,-1
622,44,1024.30,287.92,149.73,479.86,0.75170,-1,-1,-1
622,55,1688.87,120.73,228.95,954.35,0.89355,-1,-1,-1
622,84,574.58,341.13,79.30,341.58,0.77560,-1,-1,-1
622,59,1330.58,304.21,123.10,472.15,0.65987,-1,-1,-1
622,88,1184.33,378.25,62.88,201.44,0.38848,-1,-1,-1
622,90,1261.22,329.08,109.96,389.34,0.56552,-1,-1,-1
622,92,1127.82,327.62,90.82,356.26,0.64746,-1,-1,-1
622,91,1240.62,360.36,69.88,322.06,0.34817,-1,-1,-1
623,2,862.87,303.23,146.24,463.09,0.79949,-1,-1,-1
623,44,1018.24,288.45,145.64,479.59,0.77835,-1,-1,-1
623,55,1692.50,120.91,225.41,955.17,0.89798,-1,-1,-1
623,84,569.43,340.74,84.38,344.00,0.73781,-1,-1,-1
623,59,1329.44,306.30,124.71,475.05,0.65533,-1,-1,-1
623,88,1182.07,381.35,63.02,191.65,0.31109,-1,-1,-1
623,90,1255.97,330.48,113.38,393.69,0.52433,-1,-1,-1
623,92,1120.67,329.12,95.48,369.75,0.71479,-1,-1,-1
624,2,853.87,304.30,154.26,460.36,0.84594,-1,-1,-1
624,44,1014.05,288.02,140.71,477.31,0.81276,-1,-1,-1
624,55,1695.67,116.95,222.18,957.92,0.89724,-1,-1,-1
624,84,564.51,340.31,85.36,343.09,0.76422,-1,-1,-1
624,59,1327.70,307.78,123.58,472.92,0.70729,-1,-1,-1
624,90,1254.25,330.07,110.72,399.48,0.60165,-1,-1,-1
624,92,1118.45,332.01,96.30,382.08,0.68321,-1,-1,-1
625,2,849.54,304.62,155.41,456.58,0.84655,-1,-1,-1
625,44,1009.05,285.24,136.50,474.27,0.79379,-1,-1,-1
625,55,1698.64,113.68,219.47,960.32,0.90292,-1,-1,-1
625,84,558.46,341.81,85.66,343.83,0.73307,-1,-1,-1
625,59,1328.71,305.94,120.07,475.96,0.72679,-1,-1,-1
625,90,1245.48,331.09,114.75,403.96,0.64515,-1,-1,-1
625,92,1115.82,334.10,95.08,395.27,0.73880,-1,-1,-1
626,2,846.23,303.86,153.39,455.86,0.82161,-1,-1,-1
626,44,1003.90,285.84,134.75,474.47,0.78830,-1,-1,-1
626,55,1702.11,115.57,216.08,957.60,0.90600,-1,-1,-1
626,84,552.50,344.38,83.37,344.33,0.71451,-1,-1,-1
626,59,1326.97,305.03,120.80,477.89,0.77595,-1,-1,-1
626,90,1241.34,331.52,116.76,407.08,0.69376,-1,-1,-1
626,92,1109.71,335.24,95.62,398.37,0.74711,-1,-1,-1
627,2,839.80,302.23,156.39,457.42,0.83514,-1,-1,-1
627,44,997.05,283.47,138.53,476.91,0.78682,-1,-1,-1
627,55,1704.46,117.80,214.07,954.18,0.90402,-1,-1,-1
627,84,545.96,343.22,83.30,349.60,0.74907,-1,-1,-1
627,59,1325.80,304.44,121.52,478.55,0.76184,-1,-1,-1
627,90,1236.32,330.68,117.56,410.82,0.67262,-1,-1,-1
627,92,1106.84,334.91,92.95,401.17,0.73330,-1,-1,-1
628,2,829.07,301.40,163.16,457.00,0.84276,-1,-1,-1
628,44,989.24,280.56,147.40,477.58,0.75881,-1,-1,-1
628,55,1702.63,116.18,216.00,954.70,0.90475,-1,-1,-1
628,84,540.74,339.46,81.98,354.12,0.77743,-1,-1,-1
628,59,1324.47,302.60,121.47,480.28,0.77942,-1,-1,-1
628,90,1235.24,330.49,114.32,412.53,0.68415,-1,-1,-1
628,92,1100.91,331.43,98.23,410.72,0.71337,-1,-1,-1
629,2,824.96,300.73,165.95,456.59,0.85026,-1,-1,-1
629,44,983.07,282.29,135.43,475.69,0.77421,-1,-1,-1
629,55,1685.07,112.95,233.93,956.63,0.88286,-1,-1,-1
629,84,536.14,341.73,88.10,353.70,0.69717,-1,-1,-1
629,59,1323.49,301.14,121.26,481.77,0.77382,-1,-1,-1
629,90,1233.46,329.91,111.62,416.73,0.67146,-1,-1,-1
629,92,1093.06,328.86,106.36,418.48,0.75302,-1,-1,-1
630,2,822.82,302.27,164.53,454.12,0.84338,-1,-1,-1
630,44,975.33,281.17,132.12,475.54,0.81530,-1,-1,-1
630,55,1644.44,114.41,274.88,955.44,0.88870,-1,-1,-1
630,84,530.75,340.37,88.06,358.49,0.76336,-1,-1,-1
630,59,1322.93,300.61,120.80,483.60,0.78012,-1,-1,-1
630,90,1238.51,327.71,104.23,420.68,0.64249,-1,-1,-1
630,92,1087.03,326.93,113.59,423.13,0.78958,-1,-1,-1
631,2,820.50,303.47,165.17,454.29,0.85041,-1,-1,-1
631,44,971.55,280.66,130.31,474.74,0.82879,-1,-1,-1
631,55,1672.80,111.22,247.20,958.63,0.89203,-1,-1,-1
631,84,526.91,343.70,85.37,353.98,0.73346,-1,-1,-1
631,59,1323.66,300.62,120.86,483.78,0.75667,-1,-1,-1
631,90,1236.67,328.59,106.65,422.38,0.64111,-1,-1,-1
631,92,1083.46,326.50,122.20,424.36,0.81233,-1,-1,-1
632,2,816.28,305.49,167.13,455.25,0.85549,-1,-1,-1
632,44,970.39,280.90,127.17,474.41,0.78537,-1,-1,-1
632,55,1691.79,109.27,228.21,961.71,0.90149,-1,-1,-1
632,84,524.67,345.14,83.66,354.21,0.76110,-1,-1,-1
632,59,1325.54,302.10,123.64,484.25,0.76257,-1,-1,-1
632,90,1237.53,326.99,108.48,426.29,0.66273,-1,-1,-1
632,92,1082.35,326.12,125.72,426.42,0.81821,-1,-1,-1
633,2,814.04,307.87,168.86,455.92,0.86135,-1,-1,-1
633,44,971.20,281.57,126.17,476.57,0.76733,-1,-1,-1
633,55,1706.58,103.75,213.42,967.90,0.90401,-1,-1,-1
633,84,523.09,343.19,84.78,358.56,0.77085,-1,-1,-1
633,59,1328.25,300.89,123.31,486.53,0.77368,-1,-1,-1
633,90,1238.39,323.40,110.47,428.91,0.67696,-1,-1,-1
633,92,1085.84,326.31,123.44,429.44,0.81427,-1,-1,-1
634,2,812.75,309.80,170.12,456.96,0.86171,-1,-1,-1
634,44,970.34,282.35,127.23,474.59,0.78176,-1,-1,-1
634,55,1719.41,93.82,200.59,978.32,0.90504,-1,-1,-1
634,84,521.60,347.09,86.74,359.57,0.78211,-1,-1,-1
634,59,1332.47,302.98,123.21,487.79,0.74095,-1,-1,-1
634,90,1238.13,321.44,115.18,432.17,0.67837,-1,-1,-1
634,92,1090.24,327.63,123.44,432.24,0.83200,-1,-1,-1
635,2,812.57,310.50,172.25,459.05,0.85662,-1,-1,-1
635,44,975.52,282.81,123.97,478.42,0.77958,-1,-1,-1
635,55,1724.47,89.09,195.53,979.01,0.88700,-1,-1,-1
635,84,521.11,349.38,87.10,361.10,0.79159,-1,-1,-1
635,59,1336.42,300.36,124.78,491.55,0.68995,-1,-1,-1
635,90,1244.40,320.21,112.73,432.31,0.58879,-1,-1,-1
635,92,1094.77,325.60,125.36,437.77,0.82932,-1,-1,-1
636,2,812.99,313.74,174.27,457.89,0.83680,-1,-1,-1
636,44,981.11,284.81,124.16,483.51,0.79530,-1,-1,-1
636,55,1722.70,85.97,197.30,985.94,0.87752,-1,-1,-1
636,84,520.32,353.88,86.44,363.23,0.77880,-1,-1,-1
636,59,1340.50,302.19,128.99,492.97,0.72644,-1,-1,-1
636,90,1248.17,317.62,113.75,436.41,0.60028,-1,-1,-1
636,92,1099.81,327.21,124.69,441.25,0.82370,-1,-1,-1
636,93,1238.35,335.97,68.63,391.50,0.33040,-1,-1,-1
637,2,817.07,319.02,172.44,449.59,0.84697,-1,-1,-1
637,44,987.67,292.54,118.91,484.11,0.79889,-1,-1,-1
637,55,1722.24,86.73,197.76,985.67,0.87058,-1,-1,-1
637,84,519.32,359.57,88.49,362.22,0.74477,-1,-1,-1
637,59,1343.24,304.81,130.54,496.52,0.78798,-1,-1,-1
637,90,1251.31,319.63,113.96,431.95,0.64216,-1,-1,-1
637,92,1102.87,328.25,121.43,442.71,0.81521,-1,-1,-1
637,93,1234.06,350.79,73.98,379.06,0.43989,-1,-1,-1
638,2,825.30,318.56,165.64,445.14,0.86432,-1,-1,-1
638,44,989.79,293.76,117.19,481.41,0.80117,-1,-1,-1
638,55,1716.18,84.28,203.82,986.22,0.88312,-1,-1,-1
638,84,518.05,354.78,90.48,367.09,0.72957,-1,-1,-1
638,59,1346.14,303.79,130.16,498.73,0.78282,-1,-1,-1
638,90,1255.05,315.89,111.54,433.80,0.61738,-1,-1,-1
638,92,1104.20,329.53,124.62,439.80,0.81168,-1,-1,-1
638,93,1232.36,353.27,77.00,377.67,0.49926,-1,-1,-1
639,2,834.31,319.53,158.67,449.27,0.85818,-1,-1,-1
639,44,993.49,298.45,113.46,477.44,0.79821,-1,-1,-1
639,55,1712.73,82.92,207.27,989.25,0.87789,-1,-1,-1
639,84,519.10,363.17,92.81,361.25,0.74105,-1,-1,-1
639,59,1353.67,304.25,129.82,500.43,0.72932,-1,-1,-1
639,90,1257.43,314.23,118.02,444.14,0.69316,-1,-1,-1
639,92,1107.82,331.23,130.72,439.71,0.82861,-1,-1,-1
639,93,1236.18,354.24,71.76,375.69,0.42356,-1,-1,-1
640,2,841.16,319.35,154.90,450.18,0.84705,-1,-1,-1
640,44,998.05,301.25,112.58,476.61,0.79875,-1,-1,-1
640,55,1707.62,77.64,212.38,994.94,0.87785,-1,-1,-1
640,84,520.09,366.30,92.72,361.82,0.72572,-1,-1,-1
640,59,1362.10,300.96,128.20,509.37,0.72324,-1,-1,-1
640,90,1258.96,314.98,122.81,454.76,0.72277,-1,-1,-1
640,92,1110.14,331.54,137.27,441.59,0.80847,-1,-1,-1
640,91,1241.45,349.85,72.59,379.34,0.42393,-1,-1,-1
641,2,847.72,320.36,152.71,448.20,0.83134,-1,-1,-1
641,44,1002.75,304.72,111.28,471.31,0.79489,-1,-1,-1
641,55,1704.74,78.39,215.26,992.47,0.87352,-1,-1,-1
641,84,521.01,362.25,94.28,367.99,0.73218,-1,-1,-1
641,59,1369.65,300.09,127.83,507.93,0.77908,-1,-1,-1
641,90,1259.88,312.20,127.43,461.99,0.74172,-1,-1,-1
641,92,1114.53,330.19,144.55,444.23,0.79475,-1,-1,-1
642,2,853.18,321.81,153.81,448.60,0.82199,-1,-1,-1
642,44,1005.81,308.15,114.82,471.50,0.79011,-1,-1,-1
642,55,1702.33,85.22,217.67,986.63,0.88232,-1,-1,-1
642,84,525.47,361.23,104.85,372.84,0.70559,-1,-1,-1
642,59,1377.93,302.54,128.34,511.07,0.79809,-1,-1,-1
642,90,1265.72,315.15,129.54,469.06,0.77808,-1,-1,-1
642,92,1120.86,331.06,149.08,447.29,0.77854,-1,-1,-1
643,2,857.61,321.76,153.69,445.98,0.86458,-1,-1,-1
643,44,1007.39,308.74,117.36,479.19,0.80743,-1,-1,-1
643,55,1695.51,89.02,224.49,979.80,0.88240,-1,-1,-1
643,84,527.62,361.95,104.87,374.04,0.71721,-1,-1,-1
643,59,1382.79,302.90,131.68,514.25,0.78761,-1,-1,-1
643,90,1274.92,315.47,127.50,473.60,0.67077,-1,-1,-1
643,92,1125.11,328.55,151.64,456.05,0.80432,-1,-1,-1
644,2,863.33,322.29,153.13,448.29,0.87593,-1,-1,-1
644,44,1010.80,308.68,115.25,483.80,0.78905,-1,-1,-1
644,55,1691.07,95.27,228.93,977.36,0.85968,-1,-1,-1
644,84,529.22,362.31,104.15,378.23,0.74636,-1,-1,-1
644,59,1390.90,300.39,134.35,522.21,0.80099,-1,-1,-1
644,90,1285.18,317.95,123.36,475.89,0.66257,-1,-1,-1
644,92,1131.86,323.88,153.89,467.22,0.83312,-1,-1,-1
645,2,868.29,323.72,153.40,450.11,0.87209,-1,-1,-1
645,44,1011.66,309.75,118.05,487.35,0.77864,-1,-1,-1
645,55,1687.34,200.37,232.66,874.99,0.82105,-1,-1,-1
645,84,532.29,363.84,101.83,378.41,0.76235,-1,-1,-1
645,59,1395.55,297.99,137.18,525.93,0.74642,-1,-1,-1
645,90,1295.83,314.37,118.36,481.59,0.67648,-1,-1,-1
645,92,1135.43,320.50,155.98,477.37,0.85003,-1,-1,-1
646,2,873.56,324.62,150.78,454.29,0.86321,-1,-1,-1
646,44,1009.01,309.07,124.48,487.62,0.80562,-1,-1,-1
646,55,1687.74,243.69,232.26,820.23,0.80863,-1,-1,-1
646,84,532.87,363.48,101.27,381.14,0.76542,-1,-1,-1
646,59,1404.10,295.49,133.19,529.11,0.75365,-1,-1,-1
646,90,1299.42,312.57,122.71,486.37,0.72399,-1,-1,-1
646,92,1135.90,318.29,160.12,482.96,0.85119,-1,-1,-1
646,91,1273.11,344.17,76.55,420.05,0.30859,-1,-1,-1
647,2,876.15,325.81,151.25,456.16,0.85768,-1,-1,-1
647,44,1014.78,308.81,124.02,486.52,0.79795,-1,-1,-1
647,55,1685.67,270.84,234.22,797.09,0.82934,-1,-1,-1
647,84,533.78,363.08,101.10,383.39,0.74146,-1,-1,-1
647,59,1411.04,292.80,131.09,538.26,0.76974,-1,-1,-1
647,90,1307.46,308.89,120.77,493.19,0.69810,-1,-1,-1
647,92,1136.63,319.51,165.14,486.97,0.84920,-1,-1,-1
647,91,1277.05,344.37,75.38,416.21,0.50629,-1,-1,-1
648,2,879.67,328.95,147.45,452.97,0.85084,-1,-1,-1
648,44,1020.04,308.70,119.74,485.20,0.79547,-1,-1,-1
648,55,1686.95,284.48,232.42,786.70,0.86184,-1,-1,-1
648,84,533.92,361.22,100.40,387.23,0.73891,-1,-1,-1
648,59,1416.44,294.29,131.29,540.20,0.76061,-1,-1,-1
648,90,1308.59,308.51,125.32,498.67,0.73735,-1,-1,-1
648,92,1136.64,317.52,170.61,492.04,0.85692,-1,-1,-1
648,91,1280.75,344.25,71.13,415.15,0.42991,-1,-1,-1
649,2,881.12,331.71,146.19,450.79,0.84485,-1,-1,-1
649,44,1021.82,308.94,118.21,481.08,0.80456,-1,-1,-1
649,55,1692.67,292.43,226.64,777.02,0.84824,-1,-1,-1
649,84,534.18,360.74,101.00,388.99,0.73994,-1,-1,-1
649,59,1423.00,294.14,132.05,541.28,0.79321,-1,-1,-1
649,90,1308.02,307.31,130.42,498.81,0.75128,-1,-1,-1
649,92,1136.20,322.38,176.83,491.99,0.87059,-1,-1,-1
649,91,1283.87,344.20,67.28,418.25,0.31864,-1,-1,-1
649,94,831.20,400.87,55.59,222.38,0.50732,-1,-1,-1
650,2,880.25,334.81,150.93,450.63,0.83501,-1,-1,-1
650,44,1026.61,308.60,114.65,477.59,0.81011,-1,-1,-1
650,55,1701.81,294.60,217.20,773.10,0.80221,-1,-1,-1
650,84,533.73,360.64,104.31,390.72,0.73712,-1,-1,-1
650,59,1427.62,293.62,135.67,543.99,0.80826,-1,-1,-1
650,90,1306.66,306.26,136.34,501.45,0.76096,-1,-1,-1
650,92,1135.27,318.90,182.80,504.10,0.86901,-1,-1,-1
650,94,829.53,401.85,59.04,222.62,0.47367,-1,-1,-1
651,2,880.53,335.15,155.18,449.50,0.84627,-1,-1,-1
651,44,1029.65,306.99,113.31,475.51,0.79544,-1,-1,-1
651,55,1710.03,293.44,208.59,777.89,0.57914,-1,-1,-1
651,84,533.23,360.13,106.31,391.85,0.72740,-1,-1,-1
651,59,1431.63,292.34,140.84,548.78,0.84410,-1,-1,-1
651,90,1309.62,305.18,138.22,506.59,0.78741,-1,-1,-1
651,92,1134.17,319.58,187.17,508.21,0.85009,-1,-1,-1
651,94,827.50,404.89,62.12,220.98,0.55937,-1,-1,-1
652,2,878.45,335.97,159.43,446.66,0.83868,-1,-1,-1
652,44,1030.39,306.60,113.33,475.78,0.80586,-1,-1,-1
652,55,1722.54,294.35,195.92,670.28,0.69473,-1,-1,-1
652,84,531.87,361.79,112.31,390.84,0.71413,-1,-1,-1
652,59,1434.29,294.97,143.93,548.23,0.82186,-1,-1,-1
652,90,1312.09,302.58,140.80,509.51,0.77358,-1,-1,-1
652,92,1131.93,319.76,191.88,513.01,0.83274,-1,-1,-1
652,94,820.61,406.65,67.42,221.43,0.63242,-1,-1,-1
653,2,875.60,338.42,163.04,442.03,0.84425,-1,-1,-1
653,44,1031.00,306.53,113.77,477.50,0.80004,-1,-1,-1
653,55,1733.25,294.38,185.31,628.95,0.79084,-1,-1,-1
653,84,529.55,361.84,113.94,393.20,0.70237,-1,-1,-1
653,59,1438.43,293.56,144.11,554.26,0.77166,-1,-1,-1
653,90,1312.37,305.98,144.89,507.31,0.76944,-1,-1,-1
653,92,1128.88,316.45,194.96,526.06,0.83972,-1,-1,-1
653,94,815.04,404.62,70.75,228.28,0.65318,-1,-1,-1
654,2,871.56,336.26,165.66,440.94,0.84176,-1,-1,-1
654,44,1030.10,304.10,113.92,479.32,0.79496,-1,-1,-1
654,55,1746.00,291.15,172.31,656.14,0.77541,-1,-1,-1
654,84,526.16,358.93,105.36,396.74,0.73111,-1,-1,-1
654,59,1440.84,292.80,145.68,553.34,0.76050,-1,-1,-1
654,90,1313.08,304.40,146.56,509.35,0.78680,-1,-1,-1
654,92,1125.23,311.97,198.69,536.68,0.85293,-1,-1,-1
654,94,808.92,402.60,75.62,230.09,0.69813,-1,-1,-1
655,2,867.95,334.12,167.54,444.29,0.84098,-1,-1,-1
655,44,1028.24,303.30,115.64,478.71,0.77544,-1,-1,-1
655,55,1755.25,289.63,163.14,696.08,0.76319,-1,-1,-1
655,84,523.38,357.97,115.82,397.80,0.76427,-1,-1,-1
655,59,1445.14,293.06,145.31,553.91,0.73692,-1,-1,-1
655,90,1315.14,297.50,146.35,519.61,0.81028,-1,-1,-1
655,92,1120.76,310.31,203.78,543.15,0.84199,-1,-1,-1
655,94,805.92,402.10,73.57,230.25,0.69694,-1,-1,-1
656,2,864.86,333.74,166.30,443.03,0.84693,-1,-1,-1
656,44,1026.32,305.01,115.72,477.02,0.78969,-1,-1,-1
656,55,1765.24,288.09,152.54,729.93,0.79086,-1,-1,-1
656,84,517.94,358.96,112.97,401.87,0.73293,-1,-1,-1
656,59,1447.97,293.03,144.89,558.21,0.75485,-1,-1,-1
656,90,1315.15,297.05,146.96,525.78,0.81563,-1,-1,-1
656,92,1116.14,311.13,204.51,545.31,0.84216,-1,-1,-1
656,94,804.54,405.23,70.20,228.76,0.71794,-1,-1,-1
657,2,860.19,336.30,167.04,438.98,0.86418,-1,-1,-1
657,44,1025.35,306.98,114.57,480.40,0.76818,-1,-1,-1
657,55,1776.62,295.45,141.44,739.96,0.75917,-1,-1,-1
657,84,514.71,360.39,114.32,404.89,0.74213,-1,-1,-1
657,59,1449.75,293.39,145.85,559.97,0.75516,-1,-1,-1
657,90,1314.30,298.15,148.98,531.76,0.80742,-1,-1,-1
657,92,1113.32,312.03,204.03,543.84,0.84355,-1,-1,-1
657,94,802.11,402.85,67.37,235.04,0.69880,-1,-1,-1
658,2,855.16,332.44,169.50,444.01,0.87294,-1,-1,-1
658,44,1023.29,305.78,114.53,479.82,0.76709,-1,-1,-1
658,55,1787.61,292.47,130.88,756.09,0.75058,-1,-1,-1
658,84,510.31,359.24,118.31,405.58,0.80441,-1,-1,-1
658,59,1452.09,290.33,145.78,561.71,0.77652,-1,-1,-1
658,90,1312.43,295.51,151.76,536.89,0.81451,-1,-1,-1
658,92,1111.07,309.79,204.23,537.98,0.84129,-1,-1,-1
658,94,797.19,405.11,68.06,232.59,0.65491,-1,-1,-1
659,2,852.52,330.26,170.34,444.13,0.87173,-1,-1,-1
659,44,1020.72,305.32,113.81,480.05,0.77173,-1,-1,-1
659,55,1798.74,291.17,120.38,763.63,0.73342,-1,-1,-1
659,84,505.52,361.50,106.83,402.00,0.66577,-1,-1,-1
659,59,1454.83,287.84,145.89,564.59,0.78482,-1,-1,-1
659,90,1310.85,294.71,155.01,540.68,0.83417,-1,-1,-1
659,92,1108.62,306.84,207.44,547.55,0.84605,-1,-1,-1
659,94,792.40,403.80,70.22,230.00,0.69161,-1,-1,-1
660,2,850.30,328.88,170.73,443.22,0.86500,-1,-1,-1
660,44,1017.57,305.94,114.66,482.29,0.76935,-1,-1,-1
660,55,1806.82,286.12,112.76,778.16,0.74144,-1,-1,-1
660,84,500.89,362.70,102.39,400.17,0.70494,-1,-1,-1
660,59,1456.61,286.47,146.86,567.62,0.79030,-1,-1,-1
660,90,1308.75,292.24,158.67,546.15,0.83844,-1,-1,-1
660,92,1105.78,303.29,209.69,555.98,0.84835,-1,-1,-1
660,94,788.41,398.15,72.38,233.91,0.71910,-1,-1,-1
660,91,1263.53,329.39,86.53,432.62,0.36009,-1,-1,-1
661,2,848.00,327.65,169.27,445.87,0.86200,-1,-1,-1
661,44,1013.76,305.97,114.89,486.76,0.76838,-1,-1,-1
661,55,1811.89,284.07,107.57,787.87,0.75351,-1,-1,-1
661,84,496.16,361.60,119.40,405.86,0.74691,-1,-1,-1
661,59,1456.31,285.27,147.78,572.13,0.79387,-1,-1,-1
661,90,1306.95,290.06,161.60,553.03,0.81414,-1,-1,-1
661,92,1103.47,299.67,209.82,562.85,0.86840,-1,-1,-1
661,94,785.87,394.92,70.50,239.40,0.73629,-1,-1,-1
661,91,1263.66,327.97,82.04,435.06,0.31810,-1,-1,-1
662,2,846.31,328.27,168.23,450.80,0.85124,-1,-1,-1
662,44,1013.56,310.56,109.56,486.28,0.76800,-1,-1,-1
662,55,1813.59,285.09,105.59,790.51,0.75150,-1,-1,-1
662,84,490.45,360.68,111.96,408.60,0.77652,-1,-1,-1
662,59,1454.89,285.54,150.98,575.02,0.80158,-1,-1,-1
662,90,1304.14,287.12,165.21,559.43,0.80831,-1,-1,-1
662,92,1099.15,299.54,210.05,567.13,0.88274,-1,-1,-1
662,94,781.32,391.71,70.17,245.68,0.77349,-1,-1,-1
663,2,838.54,328.80,170.01,449.27,0.83805,-1,-1,-1
663,44,1009.61,311.94,110.80,489.35,0.80362,-1,-1,-1
663,55,1812.72,282.98,105.77,793.64,0.76074,-1,-1,-1
663,84,482.11,358.16,111.75,412.90,0.79012,-1,-1,-1
663,59,1452.08,285.56,153.81,576.38,0.81186,-1,-1,-1
663,90,1296.16,287.60,170.90,562.46,0.82317,-1,-1,-1
663,92,1093.08,296.87,213.03,572.87,0.87851,-1,-1,-1
664,2,833.05,331.15,171.96,444.13,0.85374,-1,-1,-1
664,44,1006.47,311.91,109.97,490.57,0.80543,-1,-1,-1
664,55,1812.19,282.56,105.91,794.58,0.76753,-1,-1,-1
664,84,474.82,355.92,119.50,416.23,0.79766,-1,-1,-1
664,59,1450.36,285.19,157.33,578.52,0.81863,-1,-1,-1
664,90,1288.24,288.17,177.34,566.03,0.82583,-1,-1,-1
664,92,1090.59,297.31,208.01,578.87,0.87383,-1,-1,-1
664,95,1257.28,331.91,58.22,132.60,0.30004,-1,-1,-1
664,94,773.85,394.49,67.15,236.50,0.53548,-1,-1,-1
665,2,839.04,332.24,159.85,436.70,0.84426,-1,-1,-1
665,44,1000.48,309.25,113.98,491.77,0.78825,-1,-1,-1
665,55,1813.90,276.61,104.35,800.63,0.75591,-1,-1,-1
665,84,468.25,355.92,113.69,418.65,0.75135,-1,-1,-1
665,59,1448.75,284.24,158.97,580.87,0.81747,-1,-1,-1
665,90,1284.90,282.83,178.39,574.36,0.85528,-1,-1,-1
665,92,1086.80,294.56,213.79,584.04,0.86898,-1,-1,-1
665,95,1251.72,328.16,58.48,132.89,0.36573,-1,-1,-1
665,94,765.70,395.68,72.71,239.12,0.68963,-1,-1,-1
666,2,841.17,332.11,155.32,439.90,0.84540,-1,-1,-1
666,44,994.84,305.76,115.58,492.16,0.78476,-1,-1,-1
666,55,1806.00,269.06,112.56,808.18,0.75880,-1,-1,-1
666,84,461.27,355.26,110.44,419.57,0.73924,-1,-1,-1
666,59,1447.81,283.16,162.38,582.90,0.84052,-1,-1,-1
666,90,1276.28,281.23,183.92,578.51,0.85858,-1,-1,-1
666,92,1084.72,291.34,219.88,593.90,0.87385,-1,-1,-1
666,94,763.62,395.77,70.87,241.74,0.69731,-1,-1,-1
667,2,840.25,332.36,153.38,442.16,0.84813,-1,-1,-1
667,44,988.55,304.11,117.50,481.63,0.79033,-1,-1,-1
667,55,1795.67,264.29,122.99,811.18,0.76755,-1,-1,-1
667,84,453.54,354.93,107.55,419.98,0.71012,-1,-1,-1
667,59,1444.26,283.73,166.38,581.75,0.84998,-1,-1,-1
667,90,1273.59,275.94,183.11,584.90,0.87268,-1,-1,-1
667,92,1083.06,288.01,224.22,609.61,0.87757,-1,-1,-1
667,94,759.44,396.61,70.65,242.83,0.71371,-1,-1,-1
667,95,1232.15,325.04,63.02,108.48,0.34809,-1,-1,-1
668,2,837.01,332.36,156.12,440.44,0.85536,-1,-1,-1
668,44,982.43,302.33,119.10,486.05,0.79401,-1,-1,-1
668,55,1791.93,260.79,126.94,814.28,0.74466,-1,-1,-1
668,84,446.39,353.08,107.21,423.73,0.78164,-1,-1,-1
668,59,1442.22,284.30,171.19,581.25,0.85998,-1,-1,-1
668,90,1270.32,270.74,183.25,589.65,0.87443,-1,-1,-1
668,92,1079.54,285.02,228.81,618.80,0.87798,-1,-1,-1
668,94,755.38,391.58,72.02,249.25,0.72652,-1,-1,-1
668,95,1222.86,325.12,63.44,95.05,0.38361,-1,-1,-1
669,2,835.44,331.47,158.43,434.45,0.85320,-1,-1,-1
669,44,976.62,299.70,121.92,489.99,0.80464,-1,-1,-1
669,55,1795.97,255.78,123.14,820.60,0.77500,-1,-1,-1
669,84,440.42,346.44,108.82,432.10,0.77600,-1,-1,-1
669,59,1440.55,282.29,176.39,582.93,0.86040,-1,-1,-1
669,90,1266.45,266.36,184.28,592.92,0.86211,-1,-1,-1
669,92,1075.81,282.42,234.19,633.68,0.88377,-1,-1,-1
669,94,749.82,391.63,73.93,249.67,0.69227,-1,-1,-1
670,2,834.37,330.51,156.83,431.28,0.84560,-1,-1,-1
670,44,974.90,298.53,120.35,488.59,0.81822,-1,-1,-1
670,55,1797.95,249.74,121.64,826.23,0.79241,-1,-1,-1
670,84,433.54,347.72,111.41,434.41,0.78841,-1,-1,-1
670,59,1440.64,280.65,178.83,584.51,0.85788,-1,-1,-1
670,90,1265.53,252.70,184.15,608.87,0.85594,-1,-1,-1
670,92,1073.33,280.73,237.89,649.08,0.88282,-1,-1,-1
670,94,742.54,389.01,79.74,253.82,0.72262,-1,-1,-1
671,2,834.57,330.02,151.17,432.33,0.85267,-1,-1,-1
671,44,973.01,298.05,120.99,486.12,0.81091,-1,-1,-1
671,55,1798.29,243.92,121.71,832.57,0.78640,-1,-1,-1
671,84,429.16,348.62,113.28,435.15,0.80838,-1,-1,-1
671,59,1440.64,278.54,181.60,588.25,0.85598,-1,-1,-1
671,90,1269.40,254.67,182.76,610.03,0.85305,-1,-1,-1
671,92,1073.57,280.76,239.19,664.41,0.88482,-1,-1,-1
671,94,740.03,385.44,80.02,258.33,0.72580,-1,-1,-1
672,2,835.78,329.57,149.33,433.74,0.85515,-1,-1,-1
672,44,970.81,296.47,124.32,488.19,0.81367,-1,-1,-1
672,55,1797.53,228.82,122.47,844.16,0.78371,-1,-1,-1
672,84,424.52,348.21,118.57,440.01,0.78934,-1,-1,-1
672,59,1441.71,276.24,183.35,590.41,0.86037,-1,-1,-1
672,90,1270.64,247.43,184.98,622.92,0.84937,-1,-1,-1
672,92,1074.60,279.40,240.99,682.54,0.88937,-1,-1,-1
672,94,737.33,383.83,81.80,261.71,0.71991,-1,-1,-1
673,2,837.56,328.27,142.94,433.54,0.84846,-1,-1,-1
673,44,970.09,293.98,126.04,486.20,0.81588,-1,-1,-1
673,55,1794.01,169.11,125.99,902.69,0.77102,-1,-1,-1
673,84,420.85,350.37,120.15,440.13,0.78461,-1,-1,-1
673,59,1443.59,274.05,184.55,593.72,0.84884,-1,-1,-1
673,90,1272.46,242.17,186.73,634.74,0.83556,-1,-1,-1
673,92,1075.12,274.72,246.72,696.71,0.88594,-1,-1,-1
673,94,736.45,380.68,80.70,264.92,0.72088,-1,-1,-1
674,2,838.82,328.35,138.99,433.33,0.84712,-1,-1,-1
674,44,970.28,294.23,126.07,485.98,0.80892,-1,-1,-1
674,55,1788.85,156.25,131.15,915.47,0.78148,-1,-1,-1
674,84,419.32,352.85,119.70,441.02,0.76907,-1,-1,-1
674,59,1445.66,273.56,188.11,593.95,0.84133,-1,-1,-1
674,90,1277.46,240.38,183.33,650.83,0.82427,-1,-1,-1
674,92,1074.21,268.66,255.87,709.90,0.87740,-1,-1,-1
674,94,736.59,380.49,82.62,263.76,0.70201,-1,-1,-1
675,2,839.22,328.62,138.34,434.18,0.85301,-1,-1,-1
675,44,969.39,293.27,127.19,489.21,0.81298,-1,-1,-1
675,55,1781.37,191.63,138.63,879.52,0.79463,-1,-1,-1
675,84,416.67,350.84,122.14,446.73,0.77399,-1,-1,-1
675,59,1447.41,273.29,190.70,594.98,0.84479,-1,-1,-1
675,90,1282.13,245.29,184.74,662.51,0.81620,-1,-1,-1
675,92,1071.11,265.21,265.66,719.32,0.87517,-1,-1,-1
675,94,736.24,381.87,82.37,260.64,0.70858,-1,-1,-1
676,2,838.93,329.57,138.93,435.64,0.85126,-1,-1,-1
676,44,969.53,293.13,128.34,489.78,0.82190,-1,-1,-1
676,55,1774.69,212.48,145.31,856.96,0.82259,-1,-1,-1
676,84,414.56,351.33,124.83,450.15,0.79237,-1,-1,-1
676,59,1455.09,272.94,188.08,589.83,0.83820,-1,-1,-1
676,90,1288.56,239.81,187.79,676.29,0.79472,-1,-1,-1
676,92,1069.01,260.35,277.10,728.83,0.85422,-1,-1,-1
676,94,734.96,382.21,84.18,261.25,0.72507,-1,-1,-1
677,2,838.43,327.11,141.14,437.16,0.84188,-1,-1,-1
677,44,971.64,290.89,126.36,487.95,0.82486,-1,-1,-1
677,55,1764.77,226.70,155.23,842.18,0.83359,-1,-1,-1
677,84,411.37,347.31,126.49,454.13,0.79229,-1,-1,-1
677,59,1460.53,267.29,189.36,592.98,0.83567,-1,-1,-1
677,90,1295.28,230.46,201.27,695.02,0.77710,-1,-1,-1
677,92,1066.09,251.98,288.20,713.70,0.85017,-1,-1,-1
677,94,734.03,379.32,86.33,264.05,0.74340,-1,-1,-1
678,2,839.08,326.26,141.73,439.12,0.84748,-1,-1,-1
678,44,972.32,290.45,127.76,488.82,0.81642,-1,-1,-1
678,55,1758.06,232.43,161.94,839.42,0.85560,-1,-1,-1
678,84,409.16,347.45,128.25,455.42,0.79562,-1,-1,-1
678,59,1467.31,264.20,185.46,595.67,0.82272,-1,-1,-1
678,90,1301.23,226.63,205.64,705.23,0.80775,-1,-1,-1
678,92,1063.02,243.88,303.79,708.74,0.87083,-1,-1,-1
678,94,734.08,379.05,86.84,266.09,0.74091,-1,-1,-1
679,2,838.99,326.74,144.81,438.67,0.84259,-1,-1,-1
679,44,977.25,290.59,125.93,486.42,0.79037,-1,-1,-1
679,55,1752.10,241.04,167.90,832.74,0.84497,-1,-1,-1
679,84,408.42,347.51,127.76,455.88,0.78393,-1,-1,-1
679,59,1476.25,262.76,182.60,595.42,0.81570,-1,-1,-1
679,90,1309.37,226.65,203.96,721.25,0.83819,-1,-1,-1
679,92,1062.23,237.28,314.11,730.45,0.86224,-1,-1,-1
679,94,734.61,378.09,86.29,266.65,0.73363,-1,-1,-1
680,2,837.76,328.81,154.17,438.50,0.84664,-1,-1,-1
680,44,982.07,292.16,122.54,484.44,0.77184,-1,-1,-1
680,55,1745.16,245.58,174.84,814.53,0.77304,-1,-1,-1
680,84,408.90,347.31,129.13,458.71,0.78648,-1,-1,-1
680,59,1485.64,261.97,183.42,602.29,0.83434,-1,-1,-1
680,90,1318.09,233.16,207.17,729.87,0.87079,-1,-1,-1
680,92,1064.57,232.04,306.04,757.87,0.87400,-1,-1,-1
680,94,735.96,377.96,87.08,269.53,0.74518,-1,-1,-1
681,2,839.01,331.34,159.55,437.69,0.85413,-1,-1,-1
681,44,985.56,295.26,120.31,481.68,0.78001,-1,-1,-1
681,55,1739.38,250.18,180.62,740.81,0.78922,-1,-1,-1
681,84,410.88,346.24,130.47,462.19,0.78318,-1,-1,-1
681,59,1491.52,262.03,186.18,607.48,0.83231,-1,-1,-1
681,90,1328.70,237.59,204.64,733.52,0.86492,-1,-1,-1
681,92,1071.12,226.90,295.17,780.62,0.86954,-1,-1,-1
681,94,736.48,381.07,90.97,270.84,0.75625,-1,-1,-1
682,2,840.31,332.66,166.72,440.85,0.82506,-1,-1,-1
682,44,991.96,295.84,117.25,482.24,0.80205,-1,-1,-1
682,55,1735.56,255.00,184.44,597.43,0.82956,-1,-1,-1
682,84,413.14,345.61,129.04,464.72,0.78946,-1,-1,-1
682,59,1500.44,260.13,180.79,616.77,0.83258,-1,-1,-1
682,90,1340.35,235.20,202.50,740.89,0.85575,-1,-1,-1
682,92,1077.85,223.22,291.27,792.89,0.88184,-1,-1,-1
682,94,738.01,381.40,92.95,273.96,0.76250,-1,-1,-1
683,2,845.53,335.00,166.23,433.17,0.80363,-1,-1,-1
683,44,997.00,295.08,118.32,486.31,0.80231,-1,-1,-1
683,55,1740.06,259.37,179.94,536.95,0.70087,-1,-1,-1
683,84,414.51,346.60,126.99,464.66,0.77971,-1,-1,-1
683,59,1508.52,257.69,171.59,622.39,0.83204,-1,-1,-1
683,90,1349.99,233.00,211.96,750.91,0.86951,-1,-1,-1
683,92,1083.38,220.06,293.57,811.31,0.87819,-1,-1,-1
683,94,740.34,382.28,92.40,274.35,0.76410,-1,-1,-1
684,2,850.08,336.57,163.56,435.35,0.83973,-1,-1,-1
684,44,1002.65,296.40,115.60,488.67,0.80620,-1,-1,-1
684,55,1746.11,263.25,173.89,509.96,0.62300,-1,-1,-1
684,84,417.05,347.57,126.79,465.74,0.79392,-1,-1,-1
684,59,1515.37,258.60,171.36,627.32,0.82018,-1,-1,-1
684,90,1359.69,227.01,219.72,762.50,0.86360,-1,-1,-1
684,92,1090.71,217.16,295.07,842.31,0.87636,-1,-1,-1
684,94,746.07,382.58,90.86,277.36,0.77664,-1,-1,-1
685,2,860.68,333.79,157.27,438.68,0.81285,-1,-1,-1
685,44,1009.43,296.82,114.02,489.35,0.80543,-1,-1,-1
685,55,1754.18,267.01,165.82,509.12,0.44728,-1,-1,-1
685,84,420.61,342.53,128.64,472.12,0.79763,-1,-1,-1
685,59,1523.14,259.74,164.84,623.71,0.75603,-1,-1,-1
685,90,1370.32,221.15,222.61,769.56,0.83258,-1,-1,-1
685,92,1097.09,214.04,299.18,862.46,0.88737,-1,-1,-1
685,94,752.63,382.29,88.80,280.52,0.78959,-1,-1,-1
686,2,872.42,333.36,149.11,435.55,0.85609,-1,-1,-1
686,44,1017.09,294.19,116.45,490.84,0.79725,-1,-1,-1
686,55,1766.27,277.87,153.73,502.50,0.66440,-1,-1,-1
686,84,424.76,341.54,125.56,474.12,0.81443,-1,-1,-1
686,59,1541.98,266.16,149.34,619.82,0.43207,-1,-1,-1
686,90,1384.70,212.32,231.97,781.10,0.83089,-1,-1,-1
686,92,1103.77,210.11,300.97,869.89,0.89933,-1,-1,-1
686,94,757.62,382.71,88.12,279.29,0.81511,-1,-1,-1
687,2,878.68,330.40,155.57,438.65,0.84620,-1,-1,-1
687,44,1021.14,294.95,120.40,495.30,0.79594,-1,-1,-1
687,55,1784.66,297.09,135.34,529.98,0.63725,-1,-1,-1
687,84,429.19,337.19,121.09,474.37,0.79539,-1,-1,-1
687,90,1395.78,203.46,258.29,794.92,0.83689,-1,-1,-1
687,92,1107.28,206.32,308.06,873.68,0.90209,-1,-1,-1
687,94,764.80,379.78,87.71,282.65,0.81776,-1,-1,-1
688,2,884.23,327.00,152.02,435.70,0.83246,-1,-1,-1
688,44,1029.04,293.31,119.17,491.07,0.81040,-1,-1,-1
688,55,1802.25,323.69,117.75,526.78,0.68492,-1,-1,-1
688,84,433.18,332.38,122.98,479.01,0.76430,-1,-1,-1
688,90,1408.43,193.26,278.42,808.39,0.86629,-1,-1,-1
688,92,1109.92,197.41,315.65,882.59,0.89890,-1,-1,-1
688,94,767.07,377.22,90.90,282.52,0.78548,-1,-1,-1
689,2,891.15,322.93,150.85,432.14,0.81025,-1,-1,-1
689,44,1036.94,290.57,116.70,489.28,0.77585,-1,-1,-1
689,55,1823.07,360.64,96.93,501.02,0.55725,-1,-1,-1
689,84,436.32,328.53,123.41,477.38,0.80837,-1,-1,-1
689,90,1419.55,187.61,290.82,809.63,0.87752,-1,-1,-1
689,92,1112.83,177.50,323.27,902.50,0.89564,-1,-1,-1
689,94,770.21,372.72,95.63,283.04,0.76998,-1,-1,-1
689,97,865.97,384.37,49.91,226.24,0.44142,-1,-1,-1
690,2,896.21,317.70,157.67,433.52,0.79249,-1,-1,-1
690,44,1044.94,286.59,115.74,487.88,0.81540,-1,-1,-1
690,55,1847.15,399.90,72.85,477.39,0.33868,-1,-1,-1
690,84,438.70,322.34,122.54,476.61,0.78454,-1,-1,-1
690,90,1428.70,178.91,310.74,815.63,0.86562,-1,-1,-1
690,92,1112.79,169.26,334.40,906.36,0.89852,-1,-1,-1
690,94,774.15,363.65,94.20,288.13,0.74581,-1,-1,-1
690,97,869.41,379.47,48.87,227.65,0.40651,-1,-1,-1
691,2,901.04,312.01,162.48,432.57,0.80888,-1,-1,-1
691,44,1048.79,283.16,115.63,486.83,0.76085,-1,-1,-1
691,84,440.53,318.60,122.55,478.07,0.71433,-1,-1,-1
691,90,1437.65,166.25,330.27,830.10,0.87978,-1,-1,-1
691,92,1112.00,171.96,342.05,904.62,0.90319,-1,-1,-1
691,94,777.39,361.05,94.00,290.00,0.78236,-1,-1,-1
691,97,869.72,380.61,51.58,220.79,0.35411,-1,-1,-1
692,2,906.06,307.35,151.27,432.71,0.79480,-1,-1,-1
692,44,1052.90,279.69,116.99,490.76,0.75003,-1,-1,-1
692,84,440.95,313.84,124.03,482.75,0.74210,-1,-1,-1
692,90,1445.30,154.78,344.59,853.77,0.89650,-1,-1,-1
692,92,1109.27,159.82,355.78,918.53,0.89514,-1,-1,-1
692,94,779.52,356.01,93.61,293.15,0.78360,-1,-1,-1
692,97,867.86,374.68,56.68,219.09,0.50833,-1,-1,-1
693,2,909.62,302.46,149.01,435.04,0.79160,-1,-1,-1
693,44,1058.46,273.50,109.26,511.52,0.60612,-1,-1,-1
693,84,440.45,309.42,141.22,487.13,0.67770,-1,-1,-1
693,90,1451.65,144.43,358.37,884.39,0.90080,-1,-1,-1
693,92,1106.21,139.16,372.04,936.58,0.88895,-1,-1,-1
693,94,779.05,353.08,93.98,293.01,0.77974,-1,-1,-1
693,97,866.37,370.87,61.32,220.20,0.53359,-1,-1,-1
694,2,910.43,299.09,144.65,436.99,0.81261,-1,-1,-1
694,44,1061.95,267.47,100.97,517.50,0.54974,-1,-1,-1
694,84,439.19,304.39,139.30,491.54,0.69211,-1,-1,-1
694,90,1455.99,137.76,376.61,908.45,0.89830,-1,-1,-1
694,92,1102.96,127.34,391.34,948.32,0.88968,-1,-1,-1
694,94,779.64,351.00,93.85,294.04,0.74850,-1,-1,-1
694,97,864.91,367.10,62.54,218.04,0.50959,-1,-1,-1
695,2,911.18,297.80,142.91,435.70,0.81006,-1,-1,-1
695,44,1060.71,260.02,125.04,605.48,0.52727,-1,-1,-1
695,84,435.25,299.05,130.85,494.38,0.79710,-1,-1,-1
695,90,1461.14,130.41,395.63,921.06,0.89941,-1,-1,-1
695,92,1095.45,113.95,415.73,961.41,0.87945,-1,-1,-1
695,94,779.86,346.60,91.10,295.62,0.74593,-1,-1,-1
695,97,865.06,363.22,64.65,222.95,0.60977,-1,-1,-1
696,2,910.62,299.60,139.71,433.19,0.84563,-1,-1,-1
696,44,1051.08,253.19,148.40,648.68,0.61765,-1,-1,-1
696,84,432.26,296.64,127.84,497.53,0.81928,-1,-1,-1
696,90,1466.15,125.24,410.29,935.95,0.90454,-1,-1,-1
696,92,1095.56,101.91,428.14,974.61,0.88229,-1,-1,-1
696,94,777.03,343.88,92.92,297.37,0.76873,-1,-1,-1
696,97,865.39,363.36,64.22,227.19,0.62715,-1,-1,-1
697,2,913.34,296.21,135.17,431.32,0.81587,-1,-1,-1
697,44,1045.71,248.24,153.11,673.81,0.67016,-1,-1,-1
697,84,426.48,293.55,130.82,498.77,0.79161,-1,-1,-1
697,90,1474.25,115.46,417.50,953.88,0.89106,-1,-1,-1
697,92,1103.02,86.13,437.93,989.42,0.89371,-1,-1,-1
697,94,775.27,337.47,94.58,300.07,0.76275,-1,-1,-1
697,97,864.55,360.78,63.78,228.54,0.67162,-1,-1,-1
698,2,916.41,291.05,138.47,435.22,0.83215,-1,-1,-1
698,44,1045.93,230.85,163.66,701.60,0.67294,-1,-1,-1
698,84,425.53,286.46,127.33,501.15,0.78044,-1,-1,-1
698,90,1480.95,109.76,428.33,959.43,0.90172,-1,-1,-1
698,92,1105.25,69.75,445.38,1006.07,0.90404,-1,-1,-1
698,94,774.50,336.32,96.67,300.42,0.78064,-1,-1,-1
698,97,862.74,357.51,65.55,228.31,0.68869,-1,-1,-1
699,2,918.38,285.33,145.95,438.49,0.83584,-1,-1,-1
699,44,1046.29,212.48,167.51,728.72,0.69603,-1,-1,-1
699,84,423.02,280.33,135.19,503.84,0.77296,-1,-1,-1
699,90,1490.96,98.27,429.04,967.34,0.90499,-1,-1,-1
699,92,1112.05,52.03,449.64,1025.08,0.90523,-1,-1,-1
699,94,773.09,333.40,100.91,301.62,0.78918,-1,-1,-1
699,97,863.26,352.04,65.70,229.06,0.68896,-1,-1,-1
700,2,919.72,282.71,147.90,439.61,0.84534,-1,-1,-1
700,44,1049.77,198.69,163.68,746.88,0.75924,-1,-1,-1
700,84,421.46,276.08,132.03,505.62,0.79661,-1,-1,-1
700,90,1499.88,83.47,420.12,983.52,0.91010,-1,-1,-1
700,92,1124.41,34.88,450.77,1041.81,0.89946,-1,-1,-1
700,94,771.96,331.40,102.63,303.51,0.76571,-1,-1,-1
700,97,865.15,347.61,63.49,230.62,0.65041,-1,-1,-1
701,2,920.44,282.61,147.38,437.52,0.85515,-1,-1,-1
701,44,1052.21,190.21,147.69,756.93,0.77194,-1,-1,-1
701,84,417.38,272.23,130.86,511.13,0.82429,-1,-1,-1
701,90,1509.21,74.77,410.79,991.89,0.90820,-1,-1,-1
701,92,1133.10,23.50,451.10,1052.80,0.89513,-1,-1,-1
701,94,772.11,329.18,103.31,305.26,0.75375,-1,-1,-1
701,97,864.03,345.78,65.33,233.20,0.67262,-1,-1,-1
702,2,920.76,279.53,142.12,434.70,0.84056,-1,-1,-1
702,44,1047.08,180.87,165.13,766.57,0.81405,-1,-1,-1
702,84,414.32,267.47,131.19,516.45,0.82794,-1,-1,-1
702,90,1512.74,64.36,407.26,1001.46,0.91107,-1,-1,-1
702,92,1136.41,10.91,453.59,1063.49,0.89154,-1,-1,-1
702,94,772.75,324.93,99.52,306.21,0.76409,-1,-1,-1
702,97,859.20,339.69,71.01,237.30,0.70169,-1,-1,-1
703,2,921.36,276.95,136.38,432.25,0.83653,-1,-1,-1
703,44,1043.37,171.07,174.33,776.15,0.83528,-1,-1,-1
703,84,407.68,260.87,135.14,522.00,0.81817,-1,-1,-1
703,90,1519.46,51.34,400.54,1016.72,0.90601,-1,-1,-1
703,92,1144.17,1.73,454.21,1072.20,0.89569,-1,-1,-1
703,94,771.65,319.27,100.48,310.61,0.76575,-1,-1,-1
703,97,858.92,333.86,71.72,244.03,0.68110,-1,-1,-1
704,2,921.20,271.74,127.77,431.43,0.82075,-1,-1,-1
704,44,1036.48,160.23,197.42,785.89,0.84611,-1,-1,-1
704,84,400.36,254.42,137.56,523.68,0.84317,-1,-1,-1
704,90,1529.59,38.57,390.41,1029.83,0.91075,-1,-1,-1
704,92,1150.71,0.00,455.95,1072.23,0.90244,-1,-1,-1
704,94,770.85,313.95,103.87,312.93,0.76710,-1,-1,-1
704,97,858.93,328.69,71.06,246.79,0.67981,-1,-1,-1
705,2,920.40,264.45,123.41,430.96,0.81770,-1,-1,-1
705,44,1028.00,149.02,204.72,795.89,0.84613,-1,-1,-1
705,84,394.95,250.07,141.91,523.04,0.85883,-1,-1,-1
705,90,1541.78,16.74,378.22,1048.63,0.90143,-1,-1,-1
705,92,1156.78,0.00,456.03,1070.79,0.90493,-1,-1,-1
705,94,772.89,309.48,99.33,314.29,0.74898,-1,-1,-1
705,97,855.29,323.06,72.42,246.03,0.65700,-1,-1,-1
706,2,921.49,258.63,122.32,429.56,0.80483,-1,-1,-1
706,44,1011.18,137.59,213.49,816.34,0.83006,-1,-1,-1
706,84,391.89,242.96,142.11,528.01,0.81354,-1,-1,-1
706,90,1554.88,3.17,365.12,1063.60,0.91767,-1,-1,-1
706,92,1167.00,0.00,460.26,1071.68,0.91112,-1,-1,-1
706,94,772.65,303.17,96.85,316.67,0.76220,-1,-1,-1
706,97,853.13,318.11,73.76,249.27,0.68226,-1,-1,-1
707,2,921.18,254.14,122.68,426.91,0.75595,-1,-1,-1
707,44,997.64,122.95,220.90,848.42,0.83196,-1,-1,-1
707,84,388.57,236.51,142.81,529.33,0.82073,-1,-1,-1
707,90,1574.27,0.00,345.73,1071.16,0.91700,-1,-1,-1
707,92,1177.07,0.00,470.33,1073.59,0.91354,-1,-1,-1
707,94,775.65,295.81,91.93,316.97,0.78320,-1,-1,-1
707,97,852.79,312.39,73.96,249.17,0.66495,-1,-1,-1
708,2,922.56,242.49,109.79,432.63,0.69753,-1,-1,-1
708,44,984.14,108.63,228.16,876.80,0.84668,-1,-1,-1
708,84,386.41,230.41,144.85,531.22,0.79508,-1,-1,-1
708,90,1596.95,0.00,323.05,1073.11,0.90746,-1,-1,-1
708,92,1182.94,0.00,487.60,1071.36,0.91342,-1,-1,-1
708,94,773.14,288.82,97.81,318.50,0.77374,-1,-1,-1
708,97,852.27,305.26,74.79,255.45,0.60833,-1,-1,-1
709,2,916.22,231.56,116.37,435.85,0.55398,-1,-1,-1
709,44,973.29,97.23,252.50,901.54,0.86083,-1,-1,-1
709,84,382.49,218.99,145.56,541.19,0.80311,-1,-1,-1
709,90,1624.46,0.00,295.54,1078.34,0.89818,-1,-1,-1
709,92,1196.93,0.00,502.20,1070.64,0.91825,-1,-1,-1
709,94,769.01,281.56,103.33,321.83,0.76038,-1,-1,-1
709,97,851.85,300.24,74.55,254.13,0.53580,-1,-1,-1
710,44,948.62,86.19,286.54,925.22,0.88286,-1,-1,-1
710,84,378.70,212.09,145.85,543.69,0.79411,-1,-1,-1
710,90,1654.38,0.00,265.62,1080.00,0.89711,-1,-1,-1
710,92,1213.73,0.00,519.24,1069.54,0.93147,-1,-1,-1
710,94,767.40,274.89,104.62,325.65,0.76924,-1,-1,-1
710,97,853.53,296.60,71.34,251.70,0.49699,-1,-1,-1
711,44,932.62,78.69,306.19,944.50,0.89342,-1,-1,-1
711,84,374.61,206.90,146.58,546.77,0.81408,-1,-1,-1
711,90,1689.67,0.39,230.33,1069.62,0.88063,-1,-1,-1
711,92,1228.77,0.00,557.83,1068.67,0.92160,-1,-1,-1
711,94,771.61,270.26,99.54,328.79,0.74680,-1,-1,-1
711,97,852.97,294.57,70.47,254.72,0.49292,-1,-1,-1
712,44,918.99,65.66,321.95,971.03,0.90295,-1,-1,-1
712,84,370.83,202.99,146.46,550.73,0.82051,-1,-1,-1
712,90,1727.83,0.00,192.17,952.48,0.77326,-1,-1,-1
712,92,1248.93,0.08,574.39,1071.06,0.91105,-1,-1,-1
712,94,764.74,266.27,107.42,332.42,0.74333,-1,-1,-1
712,97,852.74,293.04,68.23,253.50,0.59765,-1,-1,-1
713,44,909.82,52.62,330.02,1001.41,0.89656,-1,-1,-1
713,84,366.06,196.52,147.79,556.18,0.81639,-1,-1,-1
713,90,1774.57,0.55,145.43,867.31,0.59292,-1,-1,-1
713,92,1269.25,1.49,598.80,1069.90,0.91594,-1,-1,-1
713,94,760.25,260.98,114.23,336.71,0.75955,-1,-1,-1
713,97,852.14,285.81,71.58,259.69,0.53254,-1,-1,-1
714,44,901.46,43.52,331.92,1021.48,0.88743,-1,-1,-1
714,84,363.36,194.00,148.89,558.92,0.82656,-1,-1,-1
714,92,1288.03,1.95,622.26,1069.07,0.92538,-1,-1,-1
714,94,757.45,258.87,117.02,339.22,0.78199,-1,-1,-1
714,97,853.26,284.67,69.50,261.77,0.58972,-1,-1,-1
715,44,891.70,35.25,333.66,1035.33,0.89090,-1,-1,-1
715,84,359.26,191.50,154.49,560.31,0.82507,-1,-1,-1
715,92,1290.73,0.00,629.27,1067.02,0.92823,-1,-1,-1
715,94,757.32,255.73,121.41,340.49,0.76679,-1,-1,-1
715,97,851.94,280.57,62.33,265.30,0.41905,-1,-1,-1
716,44,879.66,16.12,334.76,1054.55,0.89644,-1,-1,-1
716,84,356.25,188.91,153.55,564.23,0.82758,-1,-1,-1
716,92,1281.71,0.00,638.29,1067.23,0.92854,-1,-1,-1
716,94,757.34,253.28,120.86,341.04,0.76130,-1,-1,-1
716,97,849.25,274.90,56.02,268.77,0.36555,-1,-1,-1
716,102,1237.70,316.20,60.08,207.01,0.58691,-1,-1,-1
717,44,863.02,3.41,344.14,1075.41,0.90832,-1,-1,-1
717,84,351.25,187.82,158.74,564.92,0.80377,-1,-1,-1
717,92,1273.01,0.00,646.99,1067.20,0.92858,-1,-1,-1
717,94,755.53,248.69,125.36,345.84,0.80567,-1,-1,-1
717,102,1240.40,310.76,60.99,211.35,0.50680,-1,-1,-1
717,103,1201.91,320.80,48.43,180.44,0.32934,-1,-1,-1
718,44,847.78,5.82,344.90,1074.18,0.90264,-1,-1,-1
718,84,347.18,183.18,161.86,571.09,0.81836,-1,-1,-1
718,92,1267.66,0.00,652.34,1069.76,0.91805,-1,-1,-1
718,94,755.36,245.55,118.95,350.49,0.80887,-1,-1,-1
718,102,1238.83,307.91,67.25,214.43,0.59200,-1,-1,-1
719,44,824.63,1.14,351.70,1076.23,0.89935,-1,-1,-1
719,84,343.86,180.18,160.96,575.77,0.82795,-1,-1,-1
719,92,1267.09,1.07,652.91,1070.71,0.91800,-1,-1,-1
719,94,754.06,241.79,109.82,354.68,0.76870,-1,-1,-1
719,102,1240.15,310.72,71.59,210.60,0.55781,-1,-1,-1
720,44,799.03,0.00,359.92,1077.36,0.88813,-1,-1,-1
720,84,341.44,179.55,159.22,579.85,0.84842,-1,-1,-1
720,92,1274.39,2.68,645.61,1061.53,0.91736,-1,-1,-1
720,94,755.95,241.21,92.41,355.31,0.68176,-1,-1,-1
720,102,1241.96,307.15,75.38,214.57,0.63968,-1,-1,-1
720,104,1099.23,167.50,113.09,513.69,0.71636,-1,-1,-1
721,44,774.71,0.00,363.97,1080.00,0.91261,-1,-1,-1
721,84,337.64,175.06,159.97,586.96,0.84749,-1,-1,-1
721,92,1288.77,2.83,631.23,1062.76,0.88403,-1,-1,-1
721,102,1241.93,303.19,77.04,216.39,0.60675,-1,-1,-1
721,104,1094.14,164.92,125.75,518.61,0.74438,-1,-1,-1
722,44,752.77,0.00,369.11,1080.00,0.91069,-1,-1,-1
722,84,332.46,169.98,162.31,593.74,0.84385,-1,-1,-1
722,92,1302.35,2.30,617.65,1063.84,0.91979,-1,-1,-1
722,102,1244.21,296.10,70.63,223.08,0.49321,-1,-1,-1
722,104,1089.50,162.01,137.56,520.28,0.78991,-1,-1,-1
722,105,1317.20,116.58,156.32,489.26,0.70920,-1,-1,-1
723,44,729.63,0.00,373.25,1080.00,0.90356,-1,-1,-1
723,84,327.19,166.90,164.81,597.63,0.84623,-1,-1,-1
723,92,1312.62,2.47,607.38,1064.07,0.90261,-1,-1,-1
723,102,1246.40,307.13,66.80,213.18,0.52500,-1,-1,-1
723,104,1084.05,161.51,143.22,513.03,0.83117,-1,-1,-1
723,105,1306.40,111.40,165.53,542.18,0.72959,-1,-1,-1
724,44,704.29,0.00,386.85,1076.49,0.90601,-1,-1,-1
724,84,322.47,163.22,165.68,601.49,0.83657,-1,-1,-1
724,92,1322.18,4.42,597.82,1063.13,0.90197,-1,-1,-1
724,104,1078.92,158.98,150.33,509.92,0.84405,-1,-1,-1
724,105,1270.41,107.56,194.81,618.37,0.77514,-1,-1,-1
725,44,670.48,0.05,396.58,1076.16,0.90402,-1,-1,-1
725,84,316.63,158.43,166.82,605.92,0.83842,-1,-1,-1
725,92,1333.73,6.33,586.27,1063.44,0.88225,-1,-1,-1
725,104,1075.14,157.44,152.96,508.19,0.83703,-1,-1,-1
725,105,1244.73,101.74,213.43,663.36,0.85765,-1,-1,-1
726,44,639.00,0.98,404.44,1076.02,0.90859,-1,-1,-1
726,84,312.01,156.26,166.81,609.06,0.81805,-1,-1,-1
726,92,1347.92,7.46,572.08,1061.54,0.81236,-1,-1,-1
726,104,1071.42,154.62,160.05,508.51,0.84243,-1,-1,-1
726,105,1220.16,103.72,235.84,703.49,0.85641,-1,-1,-1
727,44,609.07,2.10,411.57,1074.75,0.90528,-1,-1,-1
727,84,299.13,149.16,171.05,614.23,0.82003,-1,-1,-1
727,92,1379.64,4.15,540.36,1065.21,0.81254,-1,-1,-1
727,104,1066.70,151.75,165.04,511.22,0.85444,-1,-1,-1
727,105,1191.82,103.78,265.51,713.95,0.86935,-1,-1,-1
728,44,572.05,2.30,429.40,1075.22,0.90910,-1,-1,-1
728,84,290.64,142.55,169.59,619.59,0.84956,-1,-1,-1
728,92,1484.35,5.19,435.65,1053.38,0.73865,-1,-1,-1
728,104,1064.33,147.97,153.36,511.10,0.66776,-1,-1,-1
728,105,1156.34,100.91,301.09,719.65,0.85916,-1,-1,-1
728,2,941.13,181.47,121.67,444.26,0.78916,-1,-1,-1
729,44,528.57,0.45,447.20,1075.54,0.90765,-1,-1,-1
729,84,280.53,131.85,169.10,627.43,0.86697,-1,-1,-1
729,92,1637.78,21.82,282.22,1039.19,0.69815,-1,-1,-1
729,104,1061.49,145.76,138.17,509.50,0.75684,-1,-1,-1
729,105,1126.33,94.33,330.42,724.21,0.87721,-1,-1,-1
729,2,937.52,183.47,121.55,439.43,0.84483,-1,-1,-1
730,44,479.33,0.30,468.51,1076.15,0.92267,-1,-1,-1
730,84,268.77,125.88,171.66,631.06,0.84333,-1,-1,-1
730,104,1054.82,142.27,136.91,512.74,0.80792,-1,-1,-1
730,105,1108.11,93.17,347.76,721.55,0.89999,-1,-1,-1
730,2,925.05,183.60,136.53,437.65,0.84997,-1,-1,-1
731,44,431.02,1.70,483.35,1074.89,0.90699,-1,-1,-1
731,84,255.19,121.09,172.63,637.03,0.83045,-1,-1,-1
731,104,1049.58,140.06,134.07,514.63,0.79694,-1,-1,-1
731,105,1101.21,92.89,351.59,720.65,0.89632,-1,-1,-1
731,2,914.45,182.98,142.12,438.67,0.83920,-1,-1,-1
732,44,372.85,2.61,510.67,1069.36,0.91323,-1,-1,-1
732,84,244.46,111.63,163.28,647.84,0.84573,-1,-1,-1
732,104,1047.69,138.27,128.32,515.07,0.81277,-1,-1,-1
732,105,1082.96,90.36,367.80,722.76,0.87879,-1,-1,-1
732,2,906.02,182.98,150.91,438.07,0.83989,-1,-1,-1
732,109,1442.23,296.19,31.95,46.66,0.32007,-1,-1,-1
733,44,277.28,2.54,572.04,1066.53,0.90257,-1,-1,-1
733,104,1044.78,134.45,121.96,514.45,0.80483,-1,-1,-1
733,105,1080.07,80.52,360.57,729.47,0.86302,-1,-1,-1
733,2,899.19,180.18,160.73,437.53,0.85484,-1,-1,-1
734,44,227.00,6.22,584.74,1062.55,0.92636,-1,-1,-1
734,104,1040.85,136.68,118.53,514.82,0.80398,-1,-1,-1
734,105,1069.03,80.87,356.75,739.73,0.86139,-1,-1,-1
734,2,894.89,183.18,152.52,435.62,0.84179,-1,-1,-1
735,44,169.22,5.45,609.66,1061.31,0.90896,-1,-1,-1
735,104,1034.07,137.85,114.55,518.44,0.76001,-1,-1,-1
735,105,1053.34,81.55,350.35,746.23,0.86266,-1,-1,-1
735,2,888.91,183.23,145.92,427.62,0.85740,-1,-1,-1
735,97,741.69,209.05,107.23,400.79,0.68562,-1,-1,-1
735,109,1422.62,292.35,31.98,46.26,0.43524,-1,-1,-1
736,44,76.20,3.48,664.53,1063.79,0.86231,-1,-1,-1
736,104,1027.04,135.99,108.28,523.61,0.64839,-1,-1,-1
736,105,1040.45,77.73,333.78,738.18,0.88027,-1,-1,-1
736,2,885.31,182.15,141.08,427.72,0.84788,-1,-1,-1
736,97,720.77,189.80,121.90,409.29,0.63992,-1,-1,-1
737,44,11.53,4.66,690.31,1060.67,0.92435,-1,-1,-1
737,104,1015.01,138.40,103.10,523.74,0.66763,-1,-1,-1
737,105,1037.24,73.16,299.22,734.45,0.85193,-1,-1,-1
737,2,878.58,180.42,137.09,427.56,0.83702,-1,-1,-1
737,97,687.18,181.01,145.18,422.96,0.71377,-1,-1,-1
738,44,0.00,4.50,676.24,1057.96,0.90433,-1,-1,-1
738,104,1003.22,141.38,91.73,518.91,0.47061,-1,-1,-1
738,105,1016.31,69.28,271.99,740.66,0.87151,-1,-1,-1
738,2,863.42,177.70,136.18,430.06,0.82232,-1,-1,-1
738,97,655.07,173.23,153.75,434.69,0.78491,-1,-1,-1
738,111,749.96,211.06,65.67,317.99,0.46106,-1,-1,-1
739,44,0.00,4.76,647.41,1053.57,0.91281,-1,-1,-1
739,105,996.11,70.02,236.94,738.64,0.82833,-1,-1,-1
739,2,842.79,178.04,136.84,432.97,0.84405,-1,-1,-1
739,97,626.81,168.41,165.11,443.91,0.81221,-1,-1,-1
740,44,0.00,6.56,604.11,1051.37,0.90563,-1,-1,-1
740,105,973.44,67.92,209.52,739.46,0.82871,-1,-1,-1
740,2,826.46,178.21,142.59,431.42,0.84131,-1,-1,-1
740,97,612.03,165.15,163.51,457.00,0.82325,-1,-1,-1
740,102,1153.61,278.21,67.99,199.69,0.35181,-1,-1,-1
741,44,0.00,5.65,554.06,1056.84,0.88852,-1,-1,-1
741,105,951.51,67.67,201.35,754.94,0.87137,-1,-1,-1
741,2,817.83,178.62,142.50,431.70,0.81779,-1,-1,-1
741,97,596.29,162.67,168.46,462.07,0.84706,-1,-1,-1
741,102,1146.54,282.36,65.04,223.02,0.53549,-1,-1,-1
742,44,0.00,6.26,472.43,1060.43,0.83621,-1,-1,-1
742,105,922.32,67.52,207.25,762.88,0.83906,-1,-1,-1
742,2,807.02,178.82,141.82,434.60,0.84083,-1,-1,-1
742,97,579.76,159.29,172.21,466.66,0.84857,-1,-1,-1
742,102,1139.19,276.69,59.25,246.49,0.48538,-1,-1,-1
743,44,0.00,10.07,336.81,1049.95,0.70721,-1,-1,-1
743,105,895.99,67.76,218.28,765.86,0.81612,-1,-1,-1
743,2,797.31,181.12,142.19,436.35,0.82756,-1,-1,-1
743,97,570.52,159.12,167.35,470.90,0.82789,-1,-1,-1
744,44,0.00,44.74,219.66,868.54,0.56632,-1,-1,-1
744,105,854.68,65.12,231.82,767.17,0.83438,-1,-1,-1
744,2,779.95,180.98,145.79,432.88,0.82105,-1,-1,-1
744,97,553.66,157.87,170.13,478.63,0.84045,-1,-1,-1
744,102,1083.06,240.38,89.60,291.33,0.68391,-1,-1,-1
745,44,0.00,52.92,178.34,791.79,0.87319,-1,-1,-1
745,105,811.21,62.04,256.52,765.56,0.77857,-1,-1,-1
745,2,766.24,182.01,139.69,430.47,0.72636,-1,-1,-1
745,97,535.96,155.83,177.74,487.78,0.84136,-1,-1,-1
745,102,1066.36,233.37,99.39,301.64,0.74815,-1,-1,-1
746,44,0.00,56.03,152.54,765.95,0.85661,-1,-1,-1
746,105,749.89,56.55,300.63,780.38,0.80570,-1,-1,-1
746,2,753.14,182.33,131.96,424.92,0.74717,-1,-1,-1
746,97,516.86,153.53,185.94,495.86,0.83976,-1,-1,-1
746,102,1051.41,226.19,102.74,310.70,0.72243,-1,-1,-1
747,44,0.00,56.27,131.65,761.91,0.83045,-1,-1,-1
747,105,702.60,46.27,338.86,791.07,0.83249,-1,-1,-1
747,2,735.81,183.60,122.02,404.13,0.61526,-1,-1,-1
747,97,498.10,152.28,188.60,502.20,0.83023,-1,-1,-1
747,102,1046.56,223.08,98.43,315.63,0.70462,-1,-1,-1
747,109,1272.70,298.29,35.24,46.06,0.31423,-1,-1,-1
748,44,0.00,61.87,111.53,761.17,0.81204,-1,-1,-1
748,105,660.25,47.72,368.74,791.60,0.87937,-1,-1,-1
748,2,719.76,174.44,112.78,408.26,0.52525,-1,-1,-1
748,97,480.90,149.63,191.74,507.64,0.85237,-1,-1,-1
748,102,1039.35,219.50,97.18,322.64,0.71306,-1,-1,-1
749,44,0.00,96.01,98.48,723.19,0.76074,-1,-1,-1
749,105,655.93,48.37,362.71,791.36,0.81563,-1,-1,-1
749,2,704.88,184.95,97.08,374.58,0.34199,-1,-1,-1
749,97,465.16,148.87,198.20,516.70,0.84249,-1,-1,-1
749,102,1032.52,219.82,95.27,323.91,0.67486,-1,-1,-1
749,114,990.02,230.23,75.60,322.01,0.38119,-1,-1,-1
750,44,0.00,161.19,78.89,658.01,0.72671,-1,-1,-1
750,105,636.26,52.98,371.37,793.71,0.85955,-1,-1,-1
750,2,693.68,231.76,74.43,321.54,0.42893,-1,-1,-1
750,97,450.46,148.74,201.24,523.01,0.75125,-1,-1,-1
750,102,1027.45,224.17,95.53,322.20,0.74018,-1,-1,-1
750,114,981.77,237.59,80.39,320.35,0.65383,-1,-1,-1
750,115,905.92,138.07,90.85,459.95,0.37104,-1,-1,-1
751,105,618.85,53.13,380.66,801.70,0.87369,-1,-1,-1
751,97,436.91,149.69,205.67,538.53,0.80153,-1,-1,-1
751,102,1027.72,226.11,92.84,322.62,0.71521,-1,-1,-1
751,114,978.26,241.22,83.38,321.21,0.65328,-1,-1,-1
751,115,887.49,139.15,105.52,497.54,0.69561,-1,-1,-1
751,111,565.11,210.79,81.89,345.20,0.42493,-1,-1,-1
752,105,605.44,53.40,376.68,809.09,0.87163,-1,-1,-1
752,97,426.69,144.98,205.72,550.56,0.82835,-1,-1,-1
752,102,1026.87,226.74,92.39,323.67,0.74832,-1,-1,-1
752,114,966.29,244.56,97.05,324.41,0.68910,-1,-1,-1
752,115,870.87,140.17,117.67,519.27,0.75887,-1,-1,-1
752,111,560.61,207.53,78.99,352.43,0.33699,-1,-1,-1
753,105,595.74,49.23,368.62,819.86,0.88863,-1,-1,-1
753,97,413.73,140.76,213.94,559.86,0.83872,-1,-1,-1
753,102,1028.61,228.98,91.40,320.40,0.73705,-1,-1,-1
753,114,961.11,250.06,108.96,325.64,0.70319,-1,-1,-1
753,115,860.29,144.65,124.23,528.56,0.76786,-1,-1,-1
754,105,588.71,48.32,352.92,826.91,0.88700,-1,-1,-1
754,97,398.60,137.41,225.65,565.76,0.81929,-1,-1,-1
754,102,1027.95,230.91,93.46,324.25,0.74321,-1,-1,-1
754,114,957.66,252.44,114.36,327.27,0.67126,-1,-1,-1
754,115,853.96,148.81,126.96,531.89,0.79524,-1,-1,-1
754,116,1833.13,332.31,85.98,369.00,0.50810,-1,-1,-1
755,105,572.95,44.42,348.69,836.46,0.88939,-1,-1,-1
755,97,392.17,134.12,225.84,570.56,0.84860,-1,-1,-1
755,102,1029.66,229.59,95.32,326.59,0.71760,-1,-1,-1
755,114,956.21,251.85,118.30,329.79,0.69193,-1,-1,-1
755,115,847.81,149.52,131.62,535.67,0.79969,-1,-1,-1
755,116,1826.09,314.50,93.35,389.09,0.50304,-1,-1,-1
756,105,546.37,40.46,342.81,848.64,0.88920,-1,-1,-1
756,97,383.94,132.22,224.21,581.53,0.84202,-1,-1,-1
756,102,1029.90,229.33,100.92,331.23,0.70355,-1,-1,-1
756,114,954.86,252.45,118.75,332.50,0.68004,-1,-1,-1
756,115,844.65,153.01,135.26,534.43,0.80113,-1,-1,-1
757,105,512.28,35.57,341.32,861.16,0.87945,-1,-1,-1
757,97,377.32,133.83,208.64,582.69,0.85388,-1,-1,-1
757,102,1029.97,229.95,105.94,334.07,0.70006,-1,-1,-1
757,114,954.41,253.06,118.58,337.05,0.75698,-1,-1,-1
757,115,840.07,157.59,141.61,529.42,0.80202,-1,-1,-1
757,116,1817.73,302.69,101.91,406.40,0.36981,-1,-1,-1
758,105,477.16,35.69,343.58,869.42,0.87915,-1,-1,-1
758,97,372.56,130.94,205.53,588.58,0.77229,-1,-1,-1
758,102,1035.17,229.31,112.80,335.43,0.70423,-1,-1,-1
758,114,956.41,252.54,125.30,342.34,0.79943,-1,-1,-1
758,115,841.53,163.41,140.18,526.60,0.82437,-1,-1,-1
758,117,758.74,194.43,86.12,319.85,0.58187,-1,-1,-1
759,105,458.86,34.54,330.39,880.06,0.84666,-1,-1,-1
759,97,370.55,132.90,204.80,595.97,0.79582,-1,-1,-1
759,102,1041.62,230.28,112.43,344.60,0.72926,-1,-1,-1
759,114,960.10,255.46,123.95,343.43,0.81244,-1,-1,-1
759,115,842.26,168.31,138.11,526.85,0.83101,-1,-1,-1
760,105,447.65,38.83,306.19,883.60,0.78873,-1,-1,-1
760,97,369.24,130.60,204.34,608.68,0.78354,-1,-1,-1
760,102,1049.12,229.12,108.66,358.48,0.74474,-1,-1,-1
760,114,965.33,256.25,121.81,347.11,0.80806,-1,-1,-1
760,115,842.24,170.62,136.88,527.38,0.82976,-1,-1,-1
760,117,690.73,196.90,155.84,499.53,0.68970,-1,-1,-1
761,105,418.36,41.13,315.59,892.23,0.76255,-1,-1,-1
761,97,368.94,131.90,199.87,610.77,0.73317,-1,-1,-1
761,102,1055.80,229.29,105.68,363.52,0.76262,-1,-1,-1
761,114,969.89,257.51,122.09,349.69,0.82968,-1,-1,-1
761,115,844.23,172.82,134.77,529.45,0.83566,-1,-1,-1
761,117,695.56,200.54,153.83,486.35,0.82504,-1,-1,-1
762,105,394.54,39.67,329.80,900.68,0.74927,-1,-1,-1
762,97,362.92,133.97,197.83,613.93,0.71870,-1,-1,-1
762,102,1061.98,230.08,101.09,364.80,0.77881,-1,-1,-1
762,114,971.50,253.29,127.62,356.46,0.80523,-1,-1,-1
762,115,844.66,174.03,134.26,530.38,0.83516,-1,-1,-1
762,117,697.13,202.06,153.95,470.12,0.81795,-1,-1,-1
762,116,1826.58,350.03,93.33,361.47,0.30599,-1,-1,-1
763,105,363.17,37.91,349.99,910.05,0.64049,-1,-1,-1
763,97,349.78,136.97,191.56,613.68,0.75479,-1,-1,-1
763,102,1065.28,230.59,104.85,367.43,0.79027,-1,-1,-1
763,114,974.55,251.61,134.51,360.27,0.80047,-1,-1,-1
763,115,846.83,173.95,133.48,527.95,0.82484,-1,-1,-1
763,117,697.60,203.41,157.33,469.27,0.83376,-1,-1,-1
764,105,333.25,37.40,375.36,917.48,0.85099,-1,-1,-1
764,97,334.84,123.49,192.18,635.34,0.55706,-1,-1,-1
764,102,1071.09,229.36,102.74,373.03,0.77613,-1,-1,-1
764,114,978.87,250.00,139.15,364.13,0.80107,-1,-1,-1
764,115,847.88,173.29,135.44,531.01,0.81340,-1,-1,-1
764,117,702.26,205.10,155.85,468.05,0.83530,-1,-1,-1
765,105,319.19,35.85,389.66,925.38,0.86149,-1,-1,-1
765,102,1077.40,228.21,102.25,375.39,0.71630,-1,-1,-1
765,114,983.12,250.37,142.68,368.45,0.77434,-1,-1,-1
765,115,849.47,170.12,140.68,524.93,0.80308,-1,-1,-1
765,117,706.24,206.88,154.07,464.30,0.84412,-1,-1,-1
766,105,302.43,33.74,406.42,929.33,0.90338,-1,-1,-1
766,102,1082.16,228.45,103.09,379.01,0.68506,-1,-1,-1
766,114,984.17,249.59,146.13,373.86,0.79880,-1,-1,-1
766,115,853.60,167.73,139.25,517.34,0.81242,-1,-1,-1
766,117,709.93,209.04,151.66,459.13,0.84150,-1,-1,-1
766,119,645.59,272.28,87.14,334.17,0.68175,-1,-1,-1
767,105,284.96,31.56,421.78,935.47,0.90065,-1,-1,-1
767,102,1086.98,225.97,114.08,386.90,0.73873,-1,-1,-1
767,114,979.99,249.50,159.07,378.91,0.82262,-1,-1,-1
767,115,854.23,164.11,140.55,515.01,0.80926,-1,-1,-1
767,117,712.22,209.79,149.67,453.65,0.84561,-1,-1,-1
767,119,636.71,272.16,96.56,339.63,0.73330,-1,-1,-1
768,105,266.01,30.34,435.54,940.63,0.90390,-1,-1,-1
768,102,1087.97,225.09,121.52,391.36,0.76889,-1,-1,-1
768,114,978.16,250.65,171.21,380.54,0.81231,-1,-1,-1
768,115,855.44,160.48,139.42,515.89,0.81152,-1,-1,-1
768,117,715.03,208.11,145.69,450.58,0.82309,-1,-1,-1
768,119,631.71,269.39,103.39,341.33,0.75251,-1,-1,-1
769,105,244.54,29.86,448.26,948.85,0.90938,-1,-1,-1
769,102,1090.69,225.60,116.42,395.48,0.75700,-1,-1,-1
769,114,976.17,251.36,181.97,384.79,0.82582,-1,-1,-1
769,115,853.16,158.50,143.00,517.97,0.82521,-1,-1,-1
769,117,717.08,207.54,141.98,447.82,0.80925,-1,-1,-1
769,119,629.01,266.50,106.28,346.84,0.77964,-1,-1,-1
770,105,221.78,25.70,458.41,960.52,0.89763,-1,-1,-1
770,102,1094.69,223.49,107.02,401.96,0.71368,-1,-1,-1
770,114,975.78,250.13,186.87,389.22,0.83387,-1,-1,-1
770,115,851.18,155.54,147.29,520.11,0.82495,-1,-1,-1
770,117,719.70,205.38,138.31,446.03,0.82664,-1,-1,-1
770,119,627.37,264.81,107.23,345.63,0.78743,-1,-1,-1
771,105,199.74,14.83,459.35,980.57,0.89259,-1,-1,-1
771,102,1097.79,219.67,102.34,408.36,0.71491,-1,-1,-1
771,114,974.39,245.05,189.43,395.47,0.82769,-1,-1,-1
771,115,845.96,152.47,152.02,520.62,0.85705,-1,-1,-1
771,117,717.84,198.45,136.43,448.64,0.84930,-1,-1,-1
771,119,625.07,256.42,108.50,347.56,0.73966,-1,-1,-1
772,105,178.06,10.66,459.52,983.89,0.88891,-1,-1,-1
772,102,1096.70,219.26,104.02,411.98,0.78545,-1,-1,-1
772,114,968.22,244.65,193.34,401.84,0.83420,-1,-1,-1
772,115,843.48,152.95,151.85,523.02,0.86011,-1,-1,-1
772,117,719.32,201.05,133.91,445.43,0.83477,-1,-1,-1
772,119,619.14,258.00,113.20,351.26,0.78958,-1,-1,-1
773,105,157.00,9.11,445.33,956.46,0.86264,-1,-1,-1
773,102,1093.47,215.06,108.37,417.88,0.79795,-1,-1,-1
773,114,962.96,241.07,196.39,407.88,0.84244,-1,-1,-1
773,115,840.53,153.28,147.03,523.74,0.86347,-1,-1,-1
773,117,718.11,199.29,128.94,443.88,0.83336,-1,-1,-1
773,119,614.63,257.55,113.02,351.89,0.81182,-1,-1,-1
774,105,141.23,4.16,414.06,948.43,0.87631,-1,-1,-1
774,102,1091.88,211.40,113.19,420.74,0.77524,-1,-1,-1
774,114,960.41,235.14,198.10,413.11,0.85875,-1,-1,-1
774,115,836.13,150.44,144.61,528.65,0.81379,-1,-1,-1
774,117,713.29,192.97,128.41,444.91,0.83123,-1,-1,-1
774,119,609.59,255.09,113.86,350.23,0.79718,-1,-1,-1
774,120,429.26,65.95,195.06,752.40,0.58389,-1,-1,-1
775,105,128.27,1.48,377.74,951.27,0.87086,-1,-1,-1
775,102,1086.90,206.76,119.06,424.21,0.79816,-1,-1,-1
775,114,957.77,229.24,199.88,416.06,0.86087,-1,-1,-1
775,115,829.96,150.52,135.71,526.96,0.78342,-1,-1,-1
775,117,707.99,188.78,131.62,446.88,0.81748,-1,-1,-1
775,119,605.57,249.67,114.77,357.62,0.77916,-1,-1,-1
775,120,405.28,56.70,215.58,771.23,0.76894,-1,-1,-1
776,105,110.04,0.00,356.28,961.37,0.88447,-1,-1,-1
776,102,1084.76,202.06,121.43,429.16,0.81087,-1,-1,-1
776,114,954.76,224.92,198.83,420.41,0.84839,-1,-1,-1
776,115,819.96,150.67,138.01,528.64,0.78062,-1,-1,-1
776,117,699.42,188.01,135.66,446.54,0.80100,-1,-1,-1
776,119,599.48,247.43,114.61,359.84,0.77887,-1,-1,-1
776,120,382.33,47.81,236.52,781.72,0.71656,-1,-1,-1
777,105,92.69,0.91,344.17,960.65,0.89729,-1,-1,-1
777,102,1082.61,199.13,127.56,433.56,0.83386,-1,-1,-1
777,114,952.54,222.41,194.22,424.97,0.83472,-1,-1,-1
777,115,813.07,152.20,140.82,528.74,0.80119,-1,-1,-1
777,117,690.91,191.02,138.16,444.79,0.78997,-1,-1,-1
777,119,591.85,246.52,113.83,365.82,0.71345,-1,-1,-1
777,120,353.46,42.07,259.41,798.25,0.77814,-1,-1,-1
778,105,74.53,2.30,332.52,975.12,0.89568,-1,-1,-1
778,102,1081.69,193.00,129.70,441.73,0.83098,-1,-1,-1
778,114,949.78,220.20,188.48,428.11,0.84034,-1,-1,-1
778,115,810.01,153.01,140.71,528.42,0.80643,-1,-1,-1
778,117,680.95,190.89,138.57,449.10,0.74181,-1,-1,-1
778,119,585.62,246.19,111.00,363.90,0.72410,-1,-1,-1
778,120,331.88,37.18,278.96,826.40,0.82884,-1,-1,-1
779,105,51.34,1.87,328.90,996.24,0.89649,-1,-1,-1
779,102,1079.44,193.42,127.00,442.22,0.80954,-1,-1,-1
779,114,950.68,216.35,179.12,434.37,0.83644,-1,-1,-1
779,115,800.45,154.71,143.95,524.09,0.74204,-1,-1,-1
779,117,671.77,191.32,138.88,443.57,0.75947,-1,-1,-1
779,119,573.43,244.41,116.62,366.12,0.76464,-1,-1,-1
779,120,324.66,32.25,280.58,855.34,0.81673,-1,-1,-1
780,105,25.76,1.47,327.70,999.77,0.91004,-1,-1,-1
780,102,1075.71,192.59,128.85,447.70,0.80995,-1,-1,-1
780,114,948.83,214.07,173.11,438.20,0.84485,-1,-1,-1
780,115,790.93,154.92,146.02,528.85,0.80779,-1,-1,-1
780,117,662.80,189.90,141.19,449.38,0.73950,-1,-1,-1
780,119,566.12,243.64,115.64,362.52,0.68014,-1,-1,-1
780,120,315.83,26.97,281.47,881.36,0.84643,-1,-1,-1
781,105,1.47,3.34,327.23,1005.63,0.91095,-1,-1,-1
781,102,1073.91,191.29,135.23,454.18,0.81802,-1,-1,-1
781,114,949.69,212.48,166.63,445.16,0.83931,-1,-1,-1
781,115,789.01,153.58,143.89,531.20,0.81747,-1,-1,-1
781,117,671.23,190.08,128.43,448.62,0.61463,-1,-1,-1
781,119,564.07,242.99,108.61,360.28,0.60298,-1,-1,-1
781,120,304.15,20.69,291.51,892.55,0.84353,-1,-1,-1
782,105,0.00,4.76,303.91,1005.96,0.90902,-1,-1,-1
782,102,1071.88,189.38,144.97,458.85,0.81219,-1,-1,-1
782,114,949.56,209.73,164.38,453.59,0.87115,-1,-1,-1
782,115,785.21,156.30,145.61,527.28,0.81687,-1,-1,-1
782,117,672.36,190.84,127.19,446.92,0.67758,-1,-1,-1
782,119,556.00,242.22,109.19,377.31,0.62463,-1,-1,-1
782,120,282.43,12.21,313.88,912.77,0.86634,-1,-1,-1
783,105,0.00,4.25,278.19,1011.90,0.90167,-1,-1,-1
783,102,1070.51,189.52,150.48,460.39,0.82924,-1,-1,-1
783,114,949.66,208.98,164.02,460.43,0.87820,-1,-1,-1
783,115,778.63,156.29,151.17,524.44,0.80867,-1,-1,-1
783,117,672.67,194.49,124.84,445.28,0.66827,-1,-1,-1
783,119,541.36,242.13,118.14,383.53,0.62576,-1,-1,-1
783,120,250.03,3.11,344.70,939.08,0.85841,-1,-1,-1
784,105,0.00,5.28,256.51,1013.06,0.90149,-1,-1,-1
784,102,1069.21,189.21,155.13,466.30,0.82380,-1,-1,-1
784,114,949.32,206.91,164.31,467.22,0.86803,-1,-1,-1
784,115,781.50,155.44,143.93,523.57,0.79322,-1,-1,-1
784,117,676.47,196.22,120.04,443.15,0.70789,-1,-1,-1
784,119,541.34,241.70,113.28,386.67,0.58711,-1,-1,-1
784,120,230.49,0.00,360.98,963.04,0.86172,-1,-1,-1
785,105,0.00,7.49,235.93,1016.44,0.89809,-1,-1,-1
785,102,1070.82,185.93,156.92,475.94,0.82807,-1,-1,-1
785,114,947.80,205.27,166.04,472.00,0.84548,-1,-1,-1
785,115,783.35,150.56,139.66,526.42,0.78993,-1,-1,-1
785,117,680.42,195.86,115.70,441.93,0.72902,-1,-1,-1
785,119,536.82,238.78,117.49,389.60,0.66702,-1,-1,-1
785,120,216.19,0.00,361.74,977.73,0.89318,-1,-1,-1
786,105,0.00,7.88,219.96,1018.50,0.87432,-1,-1,-1
786,102,1072.43,181.75,160.47,487.12,0.82645,-1,-1,-1
786,114,948.71,203.06,166.98,482.22,0.82995,-1,-1,-1
786,115,784.32,147.84,139.96,525.01,0.81597,-1,-1,-1
786,117,681.75,196.10,114.66,441.45,0.72924,-1,-1,-1
786,119,513.86,233.76,127.15,395.90,0.69429,-1,-1,-1
786,120,204.68,0.00,362.70,988.67,0.87843,-1,-1,-1
786,122,618.92,244.68,89.42,367.83,0.63272,-1,-1,-1
787,105,0.00,28.27,201.39,1001.81,0.87806,-1,-1,-1
787,102,1076.84,178.49,163.59,495.06,0.83620,-1,-1,-1
787,114,949.21,204.59,171.02,485.86,0.83437,-1,-1,-1
787,115,789.25,145.46,136.80,526.22,0.82467,-1,-1,-1
787,117,682.79,195.28,113.74,441.84,0.77867,-1,-1,-1
787,119,520.90,234.61,119.04,393.36,0.65582,-1,-1,-1
787,120,194.74,0.00,367.76,999.45,0.88344,-1,-1,-1
787,122,617.51,248.68,91.33,367.05,0.65470,-1,-1,-1
788,105,0.00,49.84,185.99,986.84,0.87162,-1,-1,-1
788,102,1080.79,178.93,167.00,501.64,0.84593,-1,-1,-1
788,114,949.82,208.11,176.28,491.43,0.85635,-1,-1,-1
788,115,792.08,146.65,136.41,524.45,0.82456,-1,-1,-1
788,117,682.92,192.94,113.15,442.26,0.75271,-1,-1,-1
788,119,520.13,235.53,112.74,397.63,0.64622,-1,-1,-1
788,120,182.26,0.00,371.61,1003.83,0.89824,-1,-1,-1
788,122,609.57,251.40,98.88,370.03,0.73161,-1,-1,-1
788,124,1854.95,268.44,64.65,464.54,0.49627,-1,-1,-1
789,105,0.00,75.90,175.53,972.47,0.86531,-1,-1,-1
789,102,1081.39,174.89,165.25,510.48,0.83401,-1,-1,-1
789,114,944.69,210.55,186.48,498.04,0.83878,-1,-1,-1
789,115,793.69,151.03,133.94,519.36,0.83697,-1,-1,-1
789,117,683.19,193.92,119.53,447.53,0.76794,-1,-1,-1
789,119,518.44,234.43,104.70,401.97,0.60851,-1,-1,-1
789,120,170.32,0.00,376.02,1012.85,0.90067,-1,-1,-1
789,122,605.32,248.92,103.92,379.20,0.74830,-1,-1,-1
789,124,1845.49,280.62,74.19,471.35,0.42813,-1,-1,-1
790,105,0.00,93.61,158.84,964.49,0.83484,-1,-1,-1
790,102,1084.16,170.71,166.29,516.04,0.84214,-1,-1,-1
790,114,938.77,204.11,204.15,508.99,0.79105,-1,-1,-1
790,115,795.88,150.29,134.37,519.45,0.84722,-1,-1,-1
790,117,689.07,188.44,120.56,449.33,0.74927,-1,-1,-1
790,119,518.00,232.53,102.60,402.27,0.56530,-1,-1,-1
790,120,161.15,0.00,385.02,1023.69,0.89384,-1,-1,-1
790,122,605.21,248.63,106.84,384.09,0.72949,-1,-1,-1
790,124,1840.13,317.04,79.87,417.25,0.40984,-1,-1,-1
791,105,0.00,105.23,142.81,959.42,0.80222,-1,-1,-1
791,102,1091.51,169.70,171.51,519.67,0.78520,-1,-1,-1
791,114,956.87,200.86,198.19,521.96,0.80145,-1,-1,-1
791,115,801.87,152.00,133.73,521.78,0.82437,-1,-1,-1
791,117,692.92,193.49,125.44,450.22,0.77477,-1,-1,-1
791,119,517.29,232.78,109.73,409.95,0.60610,-1,-1,-1
791,120,148.93,0.00,397.86,1037.43,0.89141,-1,-1,-1
791,122,606.58,250.63,111.06,387.15,0.74712,-1,-1,-1
791,124,1840.70,359.28,79.30,368.23,0.50132,-1,-1,-1
792,105,0.25,120.47,124.38,949.41,0.52963,-1,-1,-1
792,102,1102.04,167.59,171.46,508.95,0.73706,-1,-1,-1
792,114,967.01,198.88,203.54,527.75,0.82362,-1,-1,-1
792,115,809.60,154.81,131.47,520.45,0.80274,-1,-1,-1
792,117,697.97,197.10,127.78,450.40,0.80585,-1,-1,-1
792,119,517.14,235.03,112.96,413.06,0.64136,-1,-1,-1
792,120,140.84,0.98,423.87,1047.80,0.85897,-1,-1,-1
792,122,612.90,251.86,110.38,390.93,0.79838,-1,-1,-1
793,105,1.27,380.49,103.34,689.29,0.57069,-1,-1,-1
793,102,1115.43,165.15,166.14,522.62,0.81709,-1,-1,-1
793,114,972.04,194.05,212.37,534.60,0.84618,-1,-1,-1
793,115,817.37,152.98,134.51,524.73,0.80013,-1,-1,-1
793,117,704.13,194.82,129.11,450.86,0.80487,-1,-1,-1
793,119,520.17,233.75,112.08,404.75,0.55642,-1,-1,-1
793,120,123.58,1.24,457.76,1056.16,0.88925,-1,-1,-1
793,122,617.62,251.81,113.99,394.34,0.78901,-1,-1,-1
793,126,1.37,138.61,50.70,432.96,0.56877,-1,-1,-1
793,124,1842.87,399.60,77.13,344.07,0.39135,-1,-1,-1
794,105,1.26,455.48,91.06,602.12,0.56213,-1,-1,-1
794,102,1124.65,160.73,166.11,535.33,0.85459,-1,-1,-1
794,114,980.43,188.72,222.54,544.74,0.84608,-1,-1,-1
794,115,821.77,154.67,139.44,527.24,0.77882,-1,-1,-1
794,117,711.59,195.82,129.48,447.11,0.79883,-1,-1,-1
794,119,524.18,232.97,113.72,411.85,0.61867,-1,-1,-1
794,120,106.83,1.86,483.65,1072.02,0.90235,-1,-1,-1
794,122,618.26,253.96,123.22,396.17,0.71465,-1,-1,-1
794,126,1.34,155.40,41.27,411.46,0.36754,-1,-1,-1
795,105,1.62,536.83,83.28,516.20,0.48090,-1,-1,-1
795,102,1138.47,157.05,165.42,539.89,0.81986,-1,-1,-1
795,114,988.75,180.33,230.59,560.26,0.81664,-1,-1,-1
795,115,837.05,157.85,135.95,528.24,0.82332,-1,-1,-1
795,117,724.32,197.39,127.69,450.15,0.77139,-1,-1,-1
795,119,528.07,235.38,109.80,415.22,0.66681,-1,-1,-1
795,120,90.05,2.15,506.63,1075.20,0.92136,-1,-1,-1
795,122,619.86,256.59,128.96,397.32,0.73880,-1,-1,-1
795,126,0.93,176.40,30.51,397.06,0.30645,-1,-1,-1
796,105,1.12,557.96,77.43,484.23,0.53876,-1,-1,-1
796,102,1150.90,159.15,163.96,555.35,0.84375,-1,-1,-1
796,114,995.11,180.37,237.21,563.36,0.85311,-1,-1,-1
796,115,846.71,161.18,137.03,530.03,0.83667,-1,-1,-1
796,117,732.91,200.91,130.53,452.10,0.80639,-1,-1,-1
796,119,533.04,236.93,114.90,390.20,0.55988,-1,-1,-1
796,120,68.65,1.85,532.04,1075.90,0.92014,-1,-1,-1
796,122,630.86,256.97,120.70,402.06,0.71139,-1,-1,-1
797,102,1166.88,160.84,158.09,577.39,0.85414,-1,-1,-1
797,114,1000.56,181.13,247.35,572.90,0.84695,-1,-1,-1
797,115,856.38,168.43,132.47,527.79,0.81393,-1,-1,-1
797,117,742.60,206.68,132.58,452.56,0.78879,-1,-1,-1
797,119,534.19,239.58,117.70,362.24,0.56099,-1,-1,-1
797,120,44.43,2.73,560.07,1074.75,0.91309,-1,-1,-1
797,122,624.96,259.98,133.30,407.21,0.71705,-1,-1,-1
798,102,1177.55,162.72,160.23,594.30,0.83436,-1,-1,-1
798,114,1001.19,183.13,258.92,587.29,0.84517,-1,-1,-1
798,115,862.68,172.43,131.21,529.59,0.80251,-1,-1,-1
798,117,748.92,211.50,132.02,447.37,0.81949,-1,-1,-1
798,119,535.37,243.04,118.15,337.77,0.54518,-1,-1,-1
798,120,18.57,3.22,596.19,1069.22,0.91075,-1,-1,-1
798,122,630.01,261.24,133.66,411.93,0.72917,-1,-1,-1
799,102,1187.53,164.20,159.84,611.20,0.82248,-1,-1,-1
799,114,1001.23,185.02,268.34,604.15,0.85587,-1,-1,-1
799,115,864.74,178.12,136.18,528.15,0.79836,-1,-1,-1
799,117,750.94,215.59,133.83,447.22,0.80599,-1,-1,-1
799,119,535.45,246.30,123.49,346.91,0.53910,-1,-1,-1
799,120,1.00,3.22,625.27,1067.31,0.90410,-1,-1,-1
799,122,637.72,262.93,128.89,414.63,0.76891,-1,-1,-1
800,102,1195.80,165.80,161.45,619.37,0.80540,-1,-1,-1
800,114,1006.69,187.03,271.67,620.54,0.83199,-1,-1,-1
800,115,869.51,183.59,134.59,527.62,0.78285,-1,-1,-1
800,117,756.49,222.96,133.07,443.87,0.80253,-1,-1,-1
800,119,534.50,249.77,128.73,354.77,0.49344,-1,-1,-1
800,120,0.00,2.63,634.83,1062.27,0.90759,-1,-1,-1
800,122,641.47,265.06,125.93,418.06,0.77090,-1,-1,-1
801,102,1203.41,165.52,161.53,628.44,0.81600,-1,-1,-1
801,114,1009.46,189.33,278.51,631.48,0.84878,-1,-1,-1
801,115,872.37,191.21,132.01,525.97,0.77623,-1,-1,-1
801,117,762.11,228.94,129.41,441.75,0.83307,-1,-1,-1
801,119,530.91,252.05,136.72,351.95,0.46455,-1,-1,-1
801,120,0.00,3.52,637.68,1064.46,0.91270,-1,-1,-1
801,122,642.90,267.97,125.70,419.78,0.79181,-1,-1,-1
802,102,1209.68,165.77,165.80,640.57,0.82415,-1,-1,-1
802,114,1006.02,192.48,294.04,641.09,0.84253,-1,-1,-1
802,115,881.56,192.42,132.92,526.92,0.81487,-1,-1,-1
802,117,771.92,232.06,120.07,438.14,0.82468,-1,-1,-1
802,119,531.26,254.59,138.91,354.61,0.47578,-1,-1,-1
802,120,0.00,3.84,649.30,1073.82,0.89672,-1,-1,-1
802,122,643.29,269.20,126.67,421.46,0.78404,-1,-1,-1
803,102,1219.31,161.97,170.15,654.71,0.84835,-1,-1,-1
803,114,1004.27,193.08,306.53,651.16,0.85622,-1,-1,-1
803,115,887.84,192.68,134.35,531.54,0.81551,-1,-1,-1
803,117,781.23,234.41,113.71,436.65,0.82113,-1,-1,-1
803,119,532.77,254.17,138.49,342.88,0.60766,-1,-1,-1
803,120,0.00,2.76,652.64,1075.33,0.84574,-1,-1,-1
803,122,643.99,269.83,127.26,427.58,0.77823,-1,-1,-1
804,102,1232.67,162.81,170.83,659.04,0.84405,-1,-1,-1
804,114,998.89,191.35,320.20,674.14,0.87042,-1,-1,-1
804,115,890.42,191.14,137.82,534.19,0.84732,-1,-1,-1
804,117,786.69,230.53,113.56,435.97,0.83778,-1,-1,-1
804,119,531.89,254.34,136.72,345.67,0.49027,-1,-1,-1
804,120,0.00,1.99,633.47,1078.01,0.69623,-1,-1,-1
804,122,642.84,270.18,130.09,430.51,0.76754,-1,-1,-1
804,130,393.21,85.12,229.89,729.77,0.51247,-1,-1,-1
805,102,1240.46,159.06,184.10,663.57,0.85318,-1,-1,-1
805,114,1000.77,188.87,328.11,687.04,0.87090,-1,-1,-1
805,115,894.64,189.22,137.55,536.92,0.83392,-1,-1,-1
805,117,790.79,228.99,113.14,436.83,0.82976,-1,-1,-1
805,119,528.84,253.66,142.43,325.38,0.56963,-1,-1,-1
805,120,0.00,1.72,501.03,1074.21,0.63246,-1,-1,-1
805,122,645.77,270.07,131.30,437.93,0.80486,-1,-1,-1
805,130,385.45,37.59,230.19,786.77,0.68303,-1,-1,-1
806,102,1248.57,153.22,193.41,672.88,0.86481,-1,-1,-1
806,114,1006.64,181.66,330.07,704.19,0.87627,-1,-1,-1
806,115,901.76,186.12,132.76,537.76,0.81207,-1,-1,-1
806,117,794.66,226.42,112.68,441.16,0.79796,-1,-1,-1
806,119,526.30,251.49,146.33,314.57,0.67134,-1,-1,-1
806,120,0.00,0.00,558.55,1073.61,0.76141,-1,-1,-1
806,122,648.25,269.13,129.82,442.53,0.83171,-1,-1,-1
806,130,369.88,23.95,221.95,812.08,0.40835,-1,-1,-1
807,102,1256.93,145.18,203.17,686.03,0.87189,-1,-1,-1
807,114,1018.32,174.98,324.67,716.81,0.87256,-1,-1,-1
807,115,905.06,183.54,132.80,538.81,0.82357,-1,-1,-1
807,117,798.15,225.88,112.43,447.53,0.80824,-1,-1,-1
807,119,520.04,247.66,152.94,317.64,0.62062,-1,-1,-1
807,120,0.00,0.00,562.41,1072.27,0.87293,-1,-1,-1
807,122,649.27,268.12,131.24,447.00,0.82761,-1,-1,-1
808,102,1266.18,137.89,214.27,700.55,0.87911,-1,-1,-1
808,114,1027.61,168.45,323.53,731.30,0.89515,-1,-1,-1
808,115,908.46,184.64,128.55,530.74,0.79291,-1,-1,-1
808,117,802.17,223.56,114.51,450.04,0.80745,-1,-1,-1
808,119,509.24,244.32,167.14,331.29,0.64363,-1,-1,-1
808,120,0.00,0.00,551.47,1072.04,0.90950,-1,-1,-1
808,122,652.12,267.73,132.49,450.61,0.83119,-1,-1,-1
809,102,1275.75,128.19,222.00,713.64,0.85937,-1,-1,-1
809,114,1036.40,159.55,322.93,743.01,0.89238,-1,-1,-1
809,115,910.88,181.58,131.54,524.14,0.82403,-1,-1,-1
809,117,803.68,220.68,114.94,446.81,0.80910,-1,-1,-1
809,119,505.53,238.21,176.47,364.12,0.62977,-1,-1,-1
809,120,0.00,0.00,524.13,1068.62,0.92454,-1,-1,-1
809,122,650.57,265.07,136.56,454.72,0.80611,-1,-1,-1
810,102,1282.26,119.54,233.76,729.67,0.88295,-1,-1,-1
810,114,1047.25,148.29,320.15,760.65,0.89149,-1,-1,-1
810,115,910.98,180.38,137.04,525.56,0.79681,-1,-1,-1
810,117,805.51,219.62,116.39,448.00,0.81031,-1,-1,-1
810,119,501.50,234.38,179.51,454.25,0.72733,-1,-1,-1
810,120,0.00,0.99,490.99,1067.00,0.88749,-1,-1,-1
810,122,650.90,263.89,137.32,462.91,0.82775,-1,-1,-1
810,131,757.37,265.66,69.02,284.88,0.49027,-1,-1,-1
811,102,1289.03,116.94,242.90,745.29,0.90144,-1,-1,-1
811,114,1057.42,144.68,318.81,772.45,0.88621,-1,-1,-1
811,115,912.26,183.10,138.14,520.68,0.79552,-1,-1,-1
811,117,806.26,222.29,116.77,446.14,0.82408,-1,-1,-1
811,119,501.53,234.31,171.24,493.74,0.81973,-1,-1,-1
811,120,0.00,4.04,442.58,1065.08,0.91575,-1,-1,-1
811,122,649.81,267.22,137.63,464.24,0.86024,-1,-1,-1
811,130,386.55,187.17,132.64,535.01,0.57768,-1,-1,-1
812,102,1296.37,110.55,252.68,769.55,0.89515,-1,-1,-1
812,114,1066.23,136.30,315.78,786.19,0.87097,-1,-1,-1
812,115,910.79,179.09,140.07,524.64,0.79123,-1,-1,-1
812,117,803.37,218.98,115.67,446.79,0.80022,-1,-1,-1
812,119,498.03,228.54,171.19,516.98,0.81909,-1,-1,-1
812,120,0.00,0.41,394.96,1069.91,0.83838,-1,-1,-1
812,122,648.24,263.55,139.33,469.27,0.82235,-1,-1,-1
812,130,350.21,97.05,162.09,724.33,0.76977,-1,-1,-1
812,131,759.05,264.50,64.08,284.29,0.40381,-1,-1,-1
813,102,1302.19,105.60,260.82,796.43,0.89277,-1,-1,-1
813,114,1073.74,127.04,314.36,798.38,0.87353,-1,-1,-1
813,115,910.90,175.39,140.33,524.57,0.80944,-1,-1,-1
813,117,799.74,217.29,116.77,447.55,0.80131,-1,-1,-1
813,119,496.07,221.73,168.89,532.23,0.80913,-1,-1,-1
813,120,0.00,0.58,354.50,1064.17,0.63869,-1,-1,-1
813,122,638.92,260.20,150.51,477.42,0.78334,-1,-1,-1
813,130,309.52,77.73,197.67,779.43,0.85749,-1,-1,-1
814,102,1309.80,100.25,264.97,817.94,0.88653,-1,-1,-1
814,114,1085.18,111.43,310.45,833.48,0.86960,-1,-1,-1
814,115,908.93,173.29,142.97,524.69,0.79973,-1,-1,-1
814,117,795.46,216.76,119.94,447.96,0.80295,-1,-1,-1
814,119,493.42,217.20,167.30,541.95,0.81862,-1,-1,-1
814,120,0.00,0.28,340.31,1058.05,0.74924,-1,-1,-1
814,122,625.46,256.82,165.24,483.36,0.79313,-1,-1,-1
814,130,268.55,62.04,232.82,815.83,0.88444,-1,-1,-1
815,102,1318.79,99.61,270.61,822.72,0.86864,-1,-1,-1
815,114,1100.45,105.55,305.67,869.72,0.86955,-1,-1,-1
815,115,908.55,173.54,142.95,527.30,0.79928,-1,-1,-1
815,117,793.26,217.66,121.43,449.04,0.79739,-1,-1,-1
815,119,490.57,215.98,166.65,550.00,0.81285,-1,-1,-1
815,120,0.00,3.61,265.85,1057.42,0.34747,-1,-1,-1
815,122,624.46,254.63,167.83,490.37,0.77544,-1,-1,-1
815,130,234.15,51.13,261.03,837.82,0.88641,-1,-1,-1
816,102,1322.11,97.45,278.75,835.70,0.86351,-1,-1,-1
816,114,1111.22,106.06,298.92,896.93,0.86977,-1,-1,-1
816,115,907.88,175.52,142.95,528.48,0.81219,-1,-1,-1
816,117,787.55,220.32,127.22,450.07,0.80599,-1,-1,-1
816,119,483.31,217.79,168.59,554.68,0.83940,-1,-1,-1
816,122,625.03,252.82,167.06,495.14,0.77635,-1,-1,-1
816,130,215.31,42.45,274.33,851.88,0.89533,-1,-1,-1
816,133,1053.05,318.09,73.05,244.84,0.57211,-1,-1,-1
817,102,1327.40,93.78,287.86,867.12,0.86649,-1,-1,-1
817,114,1116.63,106.71,300.53,930.55,0.87782,-1,-1,-1
817,115,907.71,176.67,143.81,527.71,0.82149,-1,-1,-1
817,117,782.02,222.99,130.56,449.24,0.81463,-1,-1,-1
817,119,472.38,217.03,174.37,559.28,0.85130,-1,-1,-1
817,122,628.20,250.03,160.78,500.29,0.77452,-1,-1,-1
817,130,200.87,36.96,286.02,863.81,0.89569,-1,-1,-1
817,133,1054.24,308.23,76.42,255.64,0.59102,-1,-1,-1
818,102,1330.30,88.65,297.32,890.44,0.86740,-1,-1,-1
818,114,1119.51,106.08,305.41,936.57,0.88479,-1,-1,-1
818,115,908.31,180.04,141.21,528.44,0.81640,-1,-1,-1
818,117,778.97,226.53,130.27,445.38,0.84711,-1,-1,-1
818,119,458.72,218.13,184.92,565.38,0.87239,-1,-1,-1
818,122,623.96,249.08,162.90,504.03,0.80770,-1,-1,-1
818,130,189.63,32.54,294.38,891.22,0.89340,-1,-1,-1
818,133,1050.67,305.76,84.18,259.01,0.60733,-1,-1,-1
819,102,1331.80,80.28,308.07,916.89,0.86684,-1,-1,-1
819,114,1122.44,105.82,310.91,948.26,0.87852,-1,-1,-1
819,115,905.47,181.23,137.34,531.91,0.81116,-1,-1,-1
819,117,774.47,227.30,131.99,443.89,0.86117,-1,-1,-1
819,119,444.22,217.04,193.28,569.73,0.86649,-1,-1,-1
819,122,617.73,248.42,163.06,511.90,0.79459,-1,-1,-1
819,130,176.35,25.75,301.91,926.19,0.89840,-1,-1,-1
819,133,1047.74,304.65,90.17,260.96,0.57076,-1,-1,-1
820,102,1332.53,69.36,318.38,937.61,0.86126,-1,-1,-1
820,114,1128.15,103.71,315.54,969.63,0.87661,-1,-1,-1
820,115,904.09,181.70,136.49,535.07,0.80856,-1,-1,-1
820,117,767.87,226.96,136.62,441.79,0.85521,-1,-1,-1
820,119,431.17,215.94,201.70,574.64,0.85488,-1,-1,-1
820,122,614.51,243.15,167.68,520.65,0.81178,-1,-1,-1
820,130,163.79,18.58,307.24,962.58,0.90262,-1,-1,-1
820,133,1048.37,304.61,96.20,260.88,0.54978,-1,-1,-1
821,102,1340.20,54.70,322.02,950.62,0.84772,-1,-1,-1
821,114,1133.10,98.31,325.35,981.15,0.88921,-1,-1,-1
821,115,904.47,181.37,136.64,537.89,0.80356,-1,-1,-1
821,117,760.96,225.35,141.59,443.09,0.85384,-1,-1,-1
821,119,423.56,215.15,206.97,581.70,0.82181,-1,-1,-1
821,122,612.98,240.80,174.13,526.60,0.84549,-1,-1,-1
821,130,153.71,13.37,314.63,987.24,0.89851,-1,-1,-1
821,133,1052.02,302.69,98.32,262.97,0.56820,-1,-1,-1
822,102,1353.52,39.40,316.19,968.19,0.87550,-1,-1,-1
822,114,1139.17,84.85,336.89,995.15,0.88729,-1,-1,-1
822,115,904.01,180.79,137.08,537.44,0.81256,-1,-1,-1
822,117,757.83,222.24,145.36,447.15,0.84206,-1,-1,-1
822,119,412.52,212.92,212.73,593.47,0.78594,-1,-1,-1
822,122,606.09,236.28,182.24,532.57,0.86403,-1,-1,-1
822,130,141.46,9.34,317.85,1005.12,0.90464,-1,-1,-1
822,133,1049.30,302.26,102.56,263.25,0.65528,-1,-1,-1
823,102,1369.21,16.59,308.25,965.15,0.87643,-1,-1,-1
823,114,1145.18,66.47,349.91,1013.53,0.88474,-1,-1,-1
823,115,904.25,180.08,138.55,535.32,0.82134,-1,-1,-1
823,117,754.71,216.80,147.63,452.07,0.83443,-1,-1,-1
823,119,407.86,210.47,214.20,603.18,0.82051,-1,-1,-1
823,122,603.90,232.25,185.49,540.54,0.86987,-1,-1,-1
823,130,130.17,3.65,321.80,1025.92,0.90971,-1,-1,-1
823,133,1048.19,301.61,104.71,263.53,0.69295,-1,-1,-1
824,102,1384.65,4.85,303.01,975.03,0.88873,-1,-1,-1
824,114,1146.44,47.50,363.31,1032.50,0.87994,-1,-1,-1
824,115,904.75,179.13,140.79,535.44,0.81374,-1,-1,-1
824,117,751.54,212.85,151.53,455.10,0.83425,-1,-1,-1
824,119,405.65,206.33,213.71,612.16,0.83581,-1,-1,-1
824,122,601.39,228.71,186.96,551.01,0.85274,-1,-1,-1
824,130,117.55,0.00,327.37,1050.01,0.90312,-1,-1,-1
824,133,1050.41,301.17,104.05,264.25,0.69428,-1,-1,-1
825,102,1404.59,0.00,293.03,1008.31,0.87861,-1,-1,-1
825,114,1144.14,29.19,388.13,1050.81,0.88094,-1,-1,-1
825,115,906.99,181.29,145.73,532.62,0.81981,-1,-1,-1
825,117,748.33,209.95,158.03,454.63,0.82144,-1,-1,-1
825,119,402.76,203.16,214.24,619.26,0.83753,-1,-1,-1
825,122,599.52,227.20,188.57,566.57,0.84735,-1,-1,-1
825,130,102.09,0.00,336.36,1051.69,0.88209,-1,-1,-1
825,133,1054.22,300.79,102.24,264.56,0.66164,-1,-1,-1
826,102,1421.89,0.00,284.31,1043.56,0.85522,-1,-1,-1
826,114,1138.27,14.19,425.21,1065.81,0.88836,-1,-1,-1
826,115,909.63,177.66,144.57,536.56,0.81744,-1,-1,-1
826,117,747.82,208.81,159.61,454.10,0.82469,-1,-1,-1
826,119,398.86,200.55,216.61,627.39,0.79790,-1,-1,-1
826,122,597.34,227.30,191.84,580.88,0.86091,-1,-1,-1
826,130,87.83,0.00,344.49,1042.97,0.88249,-1,-1,-1
826,133,1056.55,300.07,104.12,264.98,0.64355,-1,-1,-1
827,102,1453.73,0.00,263.25,1070.28,0.86562,-1,-1,-1
827,114,1132.72,3.23,464.02,1076.77,0.90059,-1,-1,-1
827,115,909.23,177.98,151.30,533.27,0.81989,-1,-1,-1
827,117,746.24,208.21,161.96,452.88,0.82158,-1,-1,-1
827,119,393.68,196.94,219.12,636.57,0.78236,-1,-1,-1
827,122,595.29,227.22,193.62,587.82,0.85833,-1,-1,-1
827,130,73.12,0.00,350.31,1063.25,0.89374,-1,-1,-1
827,133,1059.11,298.50,105.28,266.01,0.65291,-1,-1,-1
828,102,1483.00,0.00,249.73,1074.84,0.87270,-1,-1,-1
828,114,1129.84,0.00,510.44,1076.21,0.89795,-1,-1,-1
828,115,907.39,176.46,158.30,531.07,0.80615,-1,-1,-1
828,117,744.78,207.57,163.77,452.72,0.82785,-1,-1,-1
828,119,387.79,192.16,220.18,645.59,0.86857,-1,-1,-1
828,122,593.19,226.84,196.31,592.28,0.86448,-1,-1,-1
828,130,57.39,0.00,357.50,1076.09,0.90803,-1,-1,-1
828,133,1061.64,295.38,107.66,270.17,0.69905,-1,-1,-1
829,102,1500.61,0.06,253.01,1069.83,0.81851,-1,-1,-1
829,114,1128.57,1.95,553.98,1071.69,0.90097,-1,-1,-1
829,115,910.43,176.16,158.91,525.58,0.81032,-1,-1,-1
829,117,746.94,210.44,164.60,452.85,0.82027,-1,-1,-1
829,119,387.16,191.46,213.39,652.38,0.86777,-1,-1,-1
829,122,590.87,231.15,199.33,604.21,0.84130,-1,-1,-1
829,130,41.18,0.67,367.73,1076.84,0.91334,-1,-1,-1
829,133,1068.10,297.76,106.16,268.74,0.74501,-1,-1,-1
830,102,1527.17,0.00,253.27,1069.35,0.80364,-1,-1,-1
830,114,1127.44,2.01,599.76,1071.48,0.90229,-1,-1,-1
830,115,918.58,180.59,154.67,515.64,0.78081,-1,-1,-1
830,117,749.16,213.66,171.97,452.32,0.78902,-1,-1,-1
830,119,387.02,190.65,212.45,658.64,0.87611,-1,-1,-1
830,122,588.99,231.17,203.39,617.79,0.85208,-1,-1,-1
830,130,19.97,0.67,387.16,1075.13,0.91878,-1,-1,-1
830,133,1073.01,298.25,105.87,268.84,0.74903,-1,-1,-1
831,102,1553.50,0.00,262.51,1068.91,0.76569,-1,-1,-1
831,114,1126.32,0.00,653.35,1072.04,0.89828,-1,-1,-1
831,115,921.97,177.66,157.75,516.07,0.80613,-1,-1,-1
831,117,754.67,213.49,165.55,451.93,0.82428,-1,-1,-1
831,119,382.07,188.33,215.58,672.07,0.87429,-1,-1,-1
831,122,586.01,229.20,208.23,630.15,0.85349,-1,-1,-1
831,130,1.67,0.00,407.15,1080.00,0.92329,-1,-1,-1
831,133,1077.00,295.94,109.43,270.05,0.69984,-1,-1,-1
831,134,712.98,241.87,53.62,97.09,0.36080,-1,-1,-1
832,102,1579.72,0.00,269.50,1068.10,0.72465,-1,-1,-1
832,114,1124.36,0.04,694.62,1072.79,0.90198,-1,-1,-1
832,115,931.71,178.11,153.50,514.59,0.80738,-1,-1,-1
832,117,757.99,215.18,162.48,450.55,0.82887,-1,-1,-1
832,119,380.26,188.27,216.42,681.40,0.87928,-1,-1,-1
832,122,584.20,227.88,208.77,636.84,0.84869,-1,-1,-1
832,130,0.00,0.00,415.73,1080.00,0.92805,-1,-1,-1
832,133,1082.78,295.19,109.24,278.80,0.68625,-1,-1,-1
832,134,721.84,244.71,50.52,88.29,0.31096,-1,-1,-1
833,102,1609.51,0.00,275.50,1072.87,0.51733,-1,-1,-1
833,114,1123.35,0.00,749.26,1072.69,0.90969,-1,-1,-1
833,115,930.83,174.44,157.83,521.09,0.80879,-1,-1,-1
833,117,758.42,216.30,164.01,449.70,0.82772,-1,-1,-1
833,119,378.39,187.17,218.49,693.93,0.88584,-1,-1,-1
833,122,582.59,226.90,210.11,646.47,0.85047,-1,-1,-1
833,130,0.00,0.00,422.27,1080.00,0.92649,-1,-1,-1
833,133,1089.03,293.92,109.04,279.83,0.70489,-1,-1,-1
833,134,724.97,245.89,52.62,84.89,0.31245,-1,-1,-1
834,102,1625.51,0.00,291.63,746.47,0.62687,-1,-1,-1
834,114,1124.51,0.00,790.32,1071.46,0.91905,-1,-1,-1
834,115,938.79,173.44,154.23,527.39,0.81253,-1,-1,-1
834,117,764.54,218.35,165.85,448.85,0.82163,-1,-1,-1
834,119,373.42,187.18,222.05,710.09,0.86572,-1,-1,-1
834,122,580.38,223.63,213.58,654.51,0.84480,-1,-1,-1
834,130,0.00,0.00,428.52,1079.91,0.92244,-1,-1,-1
834,133,1095.31,297.02,107.29,276.21,0.64088,-1,-1,-1
835,102,1662.69,0.00,257.31,987.78,0.30056,-1,-1,-1
835,114,1132.11,0.28,787.89,1074.00,0.91248,-1,-1,-1
835,115,936.67,178.66,163.30,526.16,0.76322,-1,-1,-1
835,117,770.55,220.36,166.65,450.03,0.83660,-1,-1,-1
835,119,371.21,188.58,223.54,722.51,0.87848,-1,-1,-1
835,122,579.81,221.47,216.71,662.74,0.84997,-1,-1,-1
835,130,0.00,0.00,431.93,1075.51,0.92779,-1,-1,-1
835,133,1101.46,296.09,106.88,283.52,0.71409,-1,-1,-1
836,102,1702.78,0.39,217.22,1038.50,0.32137,-1,-1,-1
836,114,1145.81,0.43,774.19,1067.66,0.92102,-1,-1,-1
836,115,940.63,182.48,166.09,525.20,0.75178,-1,-1,-1
836,117,781.42,223.31,158.78,448.31,0.84296,-1,-1,-1
836,119,373.01,189.66,219.24,735.20,0.86193,-1,-1,-1
836,122,576.68,220.62,226.68,672.03,0.85789,-1,-1,-1
836,130,0.00,0.81,433.79,1072.54,0.92843,-1,-1,-1
836,133,1112.11,296.75,104.44,283.26,0.73182,-1,-1,-1
837,114,1161.17,2.96,758.83,1066.82,0.92059,-1,-1,-1
837,115,948.09,187.82,163.14,521.73,0.79622,-1,-1,-1
837,117,786.35,224.77,160.82,452.39,0.83332,-1,-1,-1
837,119,373.39,188.56,219.54,747.71,0.85837,-1,-1,-1
837,122,574.31,217.57,235.08,681.54,0.87027,-1,-1,-1
837,130,0.00,0.23,435.26,1072.39,0.93009,-1,-1,-1
837,133,1120.66,297.27,101.68,286.90,0.77101,-1,-1,-1
837,137,744.24,250.73,59.11,219.50,0.37139,-1,-1,-1
838,114,1193.05,3.97,726.95,1067.65,0.88346,-1,-1,-1
838,115,955.29,192.65,163.61,518.68,0.81854,-1,-1,-1
838,117,790.74,225.37,168.69,453.33,0.82944,-1,-1,-1
838,119,371.72,185.73,224.33,760.03,0.85622,-1,-1,-1
838,122,574.52,215.72,237.86,687.09,0.86173,-1,-1,-1
838,130,0.00,0.00,437.49,1070.83,0.92635,-1,-1,-1
838,133,1126.92,298.88,100.00,286.70,0.75455,-1,-1,-1
838,137,745.19,251.34,69.48,250.44,0.31042,-1,-1,-1
839,114,1245.99,3.73,674.01,1065.85,0.89937,-1,-1,-1
839,115,965.17,193.03,157.67,521.37,0.81167,-1,-1,-1
839,117,798.52,226.32,172.10,451.03,0.81471,-1,-1,-1
839,119,370.22,183.82,227.00,777.47,0.84792,-1,-1,-1
839,122,578.13,211.56,239.10,693.92,0.86501,-1,-1,-1
839,130,0.00,0.00,440.62,1069.42,0.92904,-1,-1,-1
839,133,1133.13,296.58,100.84,290.50,0.71515,-1,-1,-1
839,131,748.58,245.50,73.87,224.99,0.37855,-1,-1,-1
840,114,1329.51,1.89,590.49,1066.06,0.77802,-1,-1,-1
840,115,968.34,192.96,157.60,522.63,0.80933,-1,-1,-1
840,117,807.95,223.23,159.95,453.67,0.81479,-1,-1,-1
840,119,368.85,180.83,231.09,788.07,0.82639,-1,-1,-1
840,122,580.18,205.25,243.10,701.16,0.86788,-1,-1,-1
840,130,0.00,0.00,441.61,1069.35,0.92881,-1,-1,-1
840,133,1138.61,295.24,103.37,294.08,0.67407,-1,-1,-1
840,138,1335.83,218.37,216.22,758.36,0.49048,-1,-1,-1
841,114,1415.60,1.23,504.40,1063.52,0.92598,-1,-1,-1
841,115,980.22,189.24,147.93,525.76,0.79728,-1,-1,-1
841,117,816.28,219.80,161.84,455.02,0.81804,-1,-1,-1
841,119,366.40,173.64,233.67,799.96,0.81725,-1,-1,-1
841,122,583.91,198.44,244.49,707.17,0.86219,-1,-1,-1
841,130,0.00,0.00,442.36,1067.64,0.92620,-1,-1,-1
841,133,1148.22,294.13,101.40,296.01,0.71146,-1,-1,-1
841,138,1367.98,230.52,169.56,528.99,0.64106,-1,-1,-1
841,131,754.70,240.21,80.72,230.57,0.46795,-1,-1,-1
842,114,1511.64,1.06,408.36,1063.68,0.86686,-1,-1,-1
842,115,981.34,189.28,151.14,523.21,0.81237,-1,-1,-1
842,117,820.94,218.01,169.11,454.32,0.84813,-1,-1,-1
842,119,362.45,161.95,238.49,811.79,0.83338,-1,-1,-1
842,122,584.38,193.24,248.07,712.40,0.86047,-1,-1,-1
842,130,0.00,0.00,440.76,1067.99,0.92167,-1,-1,-1
842,133,1152.62,293.12,102.06,294.10,0.67302,-1,-1,-1
842,138,1390.71,228.56,201.00,648.42,0.87073,-1,-1,-1
842,131,754.73,234.42,83.93,238.45,0.49842,-1,-1,-1
843,114,1604.10,2.47,315.90,1060.22,0.62108,-1,-1,-1
843,115,988.67,185.55,152.64,523.19,0.81216,-1,-1,-1
843,117,827.22,215.02,169.21,448.78,0.82823,-1,-1,-1
843,119,361.77,149.62,240.39,833.35,0.84440,-1,-1,-1
843,122,582.45,187.42,253.09,729.12,0.84552,-1,-1,-1
843,130,0.00,0.00,438.49,1066.25,0.92302,-1,-1,-1
843,133,1163.82,290.16,98.11,295.17,0.64235,-1,-1,-1
843,138,1406.84,218.37,230.29,683.21,0.89303,-1,-1,-1
843,131,759.39,228.81,84.97,265.60,0.56475,-1,-1,-1
844,114,1688.82,0.00,231.18,1068.39,0.70276,-1,-1,-1
844,115,993.02,179.63,158.26,526.40,0.81735,-1,-1,-1
844,117,831.17,212.59,167.39,445.80,0.83435,-1,-1,-1
844,119,352.72,137.90,250.56,843.26,0.85213,-1,-1,-1
844,122,584.39,181.05,251.79,753.53,0.84778,-1,-1,-1
844,130,0.00,0.00,427.13,1060.55,0.89594,-1,-1,-1
844,133,1168.56,282.22,97.84,300.46,0.74125,-1,-1,-1
844,138,1421.24,207.05,250.21,725.67,0.89116,-1,-1,-1
844,131,759.90,225.61,87.44,260.07,0.53082,-1,-1,-1
845,114,1752.89,1.63,167.11,1062.57,0.68445,-1,-1,-1
845,115,996.37,174.80,154.56,528.35,0.79519,-1,-1,-1
845,117,831.55,205.22,172.45,448.05,0.82456,-1,-1,-1
845,119,339.51,128.64,265.14,848.22,0.85793,-1,-1,-1
845,122,585.07,173.06,257.48,774.58,0.84432,-1,-1,-1
845,130,0.00,0.80,415.21,1061.81,0.81882,-1,-1,-1
845,133,1170.34,275.77,99.22,304.69,0.77230,-1,-1,-1
845,138,1434.76,197.52,267.14,757.15,0.89095,-1,-1,-1
845,131,760.74,218.90,88.81,259.33,0.55377,-1,-1,-1
846,115,998.55,170.13,154.24,530.09,0.79354,-1,-1,-1
846,117,834.15,200.80,172.13,451.03,0.80928,-1,-1,-1
846,119,325.22,119.37,279.65,855.44,0.84124,-1,-1,-1
846,122,585.63,167.45,256.16,786.96,0.82561,-1,-1,-1
846,130,0.00,3.70,397.16,1065.32,0.75726,-1,-1,-1
846,133,1171.30,275.18,101.52,302.21,0.80395,-1,-1,-1
846,138,1443.33,190.33,272.56,778.39,0.90317,-1,-1,-1
846,131,762.53,213.94,87.50,262.19,0.46824,-1,-1,-1
847,115,999.34,161.87,156.86,527.32,0.81039,-1,-1,-1
847,117,835.98,194.31,170.44,452.13,0.81602,-1,-1,-1
847,119,315.65,108.93,291.86,867.87,0.81522,-1,-1,-1
847,122,585.63,156.96,257.41,803.46,0.83187,-1,-1,-1
847,130,0.00,5.49,364.23,1061.02,0.73125,-1,-1,-1
847,133,1178.22,272.39,100.59,298.56,0.70554,-1,-1,-1
847,138,1455.59,184.38,264.89,789.02,0.88748,-1,-1,-1
847,131,759.54,208.91,92.45,261.25,0.57331,-1,-1,-1
848,115,997.03,153.43,160.43,522.89,0.80753,-1,-1,-1
848,117,833.88,188.88,175.77,454.10,0.84880,-1,-1,-1
848,119,305.72,99.67,296.81,880.79,0.86608,-1,-1,-1
848,122,579.85,149.28,262.53,818.95,0.83422,-1,-1,-1
848,130,0.00,5.91,296.26,1053.45,0.64858,-1,-1,-1
848,133,1180.11,268.27,99.58,299.19,0.73409,-1,-1,-1
848,138,1469.10,178.47,258.06,803.09,0.89424,-1,-1,-1
848,131,756.49,204.22,95.52,258.66,0.51929,-1,-1,-1
849,115,995.46,149.38,157.57,519.85,0.80445,-1,-1,-1
849,117,832.64,187.76,177.03,454.41,0.87023,-1,-1,-1
849,119,296.19,94.11,299.41,901.09,0.89276,-1,-1,-1
849,122,567.89,146.27,273.89,856.81,0.86214,-1,-1,-1
849,130,0.00,8.87,232.27,1054.67,0.40099,-1,-1,-1
849,133,1178.99,267.30,98.95,301.00,0.80623,-1,-1,-1
849,138,1482.66,176.03,256.00,831.99,0.89406,-1,-1,-1
849,131,750.65,202.94,99.88,257.06,0.52491,-1,-1,-1
850,115,995.04,144.37,154.34,517.51,0.80624,-1,-1,-1
850,117,829.65,185.08,177.86,453.23,0.87426,-1,-1,-1
850,119,283.82,84.44,304.13,919.98,0.88389,-1,-1,-1
850,122,560.97,139.11,280.07,879.30,0.84991,-1,-1,-1
850,133,1180.19,261.94,95.44,303.09,0.77929,-1,-1,-1
850,138,1495.14,172.92,254.43,849.12,0.89309,-1,-1,-1
850,131,743.90,200.46,103.92,249.75,0.55074,-1,-1,-1
851,115,994.61,139.84,154.85,517.91,0.80432,-1,-1,-1
851,117,827.92,180.25,177.81,456.62,0.86755,-1,-1,-1
851,119,271.49,72.14,310.17,939.95,0.89659,-1,-1,-1
851,122,552.76,132.45,290.25,897.34,0.86853,-1,-1,-1
851,133,1173.29,254.83,105.51,308.22,0.74574,-1,-1,-1
851,138,1507.55,166.48,259.55,864.19,0.90191,-1,-1,-1
851,131,739.58,195.69,106.19,247.80,0.35252,-1,-1,-1
851,130,0.00,5.36,115.61,890.43,0.62203,-1,-1,-1
852,115,992.71,136.02,157.84,517.17,0.80711,-1,-1,-1
852,117,826.21,177.47,179.67,455.88,0.85126,-1,-1,-1
852,119,257.49,63.35,317.67,959.38,0.89179,-1,-1,-1
852,122,544.55,120.06,299.32,914.38,0.87867,-1,-1,-1
852,133,1178.06,249.87,98.57,309.85,0.74040,-1,-1,-1
852,138,1518.03,160.55,267.58,874.36,0.90328,-1,-1,-1
853,115,990.36,132.61,163.30,517.17,0.79967,-1,-1,-1
853,117,823.07,176.72,177.10,453.63,0.84161,-1,-1,-1
853,119,243.38,54.43,324.96,993.36,0.89737,-1,-1,-1
853,122,536.67,108.39,307.58,930.22,0.88698,-1,-1,-1
853,133,1180.80,244.15,98.75,314.35,0.74140,-1,-1,-1
853,138,1527.11,147.00,278.44,892.03,0.90138,-1,-1,-1
854,115,982.41,131.63,168.58,517.02,0.79971,-1,-1,-1
854,117,821.37,176.32,175.70,453.34,0.84683,-1,-1,-1
854,119,223.82,47.35,334.78,1019.25,0.90010,-1,-1,-1
854,122,532.36,99.44,311.53,949.13,0.89280,-1,-1,-1
854,133,1178.36,241.74,98.57,316.77,0.70385,-1,-1,-1
854,138,1532.72,138.08,289.73,909.15,0.90199,-1,-1,-1
855,115,977.66,128.88,173.90,520.16,0.81591,-1,-1,-1
855,117,821.58,173.76,169.97,454.11,0.84183,-1,-1,-1
855,119,206.54,38.41,342.91,1030.80,0.90075,-1,-1,-1
855,122,519.97,88.44,323.14,964.01,0.89412,-1,-1,-1
855,133,1173.09,238.30,98.85,318.80,0.63154,-1,-1,-1
855,138,1540.88,128.83,298.04,922.77,0.90829,-1,-1,-1
856,115,981.14,124.08,165.72,526.60,0.83520,-1,-1,-1
856,117,815.97,171.54,173.04,455.09,0.84548,-1,-1,-1
856,119,184.67,28.62,352.39,1043.80,0.90727,-1,-1,-1
856,122,509.18,76.00,335.41,980.90,0.90228,-1,-1,-1
856,133,1172.73,234.64,95.46,319.16,0.65462,-1,-1,-1
856,138,1542.47,114.36,318.43,941.33,0.91056,-1,-1,-1
857,115,976.88,121.70,168.47,527.96,0.84460,-1,-1,-1
857,117,807.01,168.90,180.65,456.14,0.84924,-1,-1,-1
857,119,180.90,20.16,344.00,1054.89,0.88671,-1,-1,-1
857,122,495.00,65.47,348.73,1003.43,0.90449,-1,-1,-1
857,133,1168.99,230.20,99.05,321.30,0.69984,-1,-1,-1
857,138,1539.60,105.49,339.54,954.94,0.90241,-1,-1,-1
858,115,977.78,121.19,160.78,526.82,0.83533,-1,-1,-1
858,117,801.10,162.22,176.26,460.82,0.83881,-1,-1,-1
858,119,130.41,8.00,378.63,1065.19,0.89988,-1,-1,-1
858,122,481.35,53.64,361.77,1023.64,0.90257,-1,-1,-1
858,133,1166.09,226.14,98.53,323.31,0.69635,-1,-1,-1
858,138,1531.20,91.47,369.79,979.09,0.89797,-1,-1,-1
858,140,1328.66,284.56,98.25,283.29,0.36860,-1,-1,-1
859,115,965.99,123.31,166.88,523.38,0.82763,-1,-1,-1
859,117,798.77,156.70,173.16,462.76,0.82365,-1,-1,-1
859,119,101.55,2.67,390.28,1069.05,0.90674,-1,-1,-1
859,122,470.46,41.09,370.15,1036.94,0.90403,-1,-1,-1
859,133,1162.86,223.36,99.56,323.96,0.71101,-1,-1,-1
859,138,1543.66,78.91,375.61,996.37,0.88077,-1,-1,-1
860,115,959.11,123.60,173.51,522.45,0.84879,-1,-1,-1
860,117,798.34,150.27,170.78,465.48,0.82831,-1,-1,-1
860,119,69.92,0.00,405.06,1072.75,0.90183,-1,-1,-1
860,122,458.66,28.38,379.95,1051.62,0.91632,-1,-1,-1
860,133,1159.38,218.59,100.77,326.49,0.69568,-1,-1,-1
860,138,1555.61,63.61,364.39,1016.39,0.90293,-1,-1,-1
860,140,1326.96,281.77,94.66,279.24,0.31597,-1,-1,-1
861,115,956.01,121.90,176.35,520.70,0.86193,-1,-1,-1
861,117,794.57,145.69,172.25,465.11,0.85115,-1,-1,-1
861,119,39.16,0.00,422.77,1073.74,0.86894,-1,-1,-1
861,122,446.40,16.75,391.42,1062.29,0.91004,-1,-1,-1
861,133,1158.65,214.28,101.97,327.91,0.68713,-1,-1,-1
861,138,1561.66,54.49,358.34,1025.28,0.90744,-1,-1,-1
862,115,953.43,119.97,179.24,520.13,0.84862,-1,-1,-1
862,117,794.05,143.53,173.52,462.28,0.83928,-1,-1,-1
862,119,5.44,0.00,440.63,1074.41,0.78698,-1,-1,-1
862,122,436.85,7.68,398.34,1072.32,0.91366,-1,-1,-1
862,133,1159.98,212.37,100.43,326.58,0.66612,-1,-1,-1
862,138,1572.78,39.61,347.22,1037.73,0.91070,-1,-1,-1
863,115,959.82,115.73,175.14,520.97,0.83049,-1,-1,-1
863,117,794.11,140.91,173.14,460.04,0.84884,-1,-1,-1
863,119,6.03,0.00,424.77,1073.19,0.85255,-1,-1,-1
863,122,426.88,2.00,406.18,1075.06,0.92012,-1,-1,-1
863,133,1160.66,210.76,99.61,324.30,0.64677,-1,-1,-1
863,138,1584.34,32.81,335.66,1042.43,0.90925,-1,-1,-1
864,115,962.87,113.09,175.27,522.79,0.83381,-1,-1,-1
864,117,793.43,139.24,172.92,458.89,0.85428,-1,-1,-1
864,119,1.40,0.00,419.63,1072.85,0.89775,-1,-1,-1
864,122,415.41,0.18,410.90,1075.56,0.92250,-1,-1,-1
864,133,1161.49,207.71,100.20,328.16,0.63914,-1,-1,-1
864,138,1596.28,19.70,323.72,1056.33,0.90404,-1,-1,-1
865,115,962.77,110.11,178.53,527.07,0.82885,-1,-1,-1
865,117,795.54,136.96,171.79,460.21,0.84993,-1,-1,-1
865,119,0.00,0.00,407.83,1072.12,0.91174,-1,-1,-1
865,122,403.38,0.00,415.85,1076.85,0.92018,-1,-1,-1
865,133,1160.44,205.43,104.47,331.51,0.63333,-1,-1,-1
865,138,1612.06,11.36,307.94,1065.70,0.90131,-1,-1,-1
866,115,964.40,107.85,178.87,528.28,0.83390,-1,-1,-1
866,117,797.63,135.27,170.40,463.62,0.85401,-1,-1,-1
866,119,0.00,1.68,377.84,1070.85,0.91173,-1,-1,-1
866,122,385.04,0.00,427.25,1076.02,0.91950,-1,-1,-1
866,133,1164.54,203.52,99.83,332.68,0.68268,-1,-1,-1
866,138,1643.35,1.80,276.65,1073.52,0.88846,-1,-1,-1
867,115,973.10,107.10,173.87,528.25,0.82208,-1,-1,-1
867,117,797.26,137.37,172.42,466.45,0.85713,-1,-1,-1
867,119,0.00,4.26,347.80,1069.03,0.92066,-1,-1,-1
867,122,364.74,3.06,436.14,1071.79,0.91541,-1,-1,-1
867,133,1170.11,202.80,98.16,335.00,0.69889,-1,-1,-1
867,138,1679.87,0.30,240.13,1075.41,0.87278,-1,-1,-1
868,115,983.07,109.18,161.49,521.77,0.82621,-1,-1,-1
868,117,795.08,141.17,176.08,468.59,0.85902,-1,-1,-1
868,119,0.00,5.94,322.82,1068.12,0.91109,-1,-1,-1
868,122,338.17,2.98,448.93,1071.01,0.91926,-1,-1,-1
868,133,1171.17,203.08,99.00,336.99,0.69962,-1,-1,-1
868,138,1706.16,110.91,213.84,961.24,0.75143,-1,-1,-1
869,115,984.62,107.50,158.18,520.04,0.82309,-1,-1,-1
869,117,794.89,142.97,174.51,470.36,0.86291,-1,-1,-1
869,119,0.00,5.42,296.70,1063.15,0.91645,-1,-1,-1
869,122,307.94,2.10,464.56,1070.09,0.91604,-1,-1,-1
869,133,1172.61,203.34,99.03,339.25,0.70791,-1,-1,-1
869,138,1719.32,183.18,200.68,671.47,0.42606,-1,-1,-1
870,115,984.31,109.13,153.59,517.84,0.82439,-1,-1,-1
870,117,795.31,144.71,172.87,472.20,0.86896,-1,-1,-1
870,119,0.00,6.77,271.06,1060.62,0.91263,-1,-1,-1
870,122,273.65,2.15,484.91,1070.65,0.91128,-1,-1,-1
870,133,1172.41,203.47,101.19,342.38,0.71017,-1,-1,-1
870,138,1755.47,206.35,164.53,612.10,0.75979,-1,-1,-1
870,131,629.87,129.67,147.66,395.42,0.57741,-1,-1,-1
871,115,986.37,113.51,146.24,517.40,0.81770,-1,-1,-1
871,117,795.71,150.22,172.30,471.04,0.85872,-1,-1,-1
871,119,0.00,8.03,245.28,1060.54,0.89589,-1,-1,-1
871,122,240.83,2.30,502.00,1071.79,0.91593,-1,-1,-1
871,133,1174.33,205.34,100.64,344.06,0.68779,-1,-1,-1
871,138,1793.12,245.05,126.88,576.72,0.58240,-1,-1,-1
871,131,623.28,136.48,155.08,434.09,0.60720,-1,-1,-1
872,115,988.07,116.74,144.94,517.39,0.81125,-1,-1,-1
872,117,796.73,156.04,170.97,470.51,0.84894,-1,-1,-1
872,119,0.00,9.13,211.94,1057.99,0.87868,-1,-1,-1
872,122,208.29,2.17,521.61,1069.88,0.91461,-1,-1,-1
872,133,1180.68,207.00,96.01,346.19,0.71803,-1,-1,-1
872,131,616.72,141.84,161.06,461.15,0.79420,-1,-1,-1
873,115,988.40,120.61,142.04,515.42,0.81050,-1,-1,-1
873,117,797.76,160.38,171.23,472.50,0.83573,-1,-1,-1
873,119,0.00,38.71,180.50,1030.47,0.86015,-1,-1,-1
873,122,168.13,2.76,548.76,1068.12,0.92370,-1,-1,-1
873,133,1180.70,208.51,98.61,348.52,0.70809,-1,-1,-1
873,131,611.86,145.35,161.61,481.06,0.76249,-1,-1,-1
874,115,988.87,123.58,139.52,519.35,0.79836,-1,-1,-1
874,117,798.95,164.66,170.01,472.89,0.83701,-1,-1,-1
874,119,0.00,98.14,147.70,974.20,0.81191,-1,-1,-1
874,122,128.31,0.41,572.96,1068.71,0.91020,-1,-1,-1
874,133,1179.13,209.79,101.93,349.76,0.72192,-1,-1,-1
874,131,606.44,148.72,165.46,489.53,0.75530,-1,-1,-1
875,115,989.41,128.43,137.61,518.30,0.79089,-1,-1,-1
875,117,801.41,165.56,169.08,474.12,0.82893,-1,-1,-1
875,119,0.07,127.67,122.87,937.45,0.48774,-1,-1,-1
875,122,101.45,0.48,584.91,1066.38,0.91379,-1,-1,-1
875,133,1174.16,211.36,108.53,349.43,0.64940,-1,-1,-1
875,131,599.49,149.56,171.68,494.04,0.77378,-1,-1,-1
876,115,992.92,132.32,133.18,516.95,0.80158,-1,-1,-1
876,117,802.56,167.26,170.06,471.92,0.83717,-1,-1,-1
876,119,0.26,196.68,135.64,853.96,0.37066,-1,-1,-1
876,122,34.70,0.40,634.44,1068.80,0.89767,-1,-1,-1
876,133,1174.65,211.22,112.95,351.03,0.60668,-1,-1,-1
876,131,590.89,148.67,177.85,501.08,0.80026,-1,-1,-1
877,115,992.48,134.67,131.28,517.77,0.81149,-1,-1,-1
877,117,802.70,167.50,170.88,465.39,0.83419,-1,-1,-1
877,122,3.57,0.11,647.20,1068.87,0.93687,-1,-1,-1
877,133,1174.21,210.11,113.30,354.11,0.64023,-1,-1,-1
877,131,582.81,146.97,173.64,506.20,0.78793,-1,-1,-1
878,115,987.23,134.89,134.64,516.21,0.79963,-1,-1,-1
878,117,801.55,165.26,169.91,469.65,0.82936,-1,-1,-1
878,122,0.00,0.31,632.54,1069.94,0.94165,-1,-1,-1
878,133,1175.93,207.82,113.53,357.04,0.64394,-1,-1,-1
878,131,571.61,143.43,185.18,512.75,0.79667,-1,-1,-1
879,115,986.08,135.53,133.51,513.86,0.81623,-1,-1,-1
879,117,800.71,162.51,169.10,473.73,0.83881,-1,-1,-1
879,122,0.00,0.00,610.76,1069.00,0.92398,-1,-1,-1
879,133,1172.68,206.66,113.55,357.76,0.69108,-1,-1,-1
879,131,559.91,142.45,192.84,516.49,0.83913,-1,-1,-1
880,115,982.64,135.32,135.28,511.59,0.81035,-1,-1,-1
880,117,800.13,158.84,169.84,470.82,0.85049,-1,-1,-1
880,122,0.00,2.60,586.01,1066.85,0.91673,-1,-1,-1
880,133,1171.39,203.60,113.92,360.56,0.71626,-1,-1,-1
880,131,548.06,141.65,202.43,520.93,0.85153,-1,-1,-1
880,142,705.65,221.07,95.43,347.53,0.46233,-1,-1,-1
881,115,978.25,134.67,139.56,510.95,0.80711,-1,-1,-1
881,117,798.68,156.51,171.51,466.93,0.86029,-1,-1,-1
881,122,0.00,2.08,560.14,1065.14,0.92611,-1,-1,-1
881,133,1175.01,199.85,111.37,364.38,0.71106,-1,-1,-1
881,131,534.29,141.58,219.91,523.73,0.82975,-1,-1,-1
881,142,699.70,219.76,96.78,360.89,0.55978,-1,-1,-1
882,115,968.86,132.53,145.05,514.58,0.84123,-1,-1,-1
882,117,796.45,153.58,171.15,468.24,0.85550,-1,-1,-1
882,122,0.00,2.87,536.24,1064.58,0.92084,-1,-1,-1
882,133,1175.93,198.92,112.17,365.17,0.75183,-1,-1,-1
882,131,522.86,140.05,226.28,532.92,0.81729,-1,-1,-1
882,142,697.08,222.86,95.49,361.01,0.62692,-1,-1,-1
883,115,964.27,126.40,141.45,521.05,0.83401,-1,-1,-1
883,117,794.28,151.75,171.39,466.47,0.85318,-1,-1,-1
883,122,0.00,4.11,511.08,1061.60,0.93802,-1,-1,-1
883,133,1175.60,200.62,113.47,364.22,0.76319,-1,-1,-1
883,131,508.16,139.83,235.78,538.09,0.81782,-1,-1,-1
883,142,689.83,219.29,103.33,366.89,0.62660,-1,-1,-1
884,115,960.03,122.34,142.22,523.58,0.76813,-1,-1,-1
884,117,793.69,149.85,169.66,466.53,0.83491,-1,-1,-1
884,122,0.00,3.84,472.18,1059.32,0.91465,-1,-1,-1
884,133,1176.57,199.30,112.85,367.01,0.74446,-1,-1,-1
884,131,494.80,137.69,236.56,543.89,0.78632,-1,-1,-1
884,142,675.59,224.40,114.35,359.33,0.47602,-1,-1,-1
885,115,958.49,118.25,141.80,525.84,0.79791,-1,-1,-1
885,117,790.03,148.36,169.47,469.59,0.82735,-1,-1,-1
885,122,0.00,5.66,425.34,1058.57,0.91000,-1,-1,-1
885,133,1175.19,198.82,115.57,367.64,0.72640,-1,-1,-1
885,131,483.71,137.47,240.96,550.74,0.76942,-1,-1,-1
885,142,666.35,226.05,119.11,350.54,0.47049,-1,-1,-1
886,115,955.73,116.68,141.09,520.01,0.81778,-1,-1,-1
886,117,784.00,147.93,168.78,474.12,0.83481,-1,-1,-1
886,122,0.00,4.63,373.85,1060.70,0.87957,-1,-1,-1
886,133,1172.70,201.35,117.70,368.51,0.73628,-1,-1,-1
886,131,463.38,136.24,245.03,559.82,0.78969,-1,-1,-1
886,142,658.16,218.17,119.05,323.90,0.34955,-1,-1,-1
887,115,952.93,116.35,141.72,515.97,0.80758,-1,-1,-1
887,117,773.02,151.79,174.89,472.37,0.84736,-1,-1,-1
887,122,0.00,14.15,312.02,1050.80,0.42532,-1,-1,-1
887,133,1170.19,204.10,114.96,368.79,0.77832,-1,-1,-1
887,131,446.18,128.17,254.25,572.71,0.86191,-1,-1,-1
887,142,644.44,221.65,123.96,311.42,0.44846,-1,-1,-1
888,115,935.33,121.38,152.49,504.67,0.81700,-1,-1,-1
888,117,771.63,153.25,170.20,471.19,0.82982,-1,-1,-1
888,133,1165.79,204.36,117.08,367.70,0.74105,-1,-1,-1
888,131,430.23,119.34,260.16,584.83,0.83552,-1,-1,-1
888,142,633.75,214.67,122.36,314.42,0.45315,-1,-1,-1
889,115,927.36,117.07,153.03,508.71,0.79675,-1,-1,-1
889,117,762.13,155.26,170.85,471.20,0.78561,-1,-1,-1
889,133,1161.26,204.39,118.04,369.48,0.70530,-1,-1,-1
889,131,412.15,110.78,265.42,593.56,0.85784,-1,-1,-1
889,142,613.21,221.63,126.52,312.07,0.30145,-1,-1,-1
890,115,901.27,119.29,162.12,509.73,0.80889,-1,-1,-1
890,117,747.99,161.04,168.47,471.24,0.81301,-1,-1,-1
890,133,1150.83,207.54,116.63,370.46,0.72541,-1,-1,-1
890,131,388.99,105.50,260.73,605.40,0.83541,-1,-1,-1
890,142,591.08,199.55,126.68,380.07,0.40521,-1,-1,-1
891,115,896.03,120.90,160.35,512.77,0.83321,-1,-1,-1
891,117,729.36,164.54,175.54,469.71,0.85181,-1,-1,-1
891,133,1141.32,210.56,117.16,370.54,0.78540,-1,-1,-1
891,131,362.72,95.83,272.48,620.04,0.75323,-1,-1,-1
891,142,588.78,207.78,110.68,372.26,0.37408,-1,-1,-1
892,115,884.79,123.37,159.07,513.79,0.84817,-1,-1,-1
892,117,715.85,167.35,175.10,468.80,0.83560,-1,-1,-1
892,133,1133.02,213.44,114.40,371.33,0.78254,-1,-1,-1
892,131,339.77,88.08,280.67,634.21,0.85119,-1,-1,-1
893,115,874.10,126.40,159.83,514.72,0.82607,-1,-1,-1
893,117,703.74,167.39,174.49,470.84,0.81861,-1,-1,-1
893,133,1123.71,215.43,116.39,376.81,0.79062,-1,-1,-1
893,131,315.39,84.27,287.69,646.61,0.75654,-1,-1,-1
893,142,525.97,214.13,134.75,398.37,0.40914,-1,-1,-1
894,115,863.70,131.76,160.56,516.83,0.75912,-1,-1,-1
894,117,693.33,168.87,172.35,473.34,0.84622,-1,-1,-1
894,133,1117.20,218.77,115.67,377.23,0.79283,-1,-1,-1
894,131,295.53,82.78,295.91,654.75,0.83815,-1,-1,-1
894,142,501.68,222.09,153.86,408.79,0.36779,-1,-1,-1
895,115,849.29,135.51,160.62,518.95,0.77645,-1,-1,-1
895,117,681.95,171.07,170.10,472.41,0.85661,-1,-1,-1
895,133,1109.35,221.20,119.88,379.26,0.79653,-1,-1,-1
895,131,278.50,79.92,301.72,670.43,0.70929,-1,-1,-1
895,142,500.45,227.53,150.84,408.04,0.35989,-1,-1,-1
896,115,833.10,138.44,175.25,519.10,0.82836,-1,-1,-1
896,117,673.74,170.97,170.01,469.29,0.83342,-1,-1,-1
896,133,1103.59,224.94,123.65,377.10,0.75021,-1,-1,-1
896,131,260.43,77.19,296.38,683.92,0.83875,-1,-1,-1
896,142,490.95,198.31,146.74,449.78,0.44642,-1,-1,-1
897,115,822.83,143.68,180.95,515.38,0.82828,-1,-1,-1
897,117,667.37,170.96,168.36,467.28,0.80881,-1,-1,-1
897,133,1097.83,227.59,125.77,377.23,0.78753,-1,-1,-1
897,131,243.76,72.41,303.62,703.69,0.86778,-1,-1,-1
897,142,497.46,184.75,127.27,462.10,0.37720,-1,-1,-1
898,115,821.49,147.53,183.27,514.90,0.83172,-1,-1,-1
898,117,664.64,170.76,167.00,466.10,0.82048,-1,-1,-1
898,133,1096.44,228.80,126.72,380.71,0.80176,-1,-1,-1
898,131,232.39,67.83,309.51,733.56,0.86658,-1,-1,-1
898,142,489.11,179.01,128.37,474.08,0.53830,-1,-1,-1
899,115,819.81,149.53,186.38,515.19,0.83287,-1,-1,-1
899,117,657.71,170.22,172.73,473.31,0.78959,-1,-1,-1
899,133,1095.96,231.48,126.79,380.36,0.79061,-1,-1,-1
899,131,220.92,65.26,313.25,747.84,0.83463,-1,-1,-1
899,142,469.73,174.73,140.08,489.18,0.47939,-1,-1,-1
900,115,822.97,151.94,185.55,514.29,0.82386,-1,-1,-1
900,117,658.11,169.96,172.26,479.62,0.80989,-1,-1,-1
900,133,1099.12,230.96,129.30,384.02,0.80671,-1,-1,-1
900,131,213.66,60.32,296.32,761.18,0.79078,-1,-1,-1
900,142,458.76,170.63,147.04,504.40,0.59404,-1,-1,-1
