1,1,1338.47,417.89,163.02,358.62,0.80950,-1,-1,-1
1,2,584.16,443.37,91.76,264.69,0.76291,-1,-1,-1
1,3,440.00,445.86,112.19,273.44,0.67640,-1,-1,-1
1,4,1455.17,432.63,141.40,332.67,0.64238,-1,-1,-1
1,5,730.90,456.70,35.97,111.43,0.56238,-1,-1,-1
1,6,916.81,431.52,59.63,154.79,0.38959,-1,-1,-1
2,1,1341.28,417.62,163.19,359.15,0.83136,-1,-1,-1
2,2,584.82,442.90,91.61,264.20,0.76557,-1,-1,-1
2,3,439.71,445.27,112.63,274.28,0.68991,-1,-1,-1
2,4,1454.86,436.83,141.14,331.76,0.67267,-1,-1,-1
2,5,731.77,457.26,35.62,110.30,0.53217,-1,-1,-1
2,6,916.62,432.17,59.58,154.64,0.40025,-1,-1,-1
3,1,1348.08,423.28,166.63,365.89,0.83559,-1,-1,-1
3,2,585.47,443.03,91.49,263.65,0.75619,-1,-1,-1
3,3,439.37,443.73,113.60,276.34,0.69804,-1,-1,-1
3,4,1466.07,441.54,139.08,327.10,0.73282,-1,-1,-1
3,5,732.38,460.18,34.57,106.79,0.53134,-1,-1,-1
3,6,916.68,432.66,59.36,153.92,0.40371,-1,-1,-1
4,1,1352.56,421.70,171.38,375.82,0.82423,-1,-1,-1
4,2,585.13,443.79,91.74,264.26,0.76721,-1,-1,-1
4,3,440.78,442.71,114.07,276.91,0.74377,-1,-1,-1
4,4,1471.00,434.58,140.98,333.27,0.73076,-1,-1,-1
4,5,732.74,459.11,35.42,109.30,0.51840,-1,-1,-1
4,6,917.09,432.03,59.51,154.17,0.42026,-1,-1,-1
5,1,1353.14,419.42,175.60,385.10,0.84835,-1,-1,-1
5,2,585.41,444.01,91.73,264.05,0.76569,-1,-1,-1
5,3,445.28,443.47,113.35,274.47,0.69004,-1,-1,-1
5,4,1473.15,429.51,141.89,338.49,0.74081,-1,-1,-1
5,5,732.93,458.98,35.42,109.30,0.51870,-1,-1,-1
5,6,916.86,431.28,59.72,154.52,0.40918,-1,-1,-1
6,1,1356.80,418.59,176.81,388.35,0.84730,-1,-1,-1
6,2,584.08,443.49,92.69,266.94,0.76166,-1,-1,-1
6,3,450.75,443.76,113.48,274.39,0.69540,-1,-1,-1
6,4,1478.19,426.51,141.47,341.99,0.72405,-1,-1,-1
6,5,732.85,457.53,35.64,110.25,0.53454,-1,-1,-1
6,6,916.62,430.51,60.38,155.98,0.42049,-1,-1,-1
7,1,1361.17,418.99,174.20,385.24,0.85599,-1,-1,-1
7,2,583.93,442.99,92.98,268.08,0.76731,-1,-1,-1
7,3,450.47,444.57,113.88,274.31,0.73087,-1,-1,-1
7,4,1482.86,430.33,138.22,339.32,0.76841,-1,-1,-1
7,5,732.83,457.81,35.43,109.92,0.54868,-1,-1,-1
7,6,915.79,430.61,60.42,155.87,0.37422,-1,-1,-1
8,1,1370.27,415.32,172.37,386.75,0.80565,-1,-1,-1
8,2,584.37,442.92,92.70,267.36,0.78251,-1,-1,-1
8,3,451.40,444.07,114.31,274.58,0.74709,-1,-1,-1
8,4,1485.73,422.73,139.00,347.94,0.76958,-1,-1,-1
8,5,733.08,457.13,35.32,109.70,0.54180,-1,-1,-1
8,6,914.95,428.48,61.19,157.95,0.38479,-1,-1,-1
9,1,1379.71,409.62,171.44,392.09,0.74532,-1,-1,-1
9,2,584.29,442.60,92.79,268.13,0.77941,-1,-1,-1
9,3,455.21,444.11,114.05,274.31,0.74333,-1,-1,-1
9,4,1491.42,422.01,136.01,347.94,0.74832,-1,-1,-1
9,5,732.91,456.97,35.71,111.01,0.53475,-1,-1,-1
9,6,914.90,430.24,60.85,157.31,0.17228,-1,-1,-1
9,10,698.79,451.31,36.77,135.32,0.33999,-1,-1,-1
10,1,1393.87,413.50,163.91,382.65,0.79158,-1,-1,-1
10,2,584.71,442.77,92.74,268.21,0.78207,-1,-1,-1
10,3,457.21,443.85,114.07,274.37,0.71818,-1,-1,-1
10,4,1493.41,418.09,137.22,355.33,0.66935,-1,-1,-1
10,5,733.04,457.45,35.41,109.80,0.52005,-1,-1,-1
10,6,915.55,429.99,60.54,156.05,0.17468,-1,-1,-1
10,10,698.75,452.33,37.49,138.11,0.31189,-1,-1,-1
11,1,1404.80,412.58,161.85,385.73,0.76909,-1,-1,-1
11,2,585.34,442.83,92.27,267.05,0.77040,-1,-1,-1
11,3,455.91,442.75,114.76,275.85,0.68979,-1,-1,-1
11,4,1508.65,418.82,132.21,350.58,0.79547,-1,-1,-1
11,5,733.21,458.50,35.81,110.59,0.56647,-1,-1,-1
11,6,915.23,429.43,60.62,156.03,0.20601,-1,-1,-1
11,10,698.81,452.70,36.76,135.28,0.25059,-1,-1,-1
12,1,1416.61,409.17,159.37,388.30,0.72752,-1,-1,-1
12,2,585.47,442.26,92.22,266.93,0.76688,-1,-1,-1
12,3,453.55,442.21,115.44,276.27,0.66789,-1,-1,-1
12,4,1518.94,418.86,130.02,353.07,0.77323,-1,-1,-1
12,5,732.32,456.74,36.70,112.95,0.60510,-1,-1,-1
12,6,915.13,429.37,60.53,155.93,0.20179,-1,-1,-1
12,10,698.88,453.33,36.45,134.03,0.22780,-1,-1,-1
13,1,1428.45,411.85,156.09,386.81,0.70198,-1,-1,-1
13,2,585.40,442.01,92.38,267.28,0.75404,-1,-1,-1
13,3,450.42,442.87,116.30,276.34,0.70429,-1,-1,-1
13,4,1526.98,420.24,129.87,357.59,0.75143,-1,-1,-1
13,5,731.09,456.27,38.05,117.03,0.58239,-1,-1,-1
13,6,915.27,429.37,60.50,156.12,0.25370,-1,-1,-1
14,1,1440.08,410.23,154.37,387.38,0.57714,-1,-1,-1
14,2,584.88,442.19,92.79,267.98,0.75024,-1,-1,-1
14,3,448.90,442.02,118.16,280.37,0.63964,-1,-1,-1
14,4,1536.27,416.61,135.13,369.99,0.61445,-1,-1,-1
14,5,730.58,456.45,38.61,118.48,0.55073,-1,-1,-1
14,6,915.33,429.64,60.27,155.53,0.18640,-1,-1,-1
15,1,1441.48,415.46,147.74,382.06,0.49073,-1,-1,-1
15,2,583.93,442.43,93.17,269.24,0.76988,-1,-1,-1
15,3,447.36,442.85,118.95,282.06,0.65804,-1,-1,-1
15,4,1549.54,421.86,139.95,373.38,0.59592,-1,-1,-1
15,5,730.12,453.31,40.19,123.61,0.60699,-1,-1,-1
15,6,915.01,427.64,61.14,158.27,0.30967,-1,-1,-1
16,1,1445.86,422.10,142.51,377.28,0.40137,-1,-1,-1
16,2,583.79,443.67,92.60,267.44,0.76832,-1,-1,-1
16,3,445.17,442.65,119.22,283.47,0.65132,-1,-1,-1
16,4,1563.74,421.12,146.52,381.43,0.67421,-1,-1,-1
16,5,730.00,453.82,39.82,123.18,0.49120,-1,-1,-1
16,6,915.38,426.16,61.49,159.86,0.23257,-1,-1,-1
16,22,1383.88,422.74,53.33,134.79,0.38550,-1,-1,-1
17,1,1452.42,420.88,143.90,381.40,0.36272,-1,-1,-1
17,2,583.65,445.34,92.60,267.31,0.76512,-1,-1,-1
17,3,444.72,442.64,119.28,284.56,0.65901,-1,-1,-1
17,4,1574.75,421.01,151.64,385.20,0.77246,-1,-1,-1
17,5,728.93,454.77,39.14,121.52,0.44924,-1,-1,-1
17,22,1385.44,426.24,51.83,130.81,0.18891,-1,-1,-1
18,1,1474.99,420.81,152.28,388.43,0.68369,-1,-1,-1
18,2,583.66,445.01,92.95,268.36,0.78996,-1,-1,-1
18,3,445.73,442.88,118.79,284.71,0.71597,-1,-1,-1
18,4,1585.50,426.27,153.20,383.23,0.71041,-1,-1,-1
18,5,728.06,456.75,38.34,119.10,0.44044,-1,-1,-1
18,28,1255.22,436.64,34.77,107.24,0.38487,-1,-1,-1
19,1,1469.17,414.79,154.05,390.45,0.46342,-1,-1,-1
19,2,584.56,445.12,93.38,269.27,0.76781,-1,-1,-1
19,3,447.42,444.55,118.18,284.61,0.70915,-1,-1,-1
19,4,1587.46,451.86,149.75,361.86,0.68296,-1,-1,-1
19,5,727.00,458.73,37.89,117.19,0.40683,-1,-1,-1
19,28,1254.73,435.88,35.06,108.11,0.40176,-1,-1,-1
20,1,1467.55,411.61,156.43,394.39,0.36836,-1,-1,-1
20,2,586.69,445.77,93.49,267.62,0.77835,-1,-1,-1
20,3,450.25,448.57,116.22,279.94,0.70940,-1,-1,-1
20,4,1606.98,457.11,148.29,349.71,0.63323,-1,-1,-1
20,5,725.99,455.30,38.72,119.38,0.41039,-1,-1,-1
20,28,1254.74,436.35,34.76,107.16,0.32721,-1,-1,-1
21,1,1490.04,412.50,168.44,403.58,0.72919,-1,-1,-1
21,2,588.02,444.49,94.78,269.07,0.79046,-1,-1,-1
21,3,450.98,448.06,115.63,279.28,0.69672,-1,-1,-1
21,4,1617.81,455.35,147.19,349.03,0.65550,-1,-1,-1
21,5,726.09,453.41,39.48,121.82,0.38365,-1,-1,-1
21,28,1253.96,439.17,33.28,102.26,0.33493,-1,-1,-1
22,1,1489.97,411.97,174.81,405.74,0.53031,-1,-1,-1
22,2,588.59,444.08,95.63,269.11,0.77767,-1,-1,-1
22,3,452.68,447.15,115.77,280.39,0.59804,-1,-1,-1
22,4,1627.13,436.62,152.97,364.51,0.70148,-1,-1,-1
22,5,725.53,458.48,38.02,114.81,0.36687,-1,-1,-1
22,28,1256.17,437.96,35.16,107.23,0.36769,-1,-1,-1
23,1,1482.67,411.64,171.24,395.13,0.48049,-1,-1,-1
23,2,588.25,443.84,96.56,269.01,0.77615,-1,-1,-1
23,3,458.51,446.36,115.50,281.48,0.68743,-1,-1,-1
23,4,1623.63,427.13,153.65,374.43,0.62673,-1,-1,-1
23,5,725.50,463.81,36.85,107.16,0.36257,-1,-1,-1
23,28,1253.91,440.10,34.09,103.37,0.33788,-1,-1,-1
24,1,1493.33,408.06,180.77,408.44,0.70327,-1,-1,-1
24,2,588.42,443.82,97.20,268.54,0.75480,-1,-1,-1
24,3,463.45,445.37,116.17,284.96,0.68379,-1,-1,-1
24,4,1630.17,421.27,151.88,378.25,0.62551,-1,-1,-1
24,5,726.36,461.87,38.20,107.95,0.43059,-1,-1,-1
24,28,1255.85,438.21,35.72,107.25,0.29644,-1,-1,-1
25,1,1500.02,406.83,185.07,411.67,0.63454,-1,-1,-1
25,2,588.66,443.71,97.94,268.70,0.74300,-1,-1,-1
25,3,464.33,444.73,116.98,288.26,0.63364,-1,-1,-1
25,4,1641.29,417.27,151.42,384.63,0.66741,-1,-1,-1
25,5,725.65,462.84,38.28,104.77,0.40146,-1,-1,-1
26,1,1514.74,408.67,189.99,411.21,0.59706,-1,-1,-1
26,2,588.61,444.07,98.28,268.68,0.72394,-1,-1,-1
26,3,464.80,442.02,118.42,293.43,0.65871,-1,-1,-1
26,4,1647.00,419.59,146.90,381.91,0.66183,-1,-1,-1
26,5,725.35,463.28,39.23,104.27,0.44013,-1,-1,-1
27,1,1523.98,410.42,192.54,411.76,0.56340,-1,-1,-1
27,2,588.82,443.57,98.75,269.91,0.72911,-1,-1,-1
27,3,466.81,443.47,116.84,290.49,0.62273,-1,-1,-1
27,4,1658.23,414.46,144.41,384.08,0.66516,-1,-1,-1
27,5,723.02,458.60,41.23,109.02,0.35631,-1,-1,-1
28,1,1526.42,405.00,195.06,422.96,0.58301,-1,-1,-1
28,2,591.19,443.41,98.83,270.62,0.73865,-1,-1,-1
28,3,468.59,441.99,116.99,292.64,0.60262,-1,-1,-1
28,4,1668.78,411.20,142.13,385.14,0.65714,-1,-1,-1
28,5,723.88,460.51,41.59,107.83,0.36269,-1,-1,-1
28,43,1417.91,438.56,65.72,119.79,0.55306,-1,-1,-1
29,1,1534.29,396.64,195.74,432.71,0.70387,-1,-1,-1
29,2,592.94,443.52,98.64,270.64,0.73047,-1,-1,-1
29,3,471.12,442.04,116.13,292.07,0.58539,-1,-1,-1
29,4,1678.46,418.85,140.42,381.50,0.71482,-1,-1,-1
29,5,724.01,460.35,43.41,110.81,0.35056,-1,-1,-1
29,43,1420.48,436.49,66.46,121.63,0.54039,-1,-1,-1
30,1,1552.96,391.91,192.85,437.34,0.74683,-1,-1,-1
30,2,594.35,443.48,98.68,271.21,0.74790,-1,-1,-1
30,3,473.34,442.16,115.52,292.12,0.64439,-1,-1,-1
30,4,1686.14,426.35,140.74,374.51,0.64009,-1,-1,-1
30,5,722.84,458.64,44.55,113.95,0.36492,-1,-1,-1
30,43,1423.09,433.06,67.52,124.63,0.59464,-1,-1,-1
31,1,1575.99,390.58,189.99,437.57,0.73527,-1,-1,-1
31,2,596.26,443.21,98.60,272.08,0.75116,-1,-1,-1
31,3,475.44,443.20,114.03,288.63,0.65156,-1,-1,-1
31,4,1712.45,418.75,150.31,387.19,0.66018,-1,-1,-1
31,5,721.22,457.55,45.81,117.82,0.43851,-1,-1,-1
31,43,1428.14,430.18,68.01,127.36,0.57483,-1,-1,-1
32,1,1591.89,393.76,189.35,441.28,0.79052,-1,-1,-1
32,2,597.96,443.08,98.45,272.75,0.76185,-1,-1,-1
32,3,476.93,444.28,113.72,288.68,0.63868,-1,-1,-1
32,4,1732.54,417.76,154.21,389.54,0.73267,-1,-1,-1
32,5,719.80,458.66,45.96,119.29,0.42368,-1,-1,-1
32,43,1433.21,430.47,66.46,126.76,0.53106,-1,-1,-1
32,49,1080.98,451.62,53.60,143.62,0.35392,-1,-1,-1
33,1,1601.32,394.22,191.52,450.29,0.80781,-1,-1,-1
33,2,599.64,443.89,97.77,271.67,0.76635,-1,-1,-1
33,3,477.18,444.09,114.75,292.83,0.70396,-1,-1,-1
33,4,1744.97,414.35,159.35,396.75,0.64941,-1,-1,-1
33,5,718.68,458.81,45.55,119.03,0.37165,-1,-1,-1
33,43,1437.65,430.95,64.93,126.43,0.57794,-1,-1,-1
33,49,1079.77,451.71,53.79,144.11,0.38035,-1,-1,-1
34,1,1611.09,394.29,190.54,448.27,0.80330,-1,-1,-1
34,2,601.73,443.43,97.17,271.86,0.76218,-1,-1,-1
34,3,476.72,443.94,116.28,298.47,0.72974,-1,-1,-1
34,4,1757.91,447.05,151.59,368.99,0.31796,-1,-1,-1
34,5,716.62,457.09,45.80,120.67,0.36422,-1,-1,-1
34,43,1442.37,430.66,63.66,126.75,0.60209,-1,-1,-1
34,49,1078.43,447.36,55.22,148.05,0.26379,-1,-1,-1
35,1,1621.57,393.25,193.75,454.29,0.84942,-1,-1,-1
35,2,603.12,443.89,96.44,271.23,0.77239,-1,-1,-1
35,3,476.22,443.85,116.44,300.16,0.74072,-1,-1,-1
35,4,1761.37,431.12,158.63,394.60,0.41232,-1,-1,-1
35,5,716.94,458.35,44.94,119.48,0.34589,-1,-1,-1
35,43,1445.37,431.61,61.38,125.14,0.57072,-1,-1,-1
35,49,1077.55,449.81,54.42,146.08,0.29699,-1,-1,-1
36,1,1633.74,394.70,200.61,466.08,0.81849,-1,-1,-1
36,2,604.41,444.19,95.67,270.67,0.77260,-1,-1,-1
36,3,475.48,443.94,116.80,302.04,0.70733,-1,-1,-1
36,4,1763.65,420.10,156.35,403.19,0.55010,-1,-1,-1
36,5,715.54,457.02,45.02,120.08,0.31190,-1,-1,-1
36,43,1448.10,432.55,59.99,124.95,0.57630,-1,-1,-1
36,49,1077.36,449.95,54.28,146.03,0.32812,-1,-1,-1
37,1,1650.66,396.51,208.28,471.65,0.79210,-1,-1,-1
37,2,605.95,444.77,94.97,270.10,0.76996,-1,-1,-1
37,3,476.31,444.48,114.75,296.98,0.66622,-1,-1,-1
37,4,1768.90,419.93,151.10,401.82,0.60445,-1,-1,-1
37,5,715.13,454.58,45.77,122.97,0.31375,-1,-1,-1
37,43,1452.56,432.97,58.98,125.43,0.54772,-1,-1,-1
37,49,1078.70,450.44,53.81,145.47,0.17972,-1,-1,-1
38,1,1653.41,400.62,213.55,473.62,0.85385,-1,-1,-1
38,2,606.65,444.23,94.86,271.02,0.76700,-1,-1,-1
38,3,478.02,444.69,112.91,291.43,0.68484,-1,-1,-1
38,4,1779.26,426.45,140.74,393.08,0.27618,-1,-1,-1
38,5,712.37,453.14,47.56,128.52,0.30816,-1,-1,-1
38,43,1455.58,432.17,58.15,126.12,0.60355,-1,-1,-1
38,49,1080.80,453.21,52.45,142.51,0.18734,-1,-1,-1
38,28,1256.86,430.53,38.51,114.77,0.32347,-1,-1,-1
39,1,1656.02,403.09,218.18,473.17,0.87075,-1,-1,-1
39,2,607.54,443.41,94.98,272.11,0.77977,-1,-1,-1
39,3,478.24,444.58,113.71,293.43,0.70659,-1,-1,-1
39,4,1792.51,429.30,127.49,380.65,0.52026,-1,-1,-1
39,5,714.01,452.72,46.52,126.68,0.24077,-1,-1,-1
39,43,1458.17,431.82,57.07,125.86,0.58436,-1,-1,-1
39,49,1080.87,452.81,52.32,142.49,0.27889,-1,-1,-1
39,28,1257.02,430.49,38.89,114.99,0.41965,-1,-1,-1
40,1,1657.72,404.06,223.76,474.19,0.86223,-1,-1,-1
40,2,608.37,443.67,94.74,272.28,0.77458,-1,-1,-1
40,3,478.07,445.58,114.57,295.01,0.68199,-1,-1,-1
40,4,1799.23,424.61,120.77,387.07,0.59628,-1,-1,-1
40,43,1461.44,432.71,55.63,124.19,0.56465,-1,-1,-1
40,49,1081.30,453.09,51.89,142.17,0.19000,-1,-1,-1
40,28,1256.56,431.31,38.69,114.28,0.44138,-1,-1,-1
41,1,1662.33,401.81,232.50,482.05,0.86542,-1,-1,-1
41,2,610.59,443.59,94.58,272.65,0.79168,-1,-1,-1
41,3,478.70,446.89,114.46,295.01,0.68352,-1,-1,-1
41,4,1804.21,405.38,115.79,410.01,0.68544,-1,-1,-1
41,43,1463.97,433.90,54.39,121.79,0.50775,-1,-1,-1
41,49,1081.12,454.77,51.22,140.99,0.19255,-1,-1,-1
41,28,1256.71,430.64,39.06,115.04,0.48002,-1,-1,-1
41,5,707.25,452.01,47.32,127.39,0.31044,-1,-1,-1
42,1,1664.28,401.30,235.66,480.66,0.84173,-1,-1,-1
42,2,611.99,443.01,94.06,272.29,0.79920,-1,-1,-1
42,3,476.47,447.35,116.85,300.98,0.66071,-1,-1,-1
42,4,1810.90,395.19,109.10,422.48,0.64969,-1,-1,-1
42,43,1466.21,434.45,53.80,121.12,0.55566,-1,-1,-1
42,49,1081.62,455.06,51.13,140.87,0.32989,-1,-1,-1
42,28,1256.99,430.12,39.39,115.52,0.48999,-1,-1,-1
42,5,701.29,449.91,47.37,129.20,0.23604,-1,-1,-1
43,1,1668.44,402.93,238.28,480.90,0.85020,-1,-1,-1
43,2,613.55,443.33,93.51,271.82,0.78861,-1,-1,-1
43,3,471.39,446.08,119.35,306.44,0.62456,-1,-1,-1
43,4,1818.98,393.55,101.02,425.83,0.59203,-1,-1,-1
43,43,1468.47,433.53,53.89,121.81,0.57968,-1,-1,-1
43,49,1081.41,451.46,52.61,145.95,0.28175,-1,-1,-1
43,28,1257.48,427.35,40.48,118.11,0.47089,-1,-1,-1
43,5,699.24,448.73,45.76,126.69,0.17975,-1,-1,-1
44,1,1671.68,396.19,240.89,485.25,0.84590,-1,-1,-1
44,2,614.36,443.57,93.17,271.43,0.79912,-1,-1,-1
44,3,470.00,446.12,121.78,312.21,0.64873,-1,-1,-1
44,43,1471.22,434.89,53.03,120.72,0.53248,-1,-1,-1
44,49,1081.20,450.54,52.90,147.60,0.35491,-1,-1,-1
44,28,1257.41,426.91,40.80,118.69,0.45736,-1,-1,-1
44,5,698.73,447.87,46.06,129.88,0.23881,-1,-1,-1
45,1,1680.96,394.17,238.87,485.25,0.79470,-1,-1,-1
45,2,615.53,443.11,93.03,271.55,0.77786,-1,-1,-1
45,3,468.40,444.25,122.80,314.79,0.63585,-1,-1,-1
45,43,1473.91,433.95,52.21,121.34,0.49348,-1,-1,-1
45,49,1080.55,449.55,53.11,148.70,0.38283,-1,-1,-1
45,28,1257.94,426.07,41.15,119.43,0.45675,-1,-1,-1
45,57,1866.29,424.86,53.70,389.75,0.35191,-1,-1,-1
46,1,1695.56,392.28,224.44,487.49,0.63118,-1,-1,-1
46,2,617.07,442.39,93.40,272.42,0.75887,-1,-1,-1
46,3,467.24,444.80,124.29,318.04,0.63393,-1,-1,-1
46,43,1477.39,434.97,50.10,119.93,0.52106,-1,-1,-1
46,49,1080.45,449.01,52.77,148.30,0.30266,-1,-1,-1
46,28,1258.39,424.38,41.76,121.17,0.46145,-1,-1,-1
46,57,1866.95,400.13,53.05,431.70,0.39672,-1,-1,-1
47,1,1722.51,387.23,197.49,493.77,0.70642,-1,-1,-1
47,2,616.99,441.75,93.48,272.79,0.77602,-1,-1,-1
47,3,465.83,444.45,125.38,320.16,0.62996,-1,-1,-1
47,43,1480.97,432.61,48.87,120.77,0.51462,-1,-1,-1
47,49,1080.16,449.87,52.23,146.81,0.28009,-1,-1,-1
47,28,1259.10,424.13,41.92,121.17,0.49211,-1,-1,-1
47,5,690.55,454.10,66.90,193.46,0.54803,-1,-1,-1
48,1,1737.00,386.10,183.00,492.13,0.79024,-1,-1,-1
48,2,618.42,441.30,93.46,272.63,0.74530,-1,-1,-1
48,3,467.53,443.96,124.74,319.43,0.64839,-1,-1,-1
48,49,1080.52,453.13,51.11,143.12,0.29365,-1,-1,-1
48,28,1259.08,426.10,41.16,119.08,0.44746,-1,-1,-1
48,5,692.15,453.69,69.71,204.54,0.38363,-1,-1,-1
49,1,1752.15,385.16,167.85,492.91,0.80102,-1,-1,-1
49,2,619.69,441.70,93.45,272.21,0.75523,-1,-1,-1
49,3,468.85,444.28,123.90,318.50,0.63803,-1,-1,-1
49,49,1080.94,458.10,49.55,137.77,0.26991,-1,-1,-1
49,28,1259.64,431.86,39.78,114.60,0.45968,-1,-1,-1
49,5,693.72,454.68,70.34,208.57,0.43972,-1,-1,-1
49,64,582.11,436.91,48.32,148.96,0.33142,-1,-1,-1
50,1,1764.21,385.14,155.79,496.62,0.84145,-1,-1,-1
50,2,620.40,441.71,94.04,272.30,0.75566,-1,-1,-1
50,3,466.02,443.82,123.65,317.10,0.62030,-1,-1,-1
50,49,1080.11,453.78,51.18,141.95,0.27522,-1,-1,-1
50,28,1260.00,436.35,38.50,110.59,0.44184,-1,-1,-1
50,5,697.22,452.47,70.94,212.63,0.37831,-1,-1,-1
50,64,580.80,436.42,48.42,149.27,0.34440,-1,-1,-1
50,67,805.84,466.83,30.33,82.67,0.31081,-1,-1,-1
50,43,1494.00,436.36,47.36,119.48,0.35382,-1,-1,-1
51,1,1773.25,383.90,146.75,498.85,0.82915,-1,-1,-1
51,2,621.19,441.50,94.65,272.39,0.76242,-1,-1,-1
51,3,460.46,443.45,124.57,315.56,0.60726,-1,-1,-1
51,49,1079.81,453.45,51.52,141.98,0.28769,-1,-1,-1
51,28,1260.04,435.54,38.86,111.51,0.48106,-1,-1,-1
51,5,699.33,456.17,69.78,209.77,0.33628,-1,-1,-1
51,64,583.47,439.44,47.30,145.48,0.34373,-1,-1,-1
51,67,805.73,467.14,30.42,82.95,0.29077,-1,-1,-1
51,43,1498.39,437.98,46.03,117.01,0.42094,-1,-1,-1
52,1,1782.67,385.17,137.33,495.85,0.81106,-1,-1,-1
52,2,621.96,442.32,94.82,271.69,0.74935,-1,-1,-1
52,3,465.07,444.45,124.32,315.27,0.65841,-1,-1,-1
52,49,1080.28,453.02,51.67,142.21,0.36071,-1,-1,-1
52,28,1259.47,433.41,39.18,112.79,0.47063,-1,-1,-1
52,5,700.80,456.64,69.74,209.45,0.30228,-1,-1,-1
52,64,587.94,444.16,45.60,140.20,0.35191,-1,-1,-1
52,67,806.73,469.74,29.86,81.22,0.28571,-1,-1,-1
52,43,1501.04,437.28,46.43,118.11,0.40815,-1,-1,-1
53,1,1787.94,384.10,132.06,499.94,0.77882,-1,-1,-1
53,2,622.32,443.17,94.60,270.52,0.74807,-1,-1,-1
53,3,465.78,445.75,123.89,313.10,0.65206,-1,-1,-1
53,49,1081.39,451.94,51.74,142.66,0.25987,-1,-1,-1
53,28,1259.76,431.35,39.90,114.71,0.52822,-1,-1,-1
53,5,696.25,455.37,69.99,209.83,0.47697,-1,-1,-1
53,64,590.80,448.56,44.18,135.78,0.30144,-1,-1,-1
53,67,806.38,469.91,29.69,80.60,0.26674,-1,-1,-1
53,43,1502.83,434.67,47.87,120.49,0.36800,-1,-1,-1
53,69,1522.89,434.43,38.79,117.82,0.36490,-1,-1,-1
54,1,1790.82,388.68,129.18,497.86,0.73386,-1,-1,-1
54,2,623.60,442.74,95.12,271.87,0.73798,-1,-1,-1
54,3,467.27,445.88,124.21,314.03,0.69363,-1,-1,-1
54,49,1081.80,453.83,50.88,140.47,0.26793,-1,-1,-1
54,28,1259.68,430.66,40.01,114.98,0.50636,-1,-1,-1
54,5,697.01,453.66,71.47,211.07,0.37035,-1,-1,-1
54,64,590.51,448.57,44.27,135.78,0.29397,-1,-1,-1
54,67,806.73,469.57,29.85,80.85,0.24722,-1,-1,-1
54,43,1504.35,440.71,46.22,114.25,0.27502,-1,-1,-1
54,69,1525.96,441.34,36.79,111.83,0.47252,-1,-1,-1
55,1,1797.07,411.06,122.93,476.65,0.71861,-1,-1,-1
55,2,622.85,442.21,95.09,272.73,0.74467,-1,-1,-1
55,3,468.30,445.29,124.22,315.08,0.70471,-1,-1,-1
55,49,1081.83,454.18,50.65,140.02,0.28811,-1,-1,-1
55,28,1259.70,429.80,40.36,116.04,0.50046,-1,-1,-1
55,5,695.54,455.22,71.50,209.62,0.38342,-1,-1,-1
55,64,589.26,449.25,44.22,134.83,0.35038,-1,-1,-1
55,67,806.96,470.05,29.73,80.41,0.24775,-1,-1,-1
55,43,1503.47,438.60,47.20,115.38,0.32758,-1,-1,-1
55,69,1529.01,438.27,37.62,114.44,0.47444,-1,-1,-1
56,1,1802.82,428.94,117.18,458.72,0.59235,-1,-1,-1
56,2,622.72,441.68,95.03,273.36,0.73314,-1,-1,-1
56,3,469.74,445.43,123.50,314.47,0.71187,-1,-1,-1
56,49,1082.19,455.12,50.42,139.43,0.32700,-1,-1,-1
56,28,1259.69,427.28,41.05,118.30,0.51040,-1,-1,-1
56,5,694.36,455.79,70.85,208.66,0.47155,-1,-1,-1
56,64,587.96,447.21,45.09,136.55,0.36557,-1,-1,-1
56,67,807.45,470.45,29.87,80.56,0.26082,-1,-1,-1
56,69,1530.90,441.41,36.47,111.13,0.49845,-1,-1,-1
57,1,1803.35,407.73,116.65,479.86,0.37997,-1,-1,-1
57,2,622.30,442.32,94.51,273.01,0.73149,-1,-1,-1
57,3,469.93,446.69,122.88,313.16,0.66814,-1,-1,-1
57,49,1082.74,455.87,49.99,138.57,0.24724,-1,-1,-1
57,28,1260.33,430.62,39.84,114.62,0.51765,-1,-1,-1
57,5,693.72,455.66,71.30,210.69,0.58153,-1,-1,-1
57,64,585.05,443.33,46.72,141.35,0.42173,-1,-1,-1
57,67,807.08,470.87,29.94,80.45,0.25354,-1,-1,-1
57,69,1532.47,438.58,37.16,113.54,0.48864,-1,-1,-1
58,2,624.68,443.36,94.07,271.86,0.73379,-1,-1,-1
58,3,471.61,445.81,122.29,312.61,0.66458,-1,-1,-1
58,49,1084.02,460.21,48.27,133.90,0.25613,-1,-1,-1
58,28,1260.99,432.22,39.47,113.10,0.52259,-1,-1,-1
58,5,694.85,465.50,68.98,203.58,0.22538,-1,-1,-1
58,64,584.16,446.18,46.05,138.79,0.39506,-1,-1,-1
58,67,805.97,469.09,30.50,81.79,0.26302,-1,-1,-1
58,69,1532.38,436.28,37.69,115.88,0.41822,-1,-1,-1
59,2,625.55,443.05,93.98,271.99,0.71732,-1,-1,-1
59,3,472.69,443.99,123.08,315.67,0.71146,-1,-1,-1
59,49,1085.17,466.59,45.99,127.20,0.20372,-1,-1,-1
59,28,1261.50,432.58,39.67,112.64,0.53768,-1,-1,-1
59,5,695.47,461.97,70.89,209.90,0.47428,-1,-1,-1
59,64,585.65,448.64,45.31,135.40,0.36451,-1,-1,-1
59,67,806.99,469.50,30.29,80.52,0.24069,-1,-1,-1
59,69,1534.05,434.65,38.12,118.28,0.35904,-1,-1,-1
60,2,625.08,443.16,94.52,274.07,0.71310,-1,-1,-1
60,3,473.88,442.18,124.45,318.35,0.72374,-1,-1,-1
60,49,1084.82,464.80,46.63,129.08,0.24993,-1,-1,-1
60,28,1261.54,434.40,39.54,111.35,0.54850,-1,-1,-1
60,5,695.73,457.83,72.21,215.18,0.57570,-1,-1,-1
60,64,586.44,450.33,45.13,133.56,0.32402,-1,-1,-1
60,67,807.16,467.59,30.77,81.39,0.21758,-1,-1,-1
60,69,1534.72,429.87,38.98,122.22,0.25227,-1,-1,-1
61,2,624.30,443.61,95.17,276.47,0.70787,-1,-1,-1
61,3,477.25,443.12,124.95,316.87,0.68549,-1,-1,-1
61,49,1083.53,456.74,49.49,137.75,0.30302,-1,-1,-1
61,28,1260.58,429.99,41.18,115.82,0.53365,-1,-1,-1
61,5,696.78,456.50,72.41,217.26,0.54568,-1,-1,-1
61,64,586.07,454.32,44.16,130.28,0.28564,-1,-1,-1
61,67,807.31,467.43,31.21,82.54,0.20260,-1,-1,-1
61,69,1529.35,431.97,38.65,120.44,0.20783,-1,-1,-1
62,2,622.97,444.45,94.56,275.81,0.72255,-1,-1,-1
62,3,482.70,442.89,126.47,318.25,0.72499,-1,-1,-1
62,49,1083.33,444.78,53.04,150.45,0.18197,-1,-1,-1
62,28,1260.02,430.25,40.96,115.25,0.55195,-1,-1,-1
62,5,696.57,454.76,72.53,219.31,0.62075,-1,-1,-1
62,64,588.24,457.01,43.44,127.81,0.27815,-1,-1,-1
62,67,807.29,467.83,31.22,82.82,0.24133,-1,-1,-1
62,69,1529.73,439.28,35.63,112.07,0.18734,-1,-1,-1
63,2,620.53,443.96,95.43,279.01,0.73942,-1,-1,-1
63,3,484.46,441.11,128.20,319.71,0.72576,-1,-1,-1
63,49,1083.35,439.84,53.93,155.71,0.21808,-1,-1,-1
63,28,1259.96,431.02,40.50,113.92,0.53244,-1,-1,-1
63,5,696.46,457.28,71.48,216.31,0.66210,-1,-1,-1
63,64,586.11,456.43,43.97,128.66,0.21924,-1,-1,-1
63,67,805.91,468.23,30.83,82.30,0.25555,-1,-1,-1
63,69,1532.04,440.94,34.65,110.40,0.16676,-1,-1,-1
64,2,618.98,444.20,95.18,278.80,0.74351,-1,-1,-1
64,3,488.34,441.84,128.95,318.91,0.72115,-1,-1,-1
64,49,1083.56,439.03,53.02,155.70,0.21782,-1,-1,-1
64,28,1259.90,433.15,39.62,111.18,0.52495,-1,-1,-1
64,5,695.64,453.54,72.62,220.83,0.63787,-1,-1,-1
64,64,584.22,451.91,45.90,133.89,0.19492,-1,-1,-1
64,67,805.62,469.72,29.61,79.72,0.19684,-1,-1,-1
65,2,618.56,446.46,94.43,277.13,0.74307,-1,-1,-1
65,3,495.33,444.39,128.55,317.01,0.78934,-1,-1,-1
65,49,1083.52,436.29,53.28,158.18,0.33772,-1,-1,-1
65,28,1260.16,437.31,38.47,107.21,0.52872,-1,-1,-1
65,5,694.18,450.88,73.62,225.51,0.68072,-1,-1,-1
65,67,804.88,469.19,29.65,80.30,0.22035,-1,-1,-1
65,83,922.33,433.09,50.57,155.09,0.32056,-1,-1,-1
66,2,618.89,447.69,93.81,276.21,0.75951,-1,-1,-1
66,3,499.44,446.52,129.64,317.08,0.72915,-1,-1,-1
66,28,1260.10,438.85,38.22,105.82,0.52977,-1,-1,-1
66,5,695.56,452.39,72.90,224.43,0.67864,-1,-1,-1
66,67,804.23,468.65,29.75,80.88,0.21883,-1,-1,-1
66,83,921.93,432.64,50.94,156.15,0.30810,-1,-1,-1
67,2,618.73,447.43,93.52,275.51,0.74677,-1,-1,-1
67,3,496.77,447.17,132.89,320.78,0.64478,-1,-1,-1
67,28,1260.61,440.87,37.51,103.50,0.51466,-1,-1,-1
67,5,696.85,453.25,72.82,224.53,0.67465,-1,-1,-1
67,67,804.25,468.99,29.64,80.85,0.23028,-1,-1,-1
67,83,922.68,433.93,50.43,154.65,0.27626,-1,-1,-1
67,43,1537.84,422.58,50.47,128.61,0.40535,-1,-1,-1
68,2,617.59,446.69,93.82,275.50,0.73482,-1,-1,-1
68,3,496.78,448.55,133.93,318.52,0.64426,-1,-1,-1
68,28,1260.14,437.44,38.79,107.06,0.49082,-1,-1,-1
68,5,698.72,454.85,72.00,222.02,0.67695,-1,-1,-1
68,67,805.01,469.78,29.46,80.21,0.16310,-1,-1,-1
68,83,923.07,433.25,50.76,155.71,0.25832,-1,-1,-1
68,43,1540.75,427.59,47.31,123.85,0.37428,-1,-1,-1
68,49,1083.78,435.74,52.98,159.14,0.32303,-1,-1,-1
69,2,616.32,446.88,94.13,275.28,0.75675,-1,-1,-1
69,3,497.26,446.92,136.52,320.48,0.61762,-1,-1,-1
69,28,1260.02,437.05,38.91,107.36,0.51286,-1,-1,-1
69,5,698.26,456.01,71.97,221.58,0.66632,-1,-1,-1
69,67,806.19,471.07,28.89,78.64,0.19924,-1,-1,-1
69,83,923.03,433.09,50.81,155.79,0.23592,-1,-1,-1
69,43,1540.59,422.48,48.49,129.23,0.47425,-1,-1,-1
69,49,1084.60,436.92,51.98,158.00,0.24786,-1,-1,-1
70,2,614.49,446.21,94.73,275.17,0.76017,-1,-1,-1
70,3,497.73,444.35,138.21,322.12,0.72801,-1,-1,-1
70,28,1259.94,437.69,38.76,106.78,0.51243,-1,-1,-1
70,5,698.32,457.30,71.76,220.87,0.63089,-1,-1,-1
70,67,806.96,471.80,28.75,78.10,0.17830,-1,-1,-1
70,83,922.54,432.94,51.05,156.26,0.23078,-1,-1,-1
70,43,1541.69,420.49,49.05,131.88,0.58713,-1,-1,-1
70,49,1084.65,437.20,51.37,157.38,0.24969,-1,-1,-1
71,2,613.36,445.79,95.49,276.07,0.76847,-1,-1,-1
71,3,499.96,443.38,139.41,323.63,0.73403,-1,-1,-1
71,28,1259.80,437.29,38.93,107.20,0.51721,-1,-1,-1
71,5,697.60,458.52,71.28,220.38,0.58706,-1,-1,-1
71,67,806.83,471.10,28.85,78.37,0.16233,-1,-1,-1
71,83,922.26,432.26,51.47,157.10,0.22377,-1,-1,-1
71,43,1542.28,420.24,49.05,132.50,0.57613,-1,-1,-1
71,49,1080.15,443.86,49.75,150.92,0.20169,-1,-1,-1
72,2,613.01,444.81,95.98,277.16,0.76586,-1,-1,-1
72,3,501.16,443.81,139.81,323.46,0.74149,-1,-1,-1
72,28,1259.32,432.07,40.69,112.41,0.51452,-1,-1,-1
72,5,698.26,458.51,71.50,221.36,0.58451,-1,-1,-1
72,67,807.98,471.09,28.77,78.13,0.16282,-1,-1,-1
72,83,922.16,429.73,51.79,157.69,0.26417,-1,-1,-1
72,43,1542.43,420.25,48.65,132.36,0.57029,-1,-1,-1
72,49,1084.11,439.59,50.15,154.29,0.24295,-1,-1,-1
73,2,614.34,443.91,96.16,278.05,0.76759,-1,-1,-1
73,3,503.10,444.45,139.84,323.51,0.77576,-1,-1,-1
73,28,1259.48,431.20,40.86,113.05,0.50737,-1,-1,-1
73,5,699.81,458.46,71.33,220.83,0.59989,-1,-1,-1
73,83,921.17,429.49,52.00,157.78,0.33870,-1,-1,-1
73,43,1543.88,419.26,48.25,132.95,0.53254,-1,-1,-1
73,49,1081.87,440.82,49.98,153.11,0.27932,-1,-1,-1
74,2,615.90,442.87,96.30,280.13,0.77563,-1,-1,-1
74,3,505.62,444.20,140.77,326.30,0.73789,-1,-1,-1
74,28,1259.63,429.02,41.62,115.54,0.51744,-1,-1,-1
74,5,702.75,455.84,72.28,222.41,0.57423,-1,-1,-1
74,83,921.58,431.42,51.89,157.04,0.22241,-1,-1,-1
74,43,1544.19,418.90,46.83,130.96,0.29823,-1,-1,-1
74,49,1079.51,441.48,50.24,152.91,0.32406,-1,-1,-1
75,2,616.26,441.01,96.19,282.44,0.77085,-1,-1,-1
75,3,506.34,442.69,140.58,326.35,0.73438,-1,-1,-1
75,28,1259.21,428.24,41.98,116.82,0.52812,-1,-1,-1
75,5,703.94,454.93,72.57,222.06,0.63334,-1,-1,-1
75,83,921.55,432.23,51.92,156.72,0.22836,-1,-1,-1
75,49,1078.12,442.12,50.47,152.33,0.33002,-1,-1,-1
76,2,617.70,441.36,95.17,282.10,0.77078,-1,-1,-1
76,3,509.60,445.37,137.80,321.80,0.76606,-1,-1,-1
76,28,1259.37,427.72,42.03,117.13,0.52175,-1,-1,-1
76,5,704.95,452.04,74.13,224.79,0.66514,-1,-1,-1
76,83,920.98,429.00,52.73,158.70,0.21924,-1,-1,-1
76,49,1077.55,441.57,50.93,152.83,0.30319,-1,-1,-1
77,2,617.77,441.07,94.69,283.86,0.76728,-1,-1,-1
77,3,512.87,446.55,136.03,320.32,0.76394,-1,-1,-1
77,28,1259.48,427.57,41.99,117.20,0.52695,-1,-1,-1
77,5,705.07,448.30,76.14,228.44,0.63155,-1,-1,-1
77,83,921.53,430.52,52.52,157.89,0.22428,-1,-1,-1
77,49,1077.24,441.39,51.35,153.19,0.27232,-1,-1,-1
78,2,620.93,441.37,92.77,281.91,0.77639,-1,-1,-1
78,3,512.70,445.67,135.67,321.60,0.72089,-1,-1,-1
78,28,1261.59,438.52,38.28,105.83,0.47703,-1,-1,-1
78,5,707.17,451.34,76.53,225.98,0.66127,-1,-1,-1
78,83,920.02,430.71,52.74,156.42,0.20286,-1,-1,-1
78,49,1078.15,449.20,49.46,145.45,0.25359,-1,-1,-1
79,2,622.76,440.61,91.53,282.35,0.76830,-1,-1,-1
79,3,512.06,446.09,135.28,322.47,0.55296,-1,-1,-1
79,28,1261.90,438.83,38.40,105.51,0.46272,-1,-1,-1
79,5,710.95,455.60,76.84,221.57,0.66273,-1,-1,-1
79,83,919.10,430.74,53.20,155.98,0.26936,-1,-1,-1
79,49,1078.82,457.94,47.46,137.51,0.22241,-1,-1,-1
80,2,624.35,439.71,90.85,283.81,0.74162,-1,-1,-1
80,3,510.21,445.79,136.25,324.73,0.50803,-1,-1,-1
80,28,1261.78,437.24,39.16,107.17,0.48797,-1,-1,-1
80,5,714.83,457.54,78.31,220.13,0.72669,-1,-1,-1
80,83,918.74,429.80,54.03,156.92,0.21100,-1,-1,-1
80,49,1076.96,462.93,46.97,133.04,0.15978,-1,-1,-1
81,2,626.15,437.30,91.06,287.73,0.71482,-1,-1,-1
81,3,508.60,445.55,137.71,327.71,0.49089,-1,-1,-1
81,28,1261.57,435.35,39.92,108.99,0.49680,-1,-1,-1
81,5,716.91,458.28,80.37,220.29,0.71167,-1,-1,-1
81,83,918.58,430.42,54.43,156.29,0.24310,-1,-1,-1
81,49,1074.79,459.53,49.12,136.61,0.17470,-1,-1,-1
82,2,627.18,438.60,90.16,288.29,0.68168,-1,-1,-1
82,3,526.65,446.86,134.27,331.11,0.52126,-1,-1,-1
82,28,1261.86,438.44,39.11,106.21,0.49979,-1,-1,-1
82,5,718.72,458.59,82.82,220.59,0.73042,-1,-1,-1
82,83,917.31,428.20,55.58,158.44,0.27657,-1,-1,-1
82,49,1076.98,456.97,50.16,139.21,0.27359,-1,-1,-1
82,98,487.99,447.83,51.51,132.09,0.37977,-1,-1,-1
83,2,628.90,440.40,89.31,288.29,0.64878,-1,-1,-1
83,3,536.84,445.22,130.83,335.20,0.44783,-1,-1,-1
83,28,1261.98,435.26,40.41,109.62,0.45694,-1,-1,-1
83,5,720.21,458.29,85.39,222.21,0.71295,-1,-1,-1
83,83,918.16,428.02,56.25,160.19,0.20718,-1,-1,-1
83,49,1078.97,448.32,53.27,148.28,0.30247,-1,-1,-1
83,98,489.37,448.17,49.93,128.03,0.30851,-1,-1,-1
83,99,501.03,450.90,101.83,302.60,0.53127,-1,-1,-1
84,2,631.06,441.89,89.21,288.33,0.58674,-1,-1,-1
84,3,543.00,443.07,127.55,338.72,0.53809,-1,-1,-1
84,28,1262.27,435.54,40.36,109.49,0.42713,-1,-1,-1
84,5,721.98,459.98,87.24,221.20,0.70290,-1,-1,-1
84,83,918.37,428.19,56.48,160.58,0.23133,-1,-1,-1
84,49,1078.69,451.87,52.09,144.35,0.27016,-1,-1,-1
84,98,487.71,448.57,51.18,131.30,0.32643,-1,-1,-1
84,99,504.42,451.28,98.54,293.01,0.46727,-1,-1,-1
85,2,631.35,443.58,89.01,288.14,0.57140,-1,-1,-1
85,3,541.51,439.72,126.36,344.95,0.47586,-1,-1,-1
85,28,1263.23,438.96,39.13,105.88,0.39254,-1,-1,-1
85,5,724.17,458.76,89.40,223.63,0.72374,-1,-1,-1
85,83,918.92,429.47,56.04,159.49,0.21335,-1,-1,-1
85,49,1079.62,455.43,50.95,140.75,0.31349,-1,-1,-1
85,98,487.42,448.15,52.03,133.38,0.39266,-1,-1,-1
85,99,506.27,451.82,100.33,299.04,0.40179,-1,-1,-1
85,102,1000.76,446.19,41.58,78.83,0.33318,-1,-1,-1
86,2,633.52,444.09,89.58,288.51,0.54597,-1,-1,-1
86,3,539.71,440.45,122.92,343.87,0.39665,-1,-1,-1
86,28,1263.75,440.01,38.72,104.57,0.41953,-1,-1,-1
86,5,724.99,457.27,90.99,225.33,0.73477,-1,-1,-1
86,83,918.76,429.38,56.16,160.17,0.26150,-1,-1,-1
86,49,1081.47,457.84,49.83,138.30,0.23405,-1,-1,-1
86,98,488.17,448.93,52.59,134.86,0.40163,-1,-1,-1
86,99,509.86,452.29,101.63,304.07,0.45290,-1,-1,-1
86,102,1000.82,444.85,42.35,80.62,0.22743,-1,-1,-1
87,2,634.73,443.80,89.58,288.59,0.53175,-1,-1,-1
87,3,539.90,440.91,120.36,343.34,0.40515,-1,-1,-1
87,28,1262.49,434.37,40.46,109.78,0.40744,-1,-1,-1
87,5,725.42,456.37,91.98,225.46,0.71994,-1,-1,-1
87,83,919.17,428.61,56.12,160.66,0.31150,-1,-1,-1
87,98,487.74,450.54,52.21,134.13,0.34928,-1,-1,-1
87,99,510.80,452.52,102.44,307.64,0.44765,-1,-1,-1
87,102,1002.93,449.02,40.13,76.68,0.21151,-1,-1,-1
87,103,592.72,447.00,67.64,286.61,0.36017,-1,-1,-1
88,2,637.81,446.10,89.52,286.62,0.58332,-1,-1,-1
88,3,543.67,441.07,117.69,342.73,0.44985,-1,-1,-1
88,28,1262.12,431.42,41.37,112.70,0.42475,-1,-1,-1
88,5,726.34,454.33,93.30,227.72,0.68611,-1,-1,-1
88,83,918.48,428.46,56.19,161.05,0.25900,-1,-1,-1
88,98,488.92,450.49,54.34,138.78,0.25141,-1,-1,-1
88,99,510.87,451.48,102.28,308.24,0.48649,-1,-1,-1
88,102,1005.25,453.49,37.65,72.31,0.15928,-1,-1,-1
88,103,593.51,449.27,66.45,281.01,0.39341,-1,-1,-1
89,2,640.62,448.74,89.36,284.53,0.58862,-1,-1,-1
89,28,1262.15,431.15,41.53,113.33,0.43295,-1,-1,-1
89,5,726.86,452.10,94.67,230.20,0.73515,-1,-1,-1
89,83,917.27,427.96,56.69,162.23,0.25906,-1,-1,-1
89,98,486.73,450.71,53.59,136.86,0.27436,-1,-1,-1
89,99,508.57,450.64,101.66,307.27,0.55201,-1,-1,-1
89,103,592.56,450.35,66.38,279.74,0.45555,-1,-1,-1
90,2,642.16,446.62,89.74,286.20,0.60263,-1,-1,-1
90,28,1262.47,434.52,40.37,109.73,0.43069,-1,-1,-1
90,5,728.87,451.72,94.84,230.70,0.72661,-1,-1,-1
90,83,916.75,426.21,57.00,161.98,0.31788,-1,-1,-1
90,98,483.45,449.67,64.36,166.16,0.24910,-1,-1,-1
90,99,511.81,449.32,101.03,306.36,0.56392,-1,-1,-1
90,103,594.06,449.52,66.77,280.52,0.43319,-1,-1,-1
90,49,1079.18,460.34,49.58,135.86,0.33021,-1,-1,-1
90,3,548.82,439.37,115.00,344.77,0.39472,-1,-1,-1
91,2,643.86,443.28,91.18,290.70,0.68209,-1,-1,-1
91,28,1261.28,436.93,39.76,108.50,0.39359,-1,-1,-1
91,5,731.24,453.40,93.97,229.08,0.69136,-1,-1,-1
91,83,918.32,429.68,55.95,159.44,0.23633,-1,-1,-1
91,98,485.26,450.81,57.89,149.65,0.21972,-1,-1,-1
91,99,512.37,449.19,99.27,301.09,0.63226,-1,-1,-1
91,103,590.54,447.38,68.16,283.69,0.56248,-1,-1,-1
91,49,1078.22,462.28,49.69,133.38,0.39129,-1,-1,-1
92,2,643.67,439.51,92.77,294.94,0.67724,-1,-1,-1
92,28,1260.53,436.56,39.96,109.06,0.45587,-1,-1,-1
92,5,732.68,453.97,93.60,228.21,0.68778,-1,-1,-1
92,83,918.67,431.09,55.68,158.63,0.21161,-1,-1,-1
92,98,486.36,450.75,54.81,141.80,0.21316,-1,-1,-1
92,99,511.55,448.22,99.53,302.01,0.61454,-1,-1,-1
92,103,589.30,445.96,69.32,285.64,0.49869,-1,-1,-1
92,49,1078.17,459.00,50.89,135.62,0.34403,-1,-1,-1
93,2,643.35,438.68,93.51,296.06,0.67353,-1,-1,-1
93,28,1260.20,436.03,40.13,109.61,0.46225,-1,-1,-1
93,5,735.15,456.50,92.37,225.28,0.70757,-1,-1,-1
93,83,919.51,431.88,55.11,157.46,0.18160,-1,-1,-1
93,98,486.72,450.86,53.55,139.29,0.18269,-1,-1,-1
93,99,511.66,447.85,99.70,302.67,0.62292,-1,-1,-1
93,103,589.32,445.76,70.02,285.94,0.49215,-1,-1,-1
93,49,1078.32,458.66,51.49,136.19,0.40728,-1,-1,-1
94,2,644.09,439.42,93.90,297.32,0.72395,-1,-1,-1
94,28,1260.31,436.85,39.91,108.91,0.46223,-1,-1,-1
94,5,737.19,454.84,92.82,226.90,0.70504,-1,-1,-1
94,83,920.05,432.40,54.74,156.60,0.20261,-1,-1,-1
94,99,513.45,448.39,99.23,302.75,0.57014,-1,-1,-1
94,103,591.23,446.21,70.43,287.01,0.47891,-1,-1,-1
94,49,1078.12,462.68,50.52,132.24,0.33436,-1,-1,-1
94,3,550.11,434.89,115.97,361.54,0.44055,-1,-1,-1
95,2,644.83,439.88,94.52,297.97,0.74160,-1,-1,-1
95,28,1259.34,435.89,40.56,110.20,0.52390,-1,-1,-1
95,5,738.53,452.94,93.52,229.74,0.66835,-1,-1,-1
95,83,918.93,430.60,55.76,159.34,0.24637,-1,-1,-1
95,99,512.34,448.19,98.97,302.33,0.56041,-1,-1,-1
95,103,591.13,446.40,70.14,283.43,0.45264,-1,-1,-1
95,49,1077.88,467.01,49.44,127.77,0.19411,-1,-1,-1
95,3,548.46,433.79,113.87,365.02,0.40466,-1,-1,-1
96,2,644.48,440.87,94.76,297.45,0.75957,-1,-1,-1
96,28,1258.56,435.14,41.00,111.26,0.47731,-1,-1,-1
96,5,741.74,454.43,92.51,228.70,0.68259,-1,-1,-1
96,83,918.07,426.99,56.77,161.40,0.26469,-1,-1,-1
96,99,509.85,447.05,99.33,303.73,0.50084,-1,-1,-1
96,103,591.16,446.47,70.11,280.56,0.40580,-1,-1,-1
96,3,546.93,438.63,112.62,361.45,0.38168,-1,-1,-1
97,2,645.92,441.36,94.88,296.86,0.75205,-1,-1,-1
97,28,1257.98,433.45,41.47,112.69,0.44962,-1,-1,-1
97,5,744.87,455.75,92.25,229.19,0.69761,-1,-1,-1
97,83,917.84,425.59,57.15,161.96,0.24777,-1,-1,-1
97,99,509.12,446.57,99.33,303.66,0.50385,-1,-1,-1
97,103,590.09,446.39,70.82,280.83,0.38983,-1,-1,-1
97,3,540.86,444.26,111.45,349.52,0.36850,-1,-1,-1
98,2,647.85,442.29,95.07,296.16,0.77925,-1,-1,-1
98,28,1258.21,436.67,40.64,109.80,0.54843,-1,-1,-1
98,5,748.90,457.40,91.61,228.61,0.71563,-1,-1,-1
98,83,917.88,426.24,56.95,160.68,0.21087,-1,-1,-1
98,99,506.88,446.48,99.77,304.64,0.50510,-1,-1,-1
98,3,548.46,442.10,113.29,355.47,0.52178,-1,-1,-1
99,2,649.16,442.60,95.42,295.88,0.76061,-1,-1,-1
99,28,1258.36,439.34,39.80,107.15,0.53078,-1,-1,-1
99,5,750.08,456.64,91.85,229.70,0.77613,-1,-1,-1
99,99,504.37,444.70,100.56,305.09,0.53411,-1,-1,-1
99,3,555.47,443.10,112.31,355.93,0.56734,-1,-1,-1
100,2,650.50,442.14,96.28,296.89,0.68384,-1,-1,-1
100,28,1258.30,441.09,39.35,105.64,0.55343,-1,-1,-1
100,5,751.01,454.51,92.01,231.75,0.76353,-1,-1,-1
100,99,500.55,441.27,100.74,304.30,0.56514,-1,-1,-1
100,3,562.16,444.15,110.20,354.20,0.59001,-1,-1,-1
100,49,1079.14,456.51,52.97,138.42,0.28473,-1,-1,-1
101,2,651.82,442.51,97.16,296.86,0.71100,-1,-1,-1
101,28,1257.97,441.69,39.14,104.99,0.55402,-1,-1,-1
101,5,751.99,455.59,91.47,232.14,0.75795,-1,-1,-1
101,99,499.75,442.29,101.85,305.26,0.54760,-1,-1,-1
101,3,560.90,442.87,110.98,357.64,0.60966,-1,-1,-1
101,49,1077.13,454.77,53.55,140.61,0.25898,-1,-1,-1
102,2,653.26,441.89,97.00,294.46,0.71748,-1,-1,-1
102,28,1256.19,440.98,39.21,105.93,0.55662,-1,-1,-1
102,5,753.19,456.58,90.90,231.11,0.74343,-1,-1,-1
102,99,498.34,441.15,101.89,305.51,0.57833,-1,-1,-1
102,3,562.57,443.94,110.24,357.79,0.62171,-1,-1,-1
102,49,1074.83,448.87,55.41,146.31,0.28182,-1,-1,-1
103,2,654.91,440.87,97.92,294.56,0.70691,-1,-1,-1
103,28,1257.38,442.74,38.41,104.02,0.48420,-1,-1,-1
103,5,753.50,457.05,89.80,228.75,0.72476,-1,-1,-1
103,99,498.50,443.30,100.82,302.54,0.55021,-1,-1,-1
103,3,564.48,444.34,109.80,357.91,0.57504,-1,-1,-1
103,49,1074.28,444.48,56.74,150.40,0.22611,-1,-1,-1
104,2,657.04,440.50,98.90,295.64,0.72086,-1,-1,-1
104,28,1256.00,442.56,38.47,104.79,0.48535,-1,-1,-1
104,5,754.32,457.75,89.81,229.44,0.73238,-1,-1,-1
104,99,500.75,444.68,102.36,305.46,0.38181,-1,-1,-1
104,3,557.08,440.82,112.48,361.56,0.66400,-1,-1,-1
104,49,1074.37,443.44,56.52,150.58,0.24257,-1,-1,-1
105,2,658.41,439.97,99.99,297.30,0.75355,-1,-1,-1
105,28,1256.01,442.87,38.23,104.58,0.45858,-1,-1,-1
105,5,756.51,459.31,90.11,231.74,0.75900,-1,-1,-1
105,99,502.35,445.94,102.91,306.32,0.20790,-1,-1,-1
105,3,550.27,437.95,115.53,363.36,0.72865,-1,-1,-1
105,49,1075.69,446.91,54.94,146.97,0.19033,-1,-1,-1
106,2,659.94,441.21,99.99,295.39,0.75127,-1,-1,-1
106,28,1255.36,442.39,38.68,105.75,0.43999,-1,-1,-1
106,5,757.69,459.02,90.34,233.71,0.73766,-1,-1,-1
106,99,502.21,444.18,103.82,308.42,0.27547,-1,-1,-1
106,3,546.75,438.25,118.12,363.34,0.67223,-1,-1,-1
106,49,1077.89,459.94,50.73,134.36,0.17884,-1,-1,-1
107,2,662.10,441.22,100.90,295.28,0.76265,-1,-1,-1
107,28,1254.45,444.74,36.84,101.88,0.35480,-1,-1,-1
107,5,759.16,459.56,90.37,235.27,0.73463,-1,-1,-1
107,99,503.34,446.48,103.62,306.60,0.26024,-1,-1,-1
107,3,545.75,438.61,120.50,362.61,0.66666,-1,-1,-1
107,49,1076.61,455.90,52.47,138.83,0.23863,-1,-1,-1
108,2,662.64,439.28,101.66,296.32,0.75709,-1,-1,-1
108,28,1256.52,445.14,37.17,102.98,0.28395,-1,-1,-1
108,5,758.65,455.86,92.45,242.05,0.71451,-1,-1,-1
108,99,503.97,447.61,104.06,306.80,0.21696,-1,-1,-1
108,3,547.07,437.40,123.39,365.84,0.68983,-1,-1,-1
108,49,1076.22,455.32,52.97,140.31,0.18938,-1,-1,-1
109,2,663.54,438.52,102.89,298.21,0.73687,-1,-1,-1
109,28,1254.45,447.58,35.41,99.28,0.23094,-1,-1,-1
109,5,759.62,455.25,92.53,243.54,0.67237,-1,-1,-1
109,99,501.93,460.33,97.39,289.80,0.22065,-1,-1,-1
109,3,548.77,437.18,125.73,367.26,0.69673,-1,-1,-1
109,49,1075.93,453.34,53.72,142.56,0.18887,-1,-1,-1
110,2,662.99,437.90,103.79,301.04,0.75329,-1,-1,-1
110,28,1249.81,444.73,35.95,101.27,0.29478,-1,-1,-1
110,5,759.74,456.73,91.96,242.57,0.70805,-1,-1,-1
110,99,500.88,459.89,96.16,288.92,0.28683,-1,-1,-1
110,3,549.37,437.88,127.57,367.36,0.68608,-1,-1,-1
110,49,1074.78,449.66,55.05,146.17,0.19594,-1,-1,-1
111,2,663.55,437.86,105.33,305.16,0.76652,-1,-1,-1
111,28,1246.56,441.20,36.78,104.45,0.43578,-1,-1,-1
111,5,759.56,455.83,91.88,243.18,0.71361,-1,-1,-1
111,99,500.17,451.67,97.73,295.93,0.36270,-1,-1,-1
111,3,550.02,440.16,129.45,366.84,0.66299,-1,-1,-1
111,49,1074.52,444.46,57.20,152.50,0.27353,-1,-1,-1
112,2,665.35,437.88,105.71,306.71,0.77763,-1,-1,-1
112,28,1244.52,440.01,37.32,106.00,0.47913,-1,-1,-1
112,5,759.31,452.87,92.70,246.81,0.72375,-1,-1,-1
112,99,500.34,450.23,96.84,297.09,0.20286,-1,-1,-1
112,3,548.92,437.71,131.51,368.35,0.68233,-1,-1,-1
112,49,1074.61,443.21,57.50,153.48,0.24655,-1,-1,-1
113,2,666.20,437.85,107.32,311.95,0.78638,-1,-1,-1
113,28,1243.96,440.45,37.08,105.67,0.47653,-1,-1,-1
113,5,760.71,451.72,92.45,247.80,0.71451,-1,-1,-1
113,3,551.31,436.19,132.54,370.11,0.69731,-1,-1,-1
113,49,1075.02,441.60,58.09,155.42,0.35407,-1,-1,-1
114,2,666.57,438.90,107.67,314.74,0.78987,-1,-1,-1
114,28,1243.13,440.83,36.73,104.65,0.57432,-1,-1,-1
114,5,762.67,453.24,91.36,245.70,0.70371,-1,-1,-1
114,3,547.44,434.71,134.80,371.50,0.68130,-1,-1,-1
114,49,1076.29,440.69,58.02,155.83,0.38560,-1,-1,-1
115,2,667.18,438.93,106.92,314.38,0.78758,-1,-1,-1
115,28,1242.18,440.87,36.32,103.23,0.55424,-1,-1,-1
115,5,765.28,454.44,90.80,244.52,0.69330,-1,-1,-1
115,3,556.84,435.67,133.37,370.78,0.65310,-1,-1,-1
115,49,1078.85,439.66,57.68,155.83,0.34366,-1,-1,-1
116,2,668.76,438.88,105.40,312.44,0.78555,-1,-1,-1
116,28,1241.26,441.21,36.19,102.37,0.59729,-1,-1,-1
116,5,766.11,451.97,91.53,247.36,0.67463,-1,-1,-1
116,3,557.95,435.36,133.40,372.23,0.63111,-1,-1,-1
116,49,1080.68,441.23,56.68,154.21,0.40341,-1,-1,-1
117,2,669.72,439.90,104.67,312.00,0.79586,-1,-1,-1
117,28,1241.32,441.42,35.70,101.05,0.56994,-1,-1,-1
117,5,768.26,452.20,90.79,246.69,0.64746,-1,-1,-1
117,3,552.56,434.56,134.63,373.02,0.68008,-1,-1,-1
117,49,1081.23,442.41,55.65,152.13,0.42254,-1,-1,-1
118,2,670.15,440.13,104.12,313.77,0.79950,-1,-1,-1
118,28,1241.22,442.22,35.33,99.82,0.54300,-1,-1,-1
118,5,767.12,454.34,89.37,244.89,0.65885,-1,-1,-1
118,3,547.59,435.19,137.18,376.92,0.68505,-1,-1,-1
118,49,1081.20,440.70,56.28,154.57,0.45578,-1,-1,-1
119,2,670.40,440.56,104.44,317.96,0.81431,-1,-1,-1
119,28,1240.52,442.83,34.92,97.93,0.52933,-1,-1,-1
119,5,768.74,452.43,89.81,245.57,0.71310,-1,-1,-1
119,3,539.16,439.37,140.97,379.09,0.73204,-1,-1,-1
119,49,1082.14,442.99,55.10,151.73,0.41879,-1,-1,-1
120,2,672.45,441.30,103.96,319.51,0.81198,-1,-1,-1
120,28,1238.76,442.94,35.82,100.04,0.53702,-1,-1,-1
120,5,770.97,451.94,90.61,246.91,0.71260,-1,-1,-1
120,3,536.17,442.53,143.56,378.71,0.76667,-1,-1,-1
120,49,1081.90,444.19,54.55,150.63,0.35259,-1,-1,-1
121,2,673.84,441.24,103.36,320.72,0.81575,-1,-1,-1
121,28,1238.06,443.17,35.90,100.97,0.49719,-1,-1,-1
121,5,772.49,453.42,91.30,245.84,0.68452,-1,-1,-1
121,3,534.56,444.57,146.53,378.75,0.77276,-1,-1,-1
121,49,1082.23,445.33,54.12,149.83,0.35152,-1,-1,-1
122,2,676.78,440.41,102.74,320.82,0.80036,-1,-1,-1
122,28,1236.39,445.44,35.39,99.88,0.46098,-1,-1,-1
122,5,778.60,452.72,93.30,248.13,0.58904,-1,-1,-1
122,3,534.77,445.92,149.70,380.39,0.81252,-1,-1,-1
122,49,1083.36,449.00,52.66,146.01,0.37276,-1,-1,-1
123,2,678.64,439.55,102.42,322.82,0.81251,-1,-1,-1
123,28,1236.27,450.54,34.27,96.19,0.53689,-1,-1,-1
123,5,780.97,456.69,93.92,244.99,0.72142,-1,-1,-1
123,3,535.23,443.79,153.82,385.99,0.80096,-1,-1,-1
123,49,1083.50,448.57,52.54,146.31,0.36336,-1,-1,-1
124,2,680.03,438.58,102.17,325.19,0.80527,-1,-1,-1
124,28,1236.23,453.80,33.55,93.40,0.55736,-1,-1,-1
124,5,781.89,457.01,95.60,245.43,0.72391,-1,-1,-1
124,3,535.31,442.73,157.52,391.36,0.68895,-1,-1,-1
124,49,1084.50,449.09,51.79,145.00,0.35226,-1,-1,-1
124,126,492.37,464.21,37.65,108.26,0.33641,-1,-1,-1
125,2,680.61,437.77,101.77,327.09,0.81689,-1,-1,-1
125,28,1234.66,454.62,33.98,93.91,0.54738,-1,-1,-1
125,5,784.97,459.55,96.25,244.07,0.74265,-1,-1,-1
125,3,535.42,442.28,159.54,391.84,0.76771,-1,-1,-1
125,49,1083.45,453.77,50.19,140.20,0.36898,-1,-1,-1
125,126,490.96,461.71,39.16,112.81,0.25127,-1,-1,-1
126,2,682.15,437.73,101.28,327.43,0.81108,-1,-1,-1
126,28,1232.11,453.40,35.10,95.94,0.54541,-1,-1,-1
126,5,784.44,457.77,97.70,246.36,0.72834,-1,-1,-1
126,3,544.20,442.17,157.95,391.48,0.64218,-1,-1,-1
126,49,1082.46,456.62,49.22,137.54,0.30765,-1,-1,-1
126,126,490.61,463.24,37.92,109.24,0.26574,-1,-1,-1
127,2,682.72,437.98,101.20,328.24,0.81226,-1,-1,-1
127,28,1229.86,452.48,36.33,97.81,0.52254,-1,-1,-1
127,5,784.51,456.95,98.61,248.18,0.71829,-1,-1,-1
127,3,546.52,440.88,157.63,392.53,0.67037,-1,-1,-1
127,49,1081.84,458.28,48.89,136.16,0.30936,-1,-1,-1
127,126,489.50,462.25,37.69,108.44,0.25800,-1,-1,-1
128,2,684.63,437.72,101.65,329.05,0.81333,-1,-1,-1
128,28,1228.10,454.30,37.08,98.17,0.50540,-1,-1,-1
128,5,785.37,461.51,97.06,243.30,0.68574,-1,-1,-1
128,3,552.40,440.75,156.39,392.20,0.67234,-1,-1,-1
128,49,1081.47,459.21,49.16,135.56,0.34651,-1,-1,-1
128,126,490.04,461.96,37.98,109.15,0.30473,-1,-1,-1
129,2,684.29,437.72,101.88,328.84,0.83293,-1,-1,-1
129,28,1227.25,461.78,35.99,92.45,0.42294,-1,-1,-1
129,5,787.37,459.99,97.83,244.23,0.67824,-1,-1,-1
129,3,554.97,441.51,155.53,391.18,0.68054,-1,-1,-1
129,49,1083.66,458.53,49.73,136.92,0.31984,-1,-1,-1
129,126,491.87,462.64,37.23,106.85,0.30183,-1,-1,-1
130,2,683.78,437.52,102.30,329.00,0.83165,-1,-1,-1
130,28,1225.23,456.57,38.41,97.91,0.43363,-1,-1,-1
130,5,788.40,459.43,98.34,244.97,0.74401,-1,-1,-1
130,3,552.91,442.03,155.88,390.26,0.66336,-1,-1,-1
130,49,1082.81,460.66,49.30,134.59,0.36930,-1,-1,-1
130,126,491.47,463.35,37.42,107.25,0.33499,-1,-1,-1
131,2,683.05,437.07,102.88,330.40,0.82318,-1,-1,-1
131,28,1226.04,462.40,37.33,92.75,0.39605,-1,-1,-1
131,5,790.55,459.04,99.12,246.74,0.76448,-1,-1,-1
131,3,561.72,440.74,154.44,391.12,0.55140,-1,-1,-1
131,49,1084.85,458.72,50.07,136.66,0.30886,-1,-1,-1
131,126,492.08,460.51,37.24,105.90,0.31314,-1,-1,-1
132,2,683.45,436.19,103.06,331.47,0.81267,-1,-1,-1
132,28,1226.48,465.25,36.80,89.52,0.26624,-1,-1,-1
132,5,792.34,457.24,100.00,248.91,0.78824,-1,-1,-1
132,3,566.38,440.40,153.29,390.33,0.56936,-1,-1,-1
132,49,1085.81,457.66,50.76,137.84,0.22644,-1,-1,-1
132,126,492.13,461.55,37.91,107.42,0.27957,-1,-1,-1
133,2,683.83,435.71,103.05,331.84,0.80109,-1,-1,-1
133,28,1225.63,465.32,37.70,89.95,0.28990,-1,-1,-1
133,5,793.42,457.93,99.85,248.63,0.78931,-1,-1,-1
133,3,574.96,438.84,151.21,391.44,0.62453,-1,-1,-1
133,49,1083.75,459.14,50.24,136.34,0.24978,-1,-1,-1
133,126,492.27,461.11,38.55,108.68,0.35293,-1,-1,-1
133,133,537.75,446.12,100.89,236.24,0.35568,-1,-1,-1
134,2,685.06,434.50,103.39,333.04,0.79105,-1,-1,-1
134,28,1223.35,462.34,39.59,93.08,0.30055,-1,-1,-1
134,5,795.16,454.85,100.88,251.13,0.77358,-1,-1,-1
134,3,577.08,439.53,149.64,390.68,0.62601,-1,-1,-1
134,49,1082.80,455.87,51.71,139.74,0.21597,-1,-1,-1
134,126,491.98,457.84,39.93,112.26,0.30435,-1,-1,-1
134,133,539.31,446.44,100.94,236.34,0.27615,-1,-1,-1
135,2,685.78,433.07,103.59,333.26,0.78437,-1,-1,-1
135,5,793.97,451.88,102.45,254.69,0.71671,-1,-1,-1
135,3,576.45,439.93,149.29,391.37,0.63956,-1,-1,-1
135,49,1081.64,453.44,52.93,142.56,0.20569,-1,-1,-1
135,126,490.79,460.14,39.42,109.98,0.37107,-1,-1,-1
135,133,517.80,444.50,137.37,323.55,0.21356,-1,-1,-1
136,2,686.47,433.05,103.54,332.48,0.77351,-1,-1,-1
136,5,793.79,450.94,102.75,256.25,0.70777,-1,-1,-1
136,3,573.80,439.46,150.70,395.62,0.65299,-1,-1,-1
136,126,490.32,457.60,40.39,112.76,0.37922,-1,-1,-1
137,2,691.92,433.58,102.71,329.98,0.78148,-1,-1,-1
137,5,794.93,452.40,102.01,255.65,0.76006,-1,-1,-1
137,3,577.51,437.36,152.98,408.52,0.67088,-1,-1,-1
137,126,490.61,459.54,39.62,110.38,0.37814,-1,-1,-1
138,2,692.56,433.90,103.36,330.63,0.76326,-1,-1,-1
138,5,797.53,451.22,102.25,258.70,0.75480,-1,-1,-1
138,3,578.42,437.00,154.21,417.73,0.65084,-1,-1,-1
138,126,490.52,459.71,39.61,110.11,0.35312,-1,-1,-1
139,2,694.67,433.52,104.06,331.97,0.75573,-1,-1,-1
139,5,801.11,450.03,102.12,261.29,0.72754,-1,-1,-1
139,3,572.55,438.54,154.37,417.74,0.61317,-1,-1,-1
139,126,491.51,459.58,39.82,110.96,0.47200,-1,-1,-1
140,2,696.04,433.96,104.90,331.80,0.75925,-1,-1,-1
140,5,802.65,451.59,100.43,262.88,0.69992,-1,-1,-1
140,3,569.66,438.38,154.78,417.70,0.56169,-1,-1,-1
140,126,491.50,460.05,39.88,111.47,0.43254,-1,-1,-1
140,28,1213.07,450.72,42.35,102.60,0.34239,-1,-1,-1
141,2,696.64,433.11,106.57,334.04,0.75755,-1,-1,-1
141,5,807.13,451.59,98.64,262.41,0.65102,-1,-1,-1
141,3,565.70,438.39,156.06,419.05,0.55992,-1,-1,-1
141,126,491.50,459.39,40.13,112.20,0.36400,-1,-1,-1
141,28,1211.20,448.77,42.47,104.75,0.41223,-1,-1,-1
141,49,1082.21,453.45,52.03,141.30,0.25249,-1,-1,-1
142,2,700.41,433.34,108.03,332.50,0.76155,-1,-1,-1
142,5,809.76,448.28,99.44,267.80,0.64187,-1,-1,-1
142,3,562.62,438.67,156.16,415.47,0.51814,-1,-1,-1
142,126,490.93,460.46,39.75,111.20,0.30841,-1,-1,-1
142,28,1209.16,447.98,41.94,104.93,0.40612,-1,-1,-1
142,49,1081.15,455.82,50.95,139.16,0.26984,-1,-1,-1
143,2,703.71,435.31,109.57,330.75,0.77110,-1,-1,-1
143,5,811.90,447.56,98.26,268.05,0.62709,-1,-1,-1
143,3,568.25,435.52,158.55,427.24,0.53242,-1,-1,-1
143,126,486.86,463.88,38.85,107.13,0.22787,-1,-1,-1
143,28,1207.54,445.63,41.99,106.98,0.38460,-1,-1,-1
143,49,1080.38,454.44,51.34,140.54,0.31962,-1,-1,-1
144,2,705.68,436.25,112.54,331.50,0.75103,-1,-1,-1
144,5,815.00,448.34,96.24,265.63,0.54525,-1,-1,-1
144,3,556.01,436.98,162.97,433.36,0.51731,-1,-1,-1
144,126,481.27,463.39,40.69,109.96,0.32278,-1,-1,-1
144,28,1204.88,444.05,42.00,109.34,0.32463,-1,-1,-1
144,49,1080.82,460.27,49.45,134.85,0.31098,-1,-1,-1
145,2,707.20,437.87,115.23,330.69,0.75113,-1,-1,-1
145,5,818.46,453.25,92.80,258.83,0.56845,-1,-1,-1
145,3,550.18,437.10,166.82,439.47,0.63370,-1,-1,-1
145,126,480.80,468.44,40.09,105.67,0.34814,-1,-1,-1
145,28,1203.28,443.12,41.46,110.24,0.36521,-1,-1,-1
145,49,1080.55,460.93,49.13,134.16,0.26147,-1,-1,-1
145,142,876.19,439.18,84.72,243.49,0.34788,-1,-1,-1
146,2,708.63,438.28,117.84,331.14,0.74318,-1,-1,-1
146,5,821.41,454.30,91.03,256.51,0.65577,-1,-1,-1
146,3,546.98,438.42,169.82,444.15,0.72843,-1,-1,-1
146,126,480.20,471.78,39.66,102.25,0.36856,-1,-1,-1
146,28,1203.31,443.29,39.97,108.18,0.43879,-1,-1,-1
146,49,1080.26,463.06,48.62,132.41,0.31485,-1,-1,-1
146,142,874.52,434.28,85.91,247.29,0.35587,-1,-1,-1
147,2,709.56,437.90,120.41,333.65,0.79757,-1,-1,-1
147,5,823.80,456.87,89.22,253.46,0.61183,-1,-1,-1
147,3,545.01,439.91,172.10,448.03,0.72023,-1,-1,-1
147,126,478.61,469.89,40.80,103.52,0.33780,-1,-1,-1
147,28,1202.40,446.27,38.05,103.34,0.47600,-1,-1,-1
147,49,1081.02,461.29,49.11,133.72,0.35431,-1,-1,-1
147,142,876.19,432.27,86.28,248.79,0.43363,-1,-1,-1
148,2,710.07,437.66,121.85,333.56,0.77453,-1,-1,-1
148,5,825.61,456.90,88.97,254.11,0.65271,-1,-1,-1
148,3,543.38,440.53,174.24,451.67,0.72486,-1,-1,-1
148,126,477.84,470.75,41.11,102.85,0.37100,-1,-1,-1
148,28,1201.57,446.34,38.12,104.45,0.44916,-1,-1,-1
148,49,1081.66,459.02,49.75,135.68,0.36474,-1,-1,-1
148,142,879.25,431.50,85.83,248.01,0.36805,-1,-1,-1
149,2,711.27,437.51,123.59,336.13,0.80755,-1,-1,-1
149,5,828.01,456.43,88.28,253.42,0.65921,-1,-1,-1
149,3,542.45,439.30,175.26,455.24,0.73001,-1,-1,-1
149,126,476.85,469.82,41.70,103.19,0.29245,-1,-1,-1
149,28,1200.52,447.57,37.48,102.06,0.45419,-1,-1,-1
149,49,1079.93,459.62,49.59,135.39,0.30161,-1,-1,-1
149,142,884.99,437.29,83.92,242.11,0.56192,-1,-1,-1
150,2,712.37,436.53,124.64,338.18,0.81102,-1,-1,-1
150,5,829.61,452.84,89.14,257.11,0.64907,-1,-1,-1
150,3,543.30,437.56,176.10,458.37,0.76870,-1,-1,-1
150,126,473.90,470.74,41.46,102.17,0.33595,-1,-1,-1
150,28,1199.17,449.56,37.06,99.38,0.44293,-1,-1,-1
150,49,1079.92,459.04,49.61,135.37,0.34280,-1,-1,-1
150,142,887.16,439.47,82.80,239.57,0.61219,-1,-1,-1
151,2,714.70,436.54,125.35,339.72,0.80006,-1,-1,-1
151,5,829.99,449.86,90.55,261.62,0.67077,-1,-1,-1
151,3,541.99,438.18,175.47,458.01,0.75905,-1,-1,-1
151,126,472.36,471.98,41.26,101.11,0.36607,-1,-1,-1
151,28,1198.48,450.71,37.08,98.50,0.46428,-1,-1,-1
151,49,1080.02,457.02,50.27,136.96,0.31821,-1,-1,-1
151,142,890.47,438.60,82.79,239.31,0.66249,-1,-1,-1
152,2,713.39,436.14,124.65,339.77,0.80590,-1,-1,-1
152,5,829.01,446.24,92.98,270.11,0.71072,-1,-1,-1
152,3,543.18,438.28,175.83,458.92,0.75229,-1,-1,-1
152,126,472.30,473.01,40.83,99.14,0.18591,-1,-1,-1
152,28,1197.27,451.00,37.38,98.27,0.48180,-1,-1,-1
152,49,1080.31,456.55,50.43,137.14,0.29454,-1,-1,-1
152,142,890.51,438.14,83.04,240.48,0.44694,-1,-1,-1
152,149,1129.46,459.63,29.34,85.66,0.35593,-1,-1,-1
153,2,714.58,435.38,125.05,341.31,0.84367,-1,-1,-1
153,5,829.56,445.43,93.01,271.36,0.72488,-1,-1,-1
153,3,536.64,437.69,174.51,458.25,0.73983,-1,-1,-1
153,126,471.33,473.13,40.86,98.11,0.19494,-1,-1,-1
153,28,1195.65,451.33,37.10,96.83,0.48614,-1,-1,-1
153,49,1079.18,453.23,51.63,140.54,0.31797,-1,-1,-1
153,142,901.68,437.07,62.52,172.98,0.23116,-1,-1,-1
153,149,1130.08,458.59,29.61,86.42,0.27204,-1,-1,-1
154,2,716.32,435.46,124.75,341.11,0.85686,-1,-1,-1
154,5,829.64,448.61,93.28,274.33,0.69494,-1,-1,-1
154,3,532.89,433.70,174.67,461.90,0.74857,-1,-1,-1
154,126,469.96,475.69,40.10,94.89,0.17131,-1,-1,-1
154,28,1194.40,451.51,36.94,96.16,0.53061,-1,-1,-1
154,49,1077.76,453.64,51.49,139.74,0.20575,-1,-1,-1
154,142,892.29,436.41,79.88,223.41,0.54502,-1,-1,-1
154,149,1131.67,458.40,29.70,86.58,0.31714,-1,-1,-1
155,2,718.69,436.19,124.51,340.65,0.85914,-1,-1,-1
155,5,830.19,448.22,93.80,278.11,0.67994,-1,-1,-1
155,3,529.88,433.54,174.53,462.86,0.74072,-1,-1,-1
155,126,468.40,476.90,40.28,94.36,0.27573,-1,-1,-1
155,28,1193.02,451.99,37.02,96.14,0.54383,-1,-1,-1
155,49,1077.35,455.93,50.79,137.38,0.26786,-1,-1,-1
155,142,892.10,436.33,83.82,237.20,0.62439,-1,-1,-1
155,149,1133.06,458.28,30.07,87.40,0.26630,-1,-1,-1
156,2,720.49,434.39,124.58,341.93,0.83760,-1,-1,-1
156,5,831.28,445.69,94.64,282.45,0.68879,-1,-1,-1
156,3,527.76,434.08,173.50,462.47,0.75642,-1,-1,-1
156,126,466.97,476.51,40.38,93.99,0.27816,-1,-1,-1
156,28,1191.41,450.23,37.25,96.99,0.53542,-1,-1,-1
156,49,1077.62,457.07,50.40,136.16,0.29402,-1,-1,-1
156,142,892.20,436.75,85.41,245.64,0.58818,-1,-1,-1
157,2,723.21,433.67,124.94,342.19,0.81207,-1,-1,-1
157,5,834.16,444.78,94.09,282.76,0.69668,-1,-1,-1
157,3,526.06,434.42,172.97,462.86,0.72614,-1,-1,-1
157,126,466.08,474.92,41.15,95.78,0.23466,-1,-1,-1
157,28,1190.01,452.44,36.24,94.98,0.48646,-1,-1,-1
157,49,1077.57,458.16,50.29,135.27,0.27861,-1,-1,-1
157,142,894.96,437.16,85.66,250.09,0.44074,-1,-1,-1
157,154,659.89,439.37,86.87,340.80,0.43362,-1,-1,-1
157,155,960.38,438.08,50.16,140.34,0.40367,-1,-1,-1
158,2,727.37,433.20,125.25,341.61,0.76390,-1,-1,-1
158,5,838.90,444.61,94.26,284.21,0.71709,-1,-1,-1
158,3,527.12,432.55,173.26,464.84,0.74895,-1,-1,-1
158,126,465.61,474.64,40.61,94.35,0.26076,-1,-1,-1
158,28,1189.69,456.74,34.18,90.50,0.38319,-1,-1,-1
158,49,1077.92,458.55,50.57,135.35,0.29497,-1,-1,-1
158,142,908.36,438.48,64.24,180.78,0.44288,-1,-1,-1
158,154,661.59,438.41,87.36,343.19,0.53496,-1,-1,-1
158,155,961.94,438.15,50.28,140.84,0.26923,-1,-1,-1
159,2,732.67,434.67,124.97,339.59,0.76167,-1,-1,-1
159,5,840.52,444.78,93.89,285.51,0.73842,-1,-1,-1
159,3,524.72,431.68,173.76,464.98,0.77919,-1,-1,-1
159,126,464.85,472.10,41.00,95.47,0.20720,-1,-1,-1
159,28,1189.16,456.67,33.57,89.78,0.25423,-1,-1,-1
159,49,1078.28,458.42,50.43,135.27,0.30504,-1,-1,-1
159,142,903.64,441.21,80.90,226.80,0.41863,-1,-1,-1
159,154,664.43,437.45,87.70,345.09,0.51765,-1,-1,-1
159,155,963.40,438.59,50.24,141.31,0.21531,-1,-1,-1
160,2,735.02,431.85,125.42,343.03,0.75860,-1,-1,-1
160,5,842.37,446.62,92.36,282.88,0.74147,-1,-1,-1
160,3,525.28,432.15,172.77,462.98,0.78461,-1,-1,-1
160,126,464.27,471.64,41.45,96.90,0.22067,-1,-1,-1
160,28,1189.01,456.16,33.24,89.58,0.15125,-1,-1,-1
160,49,1077.76,458.54,50.38,135.22,0.29944,-1,-1,-1
160,142,903.12,441.16,88.31,247.18,0.19975,-1,-1,-1
160,154,665.89,437.56,87.66,345.82,0.53278,-1,-1,-1
160,155,964.12,438.44,48.80,138.08,0.22600,-1,-1,-1
161,2,737.49,430.39,125.26,344.90,0.77898,-1,-1,-1
161,5,844.90,447.48,91.59,281.87,0.75029,-1,-1,-1
161,3,526.45,433.83,171.41,459.50,0.78081,-1,-1,-1
161,126,463.55,470.84,40.94,96.57,0.19845,-1,-1,-1
161,28,1188.67,456.48,32.68,88.40,0.15156,-1,-1,-1
161,49,1077.79,459.10,49.99,134.18,0.30653,-1,-1,-1
161,154,666.51,439.42,87.80,347.22,0.62513,-1,-1,-1
161,156,916.85,439.84,69.62,143.73,0.40014,-1,-1,-1
162,2,739.70,429.71,125.28,347.73,0.77769,-1,-1,-1
162,5,847.32,448.67,91.45,282.09,0.74383,-1,-1,-1
162,3,527.71,433.13,172.34,460.07,0.77296,-1,-1,-1
162,126,463.15,472.70,39.23,92.98,0.15733,-1,-1,-1
162,28,1188.06,455.22,32.47,88.61,0.26371,-1,-1,-1
162,49,1077.68,459.59,49.75,133.71,0.22574,-1,-1,-1
162,154,667.04,440.42,88.16,349.94,0.62162,-1,-1,-1
162,156,921.49,441.16,69.18,142.38,0.31889,-1,-1,-1
162,157,1137.48,440.51,42.69,103.34,0.31968,-1,-1,-1
163,2,741.90,430.99,124.39,347.70,0.78985,-1,-1,-1
163,5,850.99,449.46,91.60,282.18,0.73975,-1,-1,-1
163,3,529.51,432.71,173.59,461.80,0.80007,-1,-1,-1
163,28,1186.38,447.68,35.04,97.36,0.43762,-1,-1,-1
163,49,1078.14,460.17,49.31,132.93,0.21299,-1,-1,-1
163,154,666.78,440.59,89.63,358.07,0.59544,-1,-1,-1
163,157,1138.79,438.53,43.58,105.39,0.36135,-1,-1,-1
163,142,915.13,440.77,90.61,256.88,0.57420,-1,-1,-1
164,2,744.46,431.45,124.43,350.32,0.78618,-1,-1,-1
164,5,855.20,449.81,92.85,283.18,0.70819,-1,-1,-1
164,3,530.65,431.71,175.89,465.54,0.78929,-1,-1,-1
164,28,1185.04,444.57,35.64,100.32,0.50712,-1,-1,-1
164,49,1079.15,461.17,48.73,131.64,0.28264,-1,-1,-1
164,154,668.17,439.44,90.23,362.12,0.59920,-1,-1,-1
164,157,1138.57,437.90,44.77,108.18,0.39544,-1,-1,-1
164,142,918.64,440.85,89.61,256.09,0.55896,-1,-1,-1
165,2,745.60,430.78,124.30,352.30,0.78893,-1,-1,-1
165,5,861.44,450.59,94.60,282.71,0.66198,-1,-1,-1
165,3,532.56,431.30,178.00,468.27,0.80579,-1,-1,-1
165,28,1185.46,451.88,33.04,93.27,0.33260,-1,-1,-1
165,49,1079.42,461.11,48.85,131.93,0.24388,-1,-1,-1
165,154,672.29,440.84,88.12,352.58,0.69414,-1,-1,-1
165,142,919.60,440.00,90.17,258.94,0.52027,-1,-1,-1
166,2,746.86,430.70,124.55,355.58,0.79069,-1,-1,-1
166,5,862.70,452.92,96.27,283.95,0.64030,-1,-1,-1
166,3,533.42,431.45,180.00,470.53,0.79357,-1,-1,-1
166,28,1185.92,455.48,31.89,90.00,0.29544,-1,-1,-1
166,49,1079.25,458.56,49.86,134.83,0.24654,-1,-1,-1
166,154,674.56,441.71,88.18,351.55,0.72310,-1,-1,-1
166,142,922.84,437.47,88.62,257.01,0.50808,-1,-1,-1
167,2,747.58,431.05,124.07,356.45,0.79696,-1,-1,-1
167,5,870.30,451.11,99.06,283.64,0.70570,-1,-1,-1
167,3,536.05,432.21,181.81,471.38,0.80154,-1,-1,-1
167,28,1186.28,457.74,31.57,88.94,0.22747,-1,-1,-1
167,49,1079.07,457.34,50.46,136.53,0.24929,-1,-1,-1
167,154,675.58,441.92,88.46,351.79,0.70993,-1,-1,-1
167,142,926.96,437.05,85.89,252.06,0.59151,-1,-1,-1
168,2,749.09,432.14,123.51,356.95,0.79322,-1,-1,-1
168,5,873.98,448.22,102.56,285.95,0.75079,-1,-1,-1
168,3,541.94,433.66,183.90,469.27,0.80783,-1,-1,-1
168,28,1185.64,456.21,31.52,89.77,0.18981,-1,-1,-1
168,49,1078.86,457.66,50.25,135.98,0.25313,-1,-1,-1
168,154,675.62,442.40,89.04,353.59,0.72754,-1,-1,-1
168,142,932.02,435.69,83.07,246.93,0.59485,-1,-1,-1
168,157,1146.49,440.83,43.33,104.23,0.34755,-1,-1,-1
169,2,750.08,433.85,122.49,356.19,0.80002,-1,-1,-1
169,5,873.74,447.05,105.02,288.28,0.78022,-1,-1,-1
169,3,546.98,430.28,188.38,471.28,0.80828,-1,-1,-1
169,28,1185.79,457.66,30.74,88.29,0.16819,-1,-1,-1
169,49,1078.55,456.55,50.69,137.48,0.25633,-1,-1,-1
169,154,676.45,442.60,89.40,354.84,0.73567,-1,-1,-1
169,142,936.66,434.99,80.01,241.27,0.59104,-1,-1,-1
169,157,1147.77,440.96,43.28,103.97,0.35528,-1,-1,-1
170,2,752.25,434.80,121.69,356.09,0.78131,-1,-1,-1
170,5,875.13,446.45,106.76,289.97,0.79863,-1,-1,-1
170,3,550.75,429.63,192.81,471.42,0.82983,-1,-1,-1
170,28,1185.96,455.35,31.34,90.31,0.17363,-1,-1,-1
170,49,1078.36,456.25,50.72,137.60,0.25259,-1,-1,-1
170,154,677.18,442.45,89.55,356.15,0.72863,-1,-1,-1
170,142,940.09,434.65,77.66,236.53,0.61735,-1,-1,-1
170,157,1148.47,442.22,42.95,102.84,0.43600,-1,-1,-1
171,2,754.52,435.38,119.31,350.87,0.78932,-1,-1,-1
171,5,875.86,446.52,108.11,291.29,0.79212,-1,-1,-1
171,3,554.42,429.99,197.23,471.17,0.85730,-1,-1,-1
171,28,1186.50,455.15,31.14,90.18,0.19193,-1,-1,-1
171,49,1078.69,454.75,50.93,138.66,0.22316,-1,-1,-1
171,154,677.82,442.37,90.36,359.63,0.73021,-1,-1,-1
171,142,942.39,435.77,79.03,243.43,0.66788,-1,-1,-1
171,157,1148.71,444.23,42.53,100.95,0.44018,-1,-1,-1
172,2,758.71,436.20,118.17,347.64,0.81257,-1,-1,-1
172,5,875.89,447.07,109.07,291.42,0.79491,-1,-1,-1
172,3,555.75,432.34,201.06,470.58,0.84754,-1,-1,-1
172,28,1187.86,458.91,29.94,86.66,0.16458,-1,-1,-1
172,49,1078.98,454.37,51.08,139.56,0.28537,-1,-1,-1
172,154,678.32,444.27,89.54,358.16,0.70122,-1,-1,-1
172,142,946.81,435.75,80.04,248.59,0.68452,-1,-1,-1
172,157,1148.16,445.50,42.31,100.31,0.40598,-1,-1,-1
173,2,761.63,437.18,117.52,345.50,0.81892,-1,-1,-1
173,5,876.61,445.61,110.42,293.35,0.78763,-1,-1,-1
173,3,554.10,432.43,203.87,470.25,0.85659,-1,-1,-1
173,49,1081.72,454.69,50.67,140.18,0.34122,-1,-1,-1
173,154,681.24,446.12,88.33,352.65,0.62461,-1,-1,-1
173,142,949.04,435.12,81.51,255.18,0.66195,-1,-1,-1
173,157,1147.54,446.44,42.04,99.95,0.34635,-1,-1,-1
174,2,763.24,438.77,118.50,347.70,0.82263,-1,-1,-1
174,5,878.28,444.98,111.38,294.01,0.78784,-1,-1,-1
174,3,554.87,432.62,206.83,471.68,0.85214,-1,-1,-1
174,49,1082.56,455.14,50.34,140.33,0.41548,-1,-1,-1
174,154,684.68,449.58,87.29,349.69,0.47614,-1,-1,-1
174,142,950.92,435.65,81.58,257.82,0.63138,-1,-1,-1
174,157,1148.21,448.41,41.32,98.46,0.28357,-1,-1,-1
175,2,765.88,439.65,118.93,349.69,0.84326,-1,-1,-1
175,5,879.06,444.29,112.06,294.57,0.79233,-1,-1,-1
175,3,558.21,433.48,208.40,471.61,0.83542,-1,-1,-1
175,49,1082.84,455.84,49.78,139.91,0.32386,-1,-1,-1
175,154,691.88,463.98,83.97,338.25,0.20598,-1,-1,-1
175,142,954.23,435.51,81.64,259.89,0.60173,-1,-1,-1
175,157,1154.89,451.98,41.41,95.45,0.42309,-1,-1,-1
176,2,766.22,441.13,119.90,354.22,0.83034,-1,-1,-1
176,5,879.67,443.82,112.34,294.72,0.79819,-1,-1,-1
176,3,561.49,433.09,209.88,474.16,0.79667,-1,-1,-1
176,49,1081.77,455.50,49.72,139.96,0.34826,-1,-1,-1
176,142,959.30,434.97,81.53,259.41,0.58766,-1,-1,-1
176,157,1158.79,455.18,40.83,91.34,0.43863,-1,-1,-1
177,2,767.25,441.26,120.06,355.26,0.82276,-1,-1,-1
177,5,881.88,445.45,112.02,293.05,0.78962,-1,-1,-1
177,3,562.06,435.63,209.90,473.08,0.79814,-1,-1,-1
177,49,1082.23,454.83,49.52,140.33,0.24848,-1,-1,-1
177,142,962.99,434.62,82.24,260.83,0.51910,-1,-1,-1
177,157,1159.21,451.93,43.43,95.97,0.39705,-1,-1,-1
178,2,769.60,440.85,119.48,356.10,0.80933,-1,-1,-1
178,5,885.83,446.89,110.96,290.86,0.76534,-1,-1,-1
178,3,563.50,434.19,210.76,474.53,0.83912,-1,-1,-1
178,49,1080.50,452.52,50.32,142.56,0.27754,-1,-1,-1
178,142,966.58,433.50,84.25,264.30,0.45878,-1,-1,-1
178,157,1157.00,448.60,44.54,98.42,0.47574,-1,-1,-1
179,2,771.97,439.85,118.82,355.70,0.79005,-1,-1,-1
179,5,888.54,446.06,110.75,291.93,0.77305,-1,-1,-1
179,3,567.35,433.12,211.06,477.00,0.86212,-1,-1,-1
179,49,1078.71,453.81,49.86,140.88,0.26571,-1,-1,-1
179,142,969.09,434.52,85.25,264.21,0.52415,-1,-1,-1
179,157,1158.14,450.84,43.88,96.74,0.46282,-1,-1,-1
179,174,463.59,460.77,42.13,115.75,0.35182,-1,-1,-1
180,2,775.94,438.63,119.31,357.34,0.76501,-1,-1,-1
180,5,891.28,445.36,109.94,292.83,0.77676,-1,-1,-1
180,3,571.11,431.07,210.59,479.00,0.83980,-1,-1,-1
180,49,1078.76,453.10,50.07,141.44,0.32500,-1,-1,-1
180,142,976.29,434.39,86.76,262.62,0.48696,-1,-1,-1
180,157,1156.98,450.37,43.85,97.59,0.44926,-1,-1,-1
180,174,464.36,464.04,40.64,111.75,0.47489,-1,-1,-1
181,2,777.38,437.07,119.26,358.31,0.75609,-1,-1,-1
181,5,895.42,444.04,109.34,295.11,0.72738,-1,-1,-1
181,3,574.43,426.28,211.33,484.65,0.86442,-1,-1,-1
181,49,1078.05,447.62,52.41,148.56,0.35153,-1,-1,-1
181,142,975.04,436.25,87.25,263.38,0.61978,-1,-1,-1
181,157,1155.35,446.75,44.57,100.18,0.47964,-1,-1,-1
181,174,465.72,467.34,38.96,107.28,0.37005,-1,-1,-1
181,178,572.81,449.11,55.95,110.74,0.40741,-1,-1,-1
182,2,779.00,435.84,120.23,362.60,0.75321,-1,-1,-1
182,5,901.72,445.22,107.85,296.39,0.71308,-1,-1,-1
182,3,577.35,424.53,210.77,486.30,0.86526,-1,-1,-1
182,49,1079.10,445.44,53.11,151.65,0.37314,-1,-1,-1
182,142,977.36,435.42,88.46,267.28,0.61256,-1,-1,-1
182,157,1154.99,446.68,43.91,100.11,0.54440,-1,-1,-1
182,174,466.92,471.07,37.52,103.31,0.42170,-1,-1,-1
182,178,570.36,445.18,60.38,119.61,0.44910,-1,-1,-1
183,2,781.33,434.84,121.07,366.19,0.76957,-1,-1,-1
183,5,907.45,443.65,106.64,297.86,0.74625,-1,-1,-1
183,3,580.25,424.41,209.38,486.55,0.85823,-1,-1,-1
183,49,1080.05,444.77,52.95,152.44,0.32678,-1,-1,-1
183,142,980.43,436.57,87.09,263.10,0.62490,-1,-1,-1
183,157,1155.31,448.46,42.47,98.31,0.54096,-1,-1,-1
183,174,467.31,472.60,37.28,102.44,0.38131,-1,-1,-1
183,178,567.92,446.93,65.28,129.66,0.48081,-1,-1,-1
184,2,782.82,434.05,121.32,367.81,0.78303,-1,-1,-1
184,5,913.57,441.93,105.20,299.32,0.76920,-1,-1,-1
184,3,583.71,425.19,207.30,485.39,0.85232,-1,-1,-1
184,49,1080.72,442.64,53.30,154.38,0.33772,-1,-1,-1
184,142,984.41,439.36,83.48,250.87,0.63235,-1,-1,-1
184,157,1154.69,450.29,42.16,97.97,0.60604,-1,-1,-1
184,174,467.09,472.98,37.18,101.99,0.40283,-1,-1,-1
184,178,564.71,444.36,72.68,145.46,0.43668,-1,-1,-1
185,2,784.54,434.29,121.40,369.06,0.78129,-1,-1,-1
185,5,916.99,441.51,104.29,302.16,0.75926,-1,-1,-1
185,3,589.19,426.83,204.56,483.54,0.84112,-1,-1,-1
185,49,1080.38,439.13,54.18,158.04,0.32303,-1,-1,-1
185,142,986.75,440.65,83.95,252.17,0.63312,-1,-1,-1
185,157,1155.20,451.44,41.15,95.85,0.55565,-1,-1,-1
185,174,468.01,474.85,36.93,100.68,0.46317,-1,-1,-1
185,178,562.83,444.29,77.58,156.81,0.44805,-1,-1,-1
186,2,784.89,434.72,120.64,368.40,0.80296,-1,-1,-1
186,5,919.98,443.88,103.34,304.85,0.74491,-1,-1,-1
186,3,593.72,426.21,202.82,484.07,0.84394,-1,-1,-1
186,49,1078.57,442.20,52.76,153.95,0.24568,-1,-1,-1
186,142,990.08,442.18,82.14,245.81,0.57342,-1,-1,-1
186,157,1155.11,449.10,42.24,97.70,0.59488,-1,-1,-1
186,174,469.36,477.42,36.37,98.25,0.47105,-1,-1,-1
186,178,558.65,439.28,83.92,172.76,0.48646,-1,-1,-1
187,2,787.11,435.05,119.99,368.35,0.80322,-1,-1,-1
187,5,922.91,444.80,102.82,307.11,0.73134,-1,-1,-1
187,3,597.94,427.55,200.47,484.08,0.84132,-1,-1,-1
187,49,1077.21,442.19,52.82,153.95,0.25601,-1,-1,-1
187,142,994.04,442.60,83.19,249.57,0.62574,-1,-1,-1
187,157,1156.25,450.12,41.92,96.22,0.54506,-1,-1,-1
187,174,469.48,477.84,36.54,97.82,0.46489,-1,-1,-1
187,178,558.24,435.19,84.77,178.00,0.48066,-1,-1,-1
188,2,789.91,434.69,118.80,366.00,0.81183,-1,-1,-1
188,5,926.77,442.79,102.71,309.76,0.68724,-1,-1,-1
188,3,599.54,426.80,201.42,491.98,0.83559,-1,-1,-1
188,49,1083.48,441.34,51.80,154.41,0.22546,-1,-1,-1
188,142,996.43,443.94,82.83,249.73,0.50660,-1,-1,-1
188,157,1156.62,451.56,41.87,95.93,0.50121,-1,-1,-1
188,174,468.69,478.39,36.27,96.83,0.36543,-1,-1,-1
188,178,558.28,434.06,85.44,182.83,0.44445,-1,-1,-1
189,2,791.56,433.58,118.58,367.49,0.80988,-1,-1,-1
189,5,932.77,442.05,103.66,311.60,0.77918,-1,-1,-1
189,3,600.45,426.20,202.59,501.28,0.79615,-1,-1,-1
189,49,1086.48,441.69,50.59,154.06,0.20886,-1,-1,-1
189,142,1001.62,440.00,86.05,261.18,0.53255,-1,-1,-1
189,157,1156.15,448.18,43.25,99.43,0.48045,-1,-1,-1
189,174,467.96,477.59,37.03,98.30,0.41100,-1,-1,-1
189,178,557.82,433.10,84.03,183.49,0.52908,-1,-1,-1
190,2,795.15,432.70,119.62,371.22,0.80202,-1,-1,-1
190,5,938.33,442.50,104.07,310.80,0.75763,-1,-1,-1
190,3,604.78,426.18,203.45,509.07,0.70268,-1,-1,-1
190,49,1082.54,442.55,50.45,154.14,0.27604,-1,-1,-1
190,142,1005.58,440.36,86.73,265.82,0.46598,-1,-1,-1
190,157,1154.60,448.84,43.47,99.29,0.41895,-1,-1,-1
190,174,468.08,477.37,37.04,98.30,0.38953,-1,-1,-1
190,178,560.30,436.77,80.36,178.09,0.54073,-1,-1,-1
191,2,797.27,432.51,119.37,371.63,0.78119,-1,-1,-1
191,5,944.66,443.16,105.25,310.98,0.76023,-1,-1,-1
191,3,608.10,425.92,203.29,515.25,0.74805,-1,-1,-1
191,49,1082.02,441.77,50.61,155.85,0.22371,-1,-1,-1
191,142,1007.36,437.27,87.54,271.76,0.32780,-1,-1,-1
191,157,1154.37,446.76,44.80,101.42,0.49972,-1,-1,-1
191,174,466.19,477.50,36.82,97.90,0.35497,-1,-1,-1
191,178,560.93,443.45,77.07,173.46,0.58059,-1,-1,-1
192,2,798.30,430.16,120.69,377.76,0.78719,-1,-1,-1
192,5,948.27,447.19,104.88,306.71,0.75956,-1,-1,-1
192,3,611.35,426.18,203.68,523.69,0.72613,-1,-1,-1
192,49,1083.59,441.90,50.02,156.40,0.23522,-1,-1,-1
192,142,1009.23,436.19,88.64,276.49,0.29609,-1,-1,-1
192,157,1153.24,447.12,45.41,101.66,0.47788,-1,-1,-1
192,174,465.18,477.31,36.56,97.25,0.34325,-1,-1,-1
192,178,561.96,442.98,76.41,174.11,0.58929,-1,-1,-1
193,2,799.41,427.24,120.62,380.33,0.78561,-1,-1,-1
193,5,949.54,444.22,106.84,310.06,0.75625,-1,-1,-1
193,3,614.77,426.71,201.59,527.45,0.76513,-1,-1,-1
193,142,1016.25,437.17,86.80,268.25,0.53941,-1,-1,-1
193,157,1151.18,443.80,47.15,105.08,0.44786,-1,-1,-1
193,174,464.72,477.82,36.84,97.44,0.30801,-1,-1,-1
193,178,563.29,442.70,75.46,174.45,0.62904,-1,-1,-1
194,2,802.56,425.35,121.27,383.20,0.78875,-1,-1,-1
194,5,949.06,443.75,107.17,310.68,0.74851,-1,-1,-1
194,3,620.00,425.80,202.67,536.44,0.75973,-1,-1,-1
194,142,1018.90,434.90,89.50,274.68,0.64674,-1,-1,-1
194,157,1148.98,446.83,45.72,101.75,0.37004,-1,-1,-1
194,174,461.62,476.46,37.46,99.33,0.33199,-1,-1,-1
194,178,564.07,442.43,74.90,175.63,0.67014,-1,-1,-1
195,2,806.45,424.27,121.86,383.34,0.78925,-1,-1,-1
195,5,950.44,446.81,107.73,309.52,0.75944,-1,-1,-1
195,3,624.34,423.47,201.83,540.72,0.78458,-1,-1,-1
195,142,1022.70,433.68,90.94,277.67,0.69280,-1,-1,-1
195,157,1146.12,445.06,45.89,103.30,0.40546,-1,-1,-1
195,174,461.66,474.56,38.65,100.50,0.29691,-1,-1,-1
195,178,564.50,441.71,74.33,176.41,0.68225,-1,-1,-1
196,2,812.03,425.46,122.75,381.47,0.82519,-1,-1,-1
196,5,951.18,448.49,108.23,308.77,0.72766,-1,-1,-1
196,3,629.99,423.97,198.56,539.21,0.80085,-1,-1,-1
196,142,1027.15,432.60,92.12,279.96,0.68130,-1,-1,-1
196,157,1144.62,441.93,46.70,106.15,0.41395,-1,-1,-1
196,174,459.68,473.62,39.66,101.63,0.34666,-1,-1,-1
196,178,565.55,442.40,73.37,175.80,0.67019,-1,-1,-1
196,180,512.65,439.74,38.48,121.73,0.43839,-1,-1,-1
197,2,819.13,426.93,124.88,380.04,0.81481,-1,-1,-1
197,5,952.87,447.65,108.80,309.89,0.75208,-1,-1,-1
197,3,630.59,422.47,198.32,548.56,0.82271,-1,-1,-1
197,142,1031.33,431.80,92.87,281.46,0.46867,-1,-1,-1
197,157,1144.52,443.34,45.75,104.57,0.36253,-1,-1,-1
197,174,457.71,471.72,40.69,103.52,0.33530,-1,-1,-1
197,178,566.27,441.37,72.93,176.02,0.67037,-1,-1,-1
197,180,512.89,439.80,38.35,121.30,0.44794,-1,-1,-1
198,2,824.89,430.96,126.46,376.44,0.82997,-1,-1,-1
198,5,956.27,447.54,108.75,311.09,0.76844,-1,-1,-1
198,3,634.92,422.78,193.92,544.59,0.83268,-1,-1,-1
198,142,1035.96,432.88,92.65,281.05,0.64634,-1,-1,-1
198,157,1144.45,441.56,46.12,106.31,0.38673,-1,-1,-1
198,174,457.29,471.59,40.29,103.33,0.31802,-1,-1,-1
198,178,567.32,441.72,72.28,175.67,0.68248,-1,-1,-1
198,180,514.87,443.59,37.48,118.63,0.33856,-1,-1,-1
199,2,829.79,432.73,129.30,375.63,0.84615,-1,-1,-1
199,5,961.91,447.89,108.72,312.60,0.75792,-1,-1,-1
199,3,638.89,423.26,191.10,541.63,0.83914,-1,-1,-1
199,142,1040.38,435.89,92.39,280.13,0.63628,-1,-1,-1
199,157,1142.93,443.15,45.19,105.32,0.37533,-1,-1,-1
199,174,456.39,472.06,40.07,103.24,0.27777,-1,-1,-1
199,178,568.56,443.29,70.78,173.49,0.68888,-1,-1,-1
199,180,515.11,447.22,36.54,115.51,0.30147,-1,-1,-1
200,2,831.34,434.99,131.84,374.68,0.84284,-1,-1,-1
200,5,967.21,448.53,108.02,312.12,0.72216,-1,-1,-1
200,3,643.03,422.63,189.32,541.31,0.85909,-1,-1,-1
200,142,1042.75,434.47,93.60,283.93,0.60597,-1,-1,-1
200,157,1141.61,442.38,44.73,106.50,0.32280,-1,-1,-1
200,174,455.55,469.53,38.92,100.87,0.28971,-1,-1,-1
200,178,569.54,445.59,69.62,171.70,0.67742,-1,-1,-1
200,180,513.30,445.26,36.99,116.77,0.33873,-1,-1,-1
201,2,832.91,436.87,134.05,373.87,0.83906,-1,-1,-1
201,5,972.08,450.79,105.84,310.26,0.70778,-1,-1,-1
201,3,649.77,422.88,187.41,539.63,0.84438,-1,-1,-1
201,142,1046.49,435.46,94.40,287.23,0.61381,-1,-1,-1
201,157,1139.39,440.81,44.65,108.38,0.32267,-1,-1,-1
201,174,453.48,468.10,40.33,105.36,0.27686,-1,-1,-1
201,178,570.99,444.78,68.75,170.81,0.66338,-1,-1,-1
201,180,511.61,441.67,38.13,120.13,0.27829,-1,-1,-1
202,2,832.61,437.58,136.20,374.71,0.84512,-1,-1,-1
202,5,977.90,449.90,104.88,312.45,0.77400,-1,-1,-1
202,3,653.62,421.77,187.42,542.04,0.85470,-1,-1,-1
202,142,1050.89,436.03,93.63,284.01,0.68325,-1,-1,-1
202,157,1137.88,438.93,44.14,109.48,0.34771,-1,-1,-1
202,174,453.04,471.29,38.39,100.79,0.24882,-1,-1,-1
202,178,572.31,446.41,67.88,168.83,0.67825,-1,-1,-1
202,180,512.02,439.49,38.60,121.76,0.21611,-1,-1,-1
203,2,831.91,437.87,137.86,375.61,0.84368,-1,-1,-1
203,5,982.49,449.69,104.19,313.85,0.77180,-1,-1,-1
203,3,659.79,424.70,187.81,547.33,0.82263,-1,-1,-1
203,142,1054.63,434.90,93.68,283.68,0.69364,-1,-1,-1
203,157,1137.97,437.40,43.29,110.23,0.24409,-1,-1,-1
203,174,452.98,473.57,38.53,99.97,0.22484,-1,-1,-1
203,178,573.17,444.53,68.62,170.80,0.70841,-1,-1,-1
203,180,510.42,439.50,38.99,122.53,0.34016,-1,-1,-1
204,2,831.45,437.59,139.19,376.00,0.84255,-1,-1,-1
204,5,986.23,449.46,103.66,315.84,0.77196,-1,-1,-1
204,3,660.02,424.17,189.68,555.56,0.84336,-1,-1,-1
204,142,1058.44,434.75,93.14,283.55,0.69890,-1,-1,-1
204,157,1139.92,438.83,41.19,107.63,0.15204,-1,-1,-1
204,174,452.87,473.16,39.44,101.59,0.29849,-1,-1,-1
204,178,575.35,448.15,67.17,167.52,0.72576,-1,-1,-1
204,180,511.10,446.03,37.08,116.07,0.15228,-1,-1,-1
205,2,831.13,435.08,141.02,378.34,0.83164,-1,-1,-1
205,5,990.03,448.16,103.09,317.02,0.78663,-1,-1,-1
205,3,661.79,424.07,191.13,564.97,0.84786,-1,-1,-1
205,142,1062.16,438.00,91.33,279.04,0.71560,-1,-1,-1
205,174,452.37,474.08,39.61,101.14,0.31962,-1,-1,-1
205,178,574.91,447.00,67.77,169.50,0.74711,-1,-1,-1
205,180,510.47,444.57,37.68,117.68,0.20689,-1,-1,-1
206,2,833.58,435.41,141.49,377.66,0.83252,-1,-1,-1
206,5,994.81,447.80,102.26,317.51,0.77519,-1,-1,-1
206,3,665.12,423.23,190.77,569.70,0.83872,-1,-1,-1
206,142,1064.04,436.87,91.51,281.30,0.68025,-1,-1,-1
206,174,452.44,475.04,38.93,98.39,0.23027,-1,-1,-1
206,178,575.24,447.04,68.02,170.43,0.72559,-1,-1,-1
206,180,510.55,442.52,38.45,119.99,0.28528,-1,-1,-1
207,2,834.83,435.53,142.04,377.14,0.82772,-1,-1,-1
207,5,1001.85,448.56,100.96,315.15,0.71899,-1,-1,-1
207,3,667.74,420.70,190.31,573.73,0.84156,-1,-1,-1
207,142,1067.91,435.65,91.09,284.19,0.65213,-1,-1,-1
207,174,451.30,473.31,38.59,97.35,0.26409,-1,-1,-1
207,178,578.50,452.97,65.57,164.47,0.73918,-1,-1,-1
207,180,511.40,447.70,36.84,113.97,0.23374,-1,-1,-1
207,183,1186.70,450.79,41.47,99.64,0.35883,-1,-1,-1
208,2,835.82,434.91,143.20,379.06,0.82348,-1,-1,-1
208,5,1005.88,450.17,99.25,311.87,0.69282,-1,-1,-1
208,3,671.11,420.30,188.73,574.05,0.83437,-1,-1,-1
208,142,1068.73,434.10,93.44,297.85,0.59243,-1,-1,-1
208,174,448.75,470.80,40.21,101.54,0.20388,-1,-1,-1
208,178,580.20,454.35,64.96,163.37,0.73027,-1,-1,-1
208,180,511.48,445.81,37.62,115.73,0.39710,-1,-1,-1
208,183,1186.14,448.03,42.59,102.48,0.40919,-1,-1,-1
209,2,837.81,430.90,144.75,383.04,0.80723,-1,-1,-1
209,5,1021.29,446.71,104.11,315.99,0.60001,-1,-1,-1
209,3,674.86,417.02,188.11,577.71,0.81912,-1,-1,-1
209,142,1076.36,433.72,89.35,288.14,0.61338,-1,-1,-1
209,174,447.97,471.19,40.42,101.90,0.15748,-1,-1,-1
209,178,582.80,456.77,64.29,161.02,0.74335,-1,-1,-1
209,180,511.80,444.66,38.25,117.08,0.41466,-1,-1,-1
209,183,1187.29,448.22,42.84,103.25,0.48403,-1,-1,-1
210,2,840.96,428.53,145.89,385.55,0.81391,-1,-1,-1
210,5,1032.98,444.62,109.30,318.54,0.81534,-1,-1,-1
210,3,678.45,415.84,186.88,578.71,0.79531,-1,-1,-1
210,142,1084.69,433.67,83.75,270.21,0.24762,-1,-1,-1
210,174,446.32,473.84,39.66,99.36,0.17988,-1,-1,-1
210,178,585.37,457.27,64.23,160.09,0.72731,-1,-1,-1
210,180,511.72,443.08,38.70,118.03,0.41292,-1,-1,-1
210,183,1187.93,445.78,43.95,106.33,0.48222,-1,-1,-1
211,2,846.86,429.69,146.43,386.21,0.78858,-1,-1,-1
211,5,1039.25,443.73,114.26,319.72,0.80093,-1,-1,-1
211,3,680.76,418.58,185.21,576.42,0.81113,-1,-1,-1
211,142,1090.64,433.38,81.38,261.00,0.31314,-1,-1,-1
211,178,586.73,453.58,66.06,163.52,0.74242,-1,-1,-1
211,180,511.27,441.79,39.18,119.31,0.43423,-1,-1,-1
211,183,1189.04,444.95,44.25,107.68,0.46383,-1,-1,-1
212,2,852.07,430.32,146.46,386.20,0.78771,-1,-1,-1
212,5,1042.28,444.71,118.89,319.66,0.79077,-1,-1,-1
212,3,682.63,416.43,184.66,578.39,0.82526,-1,-1,-1
212,142,1096.77,430.75,79.28,253.51,0.35663,-1,-1,-1
212,178,588.19,451.92,66.54,164.48,0.71302,-1,-1,-1
212,180,511.45,440.65,39.53,120.01,0.46441,-1,-1,-1
212,183,1190.70,446.25,43.39,106.16,0.50798,-1,-1,-1
213,2,858.21,430.55,145.87,386.74,0.80840,-1,-1,-1
213,5,1042.16,446.99,122.98,319.05,0.80701,-1,-1,-1
213,3,684.67,414.57,184.40,579.73,0.82192,-1,-1,-1
213,142,1098.52,432.87,82.55,265.70,0.50421,-1,-1,-1
213,178,588.94,452.28,66.70,164.57,0.73855,-1,-1,-1
213,180,511.46,439.48,40.02,121.07,0.45341,-1,-1,-1
213,183,1192.22,446.64,42.38,104.30,0.36738,-1,-1,-1
214,2,865.56,429.64,144.71,385.94,0.81609,-1,-1,-1
214,5,1040.51,447.96,127.01,319.31,0.77308,-1,-1,-1
214,3,686.27,413.69,183.67,580.02,0.82428,-1,-1,-1
214,142,1102.06,431.52,84.44,274.28,0.54171,-1,-1,-1
214,178,589.38,451.37,67.38,166.40,0.72631,-1,-1,-1
214,180,511.55,439.13,40.25,121.00,0.47165,-1,-1,-1
214,183,1194.02,445.40,42.29,104.27,0.37754,-1,-1,-1
214,174,441.56,474.44,40.16,99.38,0.25019,-1,-1,-1
215,2,870.81,429.17,143.43,387.08,0.80999,-1,-1,-1
215,5,1037.61,447.11,130.77,321.07,0.81622,-1,-1,-1
215,3,689.19,412.09,183.55,582.10,0.81773,-1,-1,-1
215,142,1106.78,427.71,86.90,286.24,0.55633,-1,-1,-1
215,178,591.32,453.94,66.34,163.62,0.68272,-1,-1,-1
215,180,511.44,438.48,40.62,121.41,0.47943,-1,-1,-1
215,183,1195.60,441.85,43.85,108.71,0.35266,-1,-1,-1
215,174,440.71,475.47,40.13,98.37,0.22326,-1,-1,-1
216,2,874.31,427.77,142.22,388.60,0.81913,-1,-1,-1
216,5,1037.55,446.36,134.99,323.39,0.82546,-1,-1,-1
216,3,692.22,414.02,182.34,580.02,0.79321,-1,-1,-1
216,142,1112.70,429.44,85.72,288.41,0.46348,-1,-1,-1
216,178,593.18,455.54,66.87,165.55,0.68592,-1,-1,-1
216,180,511.27,438.10,40.82,121.26,0.49268,-1,-1,-1
216,183,1196.95,440.15,44.64,111.42,0.40778,-1,-1,-1
216,174,437.17,477.89,40.04,94.89,0.16818,-1,-1,-1
217,2,876.52,428.41,141.34,390.85,0.81500,-1,-1,-1
217,5,1037.86,446.47,137.73,323.27,0.78949,-1,-1,-1
217,3,694.08,413.46,182.42,580.11,0.74782,-1,-1,-1
217,178,594.63,457.10,66.77,165.57,0.71436,-1,-1,-1
217,180,511.00,438.08,40.97,120.97,0.48603,-1,-1,-1
217,183,1197.90,437.81,45.33,113.80,0.47586,-1,-1,-1
217,174,434.41,477.45,41.56,95.80,0.23945,-1,-1,-1
218,2,879.49,427.51,141.21,395.25,0.82013,-1,-1,-1
218,5,1038.36,442.69,141.41,327.47,0.78700,-1,-1,-1
218,3,698.33,411.33,183.47,582.75,0.76716,-1,-1,-1
218,178,596.75,457.76,66.45,165.30,0.69912,-1,-1,-1
218,180,510.25,438.94,40.90,120.28,0.50387,-1,-1,-1
218,183,1200.45,439.97,44.53,111.90,0.43534,-1,-1,-1
218,174,431.51,476.42,43.16,96.43,0.22995,-1,-1,-1
219,2,882.81,426.07,141.50,400.15,0.84103,-1,-1,-1
219,5,1041.19,438.84,143.54,331.05,0.79463,-1,-1,-1
219,3,702.69,411.12,183.87,582.79,0.76027,-1,-1,-1
219,178,596.02,460.28,66.43,165.37,0.67674,-1,-1,-1
219,180,510.03,439.06,40.98,119.96,0.51179,-1,-1,-1
219,183,1201.46,439.35,44.62,112.34,0.42721,-1,-1,-1
219,142,1128.46,427.32,88.59,305.47,0.26963,-1,-1,-1
220,2,885.26,425.92,141.76,405.20,0.84207,-1,-1,-1
220,5,1046.12,438.75,143.40,330.85,0.80690,-1,-1,-1
220,3,712.09,410.00,184.88,583.27,0.81191,-1,-1,-1
220,178,596.57,461.35,66.22,165.03,0.70042,-1,-1,-1
220,180,509.70,438.66,41.26,120.20,0.54228,-1,-1,-1
220,183,1205.43,444.14,42.34,106.97,0.30521,-1,-1,-1
221,2,889.12,425.02,141.43,407.96,0.83852,-1,-1,-1
221,5,1051.13,438.51,142.79,331.08,0.80911,-1,-1,-1
221,3,723.74,410.30,187.69,583.80,0.86032,-1,-1,-1
221,178,597.09,460.95,65.42,163.93,0.72290,-1,-1,-1
221,180,509.61,439.20,41.42,120.33,0.50223,-1,-1,-1
221,183,1208.56,451.35,39.75,99.32,0.15713,-1,-1,-1
221,142,1141.60,435.71,84.11,296.83,0.55047,-1,-1,-1
222,2,891.76,424.88,140.90,409.32,0.83781,-1,-1,-1
222,5,1058.34,439.36,140.63,330.32,0.81678,-1,-1,-1
222,3,731.21,410.45,191.39,584.05,0.86155,-1,-1,-1
222,178,598.11,461.24,64.62,163.40,0.74024,-1,-1,-1
222,180,509.33,439.12,41.66,120.86,0.49296,-1,-1,-1
222,142,1151.28,434.52,83.26,295.46,0.59945,-1,-1,-1
223,2,894.71,426.42,140.42,411.03,0.82405,-1,-1,-1
223,5,1066.14,439.29,138.04,331.04,0.79832,-1,-1,-1
223,3,738.85,407.54,197.80,587.37,0.85011,-1,-1,-1
223,178,598.18,459.15,65.22,166.92,0.69139,-1,-1,-1
223,180,508.90,439.47,42.08,121.00,0.49131,-1,-1,-1
223,142,1160.37,431.54,82.11,298.70,0.22822,-1,-1,-1
224,2,896.02,427.32,139.79,412.80,0.82096,-1,-1,-1
224,5,1078.70,440.59,135.78,333.05,0.76311,-1,-1,-1
224,3,747.88,406.76,203.97,587.11,0.85018,-1,-1,-1
224,178,599.85,459.47,63.96,165.61,0.69016,-1,-1,-1
224,180,508.85,439.95,42.43,120.78,0.51869,-1,-1,-1
224,142,1167.46,437.74,78.14,291.72,0.16362,-1,-1,-1
225,2,898.23,428.00,139.27,414.37,0.81780,-1,-1,-1
225,5,1085.09,440.03,132.94,335.72,0.72441,-1,-1,-1
225,3,753.80,408.64,210.24,586.77,0.83075,-1,-1,-1
225,178,600.99,460.59,63.80,166.50,0.67456,-1,-1,-1
225,180,509.30,440.10,42.64,120.67,0.49519,-1,-1,-1
225,142,1164.65,430.66,79.23,303.20,0.31605,-1,-1,-1
226,2,901.65,428.52,139.14,415.47,0.81774,-1,-1,-1
226,5,1090.95,437.89,130.97,340.41,0.69226,-1,-1,-1
226,3,758.92,405.28,218.44,590.83,0.85647,-1,-1,-1
226,178,601.72,461.89,63.44,167.19,0.67345,-1,-1,-1
226,180,508.93,439.82,43.02,120.95,0.50723,-1,-1,-1
226,142,1168.35,431.68,77.70,303.48,0.52214,-1,-1,-1
227,2,904.70,428.43,139.35,416.66,0.81122,-1,-1,-1
227,5,1098.67,438.08,128.64,342.38,0.74333,-1,-1,-1
227,3,762.84,404.90,225.35,590.48,0.87312,-1,-1,-1
227,178,603.06,460.00,62.94,168.09,0.66445,-1,-1,-1
227,180,508.20,438.85,43.60,121.91,0.46725,-1,-1,-1
227,142,1173.75,429.38,77.83,308.09,0.55170,-1,-1,-1
228,2,906.68,426.26,139.94,418.57,0.79170,-1,-1,-1
228,5,1103.61,438.49,128.05,348.30,0.75394,-1,-1,-1
228,3,765.76,406.80,230.99,588.44,0.87387,-1,-1,-1
228,178,603.98,460.57,61.78,167.09,0.66312,-1,-1,-1
228,180,507.35,438.96,43.93,122.20,0.49504,-1,-1,-1
228,142,1180.58,429.34,76.74,306.94,0.44220,-1,-1,-1
229,2,907.34,426.49,139.98,418.53,0.77893,-1,-1,-1
229,5,1106.89,440.51,125.75,348.47,0.75899,-1,-1,-1
229,3,769.19,407.83,237.01,587.77,0.86321,-1,-1,-1
229,178,604.55,457.45,63.16,173.09,0.66675,-1,-1,-1
229,180,507.36,438.73,44.32,122.76,0.44680,-1,-1,-1
229,142,1195.78,422.67,60.88,230.01,0.58113,-1,-1,-1
229,174,424.98,477.38,44.99,100.95,0.38171,-1,-1,-1
230,2,909.75,425.96,140.30,417.90,0.77873,-1,-1,-1
230,5,1112.01,441.97,124.61,349.11,0.71688,-1,-1,-1
230,3,771.54,410.62,240.98,584.53,0.83200,-1,-1,-1
230,178,607.15,457.59,63.06,174.66,0.66438,-1,-1,-1
230,180,507.26,439.96,43.94,121.27,0.43756,-1,-1,-1
230,142,1203.48,418.89,55.14,199.33,0.56779,-1,-1,-1
230,174,425.90,478.09,44.87,99.91,0.46270,-1,-1,-1
231,2,910.14,425.52,139.79,417.61,0.77608,-1,-1,-1
231,5,1123.41,440.68,125.39,350.61,0.79780,-1,-1,-1
231,3,772.84,411.09,245.34,585.28,0.84970,-1,-1,-1
231,178,609.46,461.38,61.58,170.59,0.68513,-1,-1,-1
231,180,507.78,439.88,43.96,121.34,0.48762,-1,-1,-1
231,142,1208.53,418.37,54.08,188.27,0.55530,-1,-1,-1
231,174,425.49,477.50,45.19,100.67,0.46798,-1,-1,-1
232,2,910.54,425.09,139.42,419.04,0.79879,-1,-1,-1
232,5,1132.95,440.34,126.28,351.52,0.79538,-1,-1,-1
232,3,776.22,410.11,248.62,586.25,0.82184,-1,-1,-1
232,178,609.98,457.00,62.73,174.52,0.67665,-1,-1,-1
232,180,507.87,440.50,43.79,120.93,0.54182,-1,-1,-1
232,142,1212.28,418.29,54.02,182.56,0.47501,-1,-1,-1
232,174,425.79,477.68,45.18,100.31,0.48516,-1,-1,-1
233,2,913.78,424.84,139.04,421.96,0.75795,-1,-1,-1
233,5,1136.77,442.03,127.06,351.58,0.83171,-1,-1,-1
233,3,779.55,411.54,250.41,585.13,0.82339,-1,-1,-1
233,178,611.06,454.73,63.47,176.55,0.67096,-1,-1,-1
233,180,507.82,440.50,43.46,120.66,0.52250,-1,-1,-1
233,142,1216.20,424.62,53.69,176.37,0.38254,-1,-1,-1
233,174,425.14,477.74,44.59,99.59,0.44074,-1,-1,-1
234,2,916.66,424.55,138.57,424.94,0.73777,-1,-1,-1
234,5,1137.88,444.10,128.17,352.99,0.84380,-1,-1,-1
234,3,784.74,415.59,250.66,581.93,0.78964,-1,-1,-1
234,178,613.21,456.06,62.66,173.58,0.66414,-1,-1,-1
234,180,507.83,440.30,43.37,120.80,0.52751,-1,-1,-1
234,142,1219.05,423.91,55.61,178.70,0.30306,-1,-1,-1
234,174,423.95,476.97,44.33,99.95,0.45939,-1,-1,-1
234,200,1062.67,436.71,61.92,154.92,0.37952,-1,-1,-1
235,2,918.04,423.89,138.93,430.62,0.69735,-1,-1,-1
235,5,1138.57,444.78,129.94,355.67,0.81508,-1,-1,-1
235,3,790.85,417.87,249.93,579.46,0.81664,-1,-1,-1
235,178,614.73,454.76,62.96,175.44,0.67158,-1,-1,-1
235,180,507.65,440.51,43.00,120.50,0.51053,-1,-1,-1
235,142,1222.48,428.07,55.77,175.19,0.43191,-1,-1,-1
235,174,423.43,476.65,43.62,99.31,0.47326,-1,-1,-1
235,202,734.38,427.22,157.30,435.50,0.55115,-1,-1,-1
236,2,923.12,423.36,136.50,430.15,0.69041,-1,-1,-1
236,5,1138.96,444.45,131.51,358.01,0.82094,-1,-1,-1
236,3,791.77,413.15,251.97,584.29,0.81246,-1,-1,-1
236,178,617.41,456.45,61.82,173.98,0.68809,-1,-1,-1
236,180,507.32,440.30,42.69,120.37,0.47791,-1,-1,-1
236,142,1226.24,430.11,56.76,175.48,0.48384,-1,-1,-1
236,174,422.76,475.11,43.39,100.17,0.46752,-1,-1,-1
236,202,736.23,430.59,156.42,433.99,0.52996,-1,-1,-1
236,200,1065.90,439.37,59.87,149.62,0.25271,-1,-1,-1
237,2,930.46,423.08,132.50,422.50,0.54504,-1,-1,-1
237,5,1140.41,442.73,133.10,360.75,0.80872,-1,-1,-1
237,3,792.91,415.59,250.92,582.07,0.81459,-1,-1,-1
237,178,618.62,455.18,61.54,175.15,0.65018,-1,-1,-1
237,180,507.95,440.07,42.20,119.62,0.44458,-1,-1,-1
237,142,1232.76,430.02,58.22,178.49,0.46646,-1,-1,-1
237,174,422.33,472.65,43.15,100.64,0.25644,-1,-1,-1
237,202,741.96,432.95,154.62,431.07,0.58671,-1,-1,-1
237,200,1067.71,438.98,59.84,149.46,0.28315,-1,-1,-1
238,2,937.00,422.02,128.09,411.58,0.57934,-1,-1,-1
238,5,1142.10,438.96,134.80,365.01,0.77006,-1,-1,-1
238,3,791.35,411.78,252.45,585.76,0.81359,-1,-1,-1
238,178,619.72,458.04,60.51,175.20,0.67480,-1,-1,-1
238,180,508.67,441.30,41.18,117.12,0.33441,-1,-1,-1
238,142,1238.80,429.69,60.15,180.25,0.47248,-1,-1,-1
238,174,422.37,473.06,42.65,100.30,0.28180,-1,-1,-1
238,202,744.87,436.42,152.75,428.79,0.43425,-1,-1,-1
238,200,1068.83,440.55,59.56,148.56,0.20862,-1,-1,-1
239,2,946.95,423.01,116.99,375.28,0.43617,-1,-1,-1
239,5,1145.61,437.94,134.80,366.79,0.74981,-1,-1,-1
239,3,791.16,408.97,253.25,589.10,0.83864,-1,-1,-1
239,178,622.31,460.15,59.52,174.22,0.66797,-1,-1,-1
239,180,508.79,441.55,40.90,116.68,0.39794,-1,-1,-1
239,142,1243.10,429.74,61.77,183.51,0.30912,-1,-1,-1
239,174,422.20,474.49,41.63,98.76,0.23943,-1,-1,-1
239,202,726.19,438.69,152.67,427.52,0.54607,-1,-1,-1
240,2,949.37,424.36,124.17,402.56,0.62429,-1,-1,-1
240,5,1152.07,437.47,134.27,370.50,0.71428,-1,-1,-1
240,3,793.32,410.84,251.90,587.73,0.84799,-1,-1,-1
240,178,624.17,460.56,58.40,172.98,0.59506,-1,-1,-1
240,180,508.56,441.32,40.99,117.30,0.40429,-1,-1,-1
240,142,1234.65,431.30,89.70,275.75,0.54089,-1,-1,-1
240,174,420.51,474.88,41.03,98.21,0.19944,-1,-1,-1
240,202,722.21,438.73,153.85,429.38,0.63164,-1,-1,-1
241,2,952.30,425.14,125.23,411.96,0.67407,-1,-1,-1
241,5,1159.92,437.77,132.13,371.25,0.73558,-1,-1,-1
241,3,800.75,414.46,249.01,585.15,0.81936,-1,-1,-1
241,178,627.03,458.19,58.67,174.38,0.58343,-1,-1,-1
241,180,508.43,441.80,40.76,116.94,0.40893,-1,-1,-1
241,142,1236.03,430.79,96.44,307.96,0.54437,-1,-1,-1
241,202,723.81,438.09,154.20,429.15,0.62257,-1,-1,-1
242,2,953.95,425.62,124.27,411.99,0.56121,-1,-1,-1
242,5,1169.63,437.41,129.29,368.73,0.68209,-1,-1,-1
242,3,808.76,420.67,244.60,581.58,0.82379,-1,-1,-1
242,178,628.57,459.06,57.88,171.80,0.58673,-1,-1,-1
242,180,508.29,443.78,40.15,115.22,0.38949,-1,-1,-1
242,202,737.28,437.90,153.72,432.88,0.64671,-1,-1,-1
243,2,962.57,427.06,120.94,409.52,0.46369,-1,-1,-1
243,5,1177.88,435.91,127.28,368.87,0.63958,-1,-1,-1
243,3,812.24,409.04,246.56,595.32,0.80092,-1,-1,-1
243,178,631.33,460.79,57.39,169.08,0.56679,-1,-1,-1
243,180,508.70,448.25,38.81,110.74,0.33866,-1,-1,-1
243,202,735.86,437.63,153.59,432.64,0.66960,-1,-1,-1
244,2,968.18,424.02,119.97,415.04,0.48734,-1,-1,-1
244,5,1189.82,434.05,126.42,370.06,0.76834,-1,-1,-1
244,3,818.13,399.70,246.96,607.82,0.79156,-1,-1,-1
244,178,634.18,461.88,58.16,168.93,0.59534,-1,-1,-1
244,180,508.38,447.83,39.19,111.38,0.37467,-1,-1,-1
244,202,734.93,436.83,153.67,432.78,0.69043,-1,-1,-1
245,5,1198.74,432.31,126.14,372.00,0.79806,-1,-1,-1
245,3,825.73,400.07,244.71,613.46,0.73814,-1,-1,-1
245,178,635.00,462.77,58.81,168.69,0.59179,-1,-1,-1
245,180,508.01,446.99,39.56,111.89,0.38521,-1,-1,-1
245,202,736.39,437.60,154.42,434.10,0.64333,-1,-1,-1
246,5,1203.23,431.49,124.75,371.61,0.76522,-1,-1,-1
246,3,833.81,407.92,241.01,615.60,0.78326,-1,-1,-1
246,178,634.10,461.17,59.71,170.54,0.59257,-1,-1,-1
246,180,507.65,443.21,40.91,115.79,0.37751,-1,-1,-1
246,202,738.95,438.99,155.18,433.88,0.56998,-1,-1,-1
246,209,1276.12,420.29,62.23,217.51,0.41141,-1,-1,-1
246,200,1070.30,448.60,58.01,145.44,0.32703,-1,-1,-1
246,2,976.99,423.67,119.67,419.96,0.26660,-1,-1,-1
247,5,1209.42,430.71,124.09,370.61,0.73234,-1,-1,-1
247,3,842.58,416.62,235.97,615.39,0.77291,-1,-1,-1
247,178,635.58,459.04,61.27,172.72,0.50764,-1,-1,-1
247,180,506.32,441.89,41.70,117.27,0.43585,-1,-1,-1
247,202,754.68,437.35,155.00,438.48,0.55729,-1,-1,-1
247,209,1281.22,427.26,58.12,203.40,0.21447,-1,-1,-1
247,200,1069.45,447.37,58.37,148.38,0.23866,-1,-1,-1
247,2,984.87,427.54,118.59,419.07,0.27833,-1,-1,-1
248,5,1218.50,430.98,125.47,371.32,0.80233,-1,-1,-1
248,3,852.73,419.10,232.44,618.91,0.73801,-1,-1,-1
248,178,637.25,460.51,60.71,171.60,0.58994,-1,-1,-1
248,180,505.39,440.77,42.38,118.44,0.39425,-1,-1,-1
248,202,760.90,435.33,154.53,441.90,0.57490,-1,-1,-1
248,209,1285.31,427.84,60.74,213.46,0.15585,-1,-1,-1
248,200,1071.88,441.24,60.46,152.33,0.36197,-1,-1,-1
248,2,993.35,438.21,117.08,411.11,0.25058,-1,-1,-1
249,5,1227.94,431.03,128.37,371.80,0.70045,-1,-1,-1
249,3,861.24,421.94,228.37,620.90,0.71396,-1,-1,-1
249,178,636.88,455.11,62.66,177.74,0.57803,-1,-1,-1
249,180,505.90,442.53,42.12,116.99,0.40211,-1,-1,-1
249,202,770.24,432.51,154.50,445.31,0.75090,-1,-1,-1
249,209,1289.73,423.87,63.23,223.77,0.26481,-1,-1,-1
249,200,1069.98,441.74,60.65,153.05,0.26977,-1,-1,-1
249,2,994.18,434.58,117.69,414.79,0.24558,-1,-1,-1
250,5,1237.09,431.72,133.04,372.48,0.74159,-1,-1,-1
250,3,881.13,423.05,226.93,617.89,0.71933,-1,-1,-1
250,178,641.73,451.51,64.26,182.03,0.64518,-1,-1,-1
250,180,507.26,443.72,41.73,115.81,0.34027,-1,-1,-1
250,202,775.14,429.14,155.04,449.02,0.75301,-1,-1,-1
250,209,1297.34,433.18,60.33,214.88,0.16741,-1,-1,-1
250,2,993.83,431.61,118.76,418.06,0.20660,-1,-1,-1
251,5,1242.34,430.44,139.26,374.37,0.84850,-1,-1,-1
251,3,892.58,414.34,229.73,629.60,0.78938,-1,-1,-1
251,178,647.34,450.10,64.68,182.30,0.67009,-1,-1,-1
251,180,507.93,445.21,41.50,114.74,0.34521,-1,-1,-1
251,202,778.26,428.75,154.02,449.79,0.76351,-1,-1,-1
251,174,412.10,472.32,42.01,99.18,0.26075,-1,-1,-1
252,5,1245.17,428.06,146.30,377.75,0.84145,-1,-1,-1
252,3,901.82,407.06,230.31,634.95,0.84736,-1,-1,-1
252,178,650.31,448.27,65.39,183.75,0.71855,-1,-1,-1
252,180,507.97,443.70,42.29,116.58,0.36493,-1,-1,-1
252,202,780.40,429.19,153.27,450.43,0.74283,-1,-1,-1
252,219,1853.95,519.33,59.43,261.52,0.49445,-1,-1,-1
252,174,411.34,472.21,42.55,99.77,0.38446,-1,-1,-1
253,5,1245.58,427.31,152.53,379.79,0.85386,-1,-1,-1
253,3,908.97,405.04,229.10,636.85,0.84287,-1,-1,-1
253,178,652.08,447.01,65.90,185.29,0.69396,-1,-1,-1
253,180,508.56,443.98,42.44,116.74,0.33271,-1,-1,-1
253,202,782.98,431.18,150.70,446.91,0.74145,-1,-1,-1
253,219,1850.39,486.62,66.50,292.33,0.59302,-1,-1,-1
253,174,411.04,471.29,43.12,100.54,0.37680,-1,-1,-1
253,220,729.97,482.94,45.98,111.89,0.36984,-1,-1,-1
254,5,1242.40,424.92,158.67,384.02,0.85963,-1,-1,-1
254,3,912.98,407.62,225.87,634.07,0.83559,-1,-1,-1
254,178,654.20,447.59,65.35,184.53,0.71954,-1,-1,-1
254,180,509.02,445.74,42.01,115.31,0.38409,-1,-1,-1
254,202,783.42,432.48,149.22,445.40,0.74613,-1,-1,-1
254,219,1838.68,410.94,81.32,368.91,0.51993,-1,-1,-1
254,174,410.07,468.80,43.77,103.22,0.35369,-1,-1,-1
254,220,730.61,484.87,46.14,112.34,0.38390,-1,-1,-1
255,5,1242.41,426.43,163.76,384.67,0.86221,-1,-1,-1
255,3,913.11,405.75,223.61,637.31,0.83278,-1,-1,-1
255,178,656.47,448.55,65.07,183.99,0.68260,-1,-1,-1
255,180,510.55,446.05,41.65,114.83,0.36574,-1,-1,-1
255,202,790.69,431.26,148.01,446.12,0.70337,-1,-1,-1
255,219,1825.47,382.55,90.73,397.13,0.74634,-1,-1,-1
255,174,409.26,470.18,43.27,102.94,0.38034,-1,-1,-1
255,220,730.72,484.01,46.66,113.66,0.35616,-1,-1,-1
256,5,1243.81,427.43,168.38,385.81,0.86813,-1,-1,-1
256,3,917.89,407.26,219.97,633.93,0.84201,-1,-1,-1
256,178,659.23,449.58,65.43,183.91,0.71058,-1,-1,-1
256,180,510.17,442.34,43.00,118.91,0.45061,-1,-1,-1
256,202,796.70,431.97,146.96,448.56,0.74481,-1,-1,-1
256,219,1817.66,377.89,93.05,401.97,0.76430,-1,-1,-1
256,174,408.39,473.33,42.32,100.72,0.37658,-1,-1,-1
256,220,729.68,483.68,47.11,114.97,0.33961,-1,-1,-1
257,5,1246.05,428.27,172.12,386.03,0.86621,-1,-1,-1
257,3,919.04,407.41,217.18,634.37,0.82710,-1,-1,-1
257,178,660.87,451.40,65.77,183.09,0.70894,-1,-1,-1
257,180,509.79,440.87,43.38,120.24,0.43361,-1,-1,-1
257,202,800.21,433.13,147.61,456.97,0.70562,-1,-1,-1
257,219,1816.76,378.53,94.04,401.92,0.78821,-1,-1,-1
257,174,407.57,474.18,42.39,100.89,0.36835,-1,-1,-1
257,220,729.60,484.12,46.67,114.13,0.30619,-1,-1,-1
257,224,1100.62,435.54,51.05,121.18,0.35926,-1,-1,-1
258,5,1250.78,427.68,174.35,386.09,0.86516,-1,-1,-1
258,3,921.42,400.96,215.98,640.55,0.80231,-1,-1,-1
258,178,661.46,449.05,68.23,189.09,0.74565,-1,-1,-1
258,180,510.76,445.12,41.81,115.30,0.27591,-1,-1,-1
258,202,794.73,433.18,150.59,468.34,0.62859,-1,-1,-1
258,219,1814.53,382.17,94.41,397.53,0.73841,-1,-1,-1
258,174,407.24,473.39,42.06,99.60,0.22978,-1,-1,-1
258,220,731.03,485.63,46.80,114.99,0.25177,-1,-1,-1
258,224,1101.37,434.34,51.46,122.11,0.39925,-1,-1,-1
259,5,1255.74,427.34,175.33,386.02,0.80023,-1,-1,-1
259,3,921.44,396.56,214.36,645.79,0.76017,-1,-1,-1
259,178,662.48,449.79,68.59,188.59,0.73080,-1,-1,-1
259,180,509.78,443.32,42.48,116.96,0.24179,-1,-1,-1
259,202,798.67,432.46,149.72,472.88,0.65329,-1,-1,-1
259,219,1804.98,387.11,95.87,390.25,0.79776,-1,-1,-1
259,174,406.72,474.13,42.06,99.05,0.26745,-1,-1,-1
259,220,732.81,487.30,45.58,112.08,0.22554,-1,-1,-1
259,224,1101.96,432.69,52.06,123.48,0.39968,-1,-1,-1
260,5,1261.71,426.38,175.72,386.91,0.78687,-1,-1,-1
260,3,922.79,395.77,210.74,645.45,0.77119,-1,-1,-1
260,178,664.21,451.35,68.10,186.42,0.70276,-1,-1,-1
260,180,509.04,446.11,41.81,114.14,0.25457,-1,-1,-1
260,202,802.25,432.54,148.86,477.04,0.57947,-1,-1,-1
260,219,1788.66,391.15,100.38,385.70,0.77574,-1,-1,-1
260,174,405.38,473.13,43.26,101.59,0.31595,-1,-1,-1
260,220,734.51,489.39,44.46,109.49,0.27042,-1,-1,-1
260,224,1103.56,433.42,51.28,121.18,0.28610,-1,-1,-1
261,5,1269.76,426.19,174.29,387.23,0.73937,-1,-1,-1
261,3,925.67,398.23,206.86,643.14,0.78148,-1,-1,-1
261,178,664.77,450.99,68.91,188.29,0.72514,-1,-1,-1
261,180,507.70,444.41,42.81,116.08,0.31545,-1,-1,-1
261,202,790.11,439.34,149.12,475.21,0.55869,-1,-1,-1
261,219,1766.42,387.78,109.24,389.17,0.78699,-1,-1,-1
261,174,404.35,471.06,43.92,102.55,0.27072,-1,-1,-1
261,220,735.33,491.91,43.82,107.74,0.26611,-1,-1,-1
261,224,1106.63,435.93,50.18,117.97,0.21123,-1,-1,-1
262,5,1284.24,424.78,171.82,390.42,0.77743,-1,-1,-1
262,3,926.81,396.53,204.51,645.27,0.79950,-1,-1,-1
262,178,665.09,450.65,69.39,189.41,0.68837,-1,-1,-1
262,180,506.47,440.76,44.28,119.70,0.41386,-1,-1,-1
262,202,803.35,435.80,148.27,479.77,0.63914,-1,-1,-1
262,219,1746.16,400.21,116.81,378.26,0.81182,-1,-1,-1
262,174,403.79,470.74,43.30,99.43,0.32800,-1,-1,-1
262,220,733.68,489.68,45.53,111.61,0.24469,-1,-1,-1
262,224,1106.77,435.59,51.25,119.88,0.33044,-1,-1,-1
263,5,1296.78,424.44,168.94,391.58,0.79051,-1,-1,-1
263,3,930.26,395.98,201.97,645.83,0.82035,-1,-1,-1
263,178,666.23,452.10,69.06,187.38,0.64927,-1,-1,-1
263,180,504.96,439.34,45.13,121.28,0.40448,-1,-1,-1
263,202,809.14,434.54,146.73,481.98,0.66321,-1,-1,-1
263,219,1732.37,412.89,124.43,365.43,0.83368,-1,-1,-1
263,174,403.72,470.64,43.12,97.44,0.33094,-1,-1,-1
263,220,731.19,487.61,47.03,114.71,0.25258,-1,-1,-1
263,224,1108.09,437.15,50.79,118.37,0.33608,-1,-1,-1
264,5,1309.32,421.63,166.63,395.98,0.81349,-1,-1,-1
264,3,935.41,398.02,199.38,643.36,0.82137,-1,-1,-1
264,178,667.98,452.44,69.40,187.07,0.63184,-1,-1,-1
264,180,505.29,439.44,45.30,121.14,0.41612,-1,-1,-1
264,202,811.94,433.85,144.33,482.48,0.63262,-1,-1,-1
264,219,1721.76,419.17,133.47,359.23,0.85004,-1,-1,-1
264,174,402.91,469.06,43.82,98.93,0.34502,-1,-1,-1
264,220,730.74,490.24,46.72,112.98,0.25540,-1,-1,-1
264,224,1109.72,438.74,49.22,114.12,0.22839,-1,-1,-1
264,231,1295.92,431.96,45.10,118.52,0.34718,-1,-1,-1
265,5,1319.09,421.63,163.04,398.12,0.80549,-1,-1,-1
265,3,939.26,400.53,197.37,641.43,0.82856,-1,-1,-1
265,178,670.52,452.22,69.79,187.19,0.63103,-1,-1,-1
265,180,505.46,438.88,45.67,121.63,0.40999,-1,-1,-1
265,202,814.39,433.32,142.45,483.84,0.59601,-1,-1,-1
265,219,1711.39,422.77,141.78,354.92,0.83602,-1,-1,-1
265,174,402.33,468.16,45.26,101.48,0.35671,-1,-1,-1
265,220,733.40,495.54,44.21,106.34,0.19793,-1,-1,-1
265,224,1110.39,438.25,50.65,117.57,0.32541,-1,-1,-1
265,231,1299.26,434.21,43.64,114.51,0.31819,-1,-1,-1
266,5,1327.48,421.82,161.07,403.16,0.81893,-1,-1,-1
266,3,940.77,402.06,195.02,639.94,0.81750,-1,-1,-1
266,178,674.26,453.49,69.32,185.54,0.59290,-1,-1,-1
266,180,505.73,438.63,45.93,121.89,0.40968,-1,-1,-1
266,202,815.90,432.25,140.82,485.52,0.63115,-1,-1,-1
266,219,1699.15,415.09,151.71,360.44,0.85032,-1,-1,-1
266,174,401.87,467.44,46.83,104.99,0.30370,-1,-1,-1
266,220,735.92,501.09,41.51,99.55,0.15033,-1,-1,-1
266,224,1110.89,438.05,51.56,119.69,0.40944,-1,-1,-1
267,5,1333.61,419.60,160.30,411.42,0.81999,-1,-1,-1
267,3,942.38,402.32,193.06,639.53,0.81059,-1,-1,-1
267,178,676.15,453.91,68.99,184.03,0.62197,-1,-1,-1
267,180,505.82,438.76,46.00,121.63,0.43005,-1,-1,-1
267,202,816.16,429.48,139.99,489.89,0.70374,-1,-1,-1
267,219,1688.84,415.80,155.16,353.36,0.82994,-1,-1,-1
267,174,400.97,465.16,48.39,108.26,0.37591,-1,-1,-1
267,224,1113.12,438.53,51.02,119.09,0.34964,-1,-1,-1
268,5,1344.16,422.25,158.12,410.21,0.83095,-1,-1,-1
268,3,942.73,403.33,190.85,638.85,0.81809,-1,-1,-1
268,178,677.55,454.09,68.68,183.25,0.68098,-1,-1,-1
268,180,505.98,437.90,46.54,123.15,0.41679,-1,-1,-1
268,202,818.23,429.62,138.59,489.45,0.59477,-1,-1,-1
268,219,1676.92,414.49,155.24,345.63,0.82042,-1,-1,-1
268,174,398.92,463.72,49.68,110.50,0.30439,-1,-1,-1
269,5,1357.10,423.39,159.54,412.93,0.85756,-1,-1,-1
269,3,945.16,403.49,189.70,639.10,0.81979,-1,-1,-1
269,178,678.68,453.59,68.47,183.08,0.66856,-1,-1,-1
269,180,505.48,436.49,47.08,124.58,0.44278,-1,-1,-1
269,202,817.83,428.88,138.02,491.65,0.56563,-1,-1,-1
269,219,1665.32,415.34,154.76,341.41,0.81027,-1,-1,-1
269,174,396.44,462.39,50.12,110.50,0.29968,-1,-1,-1
269,224,1117.71,442.77,48.00,113.67,0.36666,-1,-1,-1
270,5,1367.56,423.86,162.02,414.79,0.84965,-1,-1,-1
270,3,945.98,404.24,188.01,638.83,0.80797,-1,-1,-1
270,178,680.16,452.65,68.99,185.50,0.70037,-1,-1,-1
270,180,505.52,436.08,47.22,125.05,0.41066,-1,-1,-1
270,202,822.71,427.26,138.34,493.97,0.59952,-1,-1,-1
270,219,1651.68,410.95,153.83,343.15,0.80182,-1,-1,-1
270,174,394.21,461.12,51.12,111.13,0.19391,-1,-1,-1
270,224,1118.00,441.14,47.51,113.85,0.25895,-1,-1,-1
271,5,1375.27,423.61,165.54,415.27,0.83151,-1,-1,-1
271,3,946.72,404.93,185.84,638.58,0.77177,-1,-1,-1
271,178,682.36,449.39,70.30,190.76,0.61640,-1,-1,-1
271,180,506.82,437.05,46.85,123.98,0.37872,-1,-1,-1
271,202,825.21,426.45,138.61,495.38,0.60789,-1,-1,-1
271,219,1639.88,413.00,148.64,340.20,0.76680,-1,-1,-1
271,174,393.35,459.51,52.55,113.50,0.24110,-1,-1,-1
271,224,1118.58,439.71,47.05,115.00,0.19510,-1,-1,-1
272,5,1377.96,425.15,169.07,415.84,0.86490,-1,-1,-1
272,3,948.31,404.32,183.36,639.03,0.80781,-1,-1,-1
272,178,684.75,446.78,71.61,195.84,0.65169,-1,-1,-1
272,180,507.83,439.65,46.12,121.38,0.38544,-1,-1,-1
272,202,827.20,426.49,138.06,495.05,0.66132,-1,-1,-1
272,219,1624.02,414.39,142.73,337.30,0.70261,-1,-1,-1
272,174,394.53,460.87,52.85,113.39,0.31121,-1,-1,-1
273,5,1378.61,426.83,173.26,418.97,0.88063,-1,-1,-1
273,3,951.64,403.53,181.17,639.79,0.81243,-1,-1,-1
273,178,685.87,444.37,72.59,200.06,0.65335,-1,-1,-1
273,180,509.58,447.25,43.56,113.48,0.28049,-1,-1,-1
273,202,828.62,424.75,137.84,496.10,0.65996,-1,-1,-1
273,219,1614.65,424.53,133.82,327.66,0.71066,-1,-1,-1
273,174,394.18,462.84,51.93,110.89,0.36251,-1,-1,-1
274,5,1379.40,425.99,178.65,425.69,0.87539,-1,-1,-1
274,3,953.30,403.32,178.81,640.17,0.81565,-1,-1,-1
274,178,687.65,447.92,70.35,194.29,0.58396,-1,-1,-1
274,180,509.83,447.71,43.53,112.68,0.29318,-1,-1,-1
274,202,830.42,424.54,137.37,495.65,0.67982,-1,-1,-1
274,219,1607.71,433.95,126.42,316.58,0.79569,-1,-1,-1
274,174,394.70,465.99,50.50,107.28,0.32694,-1,-1,-1
275,5,1381.14,424.81,182.35,429.52,0.87781,-1,-1,-1
275,3,955.02,404.26,176.26,639.58,0.79841,-1,-1,-1
275,178,692.29,448.71,70.65,194.12,0.56940,-1,-1,-1
275,180,510.61,448.91,43.43,111.80,0.29467,-1,-1,-1
275,202,831.22,423.01,137.27,496.35,0.69996,-1,-1,-1
275,219,1592.91,437.33,125.87,313.63,0.78488,-1,-1,-1
275,174,394.54,465.23,51.34,108.12,0.31687,-1,-1,-1
275,244,1068.74,425.50,102.08,225.06,0.41986,-1,-1,-1
276,5,1383.03,425.10,183.84,430.14,0.83331,-1,-1,-1
276,3,957.57,402.22,174.73,641.45,0.81428,-1,-1,-1
276,178,696.11,449.03,69.92,193.00,0.54544,-1,-1,-1
276,180,510.64,452.63,42.17,107.33,0.21264,-1,-1,-1
276,202,829.36,423.27,136.60,495.87,0.70221,-1,-1,-1
276,219,1578.68,437.74,128.54,314.94,0.80387,-1,-1,-1
276,174,394.32,464.85,52.25,108.57,0.27208,-1,-1,-1
276,244,1069.99,423.34,103.61,228.54,0.40512,-1,-1,-1
276,231,1309.13,427.84,48.08,123.11,0.40315,-1,-1,-1
277,5,1384.84,425.34,184.83,430.42,0.81471,-1,-1,-1
277,3,961.90,403.17,172.87,640.91,0.82804,-1,-1,-1
277,178,694.69,451.79,69.24,192.25,0.45307,-1,-1,-1
277,180,510.20,453.48,42.09,106.15,0.19416,-1,-1,-1
277,202,826.73,423.37,136.12,495.98,0.68438,-1,-1,-1
277,219,1564.78,424.63,136.65,328.45,0.85147,-1,-1,-1
277,174,394.08,467.87,51.76,105.43,0.17671,-1,-1,-1
277,244,1073.82,425.81,102.66,226.80,0.36829,-1,-1,-1
277,231,1309.93,429.39,48.71,121.03,0.25470,-1,-1,-1
278,5,1396.15,425.69,186.27,428.06,0.80723,-1,-1,-1
278,3,964.18,402.02,172.07,642.64,0.82392,-1,-1,-1
278,178,702.43,451.70,69.56,193.26,0.49642,-1,-1,-1
278,180,509.04,456.14,41.23,102.82,0.27289,-1,-1,-1
278,202,827.71,423.07,135.57,496.09,0.70987,-1,-1,-1
278,219,1558.82,447.45,132.07,303.47,0.85095,-1,-1,-1
278,174,393.51,467.93,52.64,105.56,0.19637,-1,-1,-1
278,244,1083.66,438.75,97.59,216.80,0.27683,-1,-1,-1
279,5,1419.37,429.50,179.56,421.99,0.54782,-1,-1,-1
279,3,967.46,401.30,171.16,644.18,0.82442,-1,-1,-1
279,178,709.40,452.16,70.13,192.89,0.43155,-1,-1,-1
279,180,506.46,457.36,41.04,101.59,0.33762,-1,-1,-1
279,202,827.34,421.34,135.78,498.07,0.73556,-1,-1,-1
279,219,1549.93,429.75,142.39,319.75,0.83768,-1,-1,-1
279,174,390.84,463.05,55.43,110.59,0.32132,-1,-1,-1
279,244,1086.22,444.90,95.88,214.01,0.26803,-1,-1,-1
280,5,1431.67,428.94,175.70,422.39,0.78093,-1,-1,-1
280,3,971.48,401.13,170.45,643.73,0.81293,-1,-1,-1
280,178,714.27,452.17,70.80,193.30,0.53863,-1,-1,-1
280,180,505.39,457.85,41.22,101.00,0.32056,-1,-1,-1
280,202,826.26,419.88,136.24,499.53,0.72311,-1,-1,-1
280,219,1556.38,443.64,136.33,302.17,0.78007,-1,-1,-1
280,174,388.24,461.79,56.59,112.97,0.36121,-1,-1,-1
281,5,1437.22,428.63,170.48,421.83,0.78818,-1,-1,-1
281,3,975.01,399.13,170.43,645.12,0.81563,-1,-1,-1
281,178,717.65,454.97,70.83,191.55,0.60935,-1,-1,-1
281,180,504.95,456.72,41.84,101.69,0.30461,-1,-1,-1
281,202,829.13,419.84,137.05,499.49,0.72562,-1,-1,-1
281,219,1548.79,424.11,145.03,323.83,0.63883,-1,-1,-1
281,174,388.32,461.03,56.98,113.00,0.36314,-1,-1,-1
282,5,1446.00,432.94,164.66,418.37,0.73668,-1,-1,-1
282,3,978.15,399.83,170.15,644.14,0.79546,-1,-1,-1
282,178,719.63,458.25,70.49,187.11,0.50963,-1,-1,-1
282,180,504.84,455.56,42.56,103.26,0.32744,-1,-1,-1
282,202,832.22,419.38,138.39,498.30,0.74510,-1,-1,-1
282,219,1540.03,420.42,143.01,322.77,0.54658,-1,-1,-1
282,174,385.20,462.75,56.00,111.83,0.35837,-1,-1,-1
283,5,1458.23,432.18,163.53,420.90,0.77059,-1,-1,-1
283,3,981.87,399.45,170.05,644.42,0.78157,-1,-1,-1
283,178,721.16,458.73,70.96,185.83,0.60894,-1,-1,-1
283,180,504.46,455.75,42.66,103.35,0.34784,-1,-1,-1
283,202,836.73,420.30,141.14,497.55,0.75686,-1,-1,-1
283,174,384.03,463.13,55.72,112.06,0.45384,-1,-1,-1
284,5,1469.30,429.53,162.63,422.68,0.79808,-1,-1,-1
284,3,985.53,400.63,168.29,642.42,0.76432,-1,-1,-1
284,178,721.93,457.94,72.16,186.85,0.68997,-1,-1,-1
284,180,504.66,456.49,42.51,103.23,0.35176,-1,-1,-1
284,202,840.34,420.65,145.06,498.38,0.76462,-1,-1,-1
284,174,384.48,465.41,54.95,109.86,0.43213,-1,-1,-1
284,253,1345.12,443.70,33.67,102.27,0.37954,-1,-1,-1
285,5,1478.68,433.89,159.30,418.50,0.77569,-1,-1,-1
285,3,987.73,403.23,166.40,639.76,0.79212,-1,-1,-1
285,178,721.57,456.33,73.74,188.37,0.73448,-1,-1,-1
285,180,504.40,456.60,42.56,103.43,0.39728,-1,-1,-1
285,202,843.17,425.65,148.52,496.72,0.77727,-1,-1,-1
285,174,383.04,466.74,54.47,108.38,0.42152,-1,-1,-1
285,253,1347.10,444.22,33.70,102.17,0.48182,-1,-1,-1
286,5,1491.92,434.45,158.92,417.74,0.81670,-1,-1,-1
286,3,990.12,405.53,164.76,637.75,0.79061,-1,-1,-1
286,178,722.10,454.75,75.56,189.96,0.77454,-1,-1,-1
286,180,504.34,457.15,42.34,102.93,0.37236,-1,-1,-1
286,202,844.13,425.39,152.95,498.39,0.78425,-1,-1,-1
286,174,381.38,468.14,53.77,106.78,0.37519,-1,-1,-1
286,253,1349.89,443.07,34.03,103.02,0.43389,-1,-1,-1
287,5,1505.26,431.49,162.65,421.03,0.82988,-1,-1,-1
287,3,991.48,406.37,163.81,637.13,0.78402,-1,-1,-1
287,178,723.13,454.90,76.18,189.25,0.76296,-1,-1,-1
287,180,504.23,457.30,42.36,103.12,0.33727,-1,-1,-1
287,202,846.04,422.42,157.03,500.00,0.80566,-1,-1,-1
287,174,379.93,469.46,52.56,104.81,0.30531,-1,-1,-1
287,253,1351.25,443.77,34.45,104.25,0.48590,-1,-1,-1
287,259,1477.98,442.12,56.99,193.78,0.56564,-1,-1,-1
288,5,1518.74,430.02,169.09,425.97,0.85667,-1,-1,-1
288,3,992.91,406.59,162.94,637.47,0.78445,-1,-1,-1
288,178,723.75,449.43,78.21,193.71,0.73995,-1,-1,-1
288,180,504.07,456.60,42.62,104.15,0.37544,-1,-1,-1
288,202,846.52,421.46,160.47,500.53,0.81395,-1,-1,-1
288,174,379.28,470.52,51.72,104.01,0.35632,-1,-1,-1
288,253,1353.53,443.82,34.42,103.31,0.24830,-1,-1,-1
288,259,1482.78,436.86,61.46,209.08,0.23248,-1,-1,-1
289,5,1528.37,435.38,173.87,423.22,0.88165,-1,-1,-1
289,3,994.79,407.80,161.60,635.92,0.78463,-1,-1,-1
289,178,726.21,447.23,79.33,196.45,0.66014,-1,-1,-1
289,180,504.73,456.30,42.46,104.42,0.35650,-1,-1,-1
289,202,848.25,422.97,162.20,497.87,0.80877,-1,-1,-1
289,174,379.25,471.80,50.67,102.47,0.28959,-1,-1,-1
289,253,1356.34,442.60,35.35,105.02,0.30665,-1,-1,-1
289,259,1483.31,434.06,67.05,227.96,0.15513,-1,-1,-1
289,219,1464.20,414.66,132.69,309.40,0.34135,-1,-1,-1
290,5,1532.15,436.22,181.96,427.78,0.87458,-1,-1,-1
290,3,997.32,405.93,161.01,637.89,0.81223,-1,-1,-1
290,178,730.12,448.17,79.07,195.63,0.63497,-1,-1,-1
290,180,504.97,456.48,41.53,102.78,0.34805,-1,-1,-1
290,202,849.10,419.16,165.08,501.81,0.80866,-1,-1,-1
290,174,378.14,473.87,48.65,98.71,0.24859,-1,-1,-1
290,253,1359.37,440.52,36.37,106.86,0.27539,-1,-1,-1
290,219,1441.32,414.83,133.63,309.08,0.43827,-1,-1,-1
291,5,1532.89,434.81,190.83,433.20,0.83590,-1,-1,-1
291,3,999.91,404.04,160.64,639.08,0.78555,-1,-1,-1
291,178,733.61,452.61,77.90,192.53,0.62568,-1,-1,-1
291,180,505.00,456.98,41.06,102.00,0.25908,-1,-1,-1
291,202,846.30,420.52,167.32,501.07,0.81883,-1,-1,-1
291,174,379.34,473.98,48.57,98.86,0.15073,-1,-1,-1
291,253,1361.98,441.57,36.72,106.01,0.30074,-1,-1,-1
291,219,1427.04,421.43,132.17,297.68,0.63310,-1,-1,-1
292,5,1530.37,435.44,198.38,436.85,0.85605,-1,-1,-1
292,3,1000.81,403.74,160.13,638.79,0.75596,-1,-1,-1
292,178,738.09,452.42,77.09,193.21,0.60227,-1,-1,-1
292,180,504.86,456.51,41.36,103.09,0.26127,-1,-1,-1
292,202,845.86,422.02,168.66,498.45,0.81193,-1,-1,-1
292,174,380.31,473.44,48.92,99.46,0.15066,-1,-1,-1
292,253,1362.98,442.35,36.70,104.18,0.19253,-1,-1,-1
292,219,1411.31,426.80,139.14,308.53,0.33627,-1,-1,-1
293,5,1529.02,436.62,205.98,441.07,0.86864,-1,-1,-1
293,3,1004.11,404.36,159.48,637.98,0.80186,-1,-1,-1
293,178,740.54,450.27,77.35,196.38,0.66626,-1,-1,-1
293,180,504.37,455.07,41.71,104.39,0.35963,-1,-1,-1
293,202,846.49,418.69,171.04,502.29,0.82228,-1,-1,-1
293,174,379.06,472.28,49.36,100.52,0.17793,-1,-1,-1
293,219,1402.19,429.07,130.68,288.61,0.70318,-1,-1,-1
294,5,1528.22,435.86,213.18,444.85,0.86596,-1,-1,-1
294,3,1005.59,403.10,159.50,640.27,0.81465,-1,-1,-1
294,178,742.04,451.53,75.57,195.06,0.65516,-1,-1,-1
294,180,504.61,457.05,40.70,101.79,0.33904,-1,-1,-1
294,202,847.15,415.59,172.93,505.60,0.83194,-1,-1,-1
294,174,377.80,471.05,50.00,102.17,0.18376,-1,-1,-1
294,219,1399.63,429.67,129.03,282.32,0.75762,-1,-1,-1
294,265,1156.98,435.69,42.06,115.30,0.33782,-1,-1,-1
294,266,681.46,484.96,49.77,121.01,0.35637,-1,-1,-1
295,5,1525.83,432.12,219.49,447.90,0.85504,-1,-1,-1
295,3,1006.25,402.98,158.73,640.48,0.81066,-1,-1,-1
295,178,744.60,451.70,75.58,196.20,0.63841,-1,-1,-1
295,180,504.37,458.28,40.01,100.00,0.28114,-1,-1,-1
295,202,848.28,413.47,173.96,507.26,0.82634,-1,-1,-1
295,174,377.64,470.56,50.42,103.31,0.18679,-1,-1,-1
295,219,1399.14,429.40,130.83,280.77,0.75870,-1,-1,-1
295,265,1158.28,436.95,41.73,114.19,0.32145,-1,-1,-1
295,266,682.43,486.81,48.80,118.73,0.25594,-1,-1,-1
295,267,1536.24,432.65,70.27,219.73,0.42758,-1,-1,-1
296,5,1527.89,430.13,223.34,450.17,0.83438,-1,-1,-1
296,3,1007.53,403.60,158.21,639.30,0.81808,-1,-1,-1
296,178,749.58,449.98,75.88,196.76,0.65870,-1,-1,-1
296,180,504.77,459.69,39.37,98.31,0.26624,-1,-1,-1
296,202,849.99,412.77,174.42,508.36,0.83706,-1,-1,-1
296,174,376.78,469.08,51.09,105.16,0.20473,-1,-1,-1
296,219,1398.27,428.18,132.11,281.31,0.76975,-1,-1,-1
296,265,1158.72,436.78,41.98,114.49,0.37151,-1,-1,-1
296,266,682.77,490.89,47.67,115.65,0.29913,-1,-1,-1
296,267,1545.50,431.29,70.72,220.65,0.35848,-1,-1,-1
297,5,1534.58,429.96,223.75,449.93,0.78929,-1,-1,-1
297,3,1009.66,404.60,157.54,637.65,0.81488,-1,-1,-1
297,178,754.77,448.45,76.14,199.20,0.72915,-1,-1,-1
297,180,505.16,458.41,39.92,100.12,0.27664,-1,-1,-1
297,202,851.77,409.90,175.00,511.40,0.83510,-1,-1,-1
297,174,376.48,469.34,50.79,105.36,0.22877,-1,-1,-1
297,219,1399.07,432.36,130.59,277.33,0.78381,-1,-1,-1
297,265,1159.42,436.94,42.53,115.55,0.36525,-1,-1,-1
297,266,681.94,492.23,47.26,114.28,0.31992,-1,-1,-1
297,267,1556.77,439.18,69.06,214.59,0.40156,-1,-1,-1
298,5,1542.43,430.81,222.27,447.37,0.74833,-1,-1,-1
298,3,1010.63,405.60,157.31,636.21,0.80843,-1,-1,-1
298,178,755.58,447.58,76.03,199.97,0.71597,-1,-1,-1
298,180,505.42,456.27,40.89,103.07,0.30176,-1,-1,-1
298,202,853.14,410.06,174.84,512.54,0.80629,-1,-1,-1
298,174,376.34,467.94,51.12,106.97,0.28420,-1,-1,-1
298,219,1395.66,438.52,126.47,269.51,0.78318,-1,-1,-1
298,265,1159.86,436.67,43.21,116.74,0.40414,-1,-1,-1
298,266,682.11,493.51,46.72,112.35,0.26349,-1,-1,-1
298,267,1566.77,432.52,69.70,215.74,0.37850,-1,-1,-1
299,5,1551.67,425.85,224.57,454.12,0.77035,-1,-1,-1
299,3,1012.03,405.21,157.55,635.37,0.81101,-1,-1,-1
299,178,759.86,450.47,75.24,199.10,0.70550,-1,-1,-1
299,180,505.59,456.86,40.51,102.86,0.21071,-1,-1,-1
299,202,859.17,413.56,173.07,512.65,0.77323,-1,-1,-1
299,174,376.50,469.46,49.62,104.82,0.28983,-1,-1,-1
299,219,1390.41,447.22,120.56,259.93,0.73966,-1,-1,-1
299,265,1160.23,437.31,43.32,116.05,0.24231,-1,-1,-1
299,266,681.48,489.63,47.74,115.14,0.32510,-1,-1,-1
299,267,1578.66,424.01,73.23,224.35,0.33189,-1,-1,-1
300,5,1560.95,423.35,222.03,457.00,0.69606,-1,-1,-1
300,3,1014.20,405.32,157.34,632.22,0.82170,-1,-1,-1
300,178,762.97,450.84,74.77,198.99,0.71398,-1,-1,-1
300,180,505.22,456.79,40.39,102.82,0.30160,-1,-1,-1
300,202,864.51,417.49,170.59,513.48,0.77258,-1,-1,-1
300,174,376.68,469.68,48.88,104.20,0.31730,-1,-1,-1
300,219,1375.06,430.36,124.95,276.25,0.78779,-1,-1,-1
300,265,1162.56,439.39,42.80,113.94,0.22421,-1,-1,-1
300,266,683.04,494.36,45.96,110.71,0.33323,-1,-1,-1
300,267,1585.14,424.73,73.48,223.75,0.42681,-1,-1,-1
300,269,0.00,732.90,109.70,126.29,0.57607,-1,-1,-1
301,5,1585.07,422.08,217.85,457.38,0.72884,-1,-1,-1
301,3,1013.01,404.99,157.09,629.66,0.81681,-1,-1,-1
301,178,766.28,449.96,74.31,199.80,0.74751,-1,-1,-1
301,180,505.18,457.85,39.70,101.67,0.30985,-1,-1,-1
301,202,868.86,418.73,169.30,520.44,0.76482,-1,-1,-1
301,174,376.60,468.50,48.95,105.38,0.38984,-1,-1,-1
301,219,1368.02,442.63,115.96,263.50,0.81222,-1,-1,-1
301,265,1163.67,440.39,42.71,112.23,0.20990,-1,-1,-1
301,266,682.67,491.87,47.83,114.78,0.27260,-1,-1,-1
301,267,1591.05,425.31,74.03,222.66,0.37936,-1,-1,-1
302,5,1601.67,417.10,214.72,463.32,0.76315,-1,-1,-1
302,3,1012.23,405.90,156.97,625.40,0.81455,-1,-1,-1
302,178,769.92,454.14,73.21,196.72,0.78850,-1,-1,-1
302,180,505.57,459.47,38.63,99.59,0.39912,-1,-1,-1
302,202,872.29,419.16,167.83,527.15,0.75345,-1,-1,-1
302,174,377.27,468.67,48.20,104.70,0.40146,-1,-1,-1
302,219,1360.31,450.98,110.10,255.86,0.83227,-1,-1,-1
302,266,682.79,492.46,47.83,114.34,0.24104,-1,-1,-1
302,267,1597.91,422.24,76.85,227.31,0.36575,-1,-1,-1
302,269,0.00,689.15,134.65,169.74,0.56767,-1,-1,-1
303,5,1614.87,411.12,213.55,475.65,0.77154,-1,-1,-1
303,3,1014.30,405.10,156.78,622.34,0.81006,-1,-1,-1
303,178,771.19,454.16,73.44,197.71,0.77697,-1,-1,-1
303,180,505.28,459.46,38.61,100.12,0.41252,-1,-1,-1
303,202,868.68,420.55,166.63,528.49,0.75692,-1,-1,-1
303,174,376.79,466.66,48.70,106.79,0.42238,-1,-1,-1
303,219,1346.73,430.65,115.43,275.22,0.79201,-1,-1,-1
303,266,682.92,492.33,48.06,114.45,0.23490,-1,-1,-1
303,267,1602.77,419.30,78.63,229.45,0.38989,-1,-1,-1
303,269,0.00,658.71,148.80,199.75,0.68471,-1,-1,-1
303,265,1167.85,438.95,43.82,113.08,0.26258,-1,-1,-1
304,5,1629.90,410.07,212.28,486.17,0.77657,-1,-1,-1
304,3,1017.67,404.26,158.15,622.52,0.81000,-1,-1,-1
304,178,774.23,453.99,74.00,198.70,0.76908,-1,-1,-1
304,180,504.99,459.15,38.97,101.30,0.48804,-1,-1,-1
304,202,865.25,420.27,166.57,530.82,0.79534,-1,-1,-1
304,174,376.67,466.54,48.38,106.90,0.38715,-1,-1,-1
304,219,1335.97,423.82,116.29,281.80,0.77476,-1,-1,-1
304,266,682.74,489.90,49.36,117.24,0.25549,-1,-1,-1
304,267,1609.77,419.02,79.85,230.29,0.33492,-1,-1,-1
304,269,0.00,586.34,179.47,271.85,0.72071,-1,-1,-1
304,273,739.92,477.05,39.39,119.34,0.33331,-1,-1,-1
304,265,1174.67,439.01,43.15,111.88,0.32841,-1,-1,-1
305,5,1640.48,412.69,208.67,491.64,0.74242,-1,-1,-1
305,3,1022.41,404.23,160.24,620.57,0.79740,-1,-1,-1
305,178,775.21,451.43,75.65,203.07,0.77445,-1,-1,-1
305,180,504.74,457.98,39.25,102.60,0.45572,-1,-1,-1
305,202,866.91,420.78,165.19,531.05,0.77910,-1,-1,-1
305,174,376.40,466.34,48.28,107.27,0.38431,-1,-1,-1
305,219,1329.75,424.44,114.81,280.99,0.76645,-1,-1,-1
305,266,683.59,477.66,52.89,127.23,0.21871,-1,-1,-1
305,267,1616.62,411.53,83.51,238.93,0.32304,-1,-1,-1
305,269,0.00,521.76,203.25,336.50,0.62437,-1,-1,-1
305,273,740.07,478.67,39.24,118.79,0.32052,-1,-1,-1
305,265,1180.16,439.41,42.15,110.31,0.38324,-1,-1,-1
306,5,1653.55,415.65,206.98,495.10,0.86352,-1,-1,-1
306,3,1028.96,404.76,162.96,616.91,0.81943,-1,-1,-1
306,178,776.30,448.49,76.86,206.70,0.76570,-1,-1,-1
306,180,504.31,457.60,39.56,103.30,0.47575,-1,-1,-1
306,202,868.49,420.37,164.13,531.97,0.79893,-1,-1,-1
306,174,376.26,466.05,48.36,107.88,0.38315,-1,-1,-1
306,219,1323.50,434.44,111.24,268.91,0.80318,-1,-1,-1
306,266,683.15,480.21,51.48,124.05,0.23499,-1,-1,-1
306,269,0.00,480.49,216.81,379.05,0.73733,-1,-1,-1
306,273,739.94,480.64,38.85,117.22,0.30927,-1,-1,-1
306,265,1183.15,441.11,41.38,108.26,0.54740,-1,-1,-1
307,5,1672.87,413.99,210.28,501.29,0.85233,-1,-1,-1
307,3,1033.44,402.84,166.90,617.04,0.82968,-1,-1,-1
307,178,778.68,450.80,75.54,203.70,0.72169,-1,-1,-1
307,180,504.09,460.23,38.64,100.79,0.41779,-1,-1,-1
307,202,868.46,419.93,163.33,532.36,0.81473,-1,-1,-1
307,174,377.02,466.51,47.84,107.38,0.36072,-1,-1,-1
307,219,1319.52,445.44,108.39,255.69,0.80381,-1,-1,-1
307,266,684.01,486.36,49.55,119.30,0.23621,-1,-1,-1
307,269,0.00,429.47,231.29,431.18,0.74950,-1,-1,-1
307,273,736.90,481.72,38.03,113.91,0.33619,-1,-1,-1
307,265,1185.22,442.26,40.73,106.42,0.56165,-1,-1,-1
307,267,1609.83,408.73,125.95,365.07,0.56919,-1,-1,-1
308,5,1685.68,416.70,212.74,500.38,0.83507,-1,-1,-1
308,3,1036.75,401.76,171.20,616.01,0.84324,-1,-1,-1
308,178,780.64,449.83,75.23,203.92,0.75126,-1,-1,-1
308,180,503.62,461.81,38.38,99.36,0.41265,-1,-1,-1
308,202,869.64,420.28,162.27,532.07,0.81979,-1,-1,-1
308,174,377.28,466.79,47.69,107.15,0.34723,-1,-1,-1
308,219,1311.21,436.74,113.81,263.41,0.81147,-1,-1,-1
308,266,685.50,490.04,48.02,115.74,0.25505,-1,-1,-1
308,269,0.00,403.36,233.94,457.39,0.78727,-1,-1,-1
308,273,735.41,479.61,39.09,116.08,0.33928,-1,-1,-1
308,265,1187.71,442.44,40.82,105.90,0.49571,-1,-1,-1
308,267,1607.76,404.42,135.10,393.24,0.63715,-1,-1,-1
309,5,1688.81,417.38,216.43,503.14,0.85868,-1,-1,-1
309,3,1039.37,399.95,176.18,616.10,0.84808,-1,-1,-1
309,178,785.28,447.67,75.38,206.90,0.72157,-1,-1,-1
309,180,502.73,461.49,38.81,99.57,0.43330,-1,-1,-1
309,202,869.65,421.05,161.14,530.67,0.83135,-1,-1,-1
309,174,377.24,465.68,47.84,107.98,0.32905,-1,-1,-1
309,219,1304.46,433.24,117.63,267.25,0.80180,-1,-1,-1
309,266,684.79,491.76,47.09,112.87,0.22356,-1,-1,-1
309,269,0.00,389.25,231.20,471.70,0.81103,-1,-1,-1
309,273,735.91,478.30,40.28,118.12,0.37205,-1,-1,-1
309,265,1189.64,443.34,40.22,104.40,0.42165,-1,-1,-1
309,267,1610.54,405.02,138.70,403.95,0.59274,-1,-1,-1
310,5,1688.32,417.77,221.85,509.46,0.88102,-1,-1,-1
310,3,1041.33,399.84,181.00,615.09,0.85712,-1,-1,-1
310,178,789.04,445.53,75.11,209.48,0.72209,-1,-1,-1
310,180,501.44,460.53,39.58,100.61,0.46256,-1,-1,-1
310,202,870.48,421.60,160.06,530.09,0.80775,-1,-1,-1
310,174,376.06,464.59,47.76,108.38,0.27985,-1,-1,-1
310,219,1298.17,430.34,120.42,269.45,0.76296,-1,-1,-1
310,266,686.71,479.35,50.79,123.79,0.16871,-1,-1,-1
310,269,0.00,383.41,225.19,477.40,0.80495,-1,-1,-1
310,273,736.55,479.81,40.72,117.75,0.37426,-1,-1,-1
310,265,1191.54,444.90,39.92,103.14,0.49244,-1,-1,-1
310,267,1617.00,407.29,139.87,406.79,0.50900,-1,-1,-1
311,5,1686.10,418.90,226.50,514.27,0.87491,-1,-1,-1
311,3,1040.46,401.54,185.30,613.08,0.85849,-1,-1,-1
311,178,792.98,444.69,74.53,211.00,0.73185,-1,-1,-1
311,180,500.96,457.35,41.10,103.51,0.47958,-1,-1,-1
311,202,870.54,421.03,159.55,530.56,0.81867,-1,-1,-1
311,174,375.56,465.70,47.22,107.34,0.24114,-1,-1,-1
311,219,1292.53,431.44,119.24,264.94,0.75902,-1,-1,-1
311,266,688.12,476.03,50.92,126.22,0.19019,-1,-1,-1
311,269,0.00,379.89,216.28,478.65,0.81842,-1,-1,-1
311,273,736.89,479.63,41.71,118.76,0.44914,-1,-1,-1
311,265,1192.09,446.26,39.46,101.34,0.51150,-1,-1,-1
311,267,1631.56,408.06,139.28,411.76,0.47756,-1,-1,-1
312,5,1685.20,419.70,229.32,515.92,0.86177,-1,-1,-1
312,3,1040.22,403.04,188.85,611.48,0.86120,-1,-1,-1
312,178,796.40,446.81,73.40,209.44,0.73188,-1,-1,-1
312,180,500.31,455.80,42.13,105.33,0.42204,-1,-1,-1
312,202,869.96,420.53,159.48,531.47,0.83280,-1,-1,-1
312,174,375.11,462.97,48.13,109.63,0.21904,-1,-1,-1
312,219,1281.81,430.37,117.65,261.38,0.76476,-1,-1,-1
312,266,688.13,473.25,50.98,128.37,0.16765,-1,-1,-1
312,269,0.00,377.99,211.38,481.38,0.83019,-1,-1,-1
312,273,737.01,479.89,42.45,118.71,0.46512,-1,-1,-1
312,265,1192.05,443.83,40.80,105.02,0.46803,-1,-1,-1
312,267,1629.92,410.03,140.82,412.14,0.51055,-1,-1,-1
313,5,1686.33,421.34,230.69,516.29,0.86927,-1,-1,-1
313,3,1039.01,402.78,192.65,611.81,0.86137,-1,-1,-1
313,178,800.22,445.69,74.26,211.22,0.72774,-1,-1,-1
313,180,499.93,457.26,42.04,104.27,0.38924,-1,-1,-1
313,202,869.40,419.88,159.55,532.43,0.81317,-1,-1,-1
313,174,374.41,460.64,49.14,112.65,0.23130,-1,-1,-1
313,219,1272.46,431.69,115.32,257.74,0.78633,-1,-1,-1
313,266,689.23,472.81,49.73,127.06,0.17411,-1,-1,-1
313,269,0.00,378.44,210.88,481.66,0.85726,-1,-1,-1
313,273,736.79,479.10,43.18,118.87,0.49081,-1,-1,-1
313,265,1192.27,441.55,42.30,108.71,0.48860,-1,-1,-1
313,267,1632.69,411.89,142.26,407.82,0.47771,-1,-1,-1
314,5,1689.70,419.85,230.30,518.67,0.87007,-1,-1,-1
314,3,1038.09,402.48,195.61,611.52,0.86499,-1,-1,-1
314,178,802.69,445.49,74.63,211.71,0.72316,-1,-1,-1
314,180,498.80,456.26,42.93,105.59,0.41503,-1,-1,-1
314,202,869.10,419.28,159.77,533.29,0.82013,-1,-1,-1
314,174,375.20,463.92,47.78,109.54,0.20958,-1,-1,-1
314,219,1265.58,428.48,113.77,259.91,0.80680,-1,-1,-1
314,266,689.72,477.01,48.25,124.02,0.17420,-1,-1,-1
314,269,0.00,380.49,215.32,477.98,0.85388,-1,-1,-1
314,273,736.79,481.45,42.88,116.40,0.40913,-1,-1,-1
314,265,1192.84,439.72,43.46,111.43,0.55365,-1,-1,-1
314,267,1637.35,414.13,143.41,402.98,0.35807,-1,-1,-1
315,5,1724.24,421.40,195.76,517.99,0.71345,-1,-1,-1
315,3,1039.14,400.43,198.51,614.30,0.85995,-1,-1,-1
315,178,805.80,443.94,75.57,213.80,0.72232,-1,-1,-1
315,180,498.21,454.70,43.44,106.55,0.43801,-1,-1,-1
315,202,868.84,417.80,160.36,534.65,0.81499,-1,-1,-1
315,174,375.54,463.19,47.92,110.63,0.30271,-1,-1,-1
315,219,1259.82,427.19,110.80,260.02,0.78047,-1,-1,-1
315,266,686.33,489.79,44.71,113.61,0.16792,-1,-1,-1
315,269,0.00,384.61,231.03,475.74,0.86698,-1,-1,-1
315,273,735.49,481.00,43.64,116.88,0.36437,-1,-1,-1
315,265,1193.04,436.08,44.60,114.99,0.53779,-1,-1,-1
315,267,1648.42,417.56,164.47,448.76,0.42102,-1,-1,-1
316,5,1743.59,418.19,176.41,519.47,0.79206,-1,-1,-1
316,3,1040.80,401.15,199.21,612.56,0.86028,-1,-1,-1
316,178,807.28,444.06,76.30,214.86,0.69210,-1,-1,-1
316,180,497.90,453.48,43.94,107.81,0.45858,-1,-1,-1
316,202,867.60,416.32,160.81,536.06,0.80425,-1,-1,-1
316,174,376.07,462.98,47.59,110.68,0.29619,-1,-1,-1
316,219,1255.04,427.70,107.56,260.99,0.75403,-1,-1,-1
316,266,688.76,483.91,45.95,117.75,0.16128,-1,-1,-1
316,269,0.00,391.99,248.55,469.85,0.88024,-1,-1,-1
316,273,734.63,481.21,44.05,116.18,0.31922,-1,-1,-1
316,265,1195.04,435.94,44.73,115.12,0.60633,-1,-1,-1
316,267,1656.29,415.34,176.10,470.26,0.62898,-1,-1,-1
317,5,1757.45,416.51,162.55,519.08,0.70866,-1,-1,-1
317,3,1041.69,400.23,200.51,613.74,0.85656,-1,-1,-1
317,178,805.53,443.72,76.07,216.56,0.68368,-1,-1,-1
317,180,497.27,451.90,44.45,109.56,0.46624,-1,-1,-1
317,202,867.90,417.14,161.02,534.75,0.81875,-1,-1,-1
317,174,376.61,463.48,47.52,111.16,0.38784,-1,-1,-1
317,219,1249.85,423.55,105.38,263.34,0.77353,-1,-1,-1
317,266,691.16,482.62,45.16,116.95,0.16501,-1,-1,-1
317,269,9.25,393.65,255.56,468.52,0.88186,-1,-1,-1
317,273,734.56,481.77,44.43,115.68,0.34065,-1,-1,-1
317,265,1196.24,436.89,44.35,114.23,0.58187,-1,-1,-1
317,267,1659.70,411.12,180.41,476.23,0.59346,-1,-1,-1
318,5,1757.13,419.91,162.87,524.35,0.63540,-1,-1,-1
318,3,1043.24,400.02,201.07,613.31,0.85244,-1,-1,-1
318,178,805.96,443.65,75.50,216.77,0.66987,-1,-1,-1
318,180,496.68,452.72,43.91,108.56,0.49180,-1,-1,-1
318,202,869.12,417.06,161.45,534.98,0.81608,-1,-1,-1
318,174,376.52,463.17,47.33,111.02,0.33048,-1,-1,-1
318,219,1246.03,427.20,101.56,259.13,0.79741,-1,-1,-1
318,266,692.31,481.20,44.78,117.39,0.15182,-1,-1,-1
318,269,21.54,394.60,257.66,468.48,0.90088,-1,-1,-1
318,273,733.81,481.64,45.00,115.65,0.33165,-1,-1,-1
318,265,1199.05,437.27,43.93,112.74,0.55969,-1,-1,-1
318,267,1677.03,409.53,169.54,449.35,0.36932,-1,-1,-1
319,5,1770.16,416.96,149.84,525.73,0.67400,-1,-1,-1
319,3,1044.42,400.27,201.20,612.13,0.85364,-1,-1,-1
319,178,811.16,444.32,74.58,215.18,0.67165,-1,-1,-1
319,180,495.91,453.54,43.42,107.85,0.48187,-1,-1,-1
319,202,868.81,416.40,162.13,535.64,0.81838,-1,-1,-1
319,174,376.63,462.85,47.37,111.40,0.33809,-1,-1,-1
319,219,1239.93,427.45,100.82,259.21,0.77337,-1,-1,-1
319,269,28.08,394.46,260.64,469.14,0.89746,-1,-1,-1
319,273,733.06,482.01,45.28,114.81,0.22615,-1,-1,-1
319,265,1201.57,438.71,43.21,110.38,0.58447,-1,-1,-1
319,267,1696.58,403.93,166.00,449.11,0.43970,-1,-1,-1
320,5,1784.09,417.55,135.91,524.10,0.73081,-1,-1,-1
320,3,1046.10,401.13,200.85,610.95,0.85776,-1,-1,-1
320,178,814.94,444.95,74.25,214.54,0.62728,-1,-1,-1
320,180,495.06,451.16,43.94,110.02,0.44914,-1,-1,-1
320,202,868.96,416.47,162.68,535.01,0.82590,-1,-1,-1
320,174,376.98,463.88,46.81,110.05,0.26984,-1,-1,-1
320,219,1234.22,433.54,99.80,254.23,0.74284,-1,-1,-1
320,269,33.84,396.73,261.94,465.82,0.89325,-1,-1,-1
320,273,735.77,485.66,43.66,110.89,0.25796,-1,-1,-1
320,265,1203.75,440.35,42.61,108.35,0.42373,-1,-1,-1
320,267,1699.80,399.34,167.63,458.37,0.51067,-1,-1,-1
320,279,1437.21,435.21,40.61,113.64,0.44467,-1,-1,-1
321,5,1798.07,425.28,121.93,516.51,0.73491,-1,-1,-1
321,3,1047.36,400.77,200.76,611.26,0.86214,-1,-1,-1
321,178,817.12,447.22,72.94,211.90,0.64434,-1,-1,-1
321,180,493.62,448.90,44.34,112.16,0.41568,-1,-1,-1
321,202,869.25,417.01,162.74,534.46,0.82109,-1,-1,-1
321,174,377.13,463.99,46.60,109.90,0.27972,-1,-1,-1
321,219,1233.77,434.83,99.52,252.24,0.77107,-1,-1,-1
321,269,36.72,397.88,263.83,463.76,0.88735,-1,-1,-1
321,273,735.81,486.61,43.59,110.16,0.28619,-1,-1,-1
321,265,1207.53,442.36,39.46,99.34,0.32096,-1,-1,-1
321,267,1709.10,400.10,163.04,449.76,0.54545,-1,-1,-1
321,279,1438.79,435.37,40.83,114.09,0.54234,-1,-1,-1
322,5,1809.70,427.33,110.30,513.81,0.69688,-1,-1,-1
322,3,1048.31,403.08,199.97,609.61,0.85864,-1,-1,-1
322,178,819.37,448.41,72.54,210.98,0.66999,-1,-1,-1
322,180,492.17,446.78,44.96,114.50,0.44786,-1,-1,-1
322,202,868.98,416.74,162.85,534.75,0.82495,-1,-1,-1
322,174,376.56,462.99,47.06,111.11,0.37682,-1,-1,-1
322,219,1233.54,440.80,97.75,245.15,0.75846,-1,-1,-1
322,269,41.99,399.67,263.29,455.98,0.88633,-1,-1,-1
322,273,736.03,486.62,43.69,110.24,0.28533,-1,-1,-1
322,267,1720.47,395.73,161.89,452.26,0.55141,-1,-1,-1
322,279,1439.36,434.82,41.17,114.63,0.54682,-1,-1,-1
323,5,1821.15,454.05,98.85,488.35,0.61800,-1,-1,-1
323,3,1049.33,402.51,199.46,609.69,0.86456,-1,-1,-1
323,178,821.90,451.67,71.70,207.54,0.64088,-1,-1,-1
323,180,491.75,446.10,44.95,114.97,0.46546,-1,-1,-1
323,202,870.75,415.88,163.30,535.61,0.81708,-1,-1,-1
323,174,376.35,462.96,47.12,111.40,0.40262,-1,-1,-1
323,219,1231.75,441.25,97.48,243.53,0.76680,-1,-1,-1
323,269,44.95,402.33,264.06,450.27,0.88950,-1,-1,-1
323,273,736.54,487.59,43.28,108.82,0.18397,-1,-1,-1
323,267,1729.76,393.35,160.31,452.78,0.68701,-1,-1,-1
323,279,1441.89,437.61,40.43,111.33,0.49750,-1,-1,-1
324,5,1825.29,450.52,94.71,493.46,0.57896,-1,-1,-1
324,3,1051.03,400.48,199.25,611.80,0.85610,-1,-1,-1
324,178,823.36,455.60,70.69,203.16,0.62455,-1,-1,-1
324,180,491.12,446.30,44.73,114.78,0.47511,-1,-1,-1
324,202,872.35,415.94,163.40,535.64,0.80814,-1,-1,-1
324,174,376.29,463.76,46.80,110.77,0.40777,-1,-1,-1
324,219,1225.40,439.12,98.80,245.75,0.74900,-1,-1,-1
324,269,48.61,403.96,264.15,444.62,0.89706,-1,-1,-1
324,273,736.87,487.29,43.16,108.45,0.26126,-1,-1,-1
324,267,1740.16,392.53,159.29,455.08,0.60261,-1,-1,-1
324,279,1445.39,440.32,39.98,108.51,0.55256,-1,-1,-1
325,5,1826.30,416.55,93.70,525.82,0.53272,-1,-1,-1
325,3,1052.58,398.79,198.92,613.50,0.85337,-1,-1,-1
325,178,826.30,447.26,74.45,213.86,0.44496,-1,-1,-1
325,180,490.57,446.52,44.73,115.49,0.47468,-1,-1,-1
325,202,873.66,415.53,163.41,535.99,0.80590,-1,-1,-1
325,174,376.33,464.13,46.82,110.61,0.42659,-1,-1,-1
325,219,1220.62,442.83,97.63,241.56,0.68049,-1,-1,-1
325,269,52.75,403.72,265.68,443.71,0.90139,-1,-1,-1
325,273,735.85,487.60,43.58,108.90,0.24119,-1,-1,-1
325,267,1753.24,391.66,163.06,467.77,0.55072,-1,-1,-1
325,279,1449.30,440.01,40.44,108.23,0.57346,-1,-1,-1
326,3,1053.92,398.46,198.34,614.14,0.85850,-1,-1,-1
326,178,829.67,442.36,77.14,220.55,0.37540,-1,-1,-1
326,180,489.91,445.66,44.96,116.28,0.45060,-1,-1,-1
326,202,874.85,415.67,163.27,536.03,0.79353,-1,-1,-1
326,174,376.76,465.35,46.54,109.83,0.40364,-1,-1,-1
326,219,1215.32,451.84,93.35,229.61,0.54324,-1,-1,-1
326,269,60.78,403.94,264.22,440.49,0.89013,-1,-1,-1
326,273,734.71,486.61,44.92,110.73,0.25529,-1,-1,-1
326,267,1757.62,393.14,162.38,494.16,0.61523,-1,-1,-1
326,279,1451.64,441.40,40.58,107.09,0.59088,-1,-1,-1
327,3,1054.39,396.48,198.33,616.72,0.86363,-1,-1,-1
327,178,833.88,441.70,78.53,225.22,0.19416,-1,-1,-1
327,180,489.14,445.29,44.86,116.36,0.50238,-1,-1,-1
327,202,876.93,416.65,162.41,534.95,0.78468,-1,-1,-1
327,174,377.07,466.36,46.28,108.69,0.40087,-1,-1,-1
327,269,73.53,402.33,260.84,438.22,0.87390,-1,-1,-1
327,273,735.06,485.83,45.52,111.45,0.28763,-1,-1,-1
327,267,1758.02,392.15,161.98,525.93,0.71930,-1,-1,-1
327,279,1453.98,441.75,41.21,106.60,0.59410,-1,-1,-1
327,280,844.53,443.54,65.04,135.90,0.34741,-1,-1,-1
328,3,1055.10,395.99,198.03,617.62,0.86006,-1,-1,-1
328,178,839.74,440.74,77.85,224.29,0.17107,-1,-1,-1
328,180,489.00,448.87,43.37,112.86,0.39899,-1,-1,-1
328,202,877.60,415.98,162.18,535.89,0.75516,-1,-1,-1
328,174,377.66,466.98,46.35,108.60,0.45472,-1,-1,-1
328,269,85.67,394.43,257.62,439.04,0.88240,-1,-1,-1
328,273,735.07,485.26,46.04,112.03,0.33877,-1,-1,-1
328,267,1757.67,389.04,162.33,545.86,0.78934,-1,-1,-1
328,279,1455.98,442.54,41.06,105.38,0.62116,-1,-1,-1
328,280,850.82,444.95,62.41,130.68,0.32236,-1,-1,-1
328,219,1199.01,446.21,91.46,227.87,0.33838,-1,-1,-1
329,3,1055.77,398.13,197.06,616.03,0.86018,-1,-1,-1
329,180,489.56,452.15,42.23,109.72,0.39019,-1,-1,-1
329,202,875.94,417.46,162.40,535.89,0.77636,-1,-1,-1
329,174,377.90,467.15,46.23,108.00,0.40875,-1,-1,-1
329,269,100.03,392.32,249.96,434.91,0.83102,-1,-1,-1
329,273,734.79,484.70,46.74,113.16,0.34713,-1,-1,-1
329,267,1758.01,393.22,161.99,547.23,0.81974,-1,-1,-1
329,279,1458.01,441.98,40.58,104.20,0.53974,-1,-1,-1
329,280,856.07,446.24,60.25,126.47,0.22889,-1,-1,-1
330,3,1055.74,396.87,197.00,617.58,0.86405,-1,-1,-1
330,180,489.15,452.55,42.16,109.37,0.44322,-1,-1,-1
330,202,873.85,419.04,162.90,534.18,0.80431,-1,-1,-1
330,174,378.02,466.79,46.13,107.62,0.42676,-1,-1,-1
330,269,116.74,397.10,238.78,427.14,0.80699,-1,-1,-1
330,273,735.36,484.92,46.56,112.59,0.36233,-1,-1,-1
330,267,1759.56,395.63,160.44,541.37,0.74186,-1,-1,-1
330,279,1460.04,441.55,40.13,103.42,0.45892,-1,-1,-1
330,280,860.86,449.04,57.47,121.01,0.19110,-1,-1,-1
331,3,1056.57,395.81,196.99,618.58,0.86484,-1,-1,-1
331,180,488.44,453.03,42.13,109.03,0.39226,-1,-1,-1
331,202,873.45,420.00,163.48,532.93,0.80235,-1,-1,-1
331,174,377.68,465.83,46.53,108.38,0.41943,-1,-1,-1
331,269,134.15,394.32,231.06,428.83,0.79960,-1,-1,-1
331,273,734.87,483.94,47.10,113.93,0.34621,-1,-1,-1
331,267,1767.28,392.61,152.72,490.63,0.74021,-1,-1,-1
331,279,1462.72,440.94,40.26,104.48,0.58067,-1,-1,-1
331,280,863.82,441.35,61.41,129.48,0.15519,-1,-1,-1
332,3,1057.55,396.37,196.78,618.82,0.86376,-1,-1,-1
332,180,488.13,451.43,42.62,110.79,0.40455,-1,-1,-1
332,202,875.62,420.26,164.43,532.49,0.82353,-1,-1,-1
332,174,377.26,463.58,47.87,111.86,0.44306,-1,-1,-1
332,269,155.67,392.81,222.57,430.33,0.77462,-1,-1,-1
332,273,735.88,484.22,46.94,113.68,0.30669,-1,-1,-1
332,267,1770.46,393.71,149.54,469.88,0.78446,-1,-1,-1
332,279,1466.21,440.27,40.78,105.97,0.58098,-1,-1,-1
332,280,864.09,439.23,62.38,132.57,0.22590,-1,-1,-1
333,3,1058.97,396.99,196.47,618.14,0.87167,-1,-1,-1
333,180,489.30,452.58,41.87,109.34,0.38802,-1,-1,-1
333,202,876.61,419.80,165.67,532.98,0.82934,-1,-1,-1
333,174,376.68,467.42,46.66,106.53,0.28716,-1,-1,-1
333,269,175.04,390.77,215.22,432.39,0.75057,-1,-1,-1
333,273,736.91,482.37,47.59,115.98,0.30959,-1,-1,-1
333,267,1771.06,393.87,148.94,464.16,0.78283,-1,-1,-1
333,279,1470.12,440.35,40.09,104.52,0.56672,-1,-1,-1
333,280,869.81,439.88,57.98,123.03,0.16060,-1,-1,-1
334,3,1059.60,396.68,196.26,618.55,0.87591,-1,-1,-1
334,180,489.76,453.14,41.38,108.65,0.34977,-1,-1,-1
334,202,877.40,420.14,166.61,532.57,0.83063,-1,-1,-1
334,174,376.27,470.07,46.33,103.64,0.27097,-1,-1,-1
334,269,193.01,399.00,205.05,423.56,0.71546,-1,-1,-1
334,273,737.85,482.31,47.54,116.31,0.34527,-1,-1,-1
334,267,1773.97,392.45,146.03,463.06,0.66113,-1,-1,-1
334,279,1471.43,440.34,40.23,105.68,0.48816,-1,-1,-1
334,280,873.34,438.08,55.10,116.22,0.19094,-1,-1,-1
334,286,0.00,479.72,155.36,311.55,0.66727,-1,-1,-1
335,3,1059.78,396.75,195.54,617.64,0.87845,-1,-1,-1
335,180,489.13,449.96,42.53,112.44,0.44440,-1,-1,-1
335,202,877.64,419.59,167.73,532.97,0.83651,-1,-1,-1
335,174,377.23,470.82,46.77,103.40,0.23132,-1,-1,-1
335,269,196.74,414.82,197.52,407.18,0.72683,-1,-1,-1
335,273,737.79,481.50,47.91,117.87,0.38153,-1,-1,-1
335,267,1778.44,402.92,141.56,453.89,0.61982,-1,-1,-1
335,279,1473.28,439.03,40.39,106.55,0.54043,-1,-1,-1
335,286,0.00,466.30,161.82,319.92,0.69434,-1,-1,-1
336,3,1059.52,396.67,195.26,617.57,0.87918,-1,-1,-1
336,180,488.09,447.93,42.63,113.38,0.43837,-1,-1,-1
336,202,877.13,420.48,168.10,532.13,0.84233,-1,-1,-1
336,174,377.69,468.77,47.65,105.56,0.15604,-1,-1,-1
336,269,205.86,415.05,196.18,404.50,0.62755,-1,-1,-1
336,273,737.24,482.66,47.32,116.33,0.32995,-1,-1,-1
336,267,1786.78,429.36,133.22,429.23,0.51034,-1,-1,-1
336,279,1474.48,438.24,40.13,106.64,0.52306,-1,-1,-1
336,286,0.00,448.55,169.93,338.83,0.80551,-1,-1,-1
337,3,1060.51,397.07,195.25,617.59,0.88043,-1,-1,-1
337,180,487.48,449.27,41.76,111.78,0.25972,-1,-1,-1
337,202,877.03,419.71,168.83,532.94,0.83403,-1,-1,-1
337,174,376.79,468.90,47.52,104.86,0.16324,-1,-1,-1
337,269,223.43,424.60,193.45,397.96,0.71521,-1,-1,-1
337,273,735.81,482.95,47.59,117.02,0.38716,-1,-1,-1
337,267,1795.80,436.51,124.20,421.99,0.39266,-1,-1,-1
337,279,1475.56,436.75,40.89,108.97,0.53549,-1,-1,-1
337,286,0.00,442.01,173.01,344.38,0.82350,-1,-1,-1
338,3,1061.48,397.22,195.26,617.25,0.87355,-1,-1,-1
338,180,487.91,452.38,40.53,108.69,0.18620,-1,-1,-1
338,202,877.89,418.72,169.90,534.34,0.82052,-1,-1,-1
338,269,238.87,435.60,191.20,387.36,0.79541,-1,-1,-1
338,273,735.27,483.37,47.53,116.82,0.36723,-1,-1,-1
338,267,1808.87,455.84,111.13,399.52,0.18381,-1,-1,-1
338,279,1478.80,436.22,41.11,109.48,0.59445,-1,-1,-1
338,286,0.00,444.72,171.43,340.76,0.83217,-1,-1,-1
339,3,1061.63,396.69,195.07,617.52,0.88257,-1,-1,-1
339,180,488.17,456.03,39.25,105.24,0.18552,-1,-1,-1
339,202,877.21,418.43,170.26,534.86,0.82250,-1,-1,-1
339,269,243.57,415.64,201.77,406.97,0.81863,-1,-1,-1
339,273,736.15,484.71,46.68,114.96,0.44541,-1,-1,-1
339,279,1481.92,436.97,41.00,108.82,0.52121,-1,-1,-1
339,286,0.00,443.68,171.01,341.23,0.83457,-1,-1,-1
340,3,1062.70,398.14,194.56,615.75,0.88412,-1,-1,-1
340,180,487.37,455.72,39.53,106.46,0.18939,-1,-1,-1
340,202,877.24,418.25,170.18,534.95,0.82072,-1,-1,-1
340,269,245.71,409.04,207.11,413.92,0.84860,-1,-1,-1
340,273,736.29,484.97,46.29,114.31,0.45102,-1,-1,-1
340,279,1484.16,436.87,41.14,109.32,0.42695,-1,-1,-1
340,286,0.00,441.23,170.16,344.47,0.83860,-1,-1,-1
340,291,679.66,491.68,49.58,112.52,0.35132,-1,-1,-1
341,3,1064.08,401.46,193.61,612.43,0.88531,-1,-1,-1
341,180,488.54,455.30,39.37,106.51,0.18834,-1,-1,-1
341,202,877.74,418.02,169.98,534.79,0.82114,-1,-1,-1
341,269,251.67,423.28,201.98,398.98,0.81768,-1,-1,-1
341,273,735.78,483.93,46.50,115.25,0.44884,-1,-1,-1
341,279,1486.14,434.82,42.29,111.61,0.26775,-1,-1,-1
341,286,0.00,436.40,170.22,348.60,0.84578,-1,-1,-1
341,291,679.28,491.96,49.25,111.76,0.35177,-1,-1,-1
342,3,1066.24,400.74,194.02,612.81,0.87780,-1,-1,-1
342,180,490.35,455.62,39.36,106.62,0.22559,-1,-1,-1
342,202,882.34,421.56,169.20,531.07,0.81769,-1,-1,-1
342,269,254.61,430.53,200.33,390.63,0.81599,-1,-1,-1
342,273,736.59,483.64,46.15,115.09,0.47563,-1,-1,-1
342,279,1489.38,434.54,43.91,112.64,0.23208,-1,-1,-1
342,286,0.00,438.33,169.16,346.26,0.83414,-1,-1,-1
342,291,679.05,489.95,50.27,114.06,0.37401,-1,-1,-1
343,3,1065.84,400.94,193.91,612.59,0.88188,-1,-1,-1
343,180,492.27,456.04,38.64,104.92,0.21250,-1,-1,-1
343,202,884.41,422.86,168.77,529.74,0.81637,-1,-1,-1
343,269,254.99,431.57,201.11,388.56,0.81633,-1,-1,-1
343,273,737.60,484.72,45.67,113.96,0.41087,-1,-1,-1
343,279,1492.65,434.15,45.45,113.44,0.22799,-1,-1,-1
343,286,0.00,433.87,169.74,354.14,0.79191,-1,-1,-1
343,291,678.74,489.09,50.30,113.79,0.30249,-1,-1,-1
344,3,1066.45,400.09,194.29,613.64,0.87837,-1,-1,-1
344,180,493.20,457.15,37.72,102.23,0.22760,-1,-1,-1
344,202,886.33,424.04,168.29,528.41,0.81861,-1,-1,-1
344,269,252.85,419.34,207.04,399.06,0.81106,-1,-1,-1
344,273,737.30,484.97,45.91,114.37,0.46914,-1,-1,-1
344,286,0.00,434.24,170.62,352.66,0.77780,-1,-1,-1
344,291,678.31,488.14,51.22,115.49,0.36941,-1,-1,-1
345,3,1068.00,400.83,194.39,612.39,0.88068,-1,-1,-1
345,180,492.93,452.79,39.33,107.12,0.21262,-1,-1,-1
345,202,887.76,424.30,167.73,527.76,0.80597,-1,-1,-1
345,269,252.11,411.36,210.40,405.94,0.85429,-1,-1,-1
345,273,736.27,484.15,46.40,114.72,0.37764,-1,-1,-1
345,286,0.00,432.86,172.36,354.79,0.81356,-1,-1,-1
345,291,679.27,489.23,51.06,114.85,0.32265,-1,-1,-1
346,3,1067.98,400.54,194.76,613.08,0.87777,-1,-1,-1
346,180,491.38,448.70,40.93,111.53,0.26663,-1,-1,-1
346,202,889.90,424.31,167.66,527.30,0.81308,-1,-1,-1
346,269,255.84,404.78,211.46,411.03,0.83811,-1,-1,-1
346,273,735.53,483.30,47.12,115.58,0.40867,-1,-1,-1
346,286,7.30,434.88,173.63,351.22,0.80192,-1,-1,-1
346,291,678.58,491.57,50.68,113.38,0.31861,-1,-1,-1
347,3,1069.32,402.23,194.77,611.72,0.87404,-1,-1,-1
347,180,490.45,447.72,41.33,112.43,0.24915,-1,-1,-1
347,202,891.84,424.38,167.67,526.93,0.80821,-1,-1,-1
347,269,262.20,402.83,210.37,413.67,0.81342,-1,-1,-1
347,273,735.19,483.96,47.24,115.06,0.33551,-1,-1,-1
347,286,24.79,437.31,166.87,345.97,0.80495,-1,-1,-1
347,291,675.47,489.28,52.99,117.84,0.33516,-1,-1,-1
348,3,1069.61,400.36,195.78,613.41,0.87324,-1,-1,-1
348,180,485.82,447.15,42.55,114.06,0.30025,-1,-1,-1
348,202,892.71,423.67,166.92,527.29,0.80093,-1,-1,-1
348,269,274.03,405.72,204.82,409.27,0.78970,-1,-1,-1
348,273,734.02,482.22,48.25,116.11,0.38076,-1,-1,-1
348,286,34.75,435.04,164.62,347.90,0.68435,-1,-1,-1
348,291,674.70,491.65,52.95,116.54,0.24478,-1,-1,-1
349,3,1070.11,401.70,196.02,612.32,0.87271,-1,-1,-1
349,202,894.86,422.64,166.46,528.50,0.80625,-1,-1,-1
349,269,280.55,401.89,198.72,405.49,0.80591,-1,-1,-1
349,273,734.42,482.79,48.14,115.81,0.25902,-1,-1,-1
349,286,36.99,433.61,164.14,349.48,0.51962,-1,-1,-1
349,291,674.55,493.15,52.87,115.46,0.22683,-1,-1,-1
350,3,1069.42,400.40,196.79,613.36,0.87407,-1,-1,-1
350,202,897.03,421.87,166.42,529.33,0.80881,-1,-1,-1
350,269,290.55,398.54,193.62,406.15,0.80034,-1,-1,-1
350,273,735.13,485.99,46.84,112.68,0.20478,-1,-1,-1
350,286,57.10,435.19,161.40,348.12,0.78091,-1,-1,-1
350,291,673.76,493.12,52.91,115.27,0.20537,-1,-1,-1
350,180,480.24,444.53,44.72,117.22,0.49571,-1,-1,-1
351,3,1068.36,399.94,197.12,613.91,0.87536,-1,-1,-1
351,202,898.10,421.79,166.09,528.96,0.80061,-1,-1,-1
351,269,305.98,392.27,187.05,407.71,0.77944,-1,-1,-1
351,273,735.53,485.90,46.88,112.81,0.29365,-1,-1,-1
351,286,71.99,436.76,162.25,346.46,0.81024,-1,-1,-1
351,291,672.99,492.25,53.12,115.82,0.28699,-1,-1,-1
351,301,0.00,503.21,54.35,351.20,0.53017,-1,-1,-1
351,180,479.64,445.99,44.86,115.68,0.43336,-1,-1,-1
352,3,1068.35,400.44,197.47,613.61,0.87884,-1,-1,-1
352,202,899.26,422.34,165.54,527.84,0.79857,-1,-1,-1
352,269,322.78,394.54,178.11,403.47,0.72548,-1,-1,-1
352,273,734.53,484.89,47.54,113.44,0.27799,-1,-1,-1
352,286,83.05,435.94,165.04,346.21,0.83927,-1,-1,-1
352,291,672.69,490.04,53.93,117.39,0.28232,-1,-1,-1
352,301,2.43,505.82,55.26,349.54,0.57086,-1,-1,-1
352,180,479.27,445.56,45.49,115.81,0.40126,-1,-1,-1
353,3,1067.45,400.27,197.90,613.99,0.87719,-1,-1,-1
353,202,899.37,421.62,165.10,527.64,0.80144,-1,-1,-1
353,269,339.96,408.36,166.72,390.40,0.58177,-1,-1,-1
353,273,735.49,485.76,47.01,113.04,0.31651,-1,-1,-1
353,286,93.75,434.85,169.18,347.59,0.85068,-1,-1,-1
353,291,671.47,490.16,53.69,116.86,0.28795,-1,-1,-1
353,301,7.71,507.04,55.72,349.23,0.68845,-1,-1,-1
353,180,475.36,445.71,46.04,116.38,0.28487,-1,-1,-1
354,3,1067.14,399.43,198.50,614.94,0.87358,-1,-1,-1
354,202,900.95,421.81,165.09,527.62,0.79471,-1,-1,-1
354,269,346.33,402.02,165.61,397.83,0.58772,-1,-1,-1
354,273,735.27,485.61,46.97,112.65,0.32355,-1,-1,-1
354,286,101.07,435.19,172.63,347.16,0.82378,-1,-1,-1
354,301,11.98,501.18,57.26,353.05,0.68666,-1,-1,-1
354,180,475.44,449.65,44.98,112.07,0.20129,-1,-1,-1
355,3,1066.82,400.16,198.24,613.97,0.87558,-1,-1,-1
355,202,901.92,421.87,164.83,526.55,0.77204,-1,-1,-1
355,269,345.63,395.16,166.61,402.08,0.56788,-1,-1,-1
355,273,735.37,485.13,46.89,112.92,0.38791,-1,-1,-1
355,286,105.60,437.77,173.28,340.66,0.85832,-1,-1,-1
355,301,21.00,476.40,63.25,376.79,0.71591,-1,-1,-1
355,180,474.63,450.60,44.75,110.36,0.15809,-1,-1,-1
356,3,1066.50,401.11,198.17,613.64,0.86810,-1,-1,-1
356,202,902.32,421.94,163.88,524.79,0.75640,-1,-1,-1
356,269,352.47,399.69,165.16,397.86,0.61557,-1,-1,-1
356,273,736.59,486.27,46.18,112.33,0.40208,-1,-1,-1
356,286,112.46,438.44,172.99,335.14,0.83432,-1,-1,-1
356,301,35.39,456.64,70.88,396.15,0.80151,-1,-1,-1
356,180,474.53,450.82,44.81,109.71,0.19769,-1,-1,-1
356,219,1049.97,435.60,78.75,212.60,0.58291,-1,-1,-1
357,3,1067.96,399.98,199.11,614.91,0.85346,-1,-1,-1
357,202,902.51,421.77,162.84,523.21,0.76522,-1,-1,-1
357,269,366.49,403.29,166.76,395.91,0.68014,-1,-1,-1
357,273,737.04,489.63,44.55,108.90,0.28145,-1,-1,-1
357,286,119.85,437.52,172.39,331.66,0.81224,-1,-1,-1
357,301,47.28,450.01,79.02,406.31,0.84455,-1,-1,-1
357,180,471.88,445.69,47.47,115.42,0.21847,-1,-1,-1
357,219,1048.77,432.22,75.76,212.70,0.29882,-1,-1,-1
358,3,1068.85,400.24,199.51,614.63,0.85223,-1,-1,-1
358,202,902.44,419.87,162.64,524.10,0.78578,-1,-1,-1
358,269,388.65,401.46,167.35,395.74,0.65205,-1,-1,-1
358,273,735.83,485.99,46.22,113.37,0.37776,-1,-1,-1
358,286,127.21,437.36,171.35,330.18,0.81091,-1,-1,-1
358,301,56.94,449.04,87.42,407.08,0.85604,-1,-1,-1
358,180,475.43,444.41,48.21,116.55,0.18154,-1,-1,-1
358,219,1047.57,434.51,72.39,209.75,0.55126,-1,-1,-1
359,3,1069.47,399.50,200.20,615.16,0.85212,-1,-1,-1
359,202,903.92,419.58,161.84,523.88,0.78988,-1,-1,-1
359,269,401.47,405.21,168.14,393.25,0.81210,-1,-1,-1
359,273,735.42,484.15,47.01,115.58,0.38569,-1,-1,-1
359,286,131.99,435.72,171.07,331.46,0.82115,-1,-1,-1
359,301,57.99,444.37,96.56,410.68,0.84508,-1,-1,-1
359,180,478.40,443.59,48.14,115.69,0.23827,-1,-1,-1
359,219,1041.53,430.17,72.21,212.85,0.43741,-1,-1,-1
360,3,1070.19,400.51,200.67,614.32,0.85029,-1,-1,-1
360,202,906.69,419.89,161.32,523.00,0.78989,-1,-1,-1
360,269,409.94,409.19,168.75,388.97,0.80659,-1,-1,-1
360,273,736.48,486.30,46.07,113.63,0.35821,-1,-1,-1
360,286,139.29,435.95,167.90,328.09,0.77728,-1,-1,-1
360,301,57.86,443.60,105.44,410.71,0.87463,-1,-1,-1
360,219,1035.16,430.32,71.83,212.79,0.23716,-1,-1,-1
361,3,1070.89,401.76,201.11,612.96,0.85387,-1,-1,-1
361,202,908.12,419.36,160.42,520.56,0.79933,-1,-1,-1
361,269,412.90,406.67,172.88,391.39,0.84318,-1,-1,-1
361,273,735.92,484.48,46.60,115.17,0.29562,-1,-1,-1
361,286,151.73,435.42,164.16,327.96,0.75205,-1,-1,-1
361,301,56.21,441.65,114.66,411.65,0.87653,-1,-1,-1
362,3,1071.70,402.16,201.79,612.70,0.86019,-1,-1,-1
362,202,909.50,417.47,160.32,519.92,0.80606,-1,-1,-1
362,269,412.71,406.61,176.08,392.02,0.84757,-1,-1,-1
362,273,734.14,484.05,46.77,114.94,0.27241,-1,-1,-1
362,286,158.17,438.47,159.25,325.60,0.67252,-1,-1,-1
362,301,55.85,442.25,124.32,412.17,0.85402,-1,-1,-1
362,219,1029.17,431.63,69.63,210.91,0.29879,-1,-1,-1
363,3,1071.59,401.84,202.51,612.86,0.85366,-1,-1,-1
363,202,913.26,418.88,159.82,517.54,0.80190,-1,-1,-1
363,269,410.96,409.88,177.86,388.39,0.83932,-1,-1,-1
363,273,733.17,482.78,47.22,115.84,0.38775,-1,-1,-1
363,286,163.96,438.16,155.54,326.87,0.75348,-1,-1,-1
363,301,52.39,443.56,132.62,409.92,0.84410,-1,-1,-1
363,279,1538.52,426.10,45.98,118.55,0.35113,-1,-1,-1
364,3,1071.90,401.57,203.41,613.15,0.85410,-1,-1,-1
364,202,914.62,414.61,160.55,520.13,0.82703,-1,-1,-1
364,269,410.53,413.89,178.89,384.53,0.85034,-1,-1,-1
364,273,733.08,482.78,47.40,116.08,0.43327,-1,-1,-1
364,286,173.52,441.19,148.86,323.20,0.73251,-1,-1,-1
364,301,47.80,439.85,141.21,410.94,0.85340,-1,-1,-1
364,279,1541.05,426.14,44.95,118.50,0.35388,-1,-1,-1
365,3,1071.64,402.47,203.65,611.82,0.85227,-1,-1,-1
365,202,916.23,413.13,160.75,521.13,0.81903,-1,-1,-1
365,269,408.62,413.16,181.47,384.80,0.85738,-1,-1,-1
365,273,733.26,481.75,47.98,117.62,0.42553,-1,-1,-1
365,286,181.38,438.70,145.62,325.91,0.74158,-1,-1,-1
365,301,45.81,439.79,149.54,411.87,0.86035,-1,-1,-1
365,279,1544.10,424.38,42.35,113.83,0.16922,-1,-1,-1
366,3,1070.76,400.54,204.84,614.19,0.84725,-1,-1,-1
366,202,918.41,412.12,161.07,522.64,0.82897,-1,-1,-1
366,269,408.93,411.94,182.50,382.47,0.82168,-1,-1,-1
366,273,732.80,481.97,47.60,116.99,0.40957,-1,-1,-1
366,286,188.95,436.37,142.49,327.90,0.77501,-1,-1,-1
366,301,43.96,440.46,156.11,409.31,0.85903,-1,-1,-1
366,279,1545.03,425.35,41.60,113.26,0.15786,-1,-1,-1
367,3,1071.65,400.97,205.50,613.99,0.82169,-1,-1,-1
367,202,920.41,410.71,161.17,524.47,0.82511,-1,-1,-1
367,269,407.16,406.97,184.73,385.09,0.84189,-1,-1,-1
367,273,731.83,481.57,47.57,117.20,0.45594,-1,-1,-1
367,286,201.17,436.38,139.12,327.59,0.75679,-1,-1,-1
367,301,52.31,440.26,157.53,400.20,0.78607,-1,-1,-1
367,291,663.22,490.34,53.32,116.27,0.26538,-1,-1,-1
368,3,1073.52,399.45,207.36,615.56,0.78782,-1,-1,-1
368,202,922.25,409.70,160.86,525.32,0.81962,-1,-1,-1
368,269,405.52,398.72,187.49,390.51,0.84634,-1,-1,-1
368,273,731.32,481.67,47.47,116.91,0.46640,-1,-1,-1
368,286,216.54,437.63,137.30,326.83,0.73617,-1,-1,-1
368,301,62.56,436.41,157.24,394.48,0.78318,-1,-1,-1
368,291,663.05,491.68,53.07,115.42,0.20408,-1,-1,-1
369,3,1075.56,400.08,208.72,615.00,0.74639,-1,-1,-1
369,202,924.42,413.44,158.94,519.97,0.82213,-1,-1,-1
369,269,407.08,396.52,187.69,392.16,0.85336,-1,-1,-1
369,273,731.45,482.20,47.28,116.32,0.41915,-1,-1,-1
369,286,230.94,435.25,138.35,329.06,0.81053,-1,-1,-1
369,301,78.34,433.04,155.71,393.18,0.76994,-1,-1,-1
370,3,1074.43,398.05,210.36,616.91,0.79557,-1,-1,-1
370,202,927.88,415.53,158.75,519.81,0.80151,-1,-1,-1
370,269,411.89,404.21,183.77,385.47,0.83482,-1,-1,-1
370,273,730.85,481.11,47.67,117.38,0.40115,-1,-1,-1
370,286,244.00,434.68,140.79,331.52,0.83023,-1,-1,-1
370,301,95.93,434.04,150.97,388.55,0.81058,-1,-1,-1
371,3,1071.94,397.92,210.40,616.73,0.71799,-1,-1,-1
371,202,931.03,415.59,158.63,520.57,0.79656,-1,-1,-1
371,269,419.43,402.17,182.41,386.80,0.83186,-1,-1,-1
371,273,730.33,481.27,47.94,117.89,0.38547,-1,-1,-1
371,286,252.42,432.92,142.99,330.96,0.83928,-1,-1,-1
371,301,114.88,438.19,145.92,382.17,0.79825,-1,-1,-1
372,3,1072.80,397.43,210.95,616.76,0.81920,-1,-1,-1
372,202,933.65,415.60,158.28,520.67,0.79600,-1,-1,-1
372,269,431.50,418.11,170.06,363.91,0.79757,-1,-1,-1
372,273,730.41,481.95,47.40,116.80,0.37254,-1,-1,-1
372,286,256.33,434.56,144.43,327.58,0.81810,-1,-1,-1
372,301,125.25,437.54,143.75,382.25,0.75998,-1,-1,-1
372,317,0.00,505.81,46.86,301.87,0.50132,-1,-1,-1
373,3,1073.88,397.20,211.88,617.21,0.83876,-1,-1,-1
373,202,936.10,416.22,158.01,521.00,0.79486,-1,-1,-1
373,269,444.10,406.09,170.11,370.67,0.80004,-1,-1,-1
373,273,731.48,482.50,46.84,115.26,0.39411,-1,-1,-1
373,286,262.88,435.42,143.70,321.58,0.80368,-1,-1,-1
373,301,143.03,435.01,144.51,383.49,0.80910,-1,-1,-1
373,317,0.00,494.00,48.23,314.09,0.62800,-1,-1,-1
374,3,1074.38,397.78,212.26,616.55,0.81013,-1,-1,-1
374,202,940.01,416.76,157.04,519.86,0.78836,-1,-1,-1
374,269,456.43,402.34,166.97,370.32,0.77289,-1,-1,-1
374,273,732.18,480.67,47.67,117.43,0.39587,-1,-1,-1
374,286,273.50,440.45,139.08,307.29,0.77920,-1,-1,-1
374,301,155.10,431.83,145.47,385.42,0.72667,-1,-1,-1
374,317,0.00,490.79,50.62,317.74,0.70276,-1,-1,-1
375,3,1074.81,399.29,212.34,614.52,0.79518,-1,-1,-1
375,202,940.53,414.21,157.01,521.15,0.77553,-1,-1,-1
375,269,470.02,406.69,162.31,364.37,0.71298,-1,-1,-1
375,273,732.74,480.15,48.02,118.47,0.38441,-1,-1,-1
375,286,282.48,449.22,135.47,297.80,0.74316,-1,-1,-1
375,301,169.80,432.93,147.95,383.50,0.81685,-1,-1,-1
375,317,2.96,486.20,52.43,325.46,0.65919,-1,-1,-1
376,3,1075.51,399.61,212.97,613.62,0.80891,-1,-1,-1
376,202,941.44,416.75,156.24,521.17,0.77395,-1,-1,-1
376,269,478.38,404.49,160.28,364.05,0.69414,-1,-1,-1
376,273,731.46,479.28,48.57,119.74,0.32155,-1,-1,-1
376,286,281.60,439.75,140.30,307.58,0.74268,-1,-1,-1
376,301,177.12,436.03,151.30,379.95,0.76832,-1,-1,-1
376,317,7.96,480.55,54.32,331.68,0.78050,-1,-1,-1
377,3,1076.34,400.47,214.22,613.79,0.81263,-1,-1,-1
377,202,944.33,417.34,155.95,521.14,0.79690,-1,-1,-1
377,269,482.12,400.70,160.16,367.34,0.73596,-1,-1,-1
377,273,731.27,480.81,48.10,118.70,0.32875,-1,-1,-1
377,286,286.14,441.45,139.95,306.11,0.70615,-1,-1,-1
377,301,182.01,439.07,156.07,377.23,0.79775,-1,-1,-1
377,317,17.99,451.69,61.05,358.50,0.77900,-1,-1,-1
378,3,1075.58,399.31,215.50,615.49,0.77527,-1,-1,-1
378,202,946.02,413.33,156.51,522.74,0.78035,-1,-1,-1
378,269,487.63,396.47,161.33,373.10,0.78822,-1,-1,-1
378,273,731.41,482.03,46.98,116.04,0.34632,-1,-1,-1
378,286,290.41,440.71,140.36,309.16,0.67565,-1,-1,-1
378,301,183.69,440.10,161.08,376.28,0.81985,-1,-1,-1
378,317,30.72,436.72,68.04,373.18,0.82899,-1,-1,-1
379,3,1074.09,397.30,216.49,617.01,0.83084,-1,-1,-1
379,202,946.24,411.31,156.85,523.78,0.81455,-1,-1,-1
379,269,498.41,396.75,161.76,373.68,0.79341,-1,-1,-1
379,273,731.08,482.01,46.79,116.10,0.38980,-1,-1,-1
379,286,300.12,439.50,137.62,309.39,0.68421,-1,-1,-1
379,301,183.30,441.35,165.67,374.85,0.82484,-1,-1,-1
379,317,33.62,431.05,73.41,377.31,0.82120,-1,-1,-1
380,3,1073.55,395.64,217.29,618.49,0.82562,-1,-1,-1
380,202,947.46,407.67,157.85,526.41,0.81128,-1,-1,-1
380,269,506.51,398.66,161.57,371.98,0.63955,-1,-1,-1
380,273,729.95,480.62,46.71,116.82,0.35888,-1,-1,-1
380,286,307.13,444.52,132.65,306.49,0.63540,-1,-1,-1
380,301,185.49,443.06,169.69,371.67,0.83755,-1,-1,-1
380,317,40.01,428.48,79.96,378.75,0.77523,-1,-1,-1
381,3,1072.02,393.98,217.67,620.38,0.79916,-1,-1,-1
381,202,950.82,411.31,157.46,525.51,0.76985,-1,-1,-1
381,269,512.15,405.66,157.26,365.41,0.58697,-1,-1,-1
381,273,730.19,479.72,47.46,118.69,0.30836,-1,-1,-1
381,286,309.28,442.32,130.58,309.71,0.70583,-1,-1,-1
381,301,183.97,444.18,173.31,367.27,0.86090,-1,-1,-1
381,317,43.85,434.18,85.79,372.57,0.75255,-1,-1,-1
382,3,1074.58,396.83,217.26,617.83,0.81426,-1,-1,-1
382,202,953.08,414.53,156.48,520.88,0.75236,-1,-1,-1
382,269,525.30,405.72,154.77,364.23,0.60565,-1,-1,-1
382,273,730.79,479.25,48.30,120.46,0.35734,-1,-1,-1
382,286,319.04,442.17,126.45,307.44,0.68806,-1,-1,-1
382,301,184.78,442.90,177.20,367.38,0.82954,-1,-1,-1
382,317,44.23,435.93,92.47,369.98,0.80465,-1,-1,-1
382,323,692.70,471.45,41.41,118.40,0.32748,-1,-1,-1
383,3,1074.90,397.30,217.48,617.58,0.82863,-1,-1,-1
383,202,954.20,416.39,156.64,521.61,0.69595,-1,-1,-1
383,269,528.84,411.44,152.78,358.52,0.69173,-1,-1,-1
383,273,731.26,477.88,49.21,121.99,0.36728,-1,-1,-1
383,286,332.35,443.87,121.87,301.88,0.55619,-1,-1,-1
383,301,193.27,442.37,178.38,367.05,0.79358,-1,-1,-1
383,317,45.77,436.17,100.25,369.04,0.85817,-1,-1,-1
383,323,691.37,465.37,43.46,124.23,0.34201,-1,-1,-1
384,3,1075.05,397.11,217.81,617.86,0.83276,-1,-1,-1
384,202,954.34,416.55,156.48,522.74,0.71065,-1,-1,-1
384,269,531.61,408.59,154.14,361.26,0.75070,-1,-1,-1
384,273,730.31,475.85,50.33,124.88,0.45264,-1,-1,-1
384,286,349.63,453.11,115.14,290.98,0.60480,-1,-1,-1
384,301,198.67,437.30,180.63,371.80,0.79399,-1,-1,-1
384,317,45.89,433.13,109.36,372.95,0.87569,-1,-1,-1
384,323,689.32,465.61,44.10,125.72,0.35563,-1,-1,-1
385,3,1074.83,397.13,217.90,617.89,0.78744,-1,-1,-1
385,202,955.25,416.53,156.04,523.71,0.71992,-1,-1,-1
385,269,535.55,408.24,154.32,361.77,0.78756,-1,-1,-1
385,273,729.75,473.14,51.29,127.82,0.54745,-1,-1,-1
385,286,354.92,443.59,116.59,299.80,0.70598,-1,-1,-1
385,301,207.91,434.16,178.38,369.82,0.80611,-1,-1,-1
385,317,46.96,434.42,117.76,371.91,0.86289,-1,-1,-1
385,323,688.27,467.32,44.65,126.98,0.38407,-1,-1,-1
386,3,1075.10,397.34,218.02,617.36,0.70569,-1,-1,-1
386,202,957.12,415.02,156.07,526.40,0.74168,-1,-1,-1
386,269,539.90,406.45,154.75,363.09,0.83307,-1,-1,-1
386,273,729.52,470.98,51.70,129.71,0.52941,-1,-1,-1
386,286,364.92,439.79,118.42,304.76,0.70751,-1,-1,-1
386,301,219.24,435.12,173.46,365.99,0.79236,-1,-1,-1
386,317,43.66,432.96,126.44,374.61,0.83588,-1,-1,-1
386,323,689.23,468.07,44.50,126.79,0.34487,-1,-1,-1
387,3,1074.86,397.55,218.09,616.83,0.77560,-1,-1,-1
387,202,957.22,416.35,154.85,524.49,0.72247,-1,-1,-1
387,269,542.01,407.12,153.45,360.73,0.84573,-1,-1,-1
387,273,729.75,470.78,51.44,129.82,0.53057,-1,-1,-1
387,286,376.10,438.63,122.16,307.55,0.80585,-1,-1,-1
387,301,232.76,431.49,168.93,367.39,0.57609,-1,-1,-1
387,317,40.87,432.69,133.12,373.51,0.83662,-1,-1,-1
387,323,691.06,472.53,42.14,119.80,0.31126,-1,-1,-1
388,3,1072.60,397.17,221.96,617.87,0.73707,-1,-1,-1
388,202,956.91,417.45,153.49,523.13,0.72158,-1,-1,-1
388,269,544.50,405.91,152.05,358.75,0.82517,-1,-1,-1
388,273,728.95,469.13,52.23,132.89,0.49667,-1,-1,-1
388,286,383.24,439.79,125.85,307.97,0.78921,-1,-1,-1
388,301,247.28,433.07,160.93,363.77,0.67539,-1,-1,-1
388,317,42.18,431.90,138.11,372.36,0.80720,-1,-1,-1
388,323,691.57,473.25,42.30,120.29,0.34996,-1,-1,-1
389,3,1086.26,397.38,230.49,617.58,0.72694,-1,-1,-1
389,202,957.11,418.03,151.82,522.37,0.70181,-1,-1,-1
389,269,547.17,407.89,150.20,355.56,0.80654,-1,-1,-1
389,273,729.23,471.06,51.28,131.01,0.50315,-1,-1,-1
389,286,385.97,441.13,129.05,304.44,0.80175,-1,-1,-1
389,301,257.32,429.47,157.16,368.58,0.67923,-1,-1,-1
389,317,45.12,425.12,143.01,375.00,0.78731,-1,-1,-1
389,323,691.92,475.06,41.26,117.36,0.33535,-1,-1,-1
390,3,1090.60,397.20,238.19,618.39,0.77491,-1,-1,-1
390,202,958.32,418.07,150.39,523.27,0.67508,-1,-1,-1
390,269,551.45,409.41,147.97,352.41,0.80085,-1,-1,-1
390,273,729.32,472.91,51.07,130.61,0.48709,-1,-1,-1
390,286,389.28,440.99,132.71,303.23,0.81423,-1,-1,-1
390,301,264.07,433.48,151.66,364.59,0.52682,-1,-1,-1
390,317,51.28,426.73,144.75,371.29,0.79472,-1,-1,-1
390,323,691.06,477.60,39.91,113.38,0.29888,-1,-1,-1
390,331,921.30,437.65,64.73,151.82,0.40208,-1,-1,-1
391,3,1088.52,397.08,245.60,618.47,0.77817,-1,-1,-1
391,202,961.69,416.89,149.09,527.61,0.65868,-1,-1,-1
391,269,555.25,411.54,146.32,351.79,0.80214,-1,-1,-1
391,273,728.55,471.56,51.55,131.93,0.44383,-1,-1,-1
391,286,393.58,441.11,134.53,300.22,0.78481,-1,-1,-1
391,301,278.14,436.98,146.00,361.80,0.53301,-1,-1,-1
391,317,54.91,427.95,146.54,369.79,0.76030,-1,-1,-1
391,323,690.97,478.07,39.35,111.32,0.32890,-1,-1,-1
391,331,919.06,435.53,65.61,153.80,0.37321,-1,-1,-1
392,3,1083.91,397.82,251.73,618.22,0.78511,-1,-1,-1
392,202,966.76,412.94,146.62,527.97,0.64998,-1,-1,-1
392,269,559.69,409.01,146.00,356.25,0.78703,-1,-1,-1
392,273,727.78,468.71,52.38,134.22,0.44715,-1,-1,-1
392,286,399.74,439.73,135.53,299.08,0.72486,-1,-1,-1
392,301,294.49,437.51,144.00,361.80,0.65726,-1,-1,-1
392,317,61.76,431.59,145.86,364.33,0.76364,-1,-1,-1
392,323,688.16,472.38,42.00,118.59,0.25441,-1,-1,-1
392,331,920.19,434.74,66.24,156.01,0.56446,-1,-1,-1
393,3,1079.16,398.25,257.68,618.26,0.81369,-1,-1,-1
393,202,963.88,416.89,144.90,525.42,0.65030,-1,-1,-1
393,269,567.26,413.15,139.17,344.23,0.79135,-1,-1,-1
393,273,727.63,467.48,52.66,135.00,0.53064,-1,-1,-1
393,286,405.09,439.71,135.23,296.92,0.72769,-1,-1,-1
393,301,309.54,440.17,143.86,359.45,0.79108,-1,-1,-1
393,317,76.71,429.46,145.14,365.78,0.63334,-1,-1,-1
393,323,685.77,471.32,42.58,120.02,0.30795,-1,-1,-1
393,331,918.21,436.78,68.43,162.45,0.64983,-1,-1,-1
394,3,1067.19,398.15,258.26,617.52,0.67691,-1,-1,-1
394,202,969.14,413.70,142.22,525.68,0.62992,-1,-1,-1
394,269,572.36,412.46,135.57,341.05,0.76092,-1,-1,-1
394,273,727.48,473.39,50.98,129.86,0.59771,-1,-1,-1
394,286,412.74,442.72,133.26,292.75,0.72909,-1,-1,-1
394,301,316.09,443.16,144.04,357.26,0.72428,-1,-1,-1
394,317,77.01,428.74,147.44,366.89,0.75781,-1,-1,-1
394,323,686.57,478.59,40.72,114.57,0.18857,-1,-1,-1
394,331,915.96,438.02,68.99,165.21,0.63901,-1,-1,-1
395,3,1061.45,397.12,259.06,618.39,0.70031,-1,-1,-1
395,202,972.71,413.12,139.09,524.61,0.65790,-1,-1,-1
395,269,577.88,413.50,131.68,336.48,0.76694,-1,-1,-1
395,273,725.52,471.09,52.74,134.26,0.61252,-1,-1,-1
395,286,418.40,441.21,132.58,293.94,0.73984,-1,-1,-1
395,301,319.45,443.98,145.46,357.01,0.74750,-1,-1,-1
395,317,79.70,430.14,148.80,365.99,0.77892,-1,-1,-1
395,331,913.77,439.31,67.93,164.35,0.59628,-1,-1,-1
396,3,1071.49,398.44,263.03,618.02,0.76184,-1,-1,-1
396,202,974.45,412.44,136.30,524.40,0.62166,-1,-1,-1
396,269,585.51,423.07,125.19,322.27,0.75599,-1,-1,-1
396,273,722.77,466.12,56.03,142.66,0.57937,-1,-1,-1
396,286,426.73,443.30,128.44,289.19,0.65662,-1,-1,-1
396,301,323.50,442.94,148.20,356.41,0.75998,-1,-1,-1
396,317,99.36,441.31,142.65,353.93,0.58479,-1,-1,-1
396,331,911.21,441.71,68.48,167.78,0.67678,-1,-1,-1
397,3,1060.33,398.55,261.36,618.66,0.79059,-1,-1,-1
397,202,975.15,413.24,134.17,524.44,0.67737,-1,-1,-1
397,269,590.00,419.52,125.02,324.98,0.74886,-1,-1,-1
397,273,720.95,464.33,57.07,145.01,0.57678,-1,-1,-1
397,286,439.26,466.01,115.46,264.22,0.57374,-1,-1,-1
397,301,322.47,434.51,153.41,364.07,0.76332,-1,-1,-1
397,317,117.33,436.39,142.29,359.90,0.62188,-1,-1,-1
397,331,909.49,442.64,67.71,167.79,0.64008,-1,-1,-1
398,3,1057.32,399.05,259.46,619.08,0.83792,-1,-1,-1
398,202,970.40,415.12,133.80,524.66,0.63533,-1,-1,-1
398,269,596.74,423.18,122.73,319.59,0.75596,-1,-1,-1
398,273,719.86,461.75,57.93,147.53,0.54366,-1,-1,-1
398,286,436.52,443.87,122.73,287.20,0.73306,-1,-1,-1
398,301,325.62,436.56,154.56,360.16,0.82037,-1,-1,-1
398,317,128.58,436.21,140.92,360.04,0.74947,-1,-1,-1
398,331,910.64,444.04,65.53,164.04,0.48577,-1,-1,-1
399,3,1057.49,400.28,257.13,617.91,0.83733,-1,-1,-1
399,202,968.45,415.37,133.81,525.08,0.66160,-1,-1,-1
399,269,605.99,427.59,120.77,312.69,0.78830,-1,-1,-1
399,273,719.15,463.24,57.14,146.00,0.53668,-1,-1,-1
399,286,446.52,442.09,119.57,289.41,0.62781,-1,-1,-1
399,301,326.58,437.77,155.88,358.95,0.83084,-1,-1,-1
399,317,140.89,433.51,143.65,361.55,0.76426,-1,-1,-1
399,331,908.58,439.01,67.71,171.68,0.58312,-1,-1,-1
400,3,1058.53,400.37,255.32,618.39,0.85284,-1,-1,-1
400,202,967.29,414.19,133.92,526.60,0.65666,-1,-1,-1
400,269,611.48,423.84,123.37,316.26,0.77961,-1,-1,-1
400,273,717.17,467.99,54.60,140.30,0.47802,-1,-1,-1
400,286,454.06,439.71,116.30,290.20,0.73068,-1,-1,-1
400,301,325.58,435.74,158.23,360.10,0.84289,-1,-1,-1
400,317,151.76,433.03,146.85,360.96,0.78049,-1,-1,-1
400,331,906.28,438.59,66.64,171.09,0.56578,-1,-1,-1
401,3,1059.73,399.82,253.72,619.28,0.84633,-1,-1,-1
401,202,972.79,411.54,131.90,527.06,0.63691,-1,-1,-1
401,269,619.05,423.93,125.78,315.76,0.77224,-1,-1,-1
401,273,714.27,465.88,56.25,145.58,0.42603,-1,-1,-1
401,286,464.23,443.50,112.12,287.64,0.72114,-1,-1,-1
401,301,329.17,436.59,157.83,356.73,0.81508,-1,-1,-1
401,317,153.88,433.11,149.55,361.00,0.81388,-1,-1,-1
401,331,906.03,438.18,65.17,168.07,0.57688,-1,-1,-1
402,3,1060.96,399.43,251.76,619.94,0.83704,-1,-1,-1
402,202,975.58,410.78,129.97,527.24,0.62577,-1,-1,-1
402,269,626.00,417.11,130.81,322.69,0.80229,-1,-1,-1
402,273,714.02,463.51,56.63,147.24,0.49281,-1,-1,-1
402,286,473.60,449.20,107.52,280.03,0.72246,-1,-1,-1
402,301,337.24,442.45,154.19,348.71,0.82659,-1,-1,-1
402,317,155.78,435.42,150.54,357.58,0.80985,-1,-1,-1
402,331,904.76,438.26,66.38,170.40,0.52962,-1,-1,-1
403,3,1063.41,399.65,249.23,619.57,0.83740,-1,-1,-1
403,202,970.14,415.16,130.00,524.86,0.61798,-1,-1,-1
403,269,630.35,411.11,136.21,330.21,0.83609,-1,-1,-1
403,273,714.41,464.36,56.04,146.21,0.46652,-1,-1,-1
403,286,482.62,445.86,107.99,283.24,0.60484,-1,-1,-1
403,301,346.65,448.71,148.17,335.76,0.74676,-1,-1,-1
403,317,159.18,438.76,152.82,354.23,0.80396,-1,-1,-1
403,331,904.97,441.00,66.90,169.41,0.36119,-1,-1,-1
404,3,1065.50,399.80,247.28,620.31,0.82926,-1,-1,-1
404,202,967.24,416.86,130.50,524.73,0.66909,-1,-1,-1
404,269,635.49,407.94,140.52,334.66,0.80248,-1,-1,-1
404,273,713.52,463.22,56.27,148.04,0.44987,-1,-1,-1
404,286,493.34,441.08,110.81,286.54,0.64080,-1,-1,-1
404,301,352.98,443.78,148.54,339.71,0.72125,-1,-1,-1
404,317,164.46,438.62,154.55,351.58,0.82725,-1,-1,-1
404,331,896.30,446.73,63.80,164.17,0.52579,-1,-1,-1
405,3,1063.56,400.32,243.30,619.16,0.83277,-1,-1,-1
405,202,966.08,416.60,131.08,525.26,0.68568,-1,-1,-1
405,269,640.48,414.29,141.11,329.35,0.78772,-1,-1,-1
405,273,714.45,466.88,54.77,144.93,0.37597,-1,-1,-1
405,286,501.72,444.18,111.36,283.50,0.67901,-1,-1,-1
405,301,364.47,438.06,145.04,340.09,0.70160,-1,-1,-1
405,317,165.89,437.06,156.23,351.13,0.81802,-1,-1,-1
405,331,892.33,452.51,60.74,158.28,0.40542,-1,-1,-1
406,3,1061.71,399.30,240.53,620.60,0.83260,-1,-1,-1
406,202,964.37,416.06,131.80,525.74,0.69701,-1,-1,-1
406,269,645.14,420.73,140.95,322.59,0.79322,-1,-1,-1
406,273,715.43,466.72,54.28,145.73,0.22494,-1,-1,-1
406,286,506.13,447.70,111.13,279.58,0.67490,-1,-1,-1
406,301,377.00,434.80,139.79,337.93,0.70595,-1,-1,-1
406,317,166.99,436.05,157.86,352.40,0.80776,-1,-1,-1
406,331,890.15,454.75,58.83,154.37,0.36442,-1,-1,-1
407,3,1059.80,397.10,237.48,622.16,0.83459,-1,-1,-1
407,202,962.10,417.65,132.12,523.76,0.72544,-1,-1,-1
407,269,645.54,416.55,144.44,327.10,0.85444,-1,-1,-1
407,286,506.48,446.33,115.34,283.98,0.70834,-1,-1,-1
407,301,389.33,434.52,134.46,335.86,0.67322,-1,-1,-1
407,317,174.01,433.61,158.98,355.17,0.80252,-1,-1,-1
407,331,887.67,458.12,57.28,150.43,0.31390,-1,-1,-1
408,3,1057.79,397.63,234.27,622.37,0.83849,-1,-1,-1
408,202,962.16,417.39,132.67,523.74,0.71013,-1,-1,-1
408,269,648.21,418.69,145.02,325.75,0.84674,-1,-1,-1
408,286,510.38,440.70,119.51,289.27,0.75269,-1,-1,-1
408,301,393.10,433.72,131.83,336.16,0.61835,-1,-1,-1
408,317,183.22,433.41,156.62,352.07,0.79563,-1,-1,-1
408,331,881.30,455.93,59.02,153.93,0.49911,-1,-1,-1
409,3,1057.97,398.87,230.30,620.50,0.83962,-1,-1,-1
409,202,962.52,417.07,133.35,523.49,0.70418,-1,-1,-1
409,269,649.25,418.04,146.24,326.38,0.83146,-1,-1,-1
409,286,509.92,436.83,123.27,293.31,0.75312,-1,-1,-1
409,301,394.21,437.17,129.72,331.84,0.61527,-1,-1,-1
409,317,195.93,435.78,149.26,339.10,0.72314,-1,-1,-1
409,331,876.27,448.07,62.47,162.66,0.61383,-1,-1,-1
409,349,1242.31,446.07,34.40,95.32,0.36957,-1,-1,-1
410,3,1056.15,398.20,226.68,620.95,0.84588,-1,-1,-1
410,202,962.31,418.93,133.26,521.07,0.70936,-1,-1,-1
410,269,649.22,412.78,149.17,331.77,0.81968,-1,-1,-1
410,286,517.20,438.88,120.67,285.15,0.73136,-1,-1,-1
410,301,410.67,438.59,128.09,331.10,0.58116,-1,-1,-1
410,317,210.90,435.44,145.31,336.64,0.66010,-1,-1,-1
410,331,874.26,446.48,63.05,164.74,0.57012,-1,-1,-1
410,349,1241.64,444.95,34.38,95.36,0.31161,-1,-1,-1
410,351,925.83,448.41,55.10,162.22,0.38853,-1,-1,-1
411,3,1054.05,398.22,222.67,620.78,0.84661,-1,-1,-1
411,202,961.82,420.89,133.38,518.56,0.71804,-1,-1,-1
411,269,650.13,416.61,147.51,325.99,0.82679,-1,-1,-1
411,286,522.56,440.50,119.42,282.82,0.69343,-1,-1,-1
411,301,425.32,436.58,129.18,330.93,0.66933,-1,-1,-1
411,317,228.25,428.32,142.75,341.35,0.54651,-1,-1,-1
411,331,873.25,442.67,64.24,168.67,0.54109,-1,-1,-1
411,349,1241.57,444.54,32.44,89.72,0.30144,-1,-1,-1
411,351,925.55,447.53,55.20,162.38,0.29133,-1,-1,-1
412,3,1054.53,399.71,218.65,618.75,0.84327,-1,-1,-1
412,202,963.20,421.72,133.49,518.20,0.68608,-1,-1,-1
412,269,647.86,406.97,152.13,335.96,0.82704,-1,-1,-1
412,286,527.36,437.91,119.00,283.41,0.73884,-1,-1,-1
412,301,428.72,436.18,131.79,331.16,0.66182,-1,-1,-1
412,317,243.30,426.89,139.04,342.53,0.71380,-1,-1,-1
412,331,871.73,441.65,63.27,167.71,0.51636,-1,-1,-1
412,349,1240.87,445.62,31.23,86.16,0.30833,-1,-1,-1
412,351,927.47,449.30,52.61,154.13,0.17365,-1,-1,-1
413,3,1055.95,401.34,215.16,617.27,0.85172,-1,-1,-1
413,202,962.32,421.71,134.26,518.22,0.73573,-1,-1,-1
413,269,649.40,408.38,151.10,333.11,0.80400,-1,-1,-1
413,286,539.91,436.58,116.59,283.13,0.61715,-1,-1,-1
413,301,442.41,435.10,134.14,331.23,0.71188,-1,-1,-1
413,317,253.19,426.16,136.80,344.31,0.72570,-1,-1,-1
413,331,871.45,440.40,62.44,167.74,0.49036,-1,-1,-1
413,349,1239.65,445.45,31.21,86.20,0.18115,-1,-1,-1
413,351,925.91,448.97,46.59,136.45,0.21123,-1,-1,-1
414,3,1054.96,404.07,212.24,614.92,0.86092,-1,-1,-1
414,202,963.18,421.61,134.13,516.82,0.69452,-1,-1,-1
414,269,654.33,419.93,145.75,320.85,0.80208,-1,-1,-1
414,286,548.79,437.44,114.07,282.34,0.65460,-1,-1,-1
414,301,448.36,436.93,135.79,329.02,0.74221,-1,-1,-1
414,317,260.19,424.65,135.51,346.88,0.69763,-1,-1,-1
414,331,868.32,440.15,61.65,167.98,0.59505,-1,-1,-1
414,349,1238.70,447.09,30.76,84.72,0.15409,-1,-1,-1
414,351,923.88,447.59,46.08,135.21,0.18968,-1,-1,-1
415,3,1055.05,407.54,209.52,611.72,0.85784,-1,-1,-1
415,202,963.23,419.97,134.21,518.49,0.71328,-1,-1,-1
415,269,657.68,424.53,143.62,316.45,0.80651,-1,-1,-1
415,286,551.82,434.38,113.41,286.57,0.60334,-1,-1,-1
415,301,448.56,438.53,137.86,327.53,0.76497,-1,-1,-1
415,317,271.08,430.99,132.05,340.57,0.66726,-1,-1,-1
415,331,866.81,440.85,60.30,167.23,0.70841,-1,-1,-1
416,3,1055.33,410.90,207.55,608.72,0.86347,-1,-1,-1
416,202,963.07,419.32,134.04,519.20,0.70558,-1,-1,-1
416,269,664.59,430.54,139.13,308.15,0.79475,-1,-1,-1
416,286,558.85,433.86,110.77,286.46,0.73298,-1,-1,-1
416,301,447.42,440.93,139.39,325.45,0.81128,-1,-1,-1
416,317,280.74,435.59,128.55,334.80,0.73082,-1,-1,-1
416,331,865.56,440.40,59.27,166.49,0.61499,-1,-1,-1
417,3,1056.50,409.51,207.29,610.84,0.85313,-1,-1,-1
417,202,965.71,417.41,133.13,518.36,0.66890,-1,-1,-1
417,269,669.64,424.66,138.42,310.44,0.80346,-1,-1,-1
417,286,563.59,435.59,109.07,283.85,0.67535,-1,-1,-1
417,301,448.56,449.72,138.53,316.99,0.79155,-1,-1,-1
417,317,289.48,438.01,127.87,330.72,0.59655,-1,-1,-1
417,331,864.20,439.10,58.67,167.12,0.63135,-1,-1,-1
418,3,1055.68,405.85,207.85,614.63,0.85711,-1,-1,-1
418,202,965.51,418.05,132.74,519.49,0.67317,-1,-1,-1
418,269,673.06,413.70,139.82,318.44,0.78544,-1,-1,-1
418,286,575.33,436.10,107.13,282.43,0.71515,-1,-1,-1
418,301,446.65,446.39,140.90,319.45,0.80775,-1,-1,-1
418,317,295.95,436.00,130.60,332.59,0.68467,-1,-1,-1
418,331,863.29,439.61,57.15,165.32,0.52105,-1,-1,-1
419,3,1055.62,407.61,207.29,612.84,0.84890,-1,-1,-1
419,202,967.12,419.50,131.53,517.15,0.68392,-1,-1,-1
419,269,678.27,407.14,140.13,324.03,0.80050,-1,-1,-1
419,286,581.79,436.97,104.84,280.38,0.71667,-1,-1,-1
419,301,448.25,439.42,144.49,324.59,0.80214,-1,-1,-1
419,317,302.47,438.16,132.96,330.71,0.75833,-1,-1,-1
419,331,860.88,440.62,55.68,164.17,0.54561,-1,-1,-1
420,3,1056.56,409.21,207.81,611.54,0.83920,-1,-1,-1
420,202,966.82,415.50,131.76,521.76,0.59148,-1,-1,-1
420,269,684.44,407.30,137.51,323.09,0.78008,-1,-1,-1
420,286,583.86,436.92,103.74,278.20,0.71421,-1,-1,-1
420,301,451.27,435.76,145.89,327.37,0.76931,-1,-1,-1
420,317,306.63,442.09,134.46,326.86,0.78204,-1,-1,-1
420,331,857.72,443.38,54.21,162.17,0.25817,-1,-1,-1
421,3,1054.68,409.22,208.67,611.58,0.82375,-1,-1,-1
421,202,965.46,412.21,131.86,525.46,0.59629,-1,-1,-1
421,269,688.08,418.54,130.78,311.93,0.71003,-1,-1,-1
421,286,591.49,438.98,104.45,277.19,0.73012,-1,-1,-1
421,301,450.58,434.31,146.04,326.93,0.74215,-1,-1,-1
421,317,306.51,439.59,138.39,328.90,0.77805,-1,-1,-1
421,331,854.67,437.20,55.48,168.30,0.49910,-1,-1,-1
422,3,1050.28,407.13,210.11,614.30,0.81801,-1,-1,-1
422,202,965.40,412.55,131.13,525.14,0.51932,-1,-1,-1
422,269,694.65,431.62,122.93,296.17,0.64767,-1,-1,-1
422,286,599.99,440.50,105.31,276.27,0.71478,-1,-1,-1
422,301,455.34,435.12,143.79,325.66,0.69728,-1,-1,-1
422,317,312.62,439.61,142.83,327.65,0.82347,-1,-1,-1
422,331,856.44,439.71,52.56,160.82,0.47298,-1,-1,-1
422,360,1157.90,410.96,164.57,492.76,0.50753,-1,-1,-1
423,3,1049.29,404.06,212.09,618.18,0.81587,-1,-1,-1
423,202,966.03,416.39,129.39,520.58,0.42195,-1,-1,-1
423,269,700.19,436.02,119.73,291.91,0.62160,-1,-1,-1
423,286,609.89,443.08,106.14,272.96,0.72492,-1,-1,-1
423,301,462.26,437.21,139.28,320.31,0.71512,-1,-1,-1
423,317,311.65,436.93,147.68,329.49,0.78269,-1,-1,-1
423,331,855.24,439.00,52.66,161.36,0.59897,-1,-1,-1
423,360,1157.02,412.02,164.91,493.50,0.65659,-1,-1,-1
423,363,923.70,444.54,48.53,142.47,0.41378,-1,-1,-1
423,364,1832.44,466.30,73.16,183.73,0.32394,-1,-1,-1
424,3,1049.12,399.92,214.32,624.36,0.78399,-1,-1,-1
424,202,970.53,462.47,118.46,472.86,0.41554,-1,-1,-1
424,269,703.33,431.21,120.50,298.09,0.63458,-1,-1,-1
424,286,618.87,443.24,108.54,272.27,0.77414,-1,-1,-1
424,301,468.37,437.22,137.58,320.54,0.71898,-1,-1,-1
424,317,314.91,436.88,149.39,327.79,0.77532,-1,-1,-1
424,331,851.16,438.80,53.23,163.11,0.53053,-1,-1,-1
424,360,1154.85,412.44,166.80,498.53,0.51439,-1,-1,-1
424,363,923.61,444.19,48.44,142.17,0.30545,-1,-1,-1
424,364,1833.75,467.35,72.79,182.81,0.27669,-1,-1,-1
425,3,1044.95,397.80,215.86,633.01,0.71955,-1,-1,-1
425,202,973.64,482.46,113.77,451.10,0.52337,-1,-1,-1
425,269,709.24,421.71,122.71,305.17,0.72983,-1,-1,-1
425,286,621.75,448.88,108.60,266.71,0.73594,-1,-1,-1
425,301,476.92,438.76,134.38,318.95,0.63892,-1,-1,-1
425,317,319.96,437.97,149.88,325.68,0.77892,-1,-1,-1
425,331,849.03,439.84,51.68,159.42,0.54323,-1,-1,-1
425,360,1157.69,412.74,169.84,508.65,0.60524,-1,-1,-1
425,363,923.31,446.87,47.83,140.15,0.28250,-1,-1,-1
425,364,1835.34,464.00,74.40,186.54,0.26115,-1,-1,-1
426,3,1043.19,397.42,215.77,638.30,0.71352,-1,-1,-1
426,202,974.33,489.78,112.20,441.96,0.52962,-1,-1,-1
426,269,710.94,413.42,124.70,312.43,0.75507,-1,-1,-1
426,286,622.55,449.02,111.31,267.88,0.72111,-1,-1,-1
426,301,497.48,438.36,129.17,315.94,0.64506,-1,-1,-1
426,317,324.39,434.44,151.42,329.47,0.79072,-1,-1,-1
426,331,846.46,439.05,51.14,159.10,0.59642,-1,-1,-1
426,360,1158.97,411.71,171.85,516.03,0.58977,-1,-1,-1
426,363,922.02,446.07,48.52,141.85,0.39225,-1,-1,-1
426,364,1839.23,442.90,80.77,203.35,0.28894,-1,-1,-1
427,3,1041.48,399.95,212.53,638.40,0.68169,-1,-1,-1
427,202,971.16,452.63,120.99,478.82,0.44166,-1,-1,-1
427,269,714.10,411.05,124.25,315.28,0.74522,-1,-1,-1
427,286,620.99,450.05,113.07,267.61,0.71503,-1,-1,-1
427,301,504.30,438.63,125.57,315.01,0.63164,-1,-1,-1
427,317,331.17,433.84,149.73,326.19,0.78562,-1,-1,-1
427,331,843.00,437.30,51.76,161.86,0.49292,-1,-1,-1
427,360,1158.37,409.67,173.77,521.71,0.48953,-1,-1,-1
427,363,922.05,448.68,47.92,139.41,0.26485,-1,-1,-1
428,3,1041.70,405.55,203.21,622.61,0.66571,-1,-1,-1
428,202,971.85,440.33,122.71,486.62,0.57535,-1,-1,-1
428,269,720.45,417.53,121.73,309.92,0.72344,-1,-1,-1
428,286,618.32,447.65,115.18,268.32,0.69445,-1,-1,-1
428,301,500.55,437.79,125.56,317.25,0.66515,-1,-1,-1
428,317,342.48,436.46,144.48,318.00,0.73844,-1,-1,-1
428,331,841.19,441.07,50.53,157.84,0.51637,-1,-1,-1
428,360,1140.49,411.86,197.46,597.28,0.43075,-1,-1,-1
428,363,923.00,450.19,47.77,138.28,0.18508,-1,-1,-1
428,366,1709.13,330.75,193.67,619.69,0.60940,-1,-1,-1
429,3,1042.91,402.85,198.57,619.40,0.66028,-1,-1,-1
429,202,973.45,452.21,120.48,478.18,0.51159,-1,-1,-1
429,269,727.23,430.94,116.78,296.38,0.71374,-1,-1,-1
429,286,621.42,442.55,116.52,271.64,0.70957,-1,-1,-1
429,301,502.23,438.50,125.89,316.35,0.60436,-1,-1,-1
429,317,355.71,438.00,139.97,314.26,0.71664,-1,-1,-1
429,331,838.73,451.94,47.43,146.32,0.15569,-1,-1,-1
429,360,1134.37,414.22,205.87,627.87,0.35156,-1,-1,-1
429,363,926.28,479.29,39.49,109.48,0.24885,-1,-1,-1
429,366,1686.81,325.99,194.11,615.18,0.46516,-1,-1,-1
430,3,1045.78,403.20,196.53,623.75,0.68973,-1,-1,-1
430,202,974.00,446.13,121.28,482.43,0.57445,-1,-1,-1
430,269,730.88,431.75,116.90,295.45,0.67892,-1,-1,-1
430,286,630.31,441.91,114.94,271.18,0.60052,-1,-1,-1
430,301,515.34,438.14,127.77,317.26,0.58127,-1,-1,-1
430,317,364.44,437.86,135.29,310.26,0.73923,-1,-1,-1
430,331,837.60,443.02,48.73,151.79,0.38121,-1,-1,-1
430,360,1134.80,416.21,207.66,639.00,0.31037,-1,-1,-1
430,363,927.22,492.50,36.69,96.95,0.23837,-1,-1,-1
430,366,1655.80,320.95,199.88,620.67,0.48132,-1,-1,-1
431,3,1049.13,404.31,194.97,629.64,0.67880,-1,-1,-1
431,202,975.12,440.16,122.23,486.91,0.56762,-1,-1,-1
431,269,730.58,430.31,118.22,297.25,0.68626,-1,-1,-1
431,286,636.14,441.90,111.38,266.35,0.53932,-1,-1,-1
431,301,535.28,441.23,126.64,313.69,0.63230,-1,-1,-1
431,317,372.17,438.08,131.31,306.98,0.73147,-1,-1,-1
431,331,836.66,441.62,48.34,152.58,0.58947,-1,-1,-1
431,360,1130.64,417.07,209.25,650.76,0.30208,-1,-1,-1
431,363,926.99,496.55,36.87,93.08,0.16176,-1,-1,-1
431,366,1616.89,308.15,227.74,690.03,0.71331,-1,-1,-1
432,3,1056.55,407.02,193.06,630.53,0.72997,-1,-1,-1
432,202,976.65,443.50,121.72,484.90,0.56166,-1,-1,-1
432,269,730.42,424.64,120.41,301.88,0.65011,-1,-1,-1
432,286,645.20,446.58,105.09,257.70,0.46601,-1,-1,-1
432,301,547.60,441.41,127.59,313.91,0.66007,-1,-1,-1
432,317,377.66,439.70,129.57,308.07,0.70412,-1,-1,-1
432,331,835.41,442.48,47.67,150.93,0.63082,-1,-1,-1
432,360,1167.12,413.08,157.67,483.53,0.57012,-1,-1,-1
432,366,1585.43,301.57,244.71,715.43,0.82682,-1,-1,-1
432,370,1261.35,420.92,94.09,256.47,0.42660,-1,-1,-1
433,3,1063.03,408.97,186.84,616.72,0.71866,-1,-1,-1
433,202,979.13,429.66,125.27,498.52,0.56512,-1,-1,-1
433,269,734.01,427.16,119.09,298.04,0.68943,-1,-1,-1
433,286,654.99,446.46,102.67,256.90,0.42610,-1,-1,-1
433,301,551.71,442.60,129.34,313.82,0.68056,-1,-1,-1
433,317,386.26,440.93,127.02,306.25,0.67496,-1,-1,-1
433,331,833.73,439.57,48.61,154.44,0.60190,-1,-1,-1
433,360,1188.16,413.35,136.04,410.94,0.64810,-1,-1,-1
433,366,1554.39,302.70,258.55,719.95,0.78119,-1,-1,-1
433,370,1265.36,417.97,94.91,258.81,0.30795,-1,-1,-1
434,3,1070.94,403.61,168.62,558.01,0.47583,-1,-1,-1
434,202,983.16,424.41,129.40,512.74,0.64568,-1,-1,-1
434,269,736.07,419.98,121.37,305.60,0.69740,-1,-1,-1
434,286,661.60,448.73,100.18,254.09,0.41307,-1,-1,-1
434,301,554.54,445.22,129.54,311.25,0.78102,-1,-1,-1
434,317,394.24,440.92,125.06,305.88,0.67785,-1,-1,-1
434,331,832.40,438.59,47.63,151.75,0.26788,-1,-1,-1
434,360,1197.19,408.19,114.69,341.69,0.46033,-1,-1,-1
434,366,1516.22,302.33,271.87,717.23,0.74074,-1,-1,-1
434,370,1264.83,418.41,105.91,289.98,0.39012,-1,-1,-1
435,3,1093.51,404.70,137.74,439.69,0.62198,-1,-1,-1
435,202,988.98,419.35,126.62,495.85,0.70342,-1,-1,-1
435,269,740.25,422.31,119.07,302.07,0.69187,-1,-1,-1
435,286,671.74,437.72,102.02,266.03,0.52805,-1,-1,-1
435,301,555.98,444.99,131.14,311.43,0.79721,-1,-1,-1
435,317,404.02,437.94,124.68,309.82,0.76336,-1,-1,-1
435,331,831.68,442.38,46.88,149.34,0.19655,-1,-1,-1
435,360,1204.47,405.27,105.11,306.66,0.61388,-1,-1,-1
435,366,1461.34,305.66,280.81,708.49,0.42016,-1,-1,-1
435,370,1269.22,418.64,108.93,299.85,0.55841,-1,-1,-1
436,3,1102.44,410.14,133.47,415.37,0.65261,-1,-1,-1
436,202,1005.78,418.99,111.08,421.24,0.63088,-1,-1,-1
436,269,746.04,424.37,115.84,297.20,0.65868,-1,-1,-1
436,286,683.02,437.04,101.06,270.57,0.47094,-1,-1,-1
436,301,554.84,442.27,133.74,314.00,0.78212,-1,-1,-1
436,317,409.92,437.21,123.82,310.83,0.75789,-1,-1,-1
436,331,829.19,438.70,47.45,151.85,0.24296,-1,-1,-1
436,360,1195.06,408.71,125.61,365.84,0.58456,-1,-1,-1
436,366,1397.55,309.75,291.21,704.53,0.83921,-1,-1,-1
436,370,1269.97,417.19,103.10,286.32,0.18643,-1,-1,-1
437,3,1104.18,404.27,138.92,427.79,0.69350,-1,-1,-1
437,202,1011.30,419.90,109.27,403.35,0.67953,-1,-1,-1
437,269,749.29,416.81,116.00,302.74,0.56592,-1,-1,-1
437,286,693.38,432.48,100.57,276.48,0.49608,-1,-1,-1
437,301,554.68,440.56,136.03,316.60,0.78179,-1,-1,-1
437,317,414.20,438.51,123.74,311.79,0.77842,-1,-1,-1
437,360,1207.86,405.92,114.01,324.38,0.53185,-1,-1,-1
437,366,1312.05,317.34,304.94,702.76,0.80741,-1,-1,-1
438,3,1105.32,396.58,145.24,444.88,0.81335,-1,-1,-1
438,202,1012.89,422.32,112.10,405.43,0.68503,-1,-1,-1
438,269,756.74,415.04,113.65,303.77,0.54028,-1,-1,-1
438,286,700.73,430.28,100.15,279.48,0.54651,-1,-1,-1
438,301,555.93,441.78,135.73,312.47,0.78345,-1,-1,-1
438,317,418.35,434.44,124.96,316.02,0.80653,-1,-1,-1
438,366,1256.11,326.19,312.52,700.86,0.72640,-1,-1,-1
439,3,1108.06,419.74,141.64,429.77,0.52075,-1,-1,-1
439,202,1011.01,421.75,118.15,419.67,0.70333,-1,-1,-1
439,269,763.60,430.07,106.20,287.83,0.54021,-1,-1,-1
439,286,705.39,434.89,98.08,276.24,0.46343,-1,-1,-1
439,301,556.64,439.97,137.38,314.07,0.78976,-1,-1,-1
439,317,424.65,438.40,122.90,309.54,0.76000,-1,-1,-1
439,366,1199.63,333.23,319.17,701.41,0.77375,-1,-1,-1
439,373,1831.20,465.52,72.87,181.35,0.36293,-1,-1,-1
440,202,1009.98,423.37,124.68,435.09,0.77928,-1,-1,-1
440,269,767.26,439.08,101.30,277.69,0.58799,-1,-1,-1
440,286,707.22,437.58,96.10,273.53,0.51888,-1,-1,-1
440,301,557.08,440.83,138.05,313.39,0.77872,-1,-1,-1
440,317,429.87,438.38,121.94,306.32,0.70116,-1,-1,-1
440,366,1140.31,349.02,318.36,685.70,0.73882,-1,-1,-1
440,373,1829.51,466.04,72.13,179.90,0.40157,-1,-1,-1
441,202,1010.29,431.56,119.12,407.89,0.44743,-1,-1,-1
441,269,770.23,436.13,99.53,276.58,0.57264,-1,-1,-1
441,286,713.83,444.86,94.49,266.57,0.56139,-1,-1,-1
441,301,557.24,441.07,138.51,312.67,0.74957,-1,-1,-1
441,317,435.37,438.81,120.07,302.79,0.69459,-1,-1,-1
441,366,1079.38,357.94,317.33,672.90,0.74988,-1,-1,-1
441,373,1831.33,466.30,72.82,181.83,0.40099,-1,-1,-1
441,370,1321.46,427.38,118.00,322.60,0.70041,-1,-1,-1
442,269,772.81,430.84,99.37,279.33,0.54905,-1,-1,-1
442,286,720.63,447.77,96.01,264.27,0.55116,-1,-1,-1
442,301,561.76,439.82,137.47,310.51,0.76726,-1,-1,-1
442,317,438.31,437.51,120.46,307.58,0.69904,-1,-1,-1
442,366,1026.04,364.71,314.98,659.68,0.79320,-1,-1,-1
442,373,1831.25,465.97,72.73,182.22,0.35640,-1,-1,-1
442,370,1322.86,431.64,122.15,325.40,0.73237,-1,-1,-1
443,269,776.26,428.45,98.39,281.93,0.63651,-1,-1,-1
443,286,720.60,444.48,98.81,267.05,0.54905,-1,-1,-1
443,301,565.79,438.44,137.05,310.92,0.79632,-1,-1,-1
443,317,444.75,439.98,117.39,303.05,0.71994,-1,-1,-1
443,366,976.30,364.59,315.22,654.02,0.80897,-1,-1,-1
443,373,1832.24,465.94,72.29,181.65,0.29278,-1,-1,-1
443,370,1325.33,432.77,125.24,327.50,0.69659,-1,-1,-1
443,360,1222.12,426.46,138.49,401.66,0.62672,-1,-1,-1
444,269,781.25,430.82,96.55,279.71,0.51434,-1,-1,-1
444,286,724.64,443.68,102.23,267.46,0.59721,-1,-1,-1
444,301,573.03,437.23,134.31,308.56,0.74576,-1,-1,-1
444,317,453.13,436.57,115.87,304.26,0.76247,-1,-1,-1
444,366,927.27,363.50,315.61,651.41,0.81458,-1,-1,-1
444,373,1832.93,466.59,72.09,181.63,0.32662,-1,-1,-1
444,370,1325.67,433.68,127.97,330.38,0.66521,-1,-1,-1
444,380,413.46,470.30,40.69,99.34,0.34955,-1,-1,-1
444,360,1226.05,429.38,139.82,413.36,0.52360,-1,-1,-1
445,269,783.05,436.42,95.08,275.90,0.50374,-1,-1,-1
445,286,714.81,445.67,100.03,263.40,0.41971,-1,-1,-1
445,301,578.83,437.82,131.47,306.82,0.75473,-1,-1,-1
445,317,461.95,434.61,113.37,301.09,0.76228,-1,-1,-1
445,366,883.75,354.33,320.18,657.35,0.78070,-1,-1,-1
445,373,1833.34,467.80,71.62,180.26,0.28966,-1,-1,-1
445,370,1330.08,434.02,128.19,329.74,0.73282,-1,-1,-1
445,380,414.85,469.67,41.25,100.77,0.29330,-1,-1,-1
445,360,1235.32,429.66,131.96,388.00,0.41064,-1,-1,-1
445,3,1157.80,409.33,171.54,503.53,0.59417,-1,-1,-1
446,269,786.68,429.90,96.10,281.71,0.56716,-1,-1,-1
446,286,717.65,450.83,99.24,258.14,0.45696,-1,-1,-1
446,301,589.38,438.82,126.72,303.70,0.68763,-1,-1,-1
446,317,467.85,434.74,110.59,294.59,0.72158,-1,-1,-1
446,366,845.92,345.88,319.61,654.86,0.78187,-1,-1,-1
446,373,1832.53,469.24,71.11,178.98,0.35002,-1,-1,-1
446,370,1334.24,433.47,127.90,330.13,0.70531,-1,-1,-1
446,380,417.53,474.21,39.64,96.73,0.30933,-1,-1,-1
446,360,1236.49,428.93,136.04,403.98,0.49857,-1,-1,-1
446,3,1139.80,420.95,199.65,593.07,0.76068,-1,-1,-1
447,269,787.83,431.54,92.08,273.27,0.28842,-1,-1,-1
447,286,719.67,451.59,99.04,256.22,0.39085,-1,-1,-1
447,301,595.69,433.77,125.42,308.16,0.67440,-1,-1,-1
447,317,472.25,431.30,110.57,295.54,0.68490,-1,-1,-1
447,366,805.91,336.63,320.76,654.12,0.77900,-1,-1,-1
447,373,1831.59,469.89,70.55,178.08,0.27759,-1,-1,-1
447,370,1338.56,432.31,127.25,330.56,0.67109,-1,-1,-1
447,380,415.53,474.81,39.99,97.81,0.23048,-1,-1,-1
447,360,1233.21,423.78,139.00,417.19,0.30273,-1,-1,-1
447,3,1130.81,416.16,211.12,636.62,0.78750,-1,-1,-1
448,269,790.20,454.17,77.94,232.24,0.15126,-1,-1,-1
448,286,732.96,445.76,104.18,262.88,0.41390,-1,-1,-1
448,301,596.92,434.57,124.09,308.72,0.61135,-1,-1,-1
448,317,481.23,434.15,106.42,285.22,0.58456,-1,-1,-1
448,366,772.61,333.32,318.72,646.13,0.77629,-1,-1,-1
448,373,1832.18,469.45,70.98,178.77,0.27490,-1,-1,-1
448,370,1341.59,424.67,129.42,339.61,0.78037,-1,-1,-1
448,380,414.86,473.81,40.60,99.47,0.23814,-1,-1,-1
448,360,1243.01,422.36,127.26,379.18,0.37104,-1,-1,-1
448,3,1131.90,418.81,213.49,650.18,0.77417,-1,-1,-1
448,202,1046.24,421.44,147.00,511.09,0.53373,-1,-1,-1
449,301,612.57,434.78,120.54,307.96,0.59342,-1,-1,-1
449,317,485.27,436.83,105.72,282.91,0.70293,-1,-1,-1
449,366,735.76,332.22,320.09,646.10,0.73223,-1,-1,-1
449,373,1831.90,469.62,71.31,179.19,0.33885,-1,-1,-1
449,370,1344.56,422.45,128.59,341.15,0.75022,-1,-1,-1
449,380,414.67,473.32,40.45,99.40,0.25667,-1,-1,-1
449,360,1249.06,419.27,116.80,343.67,0.51091,-1,-1,-1
449,3,1134.09,423.76,210.72,649.13,0.73073,-1,-1,-1
449,202,1038.66,420.22,152.76,529.71,0.80112,-1,-1,-1
450,301,621.33,434.84,115.72,303.38,0.65944,-1,-1,-1
450,317,486.85,435.82,106.59,285.22,0.69947,-1,-1,-1
450,366,702.34,335.52,316.37,635.22,0.75511,-1,-1,-1
450,373,1833.09,468.62,71.96,180.11,0.33396,-1,-1,-1
450,370,1348.86,421.47,127.88,341.33,0.75389,-1,-1,-1
450,380,415.21,473.71,40.18,98.90,0.30125,-1,-1,-1
450,360,1255.51,424.13,113.44,333.54,0.24109,-1,-1,-1
450,3,1143.32,420.65,212.48,651.15,0.81432,-1,-1,-1
450,202,1037.01,415.37,157.44,545.40,0.77186,-1,-1,-1
451,301,629.67,438.01,111.30,300.39,0.66600,-1,-1,-1
451,317,494.32,434.34,109.58,289.27,0.63848,-1,-1,-1
451,366,666.80,339.58,319.40,638.37,0.71663,-1,-1,-1
451,373,1835.47,467.45,73.56,182.46,0.28027,-1,-1,-1
451,370,1351.30,418.88,129.30,345.83,0.72620,-1,-1,-1
451,380,414.99,473.34,40.35,99.48,0.21313,-1,-1,-1
451,360,1258.59,425.28,111.42,327.89,0.27035,-1,-1,-1
451,3,1151.38,418.68,219.69,654.62,0.82183,-1,-1,-1
451,202,1037.60,412.39,159.53,552.46,0.78486,-1,-1,-1
452,317,497.95,433.68,111.89,289.97,0.72137,-1,-1,-1
452,366,636.46,346.98,318.13,635.55,0.71402,-1,-1,-1
452,373,1834.66,466.26,73.09,182.28,0.24108,-1,-1,-1
452,370,1357.62,417.94,129.70,347.36,0.78358,-1,-1,-1
452,380,414.92,471.34,41.01,101.44,0.29891,-1,-1,-1
452,360,1276.31,443.53,90.99,257.78,0.15584,-1,-1,-1
452,3,1137.83,416.18,231.04,657.12,0.71619,-1,-1,-1
452,202,1041.12,413.12,159.65,552.30,0.79963,-1,-1,-1
453,317,502.91,436.24,111.87,286.61,0.71655,-1,-1,-1
453,366,591.64,358.25,335.91,668.17,0.53832,-1,-1,-1
453,373,1833.06,464.04,73.65,184.81,0.24825,-1,-1,-1
453,370,1363.72,417.94,129.04,346.97,0.81849,-1,-1,-1
453,380,415.70,470.49,40.79,101.14,0.24573,-1,-1,-1
453,360,1283.88,433.56,91.39,255.02,0.15814,-1,-1,-1
453,3,1166.53,415.81,235.90,652.53,0.80619,-1,-1,-1
453,202,1044.74,413.88,157.89,549.21,0.79407,-1,-1,-1
454,317,504.98,437.59,110.35,284.53,0.77696,-1,-1,-1
454,366,555.20,368.44,334.56,657.35,0.67646,-1,-1,-1
454,373,1836.02,464.85,74.62,185.19,0.21939,-1,-1,-1
454,370,1368.16,417.85,129.65,349.52,0.81830,-1,-1,-1
454,380,416.79,468.26,41.04,102.19,0.34501,-1,-1,-1
454,3,1174.13,410.33,245.96,662.50,0.79566,-1,-1,-1
454,202,1048.32,414.91,156.72,544.61,0.77318,-1,-1,-1
454,269,811.12,425.06,86.98,267.90,0.45221,-1,-1,-1
455,317,509.78,449.24,102.66,268.47,0.66212,-1,-1,-1
455,366,520.07,384.51,327.05,631.58,0.63643,-1,-1,-1
455,373,1837.08,460.22,77.29,190.60,0.18061,-1,-1,-1
455,370,1372.38,418.57,129.79,349.79,0.82351,-1,-1,-1
455,380,416.79,467.07,41.47,103.56,0.31558,-1,-1,-1
455,3,1175.93,417.06,251.15,661.11,0.71021,-1,-1,-1
455,202,1057.05,417.28,158.82,545.37,0.76952,-1,-1,-1
455,398,244.11,517.23,90.52,123.17,0.52619,-1,-1,-1
455,269,813.26,420.94,89.72,282.71,0.61856,-1,-1,-1
456,366,478.86,391.83,338.55,646.84,0.71030,-1,-1,-1
456,373,1834.69,466.72,76.04,185.04,0.18559,-1,-1,-1
456,370,1376.29,419.61,131.18,353.41,0.82040,-1,-1,-1
456,380,416.28,467.77,41.58,103.85,0.35859,-1,-1,-1
456,3,1177.74,421.75,256.31,658.25,0.75307,-1,-1,-1
456,202,1061.28,419.45,159.61,543.84,0.77695,-1,-1,-1
456,398,240.15,516.05,88.98,121.09,0.27192,-1,-1,-1
456,269,812.03,419.11,91.75,289.16,0.59941,-1,-1,-1
457,366,431.43,395.60,342.44,645.93,0.67828,-1,-1,-1
457,373,1833.60,467.24,76.36,184.85,0.20245,-1,-1,-1
457,370,1379.98,420.40,132.97,357.40,0.84599,-1,-1,-1
457,380,416.66,470.12,40.91,101.62,0.34164,-1,-1,-1
457,3,1170.48,414.79,261.49,664.90,0.82176,-1,-1,-1
457,202,1064.67,420.26,160.23,544.01,0.80565,-1,-1,-1
457,398,234.35,514.27,85.44,115.90,0.39388,-1,-1,-1
457,269,809.69,412.78,94.77,296.70,0.68216,-1,-1,-1
458,366,392.33,394.21,356.50,666.43,0.75804,-1,-1,-1
458,373,1832.63,455.39,81.55,196.82,0.22235,-1,-1,-1
458,370,1386.62,421.64,133.71,359.37,0.82861,-1,-1,-1
458,380,416.01,471.27,40.59,100.71,0.26623,-1,-1,-1
458,3,1172.15,414.81,265.40,664.03,0.84044,-1,-1,-1
458,202,1069.43,419.28,159.45,541.74,0.80527,-1,-1,-1
458,398,224.44,517.58,86.70,117.27,0.40442,-1,-1,-1
458,269,810.79,414.17,94.76,294.91,0.67363,-1,-1,-1
458,301,677.60,441.28,104.26,289.30,0.49733,-1,-1,-1
459,366,354.50,390.39,366.56,680.24,0.84301,-1,-1,-1
459,373,1831.20,445.57,85.34,205.93,0.22992,-1,-1,-1
459,370,1395.89,423.45,135.86,361.50,0.83613,-1,-1,-1
459,3,1176.68,414.70,270.57,664.09,0.83456,-1,-1,-1
459,202,1074.67,418.49,159.94,545.25,0.76962,-1,-1,-1
459,398,212.62,520.67,91.24,123.21,0.37999,-1,-1,-1
459,269,815.51,417.92,91.59,287.97,0.59682,-1,-1,-1
459,301,687.28,442.84,105.88,290.16,0.48994,-1,-1,-1
460,366,320.45,388.50,369.65,678.16,0.68156,-1,-1,-1
460,373,1831.87,445.88,85.23,205.44,0.25708,-1,-1,-1
460,370,1406.51,423.98,139.08,363.58,0.84464,-1,-1,-1
460,3,1176.96,412.70,274.26,664.28,0.84248,-1,-1,-1
460,202,1082.30,418.63,159.49,547.29,0.71596,-1,-1,-1
460,398,206.36,521.70,87.48,117.39,0.40194,-1,-1,-1
460,269,820.53,421.00,89.67,282.08,0.53874,-1,-1,-1
460,301,683.52,441.43,110.08,293.09,0.68846,-1,-1,-1
461,366,285.97,375.52,382.24,698.47,0.80186,-1,-1,-1
461,373,1832.70,447.55,84.62,203.57,0.20185,-1,-1,-1
461,370,1412.52,425.28,142.19,365.05,0.85521,-1,-1,-1
461,3,1176.46,411.00,278.64,667.42,0.86195,-1,-1,-1
461,202,1093.33,421.52,159.98,552.47,0.71457,-1,-1,-1
461,398,197.59,521.35,87.06,116.00,0.27824,-1,-1,-1
461,269,821.55,415.84,92.04,286.35,0.58207,-1,-1,-1
461,301,674.33,440.15,116.07,296.49,0.74466,-1,-1,-1
461,331,779.31,445.08,42.25,138.84,0.29579,-1,-1,-1
461,317,549.12,437.68,104.12,272.85,0.32155,-1,-1,-1
462,366,255.51,370.65,385.96,704.52,0.76616,-1,-1,-1
462,373,1834.57,457.78,80.84,192.79,0.28189,-1,-1,-1
462,370,1415.16,425.91,145.05,366.34,0.81532,-1,-1,-1
462,3,1173.99,405.60,283.66,671.95,0.86649,-1,-1,-1
462,202,1097.71,420.03,160.88,555.62,0.73175,-1,-1,-1
462,269,818.00,412.53,94.61,290.63,0.60927,-1,-1,-1
462,301,674.69,440.05,118.07,297.03,0.69325,-1,-1,-1
462,331,778.99,446.74,42.66,139.46,0.24835,-1,-1,-1
462,317,556.81,434.80,102.97,275.52,0.55419,-1,-1,-1
463,366,241.49,364.25,387.72,710.52,0.77950,-1,-1,-1
463,373,1834.94,458.77,80.42,190.51,0.28738,-1,-1,-1
463,370,1417.54,429.90,147.86,367.05,0.82999,-1,-1,-1
463,3,1173.43,403.21,286.81,674.18,0.80289,-1,-1,-1
463,202,1101.35,417.01,161.01,557.31,0.77289,-1,-1,-1
463,269,817.36,410.91,96.86,292.06,0.59702,-1,-1,-1
463,301,676.21,439.44,117.61,296.14,0.67692,-1,-1,-1
463,331,776.26,446.88,43.63,140.37,0.40486,-1,-1,-1
463,317,562.37,432.91,102.20,276.65,0.70234,-1,-1,-1
464,366,219.71,359.67,389.26,713.88,0.81285,-1,-1,-1
464,373,1834.58,463.46,78.69,184.88,0.29349,-1,-1,-1
464,370,1421.14,427.18,151.08,372.55,0.84973,-1,-1,-1
464,3,1175.27,401.69,288.10,674.48,0.79719,-1,-1,-1
464,202,1105.11,413.17,162.93,563.48,0.77889,-1,-1,-1
464,269,818.04,411.14,99.11,292.88,0.63230,-1,-1,-1
464,301,681.58,438.84,115.76,292.82,0.68145,-1,-1,-1
464,331,774.93,446.27,44.10,140.12,0.50951,-1,-1,-1
464,317,568.48,432.29,100.61,275.36,0.69583,-1,-1,-1
465,366,199.48,361.23,388.02,709.34,0.78169,-1,-1,-1
465,373,1832.81,456.01,82.36,192.82,0.21341,-1,-1,-1
465,370,1424.50,424.20,153.19,377.95,0.84274,-1,-1,-1
465,3,1183.01,401.71,287.64,676.05,0.83404,-1,-1,-1
465,202,1107.68,415.82,161.79,560.58,0.76991,-1,-1,-1
465,269,822.69,411.74,99.43,292.36,0.62678,-1,-1,-1
465,301,685.53,438.97,114.92,291.89,0.62390,-1,-1,-1
465,317,568.17,430.86,101.32,276.39,0.68128,-1,-1,-1
465,406,514.98,444.71,75.85,203.73,0.41722,-1,-1,-1
466,366,164.94,365.73,388.00,706.33,0.74883,-1,-1,-1
466,373,1832.89,456.25,82.60,192.51,0.23795,-1,-1,-1
466,370,1429.65,421.23,153.59,382.42,0.84517,-1,-1,-1
466,3,1190.44,402.27,285.54,675.06,0.81662,-1,-1,-1
466,202,1110.38,419.76,160.93,554.46,0.77627,-1,-1,-1
466,269,826.12,409.12,100.96,295.87,0.67188,-1,-1,-1
466,301,701.91,438.57,113.67,291.45,0.64116,-1,-1,-1
466,317,567.13,430.04,102.61,277.81,0.68819,-1,-1,-1
466,406,514.40,448.18,72.05,193.24,0.39981,-1,-1,-1
467,366,138.65,369.73,387.70,702.61,0.85427,-1,-1,-1
467,373,1833.11,457.85,82.32,190.76,0.19403,-1,-1,-1
467,370,1439.34,420.42,152.19,384.77,0.80178,-1,-1,-1
467,3,1206.36,404.14,279.37,666.48,0.73606,-1,-1,-1
467,202,1114.54,425.43,160.88,548.97,0.72680,-1,-1,-1
467,269,828.14,407.35,101.19,297.95,0.67693,-1,-1,-1
467,301,712.39,439.92,111.24,290.74,0.66926,-1,-1,-1
467,317,569.83,428.49,102.99,279.44,0.68766,-1,-1,-1
467,406,507.84,456.33,68.27,182.09,0.35851,-1,-1,-1
468,366,117.39,372.64,386.69,701.15,0.81880,-1,-1,-1
468,373,1833.09,457.71,82.60,190.86,0.20173,-1,-1,-1
468,370,1449.49,415.73,151.41,388.44,0.81638,-1,-1,-1
468,3,1225.33,405.29,270.94,653.92,0.64294,-1,-1,-1
468,202,1118.55,423.42,165.55,560.94,0.77880,-1,-1,-1
468,269,829.72,406.45,100.83,298.57,0.66971,-1,-1,-1
468,301,709.70,439.31,110.76,291.87,0.60529,-1,-1,-1
468,317,572.89,432.29,100.13,272.44,0.70356,-1,-1,-1
468,406,503.51,456.40,62.45,165.56,0.26413,-1,-1,-1
469,366,84.28,380.27,380.89,688.82,0.72888,-1,-1,-1
469,373,1833.39,462.90,80.97,185.63,0.24070,-1,-1,-1
469,370,1458.29,413.71,149.18,390.52,0.78704,-1,-1,-1
469,3,1238.27,403.05,272.26,664.76,0.79334,-1,-1,-1
469,202,1119.26,422.19,169.16,572.97,0.77420,-1,-1,-1
469,269,831.26,406.58,100.04,298.82,0.68733,-1,-1,-1
469,301,709.74,437.28,111.19,293.98,0.62553,-1,-1,-1
469,317,576.24,435.51,98.53,268.60,0.71210,-1,-1,-1
469,406,497.76,457.92,70.23,185.15,0.36466,-1,-1,-1
470,366,58.34,389.57,377.30,678.52,0.78377,-1,-1,-1
470,373,1830.56,462.66,79.95,183.86,0.20807,-1,-1,-1
470,370,1467.51,411.85,146.49,390.89,0.82352,-1,-1,-1
470,3,1253.45,405.64,269.38,666.61,0.64203,-1,-1,-1
470,202,1126.03,421.82,172.63,582.53,0.75969,-1,-1,-1
470,269,830.74,407.56,99.47,299.17,0.71931,-1,-1,-1
470,301,716.66,437.17,112.00,292.39,0.60624,-1,-1,-1
470,317,579.06,438.69,97.59,267.19,0.70961,-1,-1,-1
470,406,493.32,470.47,66.35,173.67,0.30625,-1,-1,-1
471,366,35.82,396.08,378.30,672.84,0.83024,-1,-1,-1
471,373,1830.99,462.78,79.32,183.04,0.23284,-1,-1,-1
471,370,1475.56,410.01,144.19,392.48,0.81513,-1,-1,-1
471,3,1263.12,401.47,265.24,672.32,0.55773,-1,-1,-1
471,202,1129.84,421.66,173.51,586.90,0.77162,-1,-1,-1
471,269,834.44,412.52,96.82,293.18,0.75313,-1,-1,-1
471,301,732.67,433.08,114.09,298.06,0.58459,-1,-1,-1
471,317,581.83,445.90,95.77,262.35,0.69953,-1,-1,-1
471,406,486.15,477.25,66.99,174.33,0.21119,-1,-1,-1
472,366,10.77,402.12,375.47,664.33,0.78261,-1,-1,-1
472,373,1831.14,465.02,77.42,179.59,0.18256,-1,-1,-1
472,370,1482.21,409.07,142.73,395.11,0.83150,-1,-1,-1
472,3,1264.49,398.79,260.34,673.77,0.65325,-1,-1,-1
472,202,1135.45,418.36,175.71,592.46,0.80315,-1,-1,-1
472,269,835.52,412.55,95.93,292.54,0.73291,-1,-1,-1
472,301,741.30,432.48,114.82,298.70,0.64473,-1,-1,-1
472,317,585.09,446.10,95.78,262.10,0.73289,-1,-1,-1
472,406,483.62,474.87,64.70,168.66,0.35670,-1,-1,-1
472,412,405.77,486.81,69.68,137.92,0.38583,-1,-1,-1
472,413,1082.94,467.54,60.13,125.86,0.35371,-1,-1,-1
473,366,0.00,403.92,375.56,663.09,0.63202,-1,-1,-1
473,373,1832.59,467.36,77.10,179.49,0.23219,-1,-1,-1
473,370,1489.75,409.88,139.88,392.77,0.80292,-1,-1,-1
473,3,1284.41,399.03,253.33,669.27,0.66139,-1,-1,-1
473,202,1137.35,421.47,174.21,589.59,0.79262,-1,-1,-1
473,269,838.14,415.82,94.54,289.58,0.69871,-1,-1,-1
473,301,745.02,435.10,114.04,295.33,0.66923,-1,-1,-1
473,317,587.69,442.00,97.33,266.33,0.73154,-1,-1,-1
473,406,473.53,475.49,67.19,173.85,0.34350,-1,-1,-1
473,412,405.75,488.34,63.92,126.93,0.34924,-1,-1,-1
473,413,1078.81,451.59,68.22,142.95,0.21516,-1,-1,-1
474,366,0.00,402.27,358.56,669.42,0.59379,-1,-1,-1
474,373,1833.09,467.35,77.58,180.85,0.25488,-1,-1,-1
474,370,1496.53,410.61,138.38,391.72,0.77982,-1,-1,-1
474,3,1300.48,399.51,247.78,666.27,0.72110,-1,-1,-1
474,202,1140.74,421.93,173.22,589.15,0.80072,-1,-1,-1
474,269,835.93,414.36,93.86,290.36,0.62247,-1,-1,-1
474,301,745.22,437.87,113.33,291.67,0.65316,-1,-1,-1
474,317,590.31,440.36,97.89,267.73,0.73938,-1,-1,-1
474,406,461.94,475.99,71.74,180.90,0.40807,-1,-1,-1
474,412,403.97,489.53,57.60,114.51,0.16439,-1,-1,-1
474,413,1079.19,449.77,68.94,144.66,0.23226,-1,-1,-1
474,416,1302.94,415.11,88.54,197.96,0.40426,-1,-1,-1
475,366,0.00,400.03,348.77,673.63,0.74634,-1,-1,-1
475,373,1833.63,460.18,81.09,189.16,0.19493,-1,-1,-1
475,370,1504.53,410.11,138.39,392.92,0.77786,-1,-1,-1
475,3,1306.65,400.69,244.16,666.12,0.75050,-1,-1,-1
475,202,1144.67,422.03,172.79,589.46,0.81648,-1,-1,-1
475,269,844.44,415.57,93.22,288.19,0.51077,-1,-1,-1
475,301,745.57,436.87,114.21,293.24,0.65129,-1,-1,-1
475,317,593.35,441.99,97.33,265.65,0.74139,-1,-1,-1
475,406,459.62,476.45,74.22,185.62,0.37470,-1,-1,-1
475,413,1083.85,461.56,62.22,130.57,0.15906,-1,-1,-1
475,416,1306.52,414.31,86.49,193.45,0.26530,-1,-1,-1
476,366,0.00,396.70,300.68,678.10,0.67773,-1,-1,-1
476,373,1830.98,459.28,80.25,189.60,0.23546,-1,-1,-1
476,370,1516.37,411.33,139.97,393.25,0.76060,-1,-1,-1
476,3,1312.93,397.55,244.04,673.42,0.67396,-1,-1,-1
476,202,1147.23,421.52,172.46,589.99,0.81366,-1,-1,-1
476,269,842.66,416.58,91.81,287.72,0.55830,-1,-1,-1
476,301,745.56,436.76,114.72,293.90,0.70165,-1,-1,-1
476,317,597.63,444.57,96.56,261.81,0.79234,-1,-1,-1
476,406,450.32,478.91,74.64,183.22,0.54817,-1,-1,-1
476,413,1085.80,453.47,65.43,138.15,0.20918,-1,-1,-1
476,416,1309.31,410.43,87.26,195.09,0.25767,-1,-1,-1
477,366,0.00,391.96,308.61,680.93,0.78310,-1,-1,-1
477,373,1831.89,462.51,77.79,185.69,0.23494,-1,-1,-1
477,370,1527.54,410.94,145.20,399.04,0.83241,-1,-1,-1
477,3,1316.29,396.64,236.74,665.47,0.39709,-1,-1,-1
477,202,1150.75,421.19,172.64,590.56,0.82504,-1,-1,-1
477,269,841.17,416.84,89.59,285.67,0.55282,-1,-1,-1
477,301,746.27,437.54,114.57,293.38,0.70304,-1,-1,-1
477,317,601.99,444.79,96.59,260.97,0.77043,-1,-1,-1
477,406,439.90,475.66,77.59,187.27,0.41745,-1,-1,-1
477,413,1087.37,456.54,63.82,135.47,0.19904,-1,-1,-1
477,416,1312.51,411.84,85.84,191.50,0.23291,-1,-1,-1
477,286,899.21,439.43,94.59,244.88,0.37797,-1,-1,-1
478,366,0.00,386.05,269.35,686.91,0.48488,-1,-1,-1
478,373,1834.85,464.19,76.76,183.23,0.26244,-1,-1,-1
478,370,1539.07,408.23,150.11,401.82,0.82567,-1,-1,-1
478,3,1323.15,397.95,232.25,660.61,0.65723,-1,-1,-1
478,202,1155.90,421.05,172.24,590.60,0.81882,-1,-1,-1
478,269,842.23,415.57,88.42,286.41,0.48934,-1,-1,-1
478,301,746.59,437.43,114.70,294.62,0.63134,-1,-1,-1
478,317,610.19,445.49,95.27,258.67,0.68622,-1,-1,-1
478,406,430.83,475.28,80.24,189.67,0.45683,-1,-1,-1
478,413,1084.56,443.07,70.31,150.69,0.23054,-1,-1,-1
478,418,1307.69,418.09,86.72,510.88,0.40506,-1,-1,-1
479,366,0.00,383.59,278.84,687.71,0.72397,-1,-1,-1
479,373,1834.29,464.50,76.61,183.09,0.25221,-1,-1,-1
479,370,1549.03,409.46,155.69,404.68,0.84910,-1,-1,-1
479,3,1333.85,398.04,233.66,669.60,0.76082,-1,-1,-1
479,202,1160.30,420.22,171.95,590.97,0.80165,-1,-1,-1
479,269,842.99,414.15,86.48,286.19,0.51948,-1,-1,-1
479,301,751.79,438.51,113.27,293.69,0.61527,-1,-1,-1
479,317,611.55,444.41,96.20,258.87,0.65776,-1,-1,-1
479,406,423.03,476.42,79.24,185.36,0.27336,-1,-1,-1
479,413,1084.07,435.57,73.14,158.64,0.31967,-1,-1,-1
479,418,1318.18,413.36,89.90,528.94,0.43412,-1,-1,-1
479,286,902.41,436.29,99.00,252.13,0.48812,-1,-1,-1
480,373,1831.81,464.09,76.15,184.25,0.24421,-1,-1,-1
480,370,1555.52,412.77,161.22,408.62,0.85767,-1,-1,-1
480,3,1343.83,401.47,234.13,670.78,0.81312,-1,-1,-1
480,202,1165.27,420.50,171.03,589.95,0.80605,-1,-1,-1
480,269,844.08,412.80,85.15,287.06,0.57025,-1,-1,-1
480,301,757.66,437.37,111.23,292.08,0.65410,-1,-1,-1
480,317,616.39,439.19,96.43,262.07,0.60589,-1,-1,-1
480,406,418.36,478.99,79.10,182.26,0.30934,-1,-1,-1
480,418,1324.64,411.23,92.10,541.83,0.44728,-1,-1,-1
480,286,904.01,436.92,99.81,249.24,0.55233,-1,-1,-1
481,373,1832.20,462.79,76.87,185.78,0.26646,-1,-1,-1
481,370,1561.21,417.71,164.81,407.30,0.84788,-1,-1,-1
481,3,1351.76,398.98,237.95,677.52,0.83158,-1,-1,-1
481,202,1169.84,419.47,170.54,590.44,0.80832,-1,-1,-1
481,269,845.22,413.01,83.29,286.34,0.54826,-1,-1,-1
481,301,766.70,439.33,107.69,286.09,0.61252,-1,-1,-1
481,317,623.36,436.00,96.53,263.61,0.60300,-1,-1,-1
481,406,409.66,479.21,80.13,184.07,0.51963,-1,-1,-1
481,418,1327.00,407.56,94.07,554.53,0.39338,-1,-1,-1
481,286,905.66,438.94,99.40,245.40,0.63202,-1,-1,-1
481,366,0.00,407.99,258.98,664.50,0.76397,-1,-1,-1
481,413,1084.82,434.12,72.36,159.61,0.35608,-1,-1,-1
482,373,1834.14,459.60,78.52,188.92,0.27061,-1,-1,-1
482,370,1565.39,418.60,169.38,409.63,0.83335,-1,-1,-1
482,3,1360.42,396.70,240.99,680.94,0.85112,-1,-1,-1
482,202,1173.47,419.07,170.49,592.89,0.79249,-1,-1,-1
482,269,846.82,413.12,81.23,284.38,0.53028,-1,-1,-1
482,301,773.62,438.59,105.40,284.00,0.57999,-1,-1,-1
482,317,627.76,434.51,96.21,265.43,0.57735,-1,-1,-1
482,406,404.41,477.94,82.82,190.57,0.45671,-1,-1,-1
482,418,1332.23,406.26,93.78,551.00,0.34464,-1,-1,-1
482,286,907.86,441.95,98.62,241.35,0.67624,-1,-1,-1
482,366,0.00,454.68,237.71,617.58,0.76811,-1,-1,-1
482,413,1085.20,436.63,70.11,157.22,0.33635,-1,-1,-1
483,373,1835.61,459.05,79.45,190.45,0.20338,-1,-1,-1
483,370,1567.70,418.46,172.88,413.10,0.82550,-1,-1,-1
483,3,1367.65,394.59,243.86,682.41,0.82794,-1,-1,-1
483,202,1179.00,418.56,169.71,593.29,0.79280,-1,-1,-1
483,269,848.86,415.00,79.87,284.11,0.52686,-1,-1,-1
483,301,781.16,436.98,104.03,287.73,0.63306,-1,-1,-1
483,317,630.04,433.47,96.08,264.41,0.61644,-1,-1,-1
483,406,400.39,476.61,84.33,192.73,0.47486,-1,-1,-1
483,418,1335.77,401.16,95.63,558.94,0.40502,-1,-1,-1
483,286,909.49,444.36,97.58,238.59,0.66385,-1,-1,-1
483,366,0.00,501.43,215.62,569.70,0.74461,-1,-1,-1
484,373,1834.82,451.78,82.72,198.46,0.22224,-1,-1,-1
484,370,1570.88,416.42,176.42,418.84,0.82162,-1,-1,-1
484,3,1372.12,393.77,247.39,684.10,0.87167,-1,-1,-1
484,202,1184.36,417.63,169.29,594.81,0.78796,-1,-1,-1
484,269,853.71,428.17,75.31,271.16,0.51672,-1,-1,-1
484,301,785.21,437.68,102.07,289.58,0.65988,-1,-1,-1
484,317,634.66,434.80,96.00,262.06,0.65594,-1,-1,-1
484,406,390.91,475.84,87.33,195.02,0.46396,-1,-1,-1
484,418,1338.61,405.58,95.60,557.14,0.43100,-1,-1,-1
484,286,910.96,444.91,97.28,238.74,0.65180,-1,-1,-1
484,413,1086.75,435.51,69.44,158.07,0.31235,-1,-1,-1
485,373,1833.61,447.38,84.68,203.48,0.25020,-1,-1,-1
485,370,1575.83,411.75,179.25,426.02,0.83382,-1,-1,-1
485,3,1374.71,395.20,249.84,682.02,0.85669,-1,-1,-1
485,202,1190.68,419.58,168.48,593.53,0.78234,-1,-1,-1
485,269,855.07,425.16,73.82,271.23,0.46593,-1,-1,-1
485,301,792.37,438.54,99.69,286.66,0.65787,-1,-1,-1
485,317,638.32,434.61,97.82,262.04,0.68801,-1,-1,-1
485,406,377.35,476.91,91.14,198.28,0.34785,-1,-1,-1
485,418,1341.90,417.68,93.81,543.51,0.55101,-1,-1,-1
485,286,911.79,441.83,97.74,240.72,0.67795,-1,-1,-1
485,428,561.79,445.05,34.63,86.42,0.33891,-1,-1,-1
485,413,1087.24,435.47,68.03,156.97,0.28803,-1,-1,-1
485,366,0.00,556.70,180.70,518.58,0.42384,-1,-1,-1
486,373,1834.83,414.35,85.17,237.18,0.21907,-1,-1,-1
486,370,1581.49,412.16,179.37,427.55,0.83556,-1,-1,-1
486,3,1375.48,396.41,252.58,680.21,0.84086,-1,-1,-1
486,202,1196.31,419.94,167.88,592.85,0.77619,-1,-1,-1
486,269,860.18,429.91,67.87,251.73,0.35636,-1,-1,-1
486,301,799.37,438.55,99.69,286.00,0.57609,-1,-1,-1
486,317,641.72,434.36,100.22,262.48,0.71441,-1,-1,-1
486,406,364.57,478.58,90.62,193.55,0.32767,-1,-1,-1
486,418,1344.13,415.40,95.57,549.11,0.60928,-1,-1,-1
486,286,911.15,441.15,97.45,240.65,0.69445,-1,-1,-1
486,428,562.77,446.71,34.10,85.14,0.30849,-1,-1,-1
486,413,1088.05,433.81,68.23,159.00,0.36630,-1,-1,-1
486,366,0.00,575.90,147.45,437.60,0.56802,-1,-1,-1
487,373,1840.56,422.85,79.44,229.20,0.18406,-1,-1,-1
487,370,1585.93,415.32,177.19,425.09,0.78938,-1,-1,-1
487,3,1375.10,396.29,255.21,679.88,0.84389,-1,-1,-1
487,202,1204.26,419.16,169.48,593.86,0.77637,-1,-1,-1
487,269,859.62,429.31,69.43,260.57,0.42022,-1,-1,-1
487,301,800.67,437.79,98.81,285.44,0.49175,-1,-1,-1
487,317,644.64,435.15,102.55,261.49,0.67012,-1,-1,-1
487,406,359.50,478.24,93.33,197.09,0.47311,-1,-1,-1
487,418,1350.52,413.25,93.72,533.58,0.58128,-1,-1,-1
487,286,914.33,441.36,96.73,240.80,0.66282,-1,-1,-1
487,428,563.81,446.26,33.95,84.83,0.32324,-1,-1,-1
487,413,1090.30,433.13,67.71,159.30,0.32243,-1,-1,-1
487,366,0.00,551.01,131.71,439.94,0.46634,-1,-1,-1
488,373,1840.82,405.84,79.18,245.57,0.19584,-1,-1,-1
488,370,1593.08,417.96,174.76,422.19,0.76555,-1,-1,-1
488,3,1376.34,399.38,257.47,676.93,0.81921,-1,-1,-1
488,202,1208.20,419.51,170.66,593.04,0.78426,-1,-1,-1
488,301,811.36,434.29,102.94,290.44,0.58508,-1,-1,-1
488,317,646.32,435.24,104.64,261.19,0.67296,-1,-1,-1
488,406,353.01,475.93,96.31,201.85,0.49388,-1,-1,-1
488,418,1356.42,416.91,91.76,514.45,0.51088,-1,-1,-1
488,286,917.96,447.15,93.82,234.78,0.55422,-1,-1,-1
488,428,564.55,447.59,33.44,83.70,0.29098,-1,-1,-1
488,398,0.00,530.97,80.60,127.75,0.44790,-1,-1,-1
489,373,1841.42,399.66,78.58,251.55,0.21180,-1,-1,-1
489,370,1598.43,414.41,174.87,428.14,0.74486,-1,-1,-1
489,3,1376.45,394.94,261.13,678.68,0.78797,-1,-1,-1
489,202,1211.79,415.09,172.75,595.33,0.82602,-1,-1,-1
489,301,817.16,432.25,106.47,292.41,0.57153,-1,-1,-1
489,317,649.83,435.89,106.04,260.17,0.69601,-1,-1,-1
489,406,338.73,460.35,103.87,219.70,0.50105,-1,-1,-1
489,418,1361.83,421.47,88.66,484.58,0.55514,-1,-1,-1
489,286,919.68,441.06,95.17,240.43,0.60937,-1,-1,-1
489,428,564.95,448.31,33.23,83.24,0.28840,-1,-1,-1
489,398,0.00,534.12,73.27,130.00,0.54463,-1,-1,-1
489,331,732.71,445.40,40.41,128.81,0.34311,-1,-1,-1
490,373,1843.33,407.87,76.67,244.36,0.17127,-1,-1,-1
490,370,1603.74,412.50,173.55,431.80,0.73231,-1,-1,-1
490,3,1372.87,396.57,260.44,676.06,0.74512,-1,-1,-1
490,202,1212.39,416.70,174.09,594.83,0.80081,-1,-1,-1
490,301,819.47,435.23,108.42,289.46,0.58027,-1,-1,-1
490,317,650.86,435.30,108.30,262.10,0.79037,-1,-1,-1
490,406,329.05,460.63,103.43,220.35,0.50062,-1,-1,-1
490,418,1366.78,420.25,89.52,477.48,0.61210,-1,-1,-1
490,286,925.89,439.66,93.35,240.75,0.61662,-1,-1,-1
490,428,564.54,444.45,34.10,85.66,0.28463,-1,-1,-1
491,373,1848.06,433.22,71.94,219.42,0.16511,-1,-1,-1
491,370,1603.24,409.98,169.45,432.57,0.73533,-1,-1,-1
491,3,1370.01,399.21,258.07,670.99,0.67100,-1,-1,-1
491,202,1212.61,417.46,175.33,594.73,0.80761,-1,-1,-1
491,301,820.93,436.33,110.75,288.42,0.52506,-1,-1,-1
491,317,652.82,434.95,110.07,263.90,0.78925,-1,-1,-1
491,406,324.29,482.24,95.42,199.96,0.47863,-1,-1,-1
491,418,1373.08,418.92,90.91,473.78,0.55067,-1,-1,-1
491,286,934.20,437.10,91.17,241.67,0.59355,-1,-1,-1
491,428,564.20,441.90,34.87,87.90,0.34131,-1,-1,-1
491,331,725.80,444.24,43.09,131.54,0.36939,-1,-1,-1
492,373,1850.60,447.03,69.40,205.00,0.19693,-1,-1,-1
492,370,1609.02,410.07,165.93,436.95,0.70965,-1,-1,-1
492,3,1390.14,395.00,262.83,668.50,0.42529,-1,-1,-1
492,202,1214.22,414.39,177.73,596.36,0.81566,-1,-1,-1
492,301,822.62,441.93,111.95,283.13,0.66853,-1,-1,-1
492,317,653.61,433.40,112.43,266.96,0.76433,-1,-1,-1
492,406,316.13,482.33,95.81,200.87,0.52270,-1,-1,-1
492,418,1380.67,413.90,92.88,469.65,0.52565,-1,-1,-1
492,286,943.36,439.17,88.29,239.02,0.62410,-1,-1,-1
492,428,564.47,440.69,35.27,89.45,0.36178,-1,-1,-1
492,432,416.49,475.43,47.39,94.55,0.40071,-1,-1,-1
492,331,724.84,444.29,43.79,131.89,0.34664,-1,-1,-1
493,373,1850.13,444.07,69.87,208.33,0.22421,-1,-1,-1
493,370,1616.51,410.22,161.28,435.08,0.64013,-1,-1,-1
493,3,1372.63,390.57,260.97,670.68,0.47340,-1,-1,-1
493,202,1215.87,416.48,179.16,594.01,0.82904,-1,-1,-1
493,301,823.88,445.06,113.43,279.31,0.68808,-1,-1,-1
493,317,655.90,439.24,111.43,262.53,0.77292,-1,-1,-1
493,406,309.99,486.53,93.78,194.22,0.48794,-1,-1,-1
493,418,1384.51,411.09,98.22,486.94,0.53880,-1,-1,-1
493,286,950.08,439.94,87.06,239.21,0.70626,-1,-1,-1
493,428,563.52,439.05,36.25,92.13,0.32948,-1,-1,-1
493,432,416.26,475.23,47.65,95.02,0.32762,-1,-1,-1
493,331,726.40,444.13,42.90,130.38,0.37128,-1,-1,-1
494,373,1847.39,430.89,72.61,221.64,0.18487,-1,-1,-1
494,370,1626.45,410.33,151.02,410.65,0.67203,-1,-1,-1
494,3,1387.89,388.72,261.84,663.43,0.49887,-1,-1,-1
494,202,1218.63,419.72,181.00,590.71,0.82806,-1,-1,-1
494,301,824.00,445.69,116.28,279.50,0.71108,-1,-1,-1
494,317,658.11,441.34,111.42,260.67,0.78277,-1,-1,-1
494,406,304.19,479.07,97.56,200.86,0.37846,-1,-1,-1
494,418,1387.05,408.46,105.38,515.95,0.61731,-1,-1,-1
494,286,953.25,441.16,86.21,238.77,0.65626,-1,-1,-1
494,428,563.80,439.28,36.27,92.48,0.30947,-1,-1,-1
494,432,415.34,474.47,48.46,96.61,0.26447,-1,-1,-1
494,331,726.96,445.31,42.29,129.80,0.26268,-1,-1,-1
495,370,1634.31,406.92,162.55,442.08,0.69372,-1,-1,-1
495,3,1388.55,384.68,264.31,664.61,0.44531,-1,-1,-1
495,202,1221.39,421.03,184.05,590.18,0.81448,-1,-1,-1
495,301,826.57,443.75,118.49,281.10,0.68332,-1,-1,-1
495,317,657.51,438.49,112.96,263.36,0.76284,-1,-1,-1
495,406,293.40,474.02,103.56,214.98,0.31514,-1,-1,-1
495,418,1385.79,407.02,112.12,543.84,0.57242,-1,-1,-1
495,286,960.33,441.58,86.91,239.41,0.66325,-1,-1,-1
495,428,563.94,440.52,36.25,92.59,0.32239,-1,-1,-1
495,432,414.37,474.48,48.93,97.70,0.28232,-1,-1,-1
496,370,1648.24,404.72,156.43,417.76,0.48819,-1,-1,-1
496,3,1391.57,377.38,272.24,684.72,0.56978,-1,-1,-1
496,202,1223.38,420.37,187.86,591.34,0.83245,-1,-1,-1
496,301,828.13,441.78,120.95,284.39,0.70183,-1,-1,-1
496,317,658.23,437.95,113.33,263.93,0.78641,-1,-1,-1
496,406,284.44,463.14,106.00,224.35,0.35803,-1,-1,-1
496,418,1388.96,410.71,116.33,558.31,0.64836,-1,-1,-1
496,286,965.90,442.58,88.76,239.14,0.72966,-1,-1,-1
496,428,565.39,441.23,35.82,92.09,0.38747,-1,-1,-1
496,432,414.05,473.93,48.59,97.02,0.16410,-1,-1,-1
497,370,1641.83,405.50,168.07,454.44,0.80006,-1,-1,-1
497,3,1400.99,377.35,276.77,692.47,0.65308,-1,-1,-1
497,202,1225.02,420.48,191.13,590.72,0.85276,-1,-1,-1
497,301,831.64,442.56,121.50,285.21,0.73420,-1,-1,-1
497,317,660.57,434.97,113.82,267.16,0.77610,-1,-1,-1
497,406,264.69,467.83,107.13,224.23,0.44622,-1,-1,-1
497,418,1401.39,415.85,106.84,496.60,0.65430,-1,-1,-1
497,286,971.76,442.21,91.33,239.82,0.72809,-1,-1,-1
497,428,566.01,441.81,35.34,91.40,0.36812,-1,-1,-1
497,432,413.19,473.16,49.10,98.41,0.17299,-1,-1,-1
498,370,1646.34,408.56,170.01,463.09,0.74185,-1,-1,-1
498,3,1410.77,376.79,277.05,693.94,0.64975,-1,-1,-1
498,202,1227.01,418.28,194.60,593.01,0.84727,-1,-1,-1
498,301,837.09,443.63,120.13,283.35,0.68125,-1,-1,-1
498,317,663.55,432.90,113.21,269.33,0.77227,-1,-1,-1
498,406,258.72,474.70,107.47,223.85,0.45729,-1,-1,-1
498,418,1403.11,413.35,113.87,519.55,0.65213,-1,-1,-1
498,286,976.81,440.47,94.18,241.72,0.73801,-1,-1,-1
498,428,566.15,441.38,35.47,92.15,0.39024,-1,-1,-1
498,432,413.38,473.08,48.93,98.48,0.19527,-1,-1,-1
499,370,1661.84,406.88,175.45,469.20,0.85216,-1,-1,-1
499,3,1420.11,377.80,276.18,693.85,0.66674,-1,-1,-1
499,202,1229.34,415.76,197.01,596.24,0.83606,-1,-1,-1
499,301,844.78,443.26,118.72,284.71,0.70004,-1,-1,-1
499,317,666.96,435.25,110.46,266.01,0.76693,-1,-1,-1
499,406,247.50,480.54,106.35,220.33,0.54954,-1,-1,-1
499,418,1405.50,408.04,119.09,531.68,0.65573,-1,-1,-1
499,286,980.96,440.55,96.96,242.33,0.69787,-1,-1,-1
499,428,566.16,441.93,35.08,91.77,0.39728,-1,-1,-1
499,432,413.13,473.36,48.70,98.65,0.22637,-1,-1,-1
499,373,1847.85,434.47,72.15,218.14,0.27296,-1,-1,-1
500,370,1673.89,410.70,180.33,473.19,0.84271,-1,-1,-1
500,3,1437.66,378.00,274.29,693.19,0.58021,-1,-1,-1
500,202,1234.11,416.55,197.76,596.04,0.78883,-1,-1,-1
500,301,848.48,440.02,117.87,286.74,0.65918,-1,-1,-1
500,317,669.25,433.86,109.45,267.09,0.74727,-1,-1,-1
500,406,236.07,481.27,106.77,222.78,0.60908,-1,-1,-1
500,418,1405.04,409.01,125.29,544.80,0.67655,-1,-1,-1
500,286,981.50,442.79,98.48,240.35,0.68072,-1,-1,-1
500,428,567.05,442.37,34.60,91.22,0.33579,-1,-1,-1
500,432,413.01,472.70,48.77,99.55,0.23927,-1,-1,-1
500,373,1849.80,437.44,70.20,216.21,0.26160,-1,-1,-1
501,370,1689.07,415.32,184.24,472.45,0.85335,-1,-1,-1
501,3,1472.19,375.19,241.39,611.85,0.61210,-1,-1,-1
501,202,1241.42,414.97,198.44,598.34,0.79198,-1,-1,-1
501,301,851.98,438.30,116.78,287.61,0.69945,-1,-1,-1
501,317,673.91,433.69,107.33,266.41,0.68517,-1,-1,-1
501,406,226.74,481.23,106.79,222.35,0.62722,-1,-1,-1
501,418,1407.15,411.64,127.59,543.88,0.68435,-1,-1,-1
501,286,981.13,450.88,97.60,232.09,0.70686,-1,-1,-1
501,428,568.97,444.72,33.40,89.08,0.31771,-1,-1,-1
501,432,412.60,471.13,49.00,100.74,0.22593,-1,-1,-1
501,373,1851.86,432.78,68.14,219.99,0.21373,-1,-1,-1
502,370,1698.09,415.35,187.89,474.79,0.84432,-1,-1,-1
502,3,1480.12,376.37,257.01,662.33,0.61698,-1,-1,-1
502,202,1251.46,415.03,198.21,599.55,0.79681,-1,-1,-1
502,301,855.93,439.67,115.27,286.51,0.65632,-1,-1,-1
502,317,681.03,435.34,103.89,263.70,0.67736,-1,-1,-1
502,406,220.98,483.42,106.45,219.47,0.60116,-1,-1,-1
502,418,1404.72,407.48,133.29,554.88,0.71291,-1,-1,-1
502,286,981.19,451.08,99.07,231.82,0.73363,-1,-1,-1
502,428,570.60,448.78,31.43,84.51,0.30313,-1,-1,-1
502,432,412.31,469.75,49.13,101.83,0.20953,-1,-1,-1
502,373,1855.85,426.76,64.15,225.02,0.16666,-1,-1,-1
502,438,0.00,898.93,138.92,180.28,0.36035,-1,-1,-1
503,370,1703.58,413.36,192.51,481.48,0.85540,-1,-1,-1
503,3,1487.63,374.38,259.61,681.66,0.72574,-1,-1,-1
503,202,1266.77,411.61,197.21,605.31,0.76692,-1,-1,-1
503,301,862.27,440.13,114.10,285.73,0.67341,-1,-1,-1
503,317,683.46,434.64,102.92,265.10,0.69617,-1,-1,-1
503,406,208.65,481.61,112.29,230.19,0.53594,-1,-1,-1
503,418,1402.55,410.07,137.19,555.90,0.62066,-1,-1,-1
503,286,984.06,448.21,100.75,234.63,0.71963,-1,-1,-1
503,428,570.48,447.52,31.84,86.57,0.35034,-1,-1,-1
503,438,0.00,913.60,123.98,166.14,0.40848,-1,-1,-1
503,439,0.00,651.63,114.42,423.31,0.53590,-1,-1,-1
504,370,1708.23,411.32,198.87,492.98,0.86562,-1,-1,-1
504,3,1497.03,372.99,258.62,690.62,0.70024,-1,-1,-1
504,202,1279.03,412.00,194.65,607.08,0.80435,-1,-1,-1
504,301,869.38,440.44,113.07,284.74,0.56962,-1,-1,-1
504,317,686.26,435.27,101.50,265.12,0.68675,-1,-1,-1
504,406,194.23,481.88,114.91,235.00,0.64603,-1,-1,-1
504,418,1404.99,410.59,140.24,556.33,0.69732,-1,-1,-1
504,286,988.32,447.97,100.13,234.87,0.65970,-1,-1,-1
504,428,570.34,447.08,31.87,87.58,0.40394,-1,-1,-1
504,438,0.00,930.79,105.73,147.73,0.34945,-1,-1,-1
505,370,1713.42,408.44,202.45,500.98,0.88508,-1,-1,-1
505,3,1505.83,373.05,257.73,698.23,0.76830,-1,-1,-1
505,202,1287.78,410.73,193.61,613.37,0.82824,-1,-1,-1
505,301,882.60,442.85,112.33,281.16,0.58350,-1,-1,-1
505,317,688.76,436.66,100.39,264.51,0.78226,-1,-1,-1
505,406,181.50,482.27,115.03,236.01,0.60287,-1,-1,-1
505,418,1412.95,420.94,140.22,548.00,0.66243,-1,-1,-1
505,286,995.19,453.85,96.32,229.30,0.64433,-1,-1,-1
505,428,570.57,448.78,31.06,85.95,0.40428,-1,-1,-1
505,438,0.00,952.70,86.44,125.62,0.15774,-1,-1,-1
505,269,862.72,427.32,71.62,279.39,0.46169,-1,-1,-1
506,370,1718.35,403.80,201.65,507.42,0.88518,-1,-1,-1
506,3,1511.13,372.23,255.13,701.50,0.75705,-1,-1,-1
506,202,1294.18,411.39,193.53,623.03,0.79345,-1,-1,-1
506,301,897.42,449.04,110.50,273.72,0.65283,-1,-1,-1
506,317,693.90,435.39,100.12,266.45,0.74329,-1,-1,-1
506,406,168.23,483.89,114.26,234.36,0.65482,-1,-1,-1
506,418,1431.89,422.99,135.66,534.79,0.70622,-1,-1,-1
506,286,1003.48,459.06,92.26,223.59,0.62673,-1,-1,-1
506,428,570.74,448.23,30.90,85.96,0.41016,-1,-1,-1
506,438,0.00,981.34,66.05,96.99,0.15947,-1,-1,-1
506,269,866.04,417.56,72.66,286.49,0.58558,-1,-1,-1
507,370,1725.89,400.23,194.11,513.04,0.87654,-1,-1,-1
507,3,1516.53,374.46,252.03,701.35,0.74124,-1,-1,-1
507,202,1299.21,412.14,193.04,632.14,0.81169,-1,-1,-1
507,301,904.80,450.78,110.59,270.96,0.67021,-1,-1,-1
507,317,699.81,435.44,99.87,266.22,0.72356,-1,-1,-1
507,406,152.25,482.40,117.94,242.51,0.67762,-1,-1,-1
507,418,1439.84,419.07,135.90,541.82,0.69529,-1,-1,-1
507,286,1010.01,452.73,93.05,228.99,0.53390,-1,-1,-1
507,428,570.99,447.23,31.01,87.00,0.39421,-1,-1,-1
507,269,867.28,414.67,72.50,288.75,0.60530,-1,-1,-1
508,370,1731.90,398.03,188.10,514.95,0.84596,-1,-1,-1
508,3,1520.94,373.99,249.61,699.57,0.74685,-1,-1,-1
508,202,1311.28,414.88,194.10,637.86,0.77546,-1,-1,-1
508,301,911.40,452.35,112.70,269.22,0.71026,-1,-1,-1
508,317,708.94,435.73,98.44,264.56,0.68484,-1,-1,-1
508,406,139.79,483.30,119.29,244.69,0.67133,-1,-1,-1
508,418,1447.76,413.87,133.49,537.81,0.67459,-1,-1,-1
508,286,1016.65,450.03,91.46,230.32,0.53312,-1,-1,-1
508,428,570.21,446.83,31.25,88.23,0.43873,-1,-1,-1
508,269,868.02,413.02,71.72,287.07,0.60573,-1,-1,-1
509,370,1737.81,396.33,182.19,514.48,0.79115,-1,-1,-1
509,3,1522.79,373.97,246.05,695.33,0.70098,-1,-1,-1
509,202,1325.50,413.70,197.29,643.97,0.82789,-1,-1,-1
509,301,912.81,448.96,117.15,274.37,0.73714,-1,-1,-1
509,317,714.76,437.99,97.71,262.27,0.67169,-1,-1,-1
509,406,127.81,479.33,119.77,245.52,0.67089,-1,-1,-1
509,418,1453.62,407.90,136.76,558.53,0.58788,-1,-1,-1
509,286,1023.51,460.85,84.96,218.26,0.49336,-1,-1,-1
509,428,569.98,446.36,31.43,89.11,0.42955,-1,-1,-1
509,269,870.75,419.46,69.48,280.92,0.58763,-1,-1,-1
510,370,1749.70,393.64,170.30,504.01,0.82421,-1,-1,-1
510,3,1540.72,375.84,246.79,698.08,0.61367,-1,-1,-1
510,202,1335.13,413.37,200.48,645.12,0.84061,-1,-1,-1
510,301,911.40,446.80,120.52,277.98,0.75131,-1,-1,-1
510,317,719.87,436.27,99.96,263.88,0.70451,-1,-1,-1
510,406,111.95,477.46,121.57,247.87,0.66343,-1,-1,-1
510,418,1460.08,405.44,137.87,570.30,0.70836,-1,-1,-1
510,286,1030.79,465.36,81.08,210.53,0.49694,-1,-1,-1
510,428,569.54,445.62,31.25,88.95,0.43431,-1,-1,-1
510,269,872.70,413.91,69.90,284.74,0.58841,-1,-1,-1
511,370,1758.84,393.82,161.16,497.50,0.80737,-1,-1,-1
511,3,1550.84,371.25,251.33,704.01,0.71802,-1,-1,-1
511,202,1340.35,414.66,204.47,645.59,0.83852,-1,-1,-1
511,301,914.04,446.52,124.11,278.90,0.76291,-1,-1,-1
511,317,722.40,438.28,100.80,261.63,0.72512,-1,-1,-1
511,406,99.71,477.10,123.67,251.52,0.55838,-1,-1,-1
511,418,1468.02,405.29,133.92,559.28,0.66747,-1,-1,-1
511,286,1034.14,461.82,81.83,213.36,0.54580,-1,-1,-1
511,428,569.61,446.01,30.86,88.11,0.46671,-1,-1,-1
511,269,874.73,421.23,67.80,275.23,0.49409,-1,-1,-1
512,370,1764.86,393.80,155.14,498.01,0.80647,-1,-1,-1
512,3,1546.45,373.76,246.43,694.74,0.57644,-1,-1,-1
512,202,1340.86,417.71,208.03,644.72,0.84510,-1,-1,-1
512,301,913.66,444.44,127.78,281.30,0.75782,-1,-1,-1
512,317,724.12,437.19,102.03,262.02,0.73900,-1,-1,-1
512,406,90.43,494.00,119.88,238.31,0.21372,-1,-1,-1
512,418,1472.61,407.71,129.13,542.20,0.63937,-1,-1,-1
512,286,1038.98,456.27,84.69,220.47,0.60526,-1,-1,-1
512,428,569.97,446.78,30.42,87.21,0.45656,-1,-1,-1
512,269,876.09,414.82,69.80,281.17,0.56195,-1,-1,-1
512,413,1095.03,432.92,66.18,156.57,0.40331,-1,-1,-1
513,370,1773.86,390.87,146.14,507.89,0.79842,-1,-1,-1
513,3,1557.37,372.68,223.04,622.46,0.48156,-1,-1,-1
513,202,1340.85,418.56,212.74,647.41,0.84713,-1,-1,-1
513,301,913.28,443.99,130.58,281.85,0.75080,-1,-1,-1
513,317,726.36,436.47,103.88,262.97,0.74245,-1,-1,-1
513,406,72.41,482.73,127.72,251.67,0.60314,-1,-1,-1
513,418,1475.50,412.07,130.15,551.01,0.65347,-1,-1,-1
513,286,1043.09,448.04,88.37,229.21,0.60519,-1,-1,-1
513,428,569.95,446.23,30.49,87.79,0.47668,-1,-1,-1
513,269,877.68,413.08,71.01,283.66,0.51469,-1,-1,-1
513,413,1097.10,442.48,61.43,148.86,0.33667,-1,-1,-1
514,370,1780.03,390.44,139.97,512.18,0.80359,-1,-1,-1
514,3,1563.86,371.74,213.63,592.26,0.56695,-1,-1,-1
514,202,1340.17,418.70,216.73,648.52,0.84343,-1,-1,-1
514,301,913.37,444.34,132.47,280.80,0.70154,-1,-1,-1
514,317,727.89,439.02,103.43,259.03,0.74777,-1,-1,-1
514,406,56.52,478.63,131.51,256.75,0.65658,-1,-1,-1
514,418,1481.79,415.46,126.72,538.64,0.59390,-1,-1,-1
514,286,1047.57,445.69,90.53,231.34,0.62265,-1,-1,-1
514,428,569.74,446.00,30.36,87.52,0.52614,-1,-1,-1
514,269,879.77,412.84,71.84,284.66,0.50960,-1,-1,-1
514,413,1098.44,444.00,59.71,146.77,0.30467,-1,-1,-1
514,456,694.84,453.89,39.29,120.39,0.34599,-1,-1,-1
515,370,1787.61,388.92,132.39,517.45,0.79302,-1,-1,-1
515,3,1565.87,372.05,238.49,661.16,0.52835,-1,-1,-1
515,202,1339.86,418.07,220.57,650.15,0.84404,-1,-1,-1
515,301,913.92,443.49,134.70,280.86,0.74344,-1,-1,-1
515,317,730.11,439.17,103.57,257.37,0.72520,-1,-1,-1
515,406,43.24,477.87,134.08,259.38,0.69986,-1,-1,-1
515,418,1489.78,415.44,124.09,525.08,0.52079,-1,-1,-1
515,286,1052.14,449.14,90.92,228.12,0.67820,-1,-1,-1
515,428,569.58,446.11,30.44,87.70,0.48382,-1,-1,-1
515,269,878.68,417.84,71.11,280.04,0.57672,-1,-1,-1
515,413,1098.87,449.31,57.39,141.50,0.28044,-1,-1,-1
515,456,693.01,451.80,40.53,124.33,0.46171,-1,-1,-1
516,370,1792.14,387.70,127.86,525.24,0.75775,-1,-1,-1
516,3,1574.83,374.06,247.28,676.09,0.60703,-1,-1,-1
516,202,1340.08,421.47,223.58,648.54,0.83073,-1,-1,-1
516,301,914.65,439.41,137.07,282.73,0.75989,-1,-1,-1
516,317,732.91,436.34,104.54,259.27,0.74861,-1,-1,-1
516,406,28.82,478.39,136.06,260.39,0.70552,-1,-1,-1
516,418,1497.98,415.06,122.80,516.15,0.41718,-1,-1,-1
516,286,1053.70,449.77,90.86,226.11,0.57777,-1,-1,-1
516,428,569.22,445.68,31.01,89.23,0.50260,-1,-1,-1
516,269,880.44,417.96,72.60,282.58,0.56929,-1,-1,-1
516,413,1101.52,452.84,55.89,139.87,0.29085,-1,-1,-1
516,456,691.15,449.82,41.20,126.64,0.48930,-1,-1,-1
517,370,1801.48,390.64,118.52,517.31,0.69835,-1,-1,-1
517,3,1582.93,376.91,253.33,686.65,0.43241,-1,-1,-1
517,202,1340.78,423.71,226.68,646.79,0.82058,-1,-1,-1
517,301,915.29,437.89,138.55,284.20,0.76911,-1,-1,-1
517,317,736.42,438.83,103.43,255.84,0.72906,-1,-1,-1
517,406,21.81,489.25,132.41,249.59,0.58032,-1,-1,-1
517,418,1505.57,411.13,122.05,508.53,0.39958,-1,-1,-1
517,286,1054.78,449.87,91.90,226.30,0.55390,-1,-1,-1
517,428,568.33,444.69,31.64,90.99,0.47186,-1,-1,-1
517,269,883.59,422.54,73.44,280.94,0.57991,-1,-1,-1
517,413,1102.29,445.29,58.01,147.54,0.34334,-1,-1,-1
517,456,686.60,446.33,42.36,130.00,0.49038,-1,-1,-1
518,370,1809.60,393.24,110.40,514.14,0.66306,-1,-1,-1
518,3,1586.33,377.83,256.68,690.84,0.42324,-1,-1,-1
518,202,1343.18,419.80,231.01,649.78,0.82035,-1,-1,-1
518,301,916.32,435.63,140.15,286.94,0.78668,-1,-1,-1
518,317,738.82,433.82,104.42,259.72,0.78014,-1,-1,-1
518,406,9.10,483.26,137.33,256.63,0.68314,-1,-1,-1
518,418,1503.89,411.31,141.38,597.57,0.36133,-1,-1,-1
518,286,1056.31,457.26,90.84,219.82,0.57138,-1,-1,-1
518,428,569.39,446.15,30.94,89.03,0.45354,-1,-1,-1
518,269,882.12,418.25,75.23,286.19,0.61817,-1,-1,-1
518,413,1105.69,441.15,58.55,150.91,0.21271,-1,-1,-1
518,456,683.87,447.61,41.47,126.63,0.44717,-1,-1,-1
519,370,1820.15,393.62,99.85,497.50,0.52477,-1,-1,-1
519,3,1597.34,380.36,262.07,690.33,0.65672,-1,-1,-1
519,202,1344.47,420.49,233.43,648.29,0.79502,-1,-1,-1
519,301,919.23,439.19,137.92,281.53,0.65545,-1,-1,-1
519,317,741.86,432.65,104.12,260.08,0.77203,-1,-1,-1
519,406,3.06,488.27,136.13,252.05,0.61471,-1,-1,-1
519,418,1506.33,412.55,146.32,629.90,0.46885,-1,-1,-1
519,286,1055.07,451.41,94.10,226.16,0.53411,-1,-1,-1
519,428,570.33,448.97,30.06,86.51,0.46108,-1,-1,-1
519,269,883.17,428.17,72.72,273.48,0.59299,-1,-1,-1
519,413,1105.17,441.52,57.62,151.12,0.28765,-1,-1,-1
519,456,680.83,447.44,41.61,126.37,0.54976,-1,-1,-1
520,3,1583.82,380.34,261.17,691.82,0.55184,-1,-1,-1
520,202,1345.10,418.75,235.82,649.81,0.78254,-1,-1,-1
520,301,927.87,443.94,135.11,276.11,0.65762,-1,-1,-1
520,317,745.34,430.81,103.11,260.34,0.72824,-1,-1,-1
520,406,0.00,482.50,141.05,261.01,0.53564,-1,-1,-1
520,418,1521.17,417.10,131.65,561.47,0.44752,-1,-1,-1
520,286,1055.23,454.46,93.61,222.91,0.56770,-1,-1,-1
520,428,570.64,449.38,29.99,86.47,0.42507,-1,-1,-1
520,269,884.66,433.32,71.69,266.57,0.63935,-1,-1,-1
520,413,1107.78,436.90,58.53,155.12,0.17738,-1,-1,-1
520,456,680.85,447.90,41.31,124.97,0.54836,-1,-1,-1
521,3,1602.87,380.96,266.67,687.00,0.61214,-1,-1,-1
521,202,1345.42,416.03,237.33,651.75,0.82731,-1,-1,-1
521,301,934.16,444.76,133.98,275.06,0.63284,-1,-1,-1
521,317,750.09,430.91,101.36,259.66,0.74249,-1,-1,-1
521,406,0.00,480.86,134.39,267.18,0.49472,-1,-1,-1
521,418,1531.37,419.09,126.88,534.13,0.49915,-1,-1,-1
521,286,1053.23,443.44,98.09,234.22,0.62124,-1,-1,-1
521,428,571.49,452.37,28.75,82.65,0.42581,-1,-1,-1
521,269,885.45,432.65,72.79,267.61,0.63367,-1,-1,-1
521,413,1109.29,436.34,57.79,155.28,0.19461,-1,-1,-1
521,456,680.33,449.98,40.82,123.23,0.51291,-1,-1,-1
522,3,1633.26,378.51,243.48,606.69,0.62724,-1,-1,-1
522,202,1349.85,413.27,239.01,653.75,0.80229,-1,-1,-1
522,301,941.88,442.18,133.42,277.27,0.67034,-1,-1,-1
522,317,756.84,432.54,97.90,256.11,0.71501,-1,-1,-1
522,406,0.00,478.15,123.12,269.05,0.49664,-1,-1,-1
522,418,1538.45,417.05,129.34,537.22,0.48868,-1,-1,-1
522,286,1054.19,443.22,98.11,234.57,0.62410,-1,-1,-1
522,428,572.44,454.13,28.08,80.61,0.37880,-1,-1,-1
522,269,885.42,432.01,74.42,269.16,0.64259,-1,-1,-1
522,456,678.83,448.97,41.39,124.38,0.55854,-1,-1,-1
523,3,1617.32,379.29,272.31,664.10,0.60214,-1,-1,-1
523,202,1354.78,412.39,239.97,655.09,0.73126,-1,-1,-1
523,301,944.30,442.30,131.97,278.33,0.68130,-1,-1,-1
523,317,759.96,432.88,97.11,256.47,0.71691,-1,-1,-1
523,406,0.00,502.74,114.32,251.26,0.35927,-1,-1,-1
523,418,1547.48,413.44,133.08,543.31,0.51815,-1,-1,-1
523,286,1056.87,452.66,94.80,225.22,0.64435,-1,-1,-1
523,428,572.72,454.10,28.25,80.97,0.40022,-1,-1,-1
523,269,886.34,422.96,78.60,279.90,0.64823,-1,-1,-1
523,456,676.94,448.37,42.13,125.77,0.59246,-1,-1,-1
524,3,1613.25,375.63,285.22,684.36,0.79764,-1,-1,-1
524,202,1362.00,411.49,239.49,655.41,0.71304,-1,-1,-1
524,301,952.64,443.08,128.35,276.65,0.62369,-1,-1,-1
524,317,763.37,431.36,97.06,258.47,0.73898,-1,-1,-1
524,406,0.00,519.76,98.49,240.26,0.23004,-1,-1,-1
524,418,1553.14,412.26,137.39,556.60,0.47933,-1,-1,-1
524,286,1059.89,455.81,93.48,221.69,0.60848,-1,-1,-1
524,428,573.50,453.99,28.68,82.02,0.40899,-1,-1,-1
524,269,886.71,419.59,81.13,283.41,0.66334,-1,-1,-1
524,456,675.90,448.59,42.20,124.93,0.61003,-1,-1,-1
525,3,1612.21,371.14,293.77,697.68,0.68241,-1,-1,-1
525,202,1372.93,411.27,237.91,656.74,0.72234,-1,-1,-1
525,301,957.70,444.01,124.88,275.75,0.65760,-1,-1,-1
525,317,764.82,430.45,97.04,259.46,0.74859,-1,-1,-1
525,418,1552.59,409.49,144.49,580.25,0.59207,-1,-1,-1
525,286,1062.95,459.52,92.80,218.66,0.62891,-1,-1,-1
525,428,573.96,452.50,28.87,82.41,0.44206,-1,-1,-1
525,269,890.06,413.49,84.10,291.15,0.65325,-1,-1,-1
525,456,675.45,451.17,41.36,121.72,0.63086,-1,-1,-1
525,462,713.36,450.36,37.15,89.31,0.38538,-1,-1,-1
526,3,1611.19,363.67,300.02,707.86,0.81586,-1,-1,-1
526,202,1388.11,410.68,233.58,654.23,0.67545,-1,-1,-1
526,301,965.67,444.89,120.89,277.17,0.65813,-1,-1,-1
526,317,767.60,434.27,95.78,255.19,0.71757,-1,-1,-1
526,418,1555.47,409.13,147.66,587.39,0.57697,-1,-1,-1
526,286,1066.81,461.91,92.06,215.35,0.63448,-1,-1,-1
526,428,574.19,451.65,29.04,82.55,0.40920,-1,-1,-1
526,269,895.11,411.74,84.99,294.39,0.67540,-1,-1,-1
526,456,673.72,451.12,41.71,121.12,0.58337,-1,-1,-1
526,462,713.37,450.31,37.00,89.10,0.41078,-1,-1,-1
527,3,1611.15,366.16,301.41,706.48,0.69717,-1,-1,-1
527,202,1404.92,413.02,229.75,653.93,0.75097,-1,-1,-1
527,301,974.58,448.03,115.84,274.63,0.70548,-1,-1,-1
527,317,774.35,435.76,96.52,253.66,0.68964,-1,-1,-1
527,418,1564.82,408.91,148.86,590.36,0.68026,-1,-1,-1
527,286,1071.40,460.05,92.74,215.84,0.62175,-1,-1,-1
527,428,574.08,451.23,29.05,82.48,0.42440,-1,-1,-1
527,269,898.07,408.53,85.76,297.70,0.73611,-1,-1,-1
527,456,672.35,454.06,41.33,117.97,0.58848,-1,-1,-1
527,462,713.22,449.94,36.95,89.23,0.49054,-1,-1,-1
528,3,1614.82,383.12,297.08,689.98,0.73406,-1,-1,-1
528,202,1415.60,412.14,224.99,653.74,0.69205,-1,-1,-1
528,301,980.80,446.11,114.35,278.29,0.71237,-1,-1,-1
528,317,784.98,437.06,95.16,250.80,0.59807,-1,-1,-1
528,418,1575.22,410.17,150.52,590.91,0.71538,-1,-1,-1
528,286,1073.72,454.65,93.78,220.46,0.64132,-1,-1,-1
528,428,574.17,450.69,29.60,83.69,0.42571,-1,-1,-1
528,269,901.57,410.88,84.60,295.64,0.72826,-1,-1,-1
528,456,671.86,455.85,40.96,115.17,0.61247,-1,-1,-1
528,462,713.42,451.09,36.30,87.78,0.49516,-1,-1,-1
529,3,1664.14,384.20,255.86,604.95,0.58225,-1,-1,-1
529,202,1424.71,412.70,221.28,654.72,0.78192,-1,-1,-1
529,301,988.88,443.54,112.82,279.10,0.70679,-1,-1,-1
529,317,792.22,436.21,98.70,251.91,0.62933,-1,-1,-1
529,418,1583.47,411.84,152.17,592.22,0.73112,-1,-1,-1
529,286,1077.15,451.65,92.48,222.36,0.53305,-1,-1,-1
529,428,574.09,450.17,29.99,84.47,0.45601,-1,-1,-1
529,269,907.32,407.08,84.28,299.29,0.73287,-1,-1,-1
529,456,670.72,454.19,42.69,116.99,0.56929,-1,-1,-1
529,462,709.48,450.78,36.05,88.13,0.49212,-1,-1,-1
530,3,1684.37,371.19,235.63,585.16,0.59005,-1,-1,-1
530,202,1431.60,413.91,217.51,654.59,0.79355,-1,-1,-1
530,301,995.28,440.66,111.51,279.25,0.71668,-1,-1,-1
530,317,797.31,435.23,99.93,252.01,0.68571,-1,-1,-1
530,418,1586.18,411.96,154.15,596.08,0.67848,-1,-1,-1
530,286,1081.70,448.80,91.40,225.56,0.56506,-1,-1,-1
530,428,573.82,449.18,30.61,86.14,0.45920,-1,-1,-1
530,269,911.12,404.63,83.68,301.82,0.75484,-1,-1,-1
530,456,668.37,454.71,43.15,115.95,0.56877,-1,-1,-1
530,462,708.37,450.20,35.79,88.34,0.43866,-1,-1,-1
531,3,1691.74,366.45,228.26,575.25,0.50081,-1,-1,-1
531,202,1439.03,413.42,215.09,653.97,0.80993,-1,-1,-1
531,301,1002.14,442.60,109.56,276.06,0.77519,-1,-1,-1
531,317,794.90,434.46,101.79,252.86,0.75356,-1,-1,-1
531,418,1590.36,413.40,155.40,599.09,0.71995,-1,-1,-1
531,286,1084.42,450.52,89.61,225.46,0.58456,-1,-1,-1
531,428,573.27,448.56,31.23,87.87,0.46701,-1,-1,-1
531,269,914.11,402.93,83.18,303.95,0.76353,-1,-1,-1
531,456,666.57,454.58,43.10,114.33,0.54870,-1,-1,-1
531,462,709.32,450.22,35.75,89.06,0.39976,-1,-1,-1
532,3,1655.60,365.99,264.40,662.43,0.77901,-1,-1,-1
532,202,1447.15,412.45,214.46,654.64,0.79683,-1,-1,-1
532,301,1007.43,443.48,109.33,275.22,0.80309,-1,-1,-1
532,317,796.00,435.21,103.07,252.27,0.75416,-1,-1,-1
532,418,1593.68,410.62,159.59,612.24,0.75353,-1,-1,-1
532,286,1085.27,451.88,86.51,224.39,0.51711,-1,-1,-1
532,428,572.38,448.12,31.68,88.96,0.48309,-1,-1,-1
532,269,918.29,401.80,82.39,303.64,0.72982,-1,-1,-1
532,456,664.86,452.61,43.93,116.73,0.54646,-1,-1,-1
532,462,710.90,450.62,35.56,89.44,0.41315,-1,-1,-1
533,3,1651.00,366.29,269.00,694.52,0.82474,-1,-1,-1
533,202,1453.55,411.54,214.51,654.88,0.82427,-1,-1,-1
533,301,1008.70,444.95,109.40,273.00,0.76027,-1,-1,-1
533,317,798.42,435.47,103.76,251.87,0.74121,-1,-1,-1
533,418,1601.84,407.99,163.85,622.89,0.77092,-1,-1,-1
533,286,1088.35,447.19,86.88,230.84,0.55911,-1,-1,-1
533,428,573.08,447.08,32.22,90.18,0.39154,-1,-1,-1
533,269,921.23,403.04,82.09,302.13,0.70786,-1,-1,-1
533,456,662.76,452.22,43.95,117.74,0.55876,-1,-1,-1
533,462,712.45,452.19,34.64,88.40,0.37837,-1,-1,-1
534,3,1682.04,368.26,237.96,651.83,0.66695,-1,-1,-1
534,202,1456.13,410.99,214.70,655.50,0.83348,-1,-1,-1
534,301,1014.64,448.75,110.40,270.09,0.71568,-1,-1,-1
534,317,804.58,435.97,104.65,251.43,0.76414,-1,-1,-1
534,418,1609.61,410.94,165.71,618.09,0.75041,-1,-1,-1
534,286,1087.82,447.55,85.16,230.44,0.56757,-1,-1,-1
534,428,575.38,447.30,32.50,90.22,0.41938,-1,-1,-1
534,269,922.65,406.17,82.29,300.31,0.72375,-1,-1,-1
534,456,660.54,451.04,44.00,118.48,0.60983,-1,-1,-1
534,462,712.49,452.33,34.20,88.51,0.41584,-1,-1,-1
535,3,1683.82,371.82,236.18,685.49,0.62420,-1,-1,-1
535,202,1456.70,411.90,214.39,654.88,0.83233,-1,-1,-1
535,301,1016.30,444.92,115.01,276.84,0.68650,-1,-1,-1
535,317,806.10,437.80,105.52,249.49,0.76577,-1,-1,-1
535,418,1614.69,409.62,166.57,615.63,0.76755,-1,-1,-1
535,286,1093.52,444.86,84.68,231.88,0.45694,-1,-1,-1
535,428,575.90,445.79,33.25,91.74,0.46955,-1,-1,-1
535,269,926.47,421.48,80.25,285.57,0.73827,-1,-1,-1
535,456,659.10,449.99,44.15,119.48,0.64628,-1,-1,-1
535,462,712.26,451.86,33.86,88.80,0.42268,-1,-1,-1
536,3,1697.06,369.04,222.94,701.30,0.80546,-1,-1,-1
536,202,1458.66,413.03,214.59,654.29,0.81863,-1,-1,-1
536,301,1017.94,448.40,115.96,272.75,0.71388,-1,-1,-1
536,317,807.11,436.97,106.49,249.37,0.73355,-1,-1,-1
536,418,1616.79,408.52,169.00,620.26,0.73777,-1,-1,-1
536,286,1097.60,445.17,82.44,229.24,0.38513,-1,-1,-1
536,428,576.92,450.27,32.17,88.18,0.38933,-1,-1,-1
536,269,925.46,426.75,81.24,280.49,0.74132,-1,-1,-1
536,456,658.09,449.65,43.78,119.09,0.56937,-1,-1,-1
536,462,711.51,450.20,34.02,90.35,0.43173,-1,-1,-1
537,3,1710.50,369.85,209.50,706.07,0.80768,-1,-1,-1
537,202,1464.51,414.19,215.77,652.45,0.78573,-1,-1,-1
537,301,1019.07,452.96,116.80,268.09,0.66088,-1,-1,-1
537,317,808.30,436.54,107.45,249.96,0.73466,-1,-1,-1
537,418,1620.90,407.43,171.89,626.49,0.56259,-1,-1,-1
537,286,1102.78,453.79,77.94,220.39,0.46478,-1,-1,-1
537,428,579.18,455.79,30.33,82.75,0.34175,-1,-1,-1
537,269,926.90,433.59,81.30,272.27,0.71062,-1,-1,-1
537,456,657.53,449.67,43.63,119.17,0.60834,-1,-1,-1
537,462,710.37,449.57,33.97,91.08,0.46311,-1,-1,-1
538,3,1720.41,370.26,199.59,708.22,0.81573,-1,-1,-1
538,202,1466.08,413.78,217.33,653.04,0.79702,-1,-1,-1
538,301,1019.11,450.99,119.34,270.24,0.70405,-1,-1,-1
538,317,809.24,435.27,108.81,251.02,0.75362,-1,-1,-1
538,418,1627.23,408.60,173.22,623.94,0.62911,-1,-1,-1
538,286,1101.61,450.49,78.61,225.69,0.47734,-1,-1,-1
538,428,580.42,457.74,29.86,80.97,0.38516,-1,-1,-1
538,269,927.04,428.21,85.19,279.24,0.73813,-1,-1,-1
538,456,656.71,450.76,43.30,118.53,0.58096,-1,-1,-1
538,462,710.33,449.06,33.82,91.03,0.47985,-1,-1,-1
539,3,1731.59,378.85,188.41,700.88,0.79072,-1,-1,-1
539,202,1468.30,413.24,219.14,653.92,0.79808,-1,-1,-1
539,301,1017.55,443.60,123.65,277.72,0.71026,-1,-1,-1
539,317,810.80,434.37,110.27,253.30,0.74950,-1,-1,-1
539,418,1634.35,408.61,174.23,618.18,0.69640,-1,-1,-1
539,286,1106.22,447.18,78.45,229.64,0.42873,-1,-1,-1
539,428,580.87,458.49,29.69,80.01,0.38925,-1,-1,-1
539,269,927.86,425.19,87.70,282.79,0.74619,-1,-1,-1
539,456,655.77,451.67,42.91,117.83,0.57302,-1,-1,-1
539,462,710.86,449.30,33.43,91.23,0.47577,-1,-1,-1
540,3,1743.59,404.10,176.41,673.96,0.79297,-1,-1,-1
540,202,1470.98,414.10,220.39,653.99,0.79231,-1,-1,-1
540,301,1017.00,440.45,126.12,281.53,0.68007,-1,-1,-1
540,317,814.00,433.59,110.11,253.01,0.72799,-1,-1,-1
540,418,1641.39,408.45,174.29,612.34,0.72772,-1,-1,-1
540,286,1106.41,447.74,77.31,230.01,0.38902,-1,-1,-1
540,428,580.09,458.54,30.06,79.99,0.42971,-1,-1,-1
540,269,929.05,424.72,89.82,283.60,0.76980,-1,-1,-1
540,456,653.60,452.88,41.94,116.46,0.61648,-1,-1,-1
540,462,710.08,449.06,33.02,91.74,0.49706,-1,-1,-1
541,3,1748.63,393.15,171.37,686.59,0.77291,-1,-1,-1
541,202,1475.85,412.48,223.64,658.35,0.77152,-1,-1,-1
541,301,1020.22,437.42,127.11,285.20,0.65867,-1,-1,-1
541,317,816.03,432.60,110.63,254.10,0.73873,-1,-1,-1
541,418,1647.40,407.14,176.03,613.53,0.77078,-1,-1,-1
541,286,1109.21,447.68,75.84,230.19,0.45920,-1,-1,-1
541,428,579.40,458.69,30.39,80.07,0.38923,-1,-1,-1
541,269,933.75,420.90,94.01,287.46,0.72111,-1,-1,-1
541,456,652.93,453.68,41.39,116.20,0.55673,-1,-1,-1
541,462,709.95,449.28,32.94,93.10,0.52896,-1,-1,-1
542,3,1756.36,388.29,163.64,691.71,0.73920,-1,-1,-1
542,202,1487.42,411.40,228.24,659.64,0.76314,-1,-1,-1
542,301,1023.67,434.12,126.86,288.08,0.64430,-1,-1,-1
542,317,819.27,433.74,109.96,253.12,0.72499,-1,-1,-1
542,418,1651.55,405.86,178.00,615.62,0.62992,-1,-1,-1
542,286,1112.71,451.67,72.74,224.53,0.50201,-1,-1,-1
542,428,579.76,459.22,30.57,79.73,0.42593,-1,-1,-1
542,269,934.10,415.95,98.37,293.15,0.72814,-1,-1,-1
542,456,653.16,454.45,40.69,115.31,0.56316,-1,-1,-1
542,462,709.96,449.38,33.21,95.40,0.51316,-1,-1,-1
543,3,1764.73,388.37,155.27,691.63,0.67746,-1,-1,-1
543,202,1493.58,411.04,230.22,658.27,0.60218,-1,-1,-1
543,301,1033.01,436.03,123.07,285.12,0.57569,-1,-1,-1
543,317,822.57,432.66,109.34,253.58,0.66395,-1,-1,-1
543,418,1655.77,404.42,179.38,614.69,0.53794,-1,-1,-1
543,286,1115.07,449.25,71.71,226.12,0.38283,-1,-1,-1
543,428,578.76,458.53,31.02,80.36,0.39368,-1,-1,-1
543,269,933.31,421.72,98.28,285.82,0.74314,-1,-1,-1
543,456,653.83,455.38,40.29,114.81,0.59654,-1,-1,-1
543,462,709.96,449.16,33.13,96.25,0.51826,-1,-1,-1
544,3,1787.44,385.27,132.56,610.08,0.67219,-1,-1,-1
544,202,1528.11,411.12,240.11,658.13,0.53993,-1,-1,-1
544,301,1039.43,436.22,120.23,283.89,0.58566,-1,-1,-1
544,317,828.65,433.35,107.28,252.16,0.68312,-1,-1,-1
544,418,1659.10,405.97,176.76,599.03,0.45346,-1,-1,-1
544,286,1117.53,450.16,70.79,226.62,0.34162,-1,-1,-1
544,428,578.46,456.99,31.57,81.37,0.44623,-1,-1,-1
544,269,934.80,431.23,97.77,275.46,0.70779,-1,-1,-1
544,456,653.98,455.18,40.21,114.90,0.62498,-1,-1,-1
544,462,710.26,448.72,32.72,96.11,0.51104,-1,-1,-1
545,3,1809.70,448.44,110.30,519.16,0.51131,-1,-1,-1
545,202,1539.26,410.39,244.22,656.63,0.57060,-1,-1,-1
545,301,1051.28,434.93,118.32,286.04,0.46277,-1,-1,-1
545,317,837.27,435.19,103.65,247.55,0.66802,-1,-1,-1
545,418,1659.11,406.72,182.15,614.42,0.57342,-1,-1,-1
545,286,1119.10,456.19,69.94,223.13,0.29482,-1,-1,-1
545,428,579.09,455.32,32.28,82.99,0.39480,-1,-1,-1
545,269,937.47,432.59,100.17,274.41,0.69977,-1,-1,-1
545,456,655.08,453.30,40.68,115.77,0.59468,-1,-1,-1
545,462,710.66,448.15,32.84,96.90,0.55004,-1,-1,-1
545,484,543.30,456.28,32.01,80.43,0.33610,-1,-1,-1
546,3,1800.92,472.10,119.08,572.68,0.58875,-1,-1,-1
546,202,1528.98,409.83,240.65,656.43,0.54478,-1,-1,-1
546,301,1059.89,435.62,113.39,282.26,0.51842,-1,-1,-1
546,317,848.46,433.96,100.57,246.74,0.70167,-1,-1,-1
546,418,1661.52,406.15,185.16,623.34,0.54547,-1,-1,-1
546,286,1121.69,455.32,70.35,225.82,0.37723,-1,-1,-1
546,428,579.33,452.61,33.01,84.88,0.41712,-1,-1,-1
546,269,940.12,433.23,101.48,272.48,0.70965,-1,-1,-1
546,456,654.93,453.22,40.36,115.14,0.59032,-1,-1,-1
546,462,711.50,448.07,32.75,97.45,0.51863,-1,-1,-1
546,484,542.07,450.78,34.03,85.71,0.39689,-1,-1,-1
547,3,1801.68,490.34,118.32,577.86,0.64698,-1,-1,-1
547,202,1530.77,408.31,236.58,655.47,0.64097,-1,-1,-1
547,301,1078.40,435.05,107.68,272.94,0.45646,-1,-1,-1
547,317,855.16,435.48,96.94,244.48,0.66208,-1,-1,-1
547,418,1668.23,410.67,181.39,607.49,0.65534,-1,-1,-1
547,286,1123.89,452.33,70.11,227.29,0.27324,-1,-1,-1
547,428,579.56,452.38,33.21,85.24,0.47184,-1,-1,-1
547,269,942.13,429.37,104.15,276.86,0.68421,-1,-1,-1
547,456,654.28,454.28,39.71,113.12,0.62205,-1,-1,-1
547,462,711.84,448.30,32.30,97.00,0.50173,-1,-1,-1
547,484,542.34,448.92,34.59,87.40,0.38092,-1,-1,-1
548,3,1802.63,463.33,117.37,614.88,0.52163,-1,-1,-1
548,202,1531.48,408.45,233.84,659.91,0.72175,-1,-1,-1
548,301,1084.58,433.61,107.07,274.72,0.47201,-1,-1,-1
548,317,859.67,435.11,93.91,242.83,0.63250,-1,-1,-1
548,418,1673.60,411.58,181.10,602.54,0.73737,-1,-1,-1
548,286,1124.46,451.95,70.86,231.61,0.17033,-1,-1,-1
548,428,580.41,453.68,32.69,83.52,0.49276,-1,-1,-1
548,269,943.42,427.75,105.65,277.84,0.66115,-1,-1,-1
548,456,653.02,454.06,39.23,112.42,0.67727,-1,-1,-1
548,462,712.36,448.45,31.89,96.80,0.49414,-1,-1,-1
548,484,543.62,448.97,34.45,87.31,0.43645,-1,-1,-1
549,202,1535.52,408.48,229.36,656.53,0.75443,-1,-1,-1
549,301,1077.83,437.11,106.75,279.56,0.40258,-1,-1,-1
549,317,864.50,436.83,92.12,243.36,0.62236,-1,-1,-1
549,418,1679.63,413.05,181.23,601.00,0.71980,-1,-1,-1
549,286,1119.07,443.57,74.68,243.77,0.28774,-1,-1,-1
549,428,580.39,452.17,33.36,85.19,0.44033,-1,-1,-1
549,269,946.73,425.99,105.96,278.24,0.65438,-1,-1,-1
549,456,652.37,454.48,38.65,110.58,0.66871,-1,-1,-1
549,462,713.18,448.41,31.67,96.85,0.55739,-1,-1,-1
549,484,544.29,447.33,34.75,88.45,0.41198,-1,-1,-1
550,202,1538.32,409.09,225.98,655.82,0.77358,-1,-1,-1
550,301,1079.52,436.07,108.12,281.33,0.46153,-1,-1,-1
550,317,869.25,437.63,91.03,243.68,0.62210,-1,-1,-1
550,418,1687.43,407.92,184.69,610.09,0.73440,-1,-1,-1
550,428,580.75,453.11,32.98,84.19,0.45212,-1,-1,-1
550,269,953.21,419.97,107.20,282.71,0.62303,-1,-1,-1
550,456,652.34,455.02,38.07,109.15,0.67134,-1,-1,-1
550,462,714.60,449.90,31.51,96.00,0.51447,-1,-1,-1
550,484,545.17,447.46,34.45,88.06,0.40373,-1,-1,-1
551,202,1543.34,409.71,224.58,658.73,0.77079,-1,-1,-1
551,301,1077.40,437.55,109.62,279.74,0.51199,-1,-1,-1
551,317,871.87,435.75,90.66,246.63,0.64504,-1,-1,-1
551,418,1694.04,405.00,185.61,610.70,0.70881,-1,-1,-1
551,428,580.91,453.75,32.77,83.56,0.51388,-1,-1,-1
551,269,957.77,414.91,107.39,286.26,0.61550,-1,-1,-1
551,456,652.07,455.63,37.74,108.03,0.64575,-1,-1,-1
551,462,714.65,449.83,31.62,96.00,0.53467,-1,-1,-1
551,484,545.97,447.37,34.26,88.07,0.40306,-1,-1,-1
551,286,1121.34,438.61,78.12,255.75,0.25659,-1,-1,-1
552,202,1549.18,409.84,225.36,665.25,0.80219,-1,-1,-1
552,301,1083.65,436.90,111.63,283.01,0.50092,-1,-1,-1
552,317,877.03,433.38,90.32,250.07,0.67988,-1,-1,-1
552,418,1699.27,404.32,185.76,609.77,0.73591,-1,-1,-1
552,428,580.70,452.85,33.13,84.41,0.52347,-1,-1,-1
552,269,963.21,416.23,103.97,282.45,0.60932,-1,-1,-1
552,456,651.82,455.50,38.45,109.04,0.61352,-1,-1,-1
552,462,715.26,449.70,31.82,96.26,0.59417,-1,-1,-1
552,484,545.97,445.61,34.58,89.47,0.44113,-1,-1,-1
553,202,1554.47,409.34,224.77,666.59,0.79076,-1,-1,-1
553,301,1084.24,436.73,111.48,284.30,0.50013,-1,-1,-1
553,317,882.66,433.07,89.77,249.99,0.72344,-1,-1,-1
553,418,1706.00,403.48,188.37,614.86,0.67897,-1,-1,-1
553,428,580.46,452.62,33.38,84.92,0.52033,-1,-1,-1
553,269,973.31,418.75,99.43,276.86,0.69876,-1,-1,-1
553,456,651.07,455.23,39.11,109.84,0.57800,-1,-1,-1
553,462,716.41,449.06,32.07,96.23,0.57799,-1,-1,-1
553,484,545.52,445.23,34.61,90.31,0.41659,-1,-1,-1
554,202,1582.36,409.61,231.10,662.35,0.54057,-1,-1,-1
554,301,1084.71,435.71,113.01,285.44,0.57872,-1,-1,-1
554,317,886.11,431.89,90.16,251.31,0.73658,-1,-1,-1
554,418,1707.07,402.71,194.56,633.08,0.28468,-1,-1,-1
554,428,580.25,449.94,34.23,87.45,0.52678,-1,-1,-1
554,269,977.85,414.97,100.04,284.72,0.65960,-1,-1,-1
554,456,648.63,455.24,39.19,109.52,0.48684,-1,-1,-1
554,462,716.11,448.42,32.04,95.75,0.58643,-1,-1,-1
554,484,544.80,444.21,34.73,91.55,0.44920,-1,-1,-1
555,202,1576.84,408.87,233.17,661.89,0.61719,-1,-1,-1
555,301,1084.72,434.40,114.82,286.91,0.59629,-1,-1,-1
555,317,887.19,431.90,90.14,251.47,0.73306,-1,-1,-1
555,418,1713.93,401.94,196.41,637.75,0.41434,-1,-1,-1
555,428,580.30,447.62,34.95,89.76,0.54243,-1,-1,-1
555,269,983.20,412.03,98.96,287.64,0.67925,-1,-1,-1
555,456,647.23,456.29,38.83,107.76,0.49086,-1,-1,-1
555,462,714.93,446.63,32.88,98.15,0.57480,-1,-1,-1
555,484,544.97,443.77,34.75,92.16,0.47613,-1,-1,-1
556,202,1578.29,407.20,236.46,660.85,0.57077,-1,-1,-1
556,301,1089.51,435.51,114.71,285.34,0.71803,-1,-1,-1
556,317,888.12,432.89,89.79,251.18,0.76844,-1,-1,-1
556,418,1720.72,401.00,194.61,628.49,0.20282,-1,-1,-1
556,428,580.54,446.39,35.16,90.87,0.49988,-1,-1,-1
556,269,990.94,411.24,97.53,288.19,0.72422,-1,-1,-1
556,456,645.79,457.00,38.99,107.19,0.51580,-1,-1,-1
556,462,714.79,446.28,33.37,99.66,0.59521,-1,-1,-1
556,484,545.17,442.09,35.19,93.80,0.45415,-1,-1,-1
557,202,1572.60,407.25,238.65,661.79,0.68462,-1,-1,-1
557,301,1091.28,437.16,114.22,283.32,0.74812,-1,-1,-1
557,317,890.92,434.76,89.27,249.47,0.75710,-1,-1,-1
557,418,1718.04,399.58,200.02,646.55,0.33078,-1,-1,-1
557,428,580.45,446.43,35.21,91.26,0.52350,-1,-1,-1
557,269,994.11,420.68,93.53,275.89,0.66956,-1,-1,-1
557,456,644.94,457.64,39.02,106.60,0.54263,-1,-1,-1
557,462,714.24,445.98,33.95,101.30,0.62534,-1,-1,-1
557,484,545.00,440.79,35.85,96.03,0.47550,-1,-1,-1
558,202,1581.51,405.27,246.34,667.81,0.80412,-1,-1,-1
558,301,1093.55,437.25,113.94,282.16,0.80189,-1,-1,-1
558,317,891.84,435.82,88.75,248.26,0.74780,-1,-1,-1
558,428,582.19,450.33,34.09,88.77,0.54855,-1,-1,-1
558,269,994.76,430.71,91.63,265.61,0.70643,-1,-1,-1
558,456,644.16,459.39,38.67,105.09,0.54629,-1,-1,-1
558,462,713.45,445.34,34.48,102.34,0.64847,-1,-1,-1
558,484,545.99,441.97,35.43,94.93,0.50234,-1,-1,-1
558,491,1740.02,405.11,178.55,334.93,0.33682,-1,-1,-1
559,202,1583.60,405.32,250.39,665.83,0.80062,-1,-1,-1
559,301,1095.10,434.96,114.95,283.36,0.80260,-1,-1,-1
559,317,892.37,436.84,88.72,247.31,0.74513,-1,-1,-1
559,428,583.11,452.36,33.32,87.09,0.55775,-1,-1,-1
559,269,997.43,430.93,92.88,265.96,0.64177,-1,-1,-1
559,456,644.50,461.40,37.77,102.02,0.53642,-1,-1,-1
559,462,713.30,444.93,34.60,102.16,0.64591,-1,-1,-1
559,484,546.00,442.44,35.21,94.68,0.51721,-1,-1,-1
559,418,1741.80,399.88,178.20,589.01,0.39538,-1,-1,-1
560,202,1585.79,404.26,257.32,670.47,0.85968,-1,-1,-1
560,301,1097.97,435.57,114.38,282.06,0.71428,-1,-1,-1
560,317,892.60,435.80,89.10,247.17,0.75931,-1,-1,-1
560,428,583.69,453.51,32.79,86.03,0.52272,-1,-1,-1
560,269,1001.74,424.88,95.73,271.76,0.67954,-1,-1,-1
560,456,643.44,460.93,37.37,101.17,0.55745,-1,-1,-1
560,462,713.56,444.98,34.65,101.90,0.63295,-1,-1,-1
560,484,546.82,444.77,34.26,92.59,0.50549,-1,-1,-1
560,491,1745.42,403.96,174.58,337.78,0.31299,-1,-1,-1
561,202,1580.27,403.11,258.97,669.78,0.72359,-1,-1,-1
561,301,1100.81,436.81,112.62,278.64,0.66003,-1,-1,-1
561,317,899.93,435.56,88.65,246.60,0.65569,-1,-1,-1
561,428,583.95,453.08,32.67,85.90,0.48902,-1,-1,-1
561,269,1006.47,423.59,97.71,273.05,0.69790,-1,-1,-1
561,456,641.68,458.76,37.76,102.90,0.54367,-1,-1,-1
561,462,713.27,445.77,34.88,101.74,0.62527,-1,-1,-1
561,484,547.19,442.55,34.71,94.65,0.52318,-1,-1,-1
561,418,1748.00,398.29,172.00,557.56,0.37603,-1,-1,-1
562,202,1587.74,404.84,263.34,669.59,0.81178,-1,-1,-1
562,301,1105.77,438.26,112.43,277.74,0.70081,-1,-1,-1
562,317,906.51,435.04,87.85,246.03,0.69805,-1,-1,-1
562,428,583.78,452.46,32.97,87.04,0.49865,-1,-1,-1
562,269,1006.89,419.62,100.27,276.68,0.66452,-1,-1,-1
562,456,641.66,458.52,37.44,102.69,0.50398,-1,-1,-1
562,462,714.62,448.25,34.13,99.10,0.57567,-1,-1,-1
562,484,547.78,441.16,35.11,96.08,0.48659,-1,-1,-1
562,418,1751.43,396.70,168.57,574.27,0.31076,-1,-1,-1
563,202,1596.94,405.10,268.99,669.82,0.80444,-1,-1,-1
563,301,1109.93,439.56,111.30,275.16,0.69186,-1,-1,-1
563,317,909.30,434.19,88.23,248.69,0.70136,-1,-1,-1
563,428,584.14,452.98,32.82,86.60,0.44887,-1,-1,-1
563,269,1007.56,419.28,102.21,277.08,0.66194,-1,-1,-1
563,456,640.69,457.98,37.17,102.82,0.52535,-1,-1,-1
563,462,715.61,448.98,34.31,98.69,0.52948,-1,-1,-1
563,484,548.36,441.00,34.94,95.56,0.46256,-1,-1,-1
563,418,1759.65,393.00,160.35,552.42,0.34177,-1,-1,-1
564,202,1606.27,402.65,274.44,669.49,0.86793,-1,-1,-1
564,301,1113.12,435.66,112.21,277.42,0.70020,-1,-1,-1
564,317,912.31,431.65,88.15,250.23,0.63362,-1,-1,-1
564,428,584.68,454.27,31.98,84.20,0.39432,-1,-1,-1
564,269,1010.47,425.42,101.35,269.92,0.64102,-1,-1,-1
564,456,640.66,457.38,37.21,103.60,0.49437,-1,-1,-1
564,462,716.30,448.97,34.33,98.41,0.52012,-1,-1,-1
564,484,548.54,441.50,34.69,94.76,0.37846,-1,-1,-1
564,418,1776.24,397.47,143.76,493.35,0.40585,-1,-1,-1
565,202,1605.60,400.43,276.86,668.33,0.70373,-1,-1,-1
565,301,1116.67,433.20,112.57,279.06,0.64364,-1,-1,-1
565,317,917.05,433.14,85.93,245.86,0.63496,-1,-1,-1
565,428,585.11,455.24,31.63,83.04,0.39967,-1,-1,-1
565,269,1010.89,429.67,101.93,265.13,0.63681,-1,-1,-1
565,456,640.82,456.48,37.35,104.50,0.54710,-1,-1,-1
565,462,717.03,449.11,34.15,97.45,0.55608,-1,-1,-1
565,484,548.38,441.72,34.51,94.35,0.42665,-1,-1,-1
565,418,1762.39,392.88,157.61,614.70,0.62202,-1,-1,-1
566,202,1614.47,399.24,279.85,670.54,0.73440,-1,-1,-1
566,301,1121.45,433.00,112.73,281.37,0.54102,-1,-1,-1
566,317,926.89,432.04,85.07,242.71,0.53946,-1,-1,-1
566,428,585.48,455.58,31.72,83.05,0.43562,-1,-1,-1
566,269,1013.87,435.10,102.48,261.23,0.66479,-1,-1,-1
566,456,640.40,454.76,37.83,106.52,0.52176,-1,-1,-1
566,462,717.72,449.50,34.14,97.07,0.54335,-1,-1,-1
566,484,548.57,442.15,34.31,93.89,0.42985,-1,-1,-1
566,418,1764.52,391.41,155.48,647.11,0.63795,-1,-1,-1
567,202,1625.83,399.76,279.26,669.22,0.83549,-1,-1,-1
567,301,1122.56,431.48,113.21,283.48,0.63583,-1,-1,-1
567,317,931.77,430.31,84.91,242.49,0.51146,-1,-1,-1
567,428,585.80,455.76,31.65,82.72,0.46581,-1,-1,-1
567,269,1016.93,440.50,103.47,257.13,0.68806,-1,-1,-1
567,456,639.81,454.58,37.47,106.48,0.48653,-1,-1,-1
567,462,718.32,449.22,34.45,97.72,0.54089,-1,-1,-1
567,484,548.68,442.27,34.25,93.93,0.43879,-1,-1,-1
567,418,1771.29,395.75,148.71,643.47,0.63074,-1,-1,-1
568,202,1638.26,400.33,277.02,668.86,0.82244,-1,-1,-1
568,301,1127.43,430.57,112.38,282.47,0.61086,-1,-1,-1
568,317,938.27,431.50,83.68,241.40,0.53626,-1,-1,-1
568,428,586.00,456.04,32.16,84.15,0.48969,-1,-1,-1
568,269,1017.97,432.30,110.32,267.05,0.69058,-1,-1,-1
568,456,639.39,455.59,36.51,105.00,0.48034,-1,-1,-1
568,462,719.16,448.58,35.18,99.13,0.51492,-1,-1,-1
568,484,548.66,440.97,35.02,95.90,0.43622,-1,-1,-1
568,418,1774.74,400.58,145.26,655.14,0.61069,-1,-1,-1
569,202,1640.62,400.54,273.81,671.73,0.81170,-1,-1,-1
569,301,1131.15,431.23,111.83,281.35,0.53072,-1,-1,-1
569,317,942.19,434.71,81.21,234.27,0.66863,-1,-1,-1
569,428,586.13,455.87,32.53,85.26,0.52989,-1,-1,-1
569,269,1019.23,432.79,113.17,267.38,0.71583,-1,-1,-1
569,456,639.82,455.46,36.11,104.55,0.52496,-1,-1,-1
569,462,719.22,448.45,35.59,99.84,0.52555,-1,-1,-1
569,484,548.82,442.17,34.95,95.51,0.42113,-1,-1,-1
569,418,1777.29,407.14,142.71,651.95,0.45485,-1,-1,-1
570,202,1646.42,401.99,269.61,670.25,0.77832,-1,-1,-1
570,301,1137.39,433.26,112.20,280.24,0.64190,-1,-1,-1
570,317,944.57,434.74,81.33,234.19,0.71046,-1,-1,-1
570,428,586.33,455.86,32.56,85.60,0.52378,-1,-1,-1
570,269,1018.75,433.07,115.46,267.39,0.71101,-1,-1,-1
570,456,638.47,455.25,35.71,104.45,0.51199,-1,-1,-1
570,462,718.87,447.05,36.49,102.07,0.55744,-1,-1,-1
570,484,549.24,442.66,35.13,95.87,0.44011,-1,-1,-1
571,202,1657.10,401.58,262.90,671.41,0.86583,-1,-1,-1
571,301,1149.34,432.30,114.51,281.50,0.59897,-1,-1,-1
571,317,946.18,435.07,82.71,239.36,0.68988,-1,-1,-1
571,428,586.47,455.89,32.58,85.95,0.52541,-1,-1,-1
571,269,1018.63,428.28,118.22,270.92,0.70186,-1,-1,-1
571,456,636.92,456.22,35.12,104.24,0.49212,-1,-1,-1
571,462,718.79,445.96,37.01,102.77,0.60781,-1,-1,-1
571,484,550.61,447.21,33.97,91.88,0.42996,-1,-1,-1
572,202,1662.38,401.95,257.62,670.88,0.87004,-1,-1,-1
572,301,1153.55,433.03,116.69,281.82,0.76040,-1,-1,-1
572,317,947.87,435.71,82.66,239.87,0.68552,-1,-1,-1
572,428,586.14,452.78,33.58,89.13,0.49441,-1,-1,-1
572,269,1018.87,430.76,118.19,268.12,0.68775,-1,-1,-1
572,456,636.47,456.71,34.54,103.00,0.52078,-1,-1,-1
572,462,718.68,444.87,37.85,104.46,0.62546,-1,-1,-1
572,484,550.03,442.19,36.07,97.42,0.45815,-1,-1,-1
572,506,1112.24,434.16,44.74,142.95,0.39328,-1,-1,-1
573,202,1666.71,402.41,253.29,668.94,0.88593,-1,-1,-1
573,301,1159.55,435.86,117.81,279.25,0.70134,-1,-1,-1
573,317,948.26,434.80,84.52,242.47,0.63872,-1,-1,-1
573,428,585.28,453.32,33.41,88.94,0.48836,-1,-1,-1
573,269,1020.15,430.49,117.87,266.01,0.64474,-1,-1,-1
573,456,635.18,456.75,34.03,102.63,0.55750,-1,-1,-1
573,462,719.14,445.12,38.19,104.80,0.56911,-1,-1,-1
573,484,551.19,449.10,33.88,90.94,0.40453,-1,-1,-1
573,506,1111.03,430.30,45.92,146.65,0.34905,-1,-1,-1
574,202,1667.45,399.67,252.55,673.97,0.90033,-1,-1,-1
574,301,1161.58,437.48,119.66,278.03,0.73476,-1,-1,-1
574,317,958.14,434.87,88.29,247.68,0.61440,-1,-1,-1
574,428,584.92,454.62,33.17,88.17,0.34102,-1,-1,-1
574,269,1027.57,432.46,115.80,263.60,0.54354,-1,-1,-1
574,456,634.75,457.07,33.40,101.64,0.54665,-1,-1,-1
574,462,719.05,445.04,38.57,105.23,0.55378,-1,-1,-1
574,484,551.32,450.21,33.49,89.18,0.38686,-1,-1,-1
574,506,1111.27,427.90,46.81,149.66,0.35775,-1,-1,-1
574,510,1832.30,429.93,87.70,250.85,0.33980,-1,-1,-1
575,202,1668.09,398.19,251.91,676.22,0.90461,-1,-1,-1
575,301,1163.83,438.80,120.95,276.86,0.70030,-1,-1,-1
575,317,963.09,434.53,90.36,248.31,0.57512,-1,-1,-1
575,428,584.75,454.29,33.41,88.68,0.42824,-1,-1,-1
575,269,1030.89,427.71,116.26,268.57,0.50169,-1,-1,-1
575,456,634.13,456.30,33.32,102.22,0.56569,-1,-1,-1
575,462,718.94,445.32,38.61,104.79,0.57949,-1,-1,-1
575,484,551.27,450.08,33.49,88.77,0.35410,-1,-1,-1
575,506,1111.30,425.25,47.46,152.18,0.23500,-1,-1,-1
575,510,1838.00,430.83,82.00,239.68,0.30964,-1,-1,-1
576,202,1668.24,397.34,251.76,677.16,0.89900,-1,-1,-1
576,301,1165.37,438.12,122.63,277.51,0.73126,-1,-1,-1
576,317,965.83,434.16,92.51,248.33,0.62436,-1,-1,-1
576,428,585.20,454.21,33.40,88.79,0.42519,-1,-1,-1
576,269,1033.83,426.89,114.77,269.18,0.61660,-1,-1,-1
576,456,633.99,456.09,33.32,102.04,0.52043,-1,-1,-1
576,462,719.59,445.94,38.61,104.71,0.60625,-1,-1,-1
576,484,550.69,449.46,33.43,88.69,0.29300,-1,-1,-1
576,510,1847.11,431.40,72.89,220.64,0.44447,-1,-1,-1
577,202,1668.52,398.35,251.48,676.71,0.90897,-1,-1,-1
577,301,1164.62,436.89,124.48,278.67,0.74442,-1,-1,-1
577,317,966.92,434.05,93.95,247.24,0.66588,-1,-1,-1
577,428,585.01,453.08,33.93,90.34,0.39767,-1,-1,-1
577,269,1037.97,424.39,113.02,270.76,0.62727,-1,-1,-1
577,456,632.96,453.57,34.25,105.26,0.52468,-1,-1,-1
577,462,719.94,446.87,38.48,104.32,0.58548,-1,-1,-1
577,484,550.66,447.08,34.57,91.37,0.28921,-1,-1,-1
577,510,1850.93,429.27,69.07,209.07,0.22864,-1,-1,-1
578,202,1668.24,399.04,251.76,676.65,0.90625,-1,-1,-1
578,301,1163.41,434.52,125.75,280.38,0.72910,-1,-1,-1
578,317,965.21,438.61,91.25,237.52,0.72277,-1,-1,-1
578,428,584.47,451.76,34.57,92.08,0.37418,-1,-1,-1
578,269,1041.49,426.63,109.33,266.95,0.61868,-1,-1,-1
578,456,632.18,450.11,35.01,108.34,0.62200,-1,-1,-1
578,462,720.08,445.87,38.48,104.22,0.62953,-1,-1,-1
578,484,551.31,449.57,33.93,88.72,0.32153,-1,-1,-1
579,202,1668.41,400.29,251.59,676.12,0.89912,-1,-1,-1
579,301,1163.18,434.91,125.80,279.19,0.69134,-1,-1,-1
579,317,964.58,439.45,91.12,234.42,0.75304,-1,-1,-1
579,428,582.97,449.26,34.62,93.07,0.35119,-1,-1,-1
579,269,1045.92,431.59,105.69,262.92,0.65926,-1,-1,-1
579,456,631.37,448.47,35.28,110.01,0.57742,-1,-1,-1
579,462,720.49,446.77,38.47,104.21,0.59330,-1,-1,-1
579,484,550.09,444.90,35.81,93.23,0.31277,-1,-1,-1
580,202,1668.79,401.87,251.21,675.03,0.90842,-1,-1,-1
580,301,1163.17,440.10,125.01,275.10,0.74987,-1,-1,-1
580,317,964.14,437.46,92.86,236.77,0.75752,-1,-1,-1
580,428,583.15,448.79,34.18,92.73,0.35310,-1,-1,-1
580,269,1047.53,436.81,102.49,257.80,0.66807,-1,-1,-1
580,456,631.26,449.35,35.21,109.13,0.55798,-1,-1,-1
580,462,720.65,446.95,38.62,104.76,0.57198,-1,-1,-1
580,484,550.12,441.92,37.03,96.11,0.35081,-1,-1,-1
581,202,1669.08,402.41,250.92,674.86,0.90816,-1,-1,-1
581,301,1163.93,440.41,126.28,275.99,0.69881,-1,-1,-1
581,317,963.91,435.65,94.05,237.55,0.76113,-1,-1,-1
581,428,583.65,447.49,35.04,95.41,0.39067,-1,-1,-1
581,269,1051.50,438.76,101.26,256.20,0.68661,-1,-1,-1
581,456,631.71,452.66,34.38,105.57,0.55043,-1,-1,-1
581,462,720.98,447.17,38.44,104.25,0.50254,-1,-1,-1
581,484,549.57,436.91,39.17,101.40,0.36541,-1,-1,-1
582,202,1669.25,402.06,250.75,676.10,0.90874,-1,-1,-1
582,301,1176.95,439.63,124.28,275.50,0.69147,-1,-1,-1
582,317,964.89,435.75,95.62,236.86,0.74898,-1,-1,-1
582,428,583.78,446.89,35.24,96.23,0.42051,-1,-1,-1
582,269,1058.42,438.16,101.16,260.56,0.62344,-1,-1,-1
582,456,631.46,453.03,34.17,105.09,0.51130,-1,-1,-1
582,462,721.37,447.84,38.10,103.44,0.49757,-1,-1,-1
582,484,548.80,435.76,39.51,102.24,0.37865,-1,-1,-1
583,202,1669.67,399.44,250.33,679.06,0.90971,-1,-1,-1
583,301,1185.39,439.76,121.82,274.31,0.72249,-1,-1,-1
583,317,968.61,436.04,96.36,235.84,0.72848,-1,-1,-1
583,428,584.05,447.94,34.82,95.31,0.46709,-1,-1,-1
583,269,1066.06,434.51,99.77,263.63,0.63091,-1,-1,-1
583,456,631.26,453.63,33.96,104.45,0.45404,-1,-1,-1
583,462,721.54,446.65,38.27,103.63,0.52748,-1,-1,-1
583,484,549.48,438.22,38.50,99.52,0.41763,-1,-1,-1
583,286,1156.19,430.80,81.93,266.80,0.30843,-1,-1,-1
584,202,1670.55,395.69,249.45,682.05,0.91161,-1,-1,-1
584,301,1192.29,440.62,118.62,271.93,0.72192,-1,-1,-1
584,317,971.11,436.75,97.32,235.98,0.74230,-1,-1,-1
584,428,584.20,447.81,34.82,95.72,0.47148,-1,-1,-1
584,269,1073.13,435.47,96.81,261.72,0.66258,-1,-1,-1
584,456,631.18,454.94,33.80,103.32,0.43071,-1,-1,-1
584,462,721.82,447.19,38.37,104.16,0.53017,-1,-1,-1
584,484,549.98,438.71,38.28,99.18,0.39743,-1,-1,-1
584,286,1158.20,430.68,81.27,259.38,0.23812,-1,-1,-1
585,202,1671.86,394.54,248.14,682.86,0.89808,-1,-1,-1
585,301,1197.22,441.10,115.28,267.38,0.74865,-1,-1,-1
585,317,973.11,436.55,97.85,235.65,0.76131,-1,-1,-1
585,428,584.79,447.99,34.47,95.12,0.45949,-1,-1,-1
585,269,1078.38,438.91,93.35,257.23,0.63488,-1,-1,-1
585,456,629.21,452.08,34.85,105.90,0.39519,-1,-1,-1
585,462,722.59,447.15,38.08,103.47,0.52799,-1,-1,-1
585,484,550.20,438.62,38.37,99.33,0.43268,-1,-1,-1
585,286,1160.11,430.93,79.81,252.99,0.15226,-1,-1,-1
586,202,1674.38,393.18,245.62,683.13,0.89622,-1,-1,-1
586,301,1204.38,438.23,115.75,272.16,0.75452,-1,-1,-1
586,317,977.85,440.49,97.01,233.27,0.76899,-1,-1,-1
586,428,584.45,445.43,35.48,98.11,0.44920,-1,-1,-1
586,269,1079.78,436.62,92.44,260.48,0.69010,-1,-1,-1
586,456,628.02,452.41,34.96,105.36,0.42716,-1,-1,-1
586,462,723.27,445.28,38.13,103.71,0.54399,-1,-1,-1
586,484,549.66,440.00,38.03,98.54,0.43582,-1,-1,-1
586,286,1162.36,434.93,76.06,242.40,0.18372,-1,-1,-1
586,522,665.14,453.53,33.93,100.63,0.34743,-1,-1,-1
587,202,1676.73,390.03,243.27,685.56,0.86956,-1,-1,-1
587,301,1208.20,434.57,115.73,276.18,0.61385,-1,-1,-1
587,317,982.08,443.44,94.90,228.01,0.73839,-1,-1,-1
587,428,584.23,444.63,35.65,98.66,0.41970,-1,-1,-1
587,269,1080.96,429.97,92.85,267.35,0.72082,-1,-1,-1
587,456,626.85,452.29,35.35,105.52,0.48324,-1,-1,-1
587,462,723.75,444.40,38.37,104.70,0.55178,-1,-1,-1
587,484,549.70,441.05,37.79,98.11,0.46730,-1,-1,-1
587,286,1162.76,438.16,78.26,247.03,0.29249,-1,-1,-1
587,522,664.54,452.70,34.11,101.25,0.36994,-1,-1,-1
588,202,1681.32,387.60,238.68,687.89,0.85560,-1,-1,-1
588,301,1209.05,434.53,115.23,277.66,0.79244,-1,-1,-1
588,317,986.89,445.47,92.81,223.90,0.70061,-1,-1,-1
588,428,584.03,445.46,35.69,98.63,0.41425,-1,-1,-1
588,269,1084.29,423.54,93.58,273.50,0.73603,-1,-1,-1
588,456,625.97,453.04,35.08,104.51,0.50804,-1,-1,-1
588,462,724.37,442.95,38.44,106.34,0.55654,-1,-1,-1
588,484,551.02,445.83,36.23,94.00,0.43181,-1,-1,-1
588,286,1169.59,438.01,74.76,239.93,0.42871,-1,-1,-1
588,522,661.98,451.95,35.24,105.05,0.35774,-1,-1,-1
589,202,1687.70,390.22,232.30,683.69,0.75042,-1,-1,-1
589,301,1211.16,434.80,113.91,277.13,0.77798,-1,-1,-1
589,317,992.63,446.07,91.48,222.95,0.70499,-1,-1,-1
589,428,583.87,446.65,35.86,98.68,0.37827,-1,-1,-1
589,269,1089.12,420.56,94.17,276.33,0.71048,-1,-1,-1
589,456,625.05,452.02,35.44,105.65,0.58197,-1,-1,-1
589,462,724.21,443.27,38.31,106.27,0.55032,-1,-1,-1
589,484,551.31,447.05,36.13,93.50,0.42766,-1,-1,-1
589,286,1176.71,438.74,71.14,235.25,0.33984,-1,-1,-1
589,522,661.12,450.75,36.06,108.06,0.46186,-1,-1,-1
590,202,1698.27,410.21,221.73,663.66,0.74217,-1,-1,-1
590,301,1214.44,433.94,112.89,277.50,0.78445,-1,-1,-1
590,317,999.97,446.96,89.57,221.44,0.73752,-1,-1,-1
590,428,584.26,448.02,35.58,97.91,0.31704,-1,-1,-1
590,269,1090.79,426.64,92.02,270.55,0.65672,-1,-1,-1
590,456,624.10,450.96,35.61,106.40,0.51549,-1,-1,-1
590,462,724.87,442.77,38.14,106.81,0.56765,-1,-1,-1
590,484,551.74,447.64,36.03,92.86,0.36744,-1,-1,-1
590,286,1179.54,438.03,70.24,237.77,0.37036,-1,-1,-1
590,522,661.25,451.44,35.85,107.98,0.46660,-1,-1,-1
591,202,1718.16,461.53,201.84,612.87,0.55945,-1,-1,-1
591,301,1219.00,434.40,111.97,276.91,0.74463,-1,-1,-1
591,317,1005.56,444.73,88.97,222.71,0.71331,-1,-1,-1
591,428,584.70,449.48,34.26,94.80,0.34016,-1,-1,-1
591,269,1090.48,418.71,94.43,278.04,0.65158,-1,-1,-1
591,456,623.13,449.68,35.83,107.90,0.53629,-1,-1,-1
591,462,725.35,442.58,37.75,107.16,0.57547,-1,-1,-1
591,484,551.15,445.04,36.98,95.22,0.33887,-1,-1,-1
591,286,1184.11,435.93,69.51,239.50,0.32898,-1,-1,-1
591,522,661.46,451.63,35.76,108.21,0.53495,-1,-1,-1
592,202,1736.27,490.20,183.73,582.68,0.67828,-1,-1,-1
592,301,1225.26,436.85,111.02,274.50,0.72884,-1,-1,-1
592,317,1008.07,443.90,87.72,222.12,0.73648,-1,-1,-1
592,428,584.86,450.18,33.60,93.46,0.31227,-1,-1,-1
592,269,1094.56,416.84,96.18,279.75,0.67551,-1,-1,-1
592,456,623.24,449.05,36.01,108.90,0.51537,-1,-1,-1
592,462,725.76,443.14,37.16,107.02,0.56684,-1,-1,-1
592,484,550.73,444.34,37.23,95.38,0.32248,-1,-1,-1
592,286,1186.90,434.56,68.04,238.09,0.27153,-1,-1,-1
592,522,661.28,451.94,35.63,108.18,0.56135,-1,-1,-1
593,202,1752.43,500.17,167.57,573.07,0.38999,-1,-1,-1
593,301,1230.93,439.23,110.82,273.73,0.75258,-1,-1,-1
593,317,1010.05,439.83,88.48,226.29,0.65858,-1,-1,-1
593,428,584.18,450.88,32.83,91.31,0.31648,-1,-1,-1
593,269,1094.07,413.46,97.51,282.98,0.69119,-1,-1,-1
593,456,623.15,449.24,35.99,108.60,0.49572,-1,-1,-1
593,462,726.26,443.41,36.90,107.41,0.54040,-1,-1,-1
593,484,550.40,446.41,36.18,93.11,0.30918,-1,-1,-1
593,286,1193.52,438.44,68.65,238.56,0.24786,-1,-1,-1
593,522,660.77,451.79,35.56,108.25,0.54818,-1,-1,-1
594,301,1235.80,441.87,110.11,270.85,0.78332,-1,-1,-1
594,317,1014.97,436.70,88.24,229.02,0.62728,-1,-1,-1
594,428,584.00,451.38,32.56,90.54,0.32246,-1,-1,-1
594,269,1093.85,412.59,98.58,285.33,0.70009,-1,-1,-1
594,456,623.06,448.79,35.85,107.98,0.50393,-1,-1,-1
594,462,726.48,444.61,36.76,106.75,0.51295,-1,-1,-1
594,484,550.19,448.01,35.69,91.36,0.35087,-1,-1,-1
594,286,1195.00,438.44,69.84,239.68,0.36489,-1,-1,-1
594,522,660.06,451.51,35.81,109.03,0.53121,-1,-1,-1
595,301,1240.05,439.20,111.11,273.31,0.81877,-1,-1,-1
595,317,1017.69,436.22,87.04,228.85,0.67129,-1,-1,-1
595,428,582.48,451.06,32.83,90.51,0.27893,-1,-1,-1
595,269,1095.78,413.68,98.14,283.23,0.71785,-1,-1,-1
595,456,623.17,449.22,35.68,106.86,0.55271,-1,-1,-1
595,462,727.10,444.11,36.31,106.70,0.54067,-1,-1,-1
595,484,550.58,451.54,34.26,88.05,0.27111,-1,-1,-1
595,286,1193.01,440.82,69.92,238.22,0.46998,-1,-1,-1
595,522,660.19,452.29,35.62,108.58,0.47475,-1,-1,-1
596,301,1243.05,437.45,112.01,275.36,0.80975,-1,-1,-1
596,317,1020.81,440.11,84.79,224.76,0.71042,-1,-1,-1
596,428,582.24,450.37,33.16,91.25,0.31233,-1,-1,-1
596,269,1097.50,418.99,97.02,278.92,0.73740,-1,-1,-1
596,456,623.89,450.12,35.24,104.93,0.56971,-1,-1,-1
596,462,726.99,445.16,36.06,105.56,0.56195,-1,-1,-1
596,484,550.56,451.44,34.24,88.60,0.29827,-1,-1,-1
596,286,1193.77,442.07,70.49,238.16,0.52687,-1,-1,-1
596,522,660.65,453.72,35.17,107.18,0.45589,-1,-1,-1
597,301,1245.04,437.65,112.23,275.71,0.80351,-1,-1,-1
597,317,1022.80,441.78,83.79,223.92,0.73864,-1,-1,-1
597,428,582.46,451.55,32.67,90.00,0.29862,-1,-1,-1
597,269,1098.67,422.12,96.13,275.93,0.75906,-1,-1,-1
597,456,624.10,451.71,34.70,103.27,0.51297,-1,-1,-1
597,462,726.75,445.11,36.56,106.47,0.60738,-1,-1,-1
597,484,550.87,452.38,34.16,87.83,0.30815,-1,-1,-1
597,286,1195.82,454.80,68.27,226.88,0.53111,-1,-1,-1
597,522,660.91,453.93,35.42,106.99,0.42521,-1,-1,-1
597,535,376.76,468.92,48.47,106.76,0.32908,-1,-1,-1
598,301,1247.73,437.70,111.99,275.59,0.81353,-1,-1,-1
598,317,1024.40,441.74,83.71,224.45,0.73904,-1,-1,-1
598,428,583.47,451.68,32.42,89.35,0.33981,-1,-1,-1
598,269,1100.82,427.42,94.57,270.24,0.72107,-1,-1,-1
598,456,624.24,453.14,34.08,101.78,0.48186,-1,-1,-1
598,462,726.64,445.41,37.06,107.40,0.58779,-1,-1,-1
598,484,550.43,450.72,34.66,89.24,0.36619,-1,-1,-1
598,286,1196.57,452.07,69.87,230.32,0.52156,-1,-1,-1
598,522,660.01,455.64,35.00,105.25,0.43135,-1,-1,-1
598,535,377.39,468.18,48.74,107.42,0.34276,-1,-1,-1
599,301,1250.53,437.26,111.49,275.83,0.78117,-1,-1,-1
599,317,1028.04,442.23,84.22,224.72,0.73891,-1,-1,-1
599,428,583.88,452.61,32.91,90.33,0.32817,-1,-1,-1
599,269,1103.61,430.59,93.36,265.60,0.70013,-1,-1,-1
599,456,624.52,454.24,33.76,100.88,0.47888,-1,-1,-1
599,462,726.93,445.90,36.81,106.53,0.56957,-1,-1,-1
599,484,550.51,449.57,34.87,90.40,0.33560,-1,-1,-1
599,286,1194.53,443.94,72.93,238.60,0.57253,-1,-1,-1
599,522,659.60,455.03,35.66,105.94,0.40738,-1,-1,-1
599,535,377.44,467.29,49.45,109.11,0.37622,-1,-1,-1
600,301,1253.44,437.18,110.75,275.86,0.81775,-1,-1,-1
600,317,1030.34,441.88,84.48,223.96,0.75478,-1,-1,-1
600,428,584.04,456.00,31.40,85.70,0.31420,-1,-1,-1
600,269,1107.52,431.06,92.64,263.58,0.70286,-1,-1,-1
600,456,624.63,454.96,33.68,100.86,0.50491,-1,-1,-1
600,462,726.48,444.67,37.28,108.09,0.58527,-1,-1,-1
600,484,551.54,451.78,34.45,88.44,0.31865,-1,-1,-1
600,286,1198.86,447.38,69.98,228.52,0.60190,-1,-1,-1
600,522,658.98,455.59,35.83,105.37,0.35908,-1,-1,-1
600,535,376.92,465.07,50.47,111.76,0.34933,-1,-1,-1
