1,1,371.73,408.29,79.69,239.72,0.79086,-1,-1,-1
1,2,104.37,546.38,73.26,245.35,0.72593,-1,-1,-1
1,3,1095.29,980.85,73.73,99.15,0.69175,-1,-1,-1
1,4,1732.44,452.88,73.78,221.10,0.62212,-1,-1,-1
1,5,1355.87,569.74,82.10,221.12,0.54936,-1,-1,-1
1,6,0.22,880.54,41.51,199.46,0.53133,-1,-1,-1
1,7,1103.63,210.04,56.22,179.71,0.52698,-1,-1,-1
1,8,546.15,146.37,57.89,183.41,0.51920,-1,-1,-1
1,9,225.79,399.55,64.30,198.93,0.51167,-1,-1,-1
1,10,789.24,145.31,64.25,178.75,0.46149,-1,-1,-1
1,11,1047.11,133.10,62.93,182.86,0.44522,-1,-1,-1
1,12,273.15,379.07,52.48,212.37,0.37221,-1,-1,-1
1,13,504.23,134.74,51.32,176.83,0.36966,-1,-1,-1
2,1,372.39,408.14,79.74,239.82,0.79744,-1,-1,-1
2,2,104.13,546.52,73.33,245.61,0.72538,-1,-1,-1
2,3,1099.40,981.16,73.46,98.84,0.68889,-1,-1,-1
2,4,1732.19,454.80,72.18,216.12,0.60756,-1,-1,-1
2,5,1356.33,570.09,80.91,217.87,0.56853,-1,-1,-1
2,6,0.00,878.33,41.16,201.20,0.38344,-1,-1,-1
2,7,1099.93,211.61,55.89,178.48,0.47318,-1,-1,-1
2,8,545.43,146.78,58.06,183.97,0.50653,-1,-1,-1
2,9,225.59,398.30,64.43,199.30,0.49060,-1,-1,-1
2,10,789.64,145.30,64.32,178.91,0.46115,-1,-1,-1
2,11,1046.80,132.99,62.69,182.09,0.46550,-1,-1,-1
2,12,269.83,379.25,52.12,210.70,0.43171,-1,-1,-1
2,13,503.49,134.38,51.31,176.80,0.37039,-1,-1,-1
3,1,372.74,407.85,80.11,241.08,0.78193,-1,-1,-1
3,2,104.43,546.17,73.62,246.62,0.73171,-1,-1,-1
3,3,1103.64,980.94,73.57,99.06,0.69660,-1,-1,-1
3,4,1731.40,453.31,73.20,219.13,0.60043,-1,-1,-1
3,5,1356.71,570.04,80.55,216.85,0.56660,-1,-1,-1
3,6,0.00,877.57,40.99,201.53,0.35359,-1,-1,-1
3,7,1096.07,213.37,55.74,177.41,0.56468,-1,-1,-1
3,8,545.06,147.39,57.97,183.67,0.48737,-1,-1,-1
3,9,224.48,396.88,65.27,201.68,0.47250,-1,-1,-1
3,10,789.28,145.18,64.24,178.65,0.45400,-1,-1,-1
3,11,1046.66,132.80,62.02,179.92,0.49873,-1,-1,-1
3,12,265.41,368.53,55.62,223.69,0.39127,-1,-1,-1
3,13,504.19,133.86,49.52,170.56,0.39355,-1,-1,-1
4,1,372.68,407.35,80.14,241.16,0.79577,-1,-1,-1
4,2,103.99,545.81,73.76,247.16,0.72301,-1,-1,-1
4,3,1106.71,979.25,74.72,100.75,0.69529,-1,-1,-1
4,4,1730.39,452.70,72.67,217.36,0.62058,-1,-1,-1
4,5,1357.10,570.19,80.71,217.06,0.57545,-1,-1,-1
4,6,0.51,876.33,42.20,203.03,0.53728,-1,-1,-1
4,7,1091.37,211.65,56.70,179.62,0.55287,-1,-1,-1
4,8,545.30,145.74,57.91,183.71,0.46708,-1,-1,-1
4,9,223.69,396.68,65.67,202.44,0.48018,-1,-1,-1
4,10,789.46,144.73,64.10,178.25,0.46947,-1,-1,-1
4,11,1046.07,133.46,61.93,179.53,0.45978,-1,-1,-1
4,12,266.56,379.29,53.48,214.40,0.40097,-1,-1,-1
4,13,502.32,135.18,50.29,172.87,0.43977,-1,-1,-1
5,1,373.77,406.85,80.12,241.29,0.79770,-1,-1,-1
5,2,103.66,545.83,73.70,247.14,0.72430,-1,-1,-1
5,3,1110.11,976.61,76.46,103.39,0.69654,-1,-1,-1
5,4,1729.30,452.21,73.02,218.26,0.65465,-1,-1,-1
5,5,1357.21,570.12,79.88,214.49,0.60755,-1,-1,-1
5,6,1.39,874.49,42.65,204.64,0.55936,-1,-1,-1
5,7,1084.40,210.74,57.51,178.91,0.54004,-1,-1,-1
5,8,544.80,145.14,58.51,185.97,0.50453,-1,-1,-1
5,9,224.04,396.72,65.53,200.99,0.37436,-1,-1,-1
5,10,789.70,145.56,63.72,176.99,0.49664,-1,-1,-1
5,11,1048.48,134.41,57.92,167.20,0.37716,-1,-1,-1
5,12,266.88,380.32,52.37,210.14,0.38709,-1,-1,-1
5,13,502.29,135.45,49.22,168.88,0.48509,-1,-1,-1
6,1,374.66,406.09,79.80,240.37,0.78530,-1,-1,-1
6,2,103.83,546.00,73.57,246.87,0.73099,-1,-1,-1
6,3,1112.58,975.71,76.91,104.29,0.69145,-1,-1,-1
6,4,1728.30,454.12,72.56,216.42,0.65180,-1,-1,-1
6,5,1357.69,570.13,79.58,213.43,0.61864,-1,-1,-1
6,6,1.74,872.27,43.30,207.04,0.60479,-1,-1,-1
6,7,1078.20,209.41,59.34,179.54,0.57999,-1,-1,-1
6,8,544.00,147.13,58.44,186.26,0.51623,-1,-1,-1
6,9,223.25,393.47,66.76,203.35,0.30134,-1,-1,-1
6,10,788.67,145.34,64.05,177.77,0.50588,-1,-1,-1
6,11,1048.81,135.11,54.79,156.47,0.30747,-1,-1,-1
6,12,266.18,380.06,51.83,208.75,0.39307,-1,-1,-1
6,13,502.45,136.61,48.76,167.22,0.51386,-1,-1,-1
7,1,375.84,404.96,79.77,240.12,0.78005,-1,-1,-1
7,2,103.81,545.97,73.33,246.20,0.73113,-1,-1,-1
7,3,1114.40,974.54,77.40,105.46,0.70593,-1,-1,-1
7,4,1727.88,454.32,71.76,213.45,0.63227,-1,-1,-1
7,5,1357.71,570.29,79.50,212.75,0.63362,-1,-1,-1
7,6,2.01,870.95,43.80,208.45,0.59631,-1,-1,-1
7,7,1072.68,208.30,62.05,180.86,0.55190,-1,-1,-1
7,8,542.59,148.29,58.38,186.92,0.54088,-1,-1,-1
7,10,788.94,145.41,64.16,177.83,0.51566,-1,-1,-1
7,12,265.97,380.44,49.76,200.46,0.35688,-1,-1,-1
7,13,502.13,138.68,48.31,165.58,0.48026,-1,-1,-1
8,1,376.87,402.76,79.51,239.21,0.76946,-1,-1,-1
8,2,104.36,546.08,73.40,246.54,0.73566,-1,-1,-1
8,3,1115.90,973.44,77.70,106.56,0.70750,-1,-1,-1
8,4,1726.84,454.69,70.90,209.78,0.64605,-1,-1,-1
8,5,1357.38,570.04,80.02,213.95,0.61302,-1,-1,-1
8,6,1.86,871.05,43.84,207.76,0.58213,-1,-1,-1
8,7,1070.50,210.54,63.78,178.38,0.54150,-1,-1,-1
8,8,541.98,147.21,58.48,188.48,0.55037,-1,-1,-1
8,10,788.85,145.84,63.99,177.03,0.50358,-1,-1,-1
8,12,265.65,381.15,47.61,191.09,0.31690,-1,-1,-1
8,13,500.71,140.93,50.16,171.51,0.45747,-1,-1,-1
9,1,377.90,401.80,79.20,237.71,0.76780,-1,-1,-1
9,2,104.64,546.06,73.49,246.78,0.74438,-1,-1,-1
9,3,1119.51,973.30,77.11,106.70,0.66960,-1,-1,-1
9,4,1725.80,454.48,71.22,209.88,0.63541,-1,-1,-1
9,5,1357.30,570.33,80.11,213.99,0.61432,-1,-1,-1
9,6,1.59,869.73,44.31,209.23,0.55887,-1,-1,-1
9,7,1068.14,210.64,65.94,176.11,0.50936,-1,-1,-1
9,8,541.53,147.68,58.31,189.48,0.49731,-1,-1,-1
9,10,788.79,145.78,63.74,175.99,0.47859,-1,-1,-1
9,13,500.19,141.88,50.54,173.11,0.44503,-1,-1,-1
9,14,1799.89,207.87,60.55,186.62,0.32639,-1,-1,-1
10,1,378.59,400.47,78.97,236.45,0.75785,-1,-1,-1
10,2,104.96,545.91,73.51,246.73,0.74006,-1,-1,-1
10,3,1122.97,973.03,76.57,106.97,0.68820,-1,-1,-1
10,4,1725.50,454.65,71.37,209.65,0.61090,-1,-1,-1
10,5,1357.02,569.69,80.76,215.45,0.61492,-1,-1,-1
10,6,1.28,865.75,45.20,212.90,0.56585,-1,-1,-1
10,7,1065.26,211.34,68.18,173.64,0.46690,-1,-1,-1
10,8,540.50,148.49,58.40,191.47,0.47800,-1,-1,-1
10,10,788.60,145.81,64.10,176.79,0.48630,-1,-1,-1
10,13,499.12,142.42,50.98,174.35,0.43335,-1,-1,-1
10,14,1801.06,211.05,60.85,187.33,0.34174,-1,-1,-1
10,12,266.06,383.70,43.74,174.62,0.31528,-1,-1,-1
11,1,379.67,398.44,78.52,234.48,0.75506,-1,-1,-1
11,2,104.87,546.10,73.57,246.78,0.74164,-1,-1,-1
11,3,1126.35,973.40,75.67,106.60,0.66856,-1,-1,-1
11,4,1725.67,458.07,70.69,206.50,0.60715,-1,-1,-1
11,5,1357.01,569.70,80.98,215.76,0.64100,-1,-1,-1
11,6,0.71,862.75,45.80,215.67,0.55849,-1,-1,-1
11,7,1060.70,210.19,70.92,174.03,0.45265,-1,-1,-1
11,8,539.45,148.70,58.32,192.78,0.48131,-1,-1,-1
11,10,788.56,145.72,64.32,177.14,0.48661,-1,-1,-1
11,13,498.47,142.91,51.27,175.42,0.42527,-1,-1,-1
11,14,1804.15,217.06,58.49,179.61,0.34898,-1,-1,-1
11,12,262.58,384.45,47.22,188.28,0.37949,-1,-1,-1
12,1,379.90,396.86,78.59,233.88,0.75329,-1,-1,-1
12,2,104.89,546.11,73.76,247.04,0.73671,-1,-1,-1
12,3,1129.81,973.20,75.14,106.80,0.67234,-1,-1,-1
12,4,1725.55,459.32,70.68,205.36,0.63602,-1,-1,-1
12,5,1356.93,569.60,80.81,215.39,0.63301,-1,-1,-1
12,6,0.54,857.22,46.81,220.51,0.57610,-1,-1,-1
12,7,1056.77,208.22,73.47,175.79,0.36040,-1,-1,-1
12,8,539.37,149.19,57.77,192.22,0.50045,-1,-1,-1
12,10,788.43,145.82,64.52,177.55,0.48271,-1,-1,-1
12,13,497.94,144.06,51.23,174.75,0.41280,-1,-1,-1
12,14,1805.70,219.88,57.41,175.46,0.33677,-1,-1,-1
13,1,380.28,395.42,78.42,232.43,0.76099,-1,-1,-1
13,2,104.97,545.96,74.09,247.67,0.74199,-1,-1,-1
13,3,1132.10,972.85,74.65,107.15,0.63419,-1,-1,-1
13,4,1725.32,458.48,71.27,206.52,0.66269,-1,-1,-1
13,5,1357.07,569.96,80.36,213.95,0.63619,-1,-1,-1
13,6,0.00,852.20,47.40,225.12,0.58962,-1,-1,-1
13,8,538.71,149.56,57.61,192.25,0.52023,-1,-1,-1
13,10,788.52,146.23,64.54,177.45,0.51054,-1,-1,-1
13,13,497.38,144.91,51.42,174.97,0.37669,-1,-1,-1
13,14,1806.85,222.03,58.17,176.46,0.37100,-1,-1,-1
13,9,213.73,393.76,59.92,181.03,0.34951,-1,-1,-1
14,1,380.73,394.62,78.33,231.36,0.76086,-1,-1,-1
14,2,104.85,545.91,74.41,248.28,0.74750,-1,-1,-1
14,3,1134.61,972.58,73.95,107.42,0.63122,-1,-1,-1
14,4,1725.08,459.44,71.63,206.34,0.65731,-1,-1,-1
14,5,1357.20,569.94,80.46,214.24,0.61388,-1,-1,-1
14,6,0.00,849.37,47.77,228.16,0.60795,-1,-1,-1
14,8,537.80,150.66,57.37,191.86,0.50407,-1,-1,-1
14,10,788.47,146.19,64.52,177.48,0.52433,-1,-1,-1
14,13,495.97,144.48,51.97,176.08,0.41109,-1,-1,-1
14,14,1807.25,223.16,58.55,176.30,0.37444,-1,-1,-1
14,15,881.51,130.00,85.44,178.09,0.41420,-1,-1,-1
14,9,212.05,396.06,59.61,178.43,0.38030,-1,-1,-1
15,1,381.19,393.53,78.56,231.34,0.76106,-1,-1,-1
15,2,104.96,545.98,74.49,248.16,0.75504,-1,-1,-1
15,3,1136.91,972.90,72.71,106.72,0.60001,-1,-1,-1
15,4,1724.71,456.45,72.85,209.66,0.65148,-1,-1,-1
15,5,1357.11,570.39,80.11,213.17,0.60572,-1,-1,-1
15,6,0.00,848.46,48.11,229.84,0.58632,-1,-1,-1
15,8,536.68,151.72,57.21,191.77,0.50390,-1,-1,-1
15,10,788.56,146.76,64.18,176.14,0.53628,-1,-1,-1
15,13,494.94,143.99,52.47,177.38,0.38695,-1,-1,-1
15,14,1807.30,224.03,60.83,182.19,0.39434,-1,-1,-1
15,15,880.60,130.46,85.30,177.74,0.38035,-1,-1,-1
15,9,209.86,392.22,60.86,181.81,0.31523,-1,-1,-1
16,1,381.28,392.82,78.91,231.90,0.76596,-1,-1,-1
16,2,105.02,546.20,74.35,247.35,0.75069,-1,-1,-1
16,3,1140.46,972.77,71.65,106.37,0.56757,-1,-1,-1
16,4,1724.83,455.55,73.00,210.13,0.65611,-1,-1,-1
16,5,1356.86,570.26,80.22,213.49,0.61968,-1,-1,-1
16,6,0.14,848.35,48.51,230.13,0.50553,-1,-1,-1
16,8,535.06,153.33,56.64,189.49,0.52433,-1,-1,-1
16,10,788.90,146.96,64.02,175.65,0.50467,-1,-1,-1
16,13,494.21,143.61,52.90,178.31,0.33278,-1,-1,-1
16,14,1807.74,224.91,62.70,186.63,0.38626,-1,-1,-1
16,15,880.11,131.57,85.83,178.85,0.33428,-1,-1,-1
16,9,206.58,385.49,62.78,189.35,0.36747,-1,-1,-1
16,12,253.97,385.91,47.36,184.54,0.35522,-1,-1,-1
17,1,381.50,391.67,79.64,233.66,0.75153,-1,-1,-1
17,2,105.24,546.68,74.32,246.36,0.74537,-1,-1,-1
17,3,1143.35,972.87,70.85,106.81,0.53479,-1,-1,-1
17,4,1724.61,457.61,72.99,209.13,0.64015,-1,-1,-1
17,5,1356.97,570.05,80.70,214.51,0.60474,-1,-1,-1
17,6,0.82,847.74,49.03,231.71,0.55474,-1,-1,-1
17,8,534.19,155.56,56.45,188.10,0.60848,-1,-1,-1
17,10,789.00,147.11,63.80,174.86,0.49261,-1,-1,-1
17,13,493.90,144.73,52.84,177.61,0.36175,-1,-1,-1
17,14,1807.90,226.10,64.00,190.00,0.36178,-1,-1,-1
17,15,880.45,132.24,85.30,177.76,0.32037,-1,-1,-1
17,9,204.69,381.41,63.81,194.53,0.33522,-1,-1,-1
17,12,251.50,382.86,49.22,187.97,0.36178,-1,-1,-1
18,1,381.37,390.08,80.56,236.13,0.75208,-1,-1,-1
18,2,105.23,546.59,74.41,246.01,0.74763,-1,-1,-1
18,3,1146.11,973.03,69.68,106.86,0.53084,-1,-1,-1
18,4,1724.68,457.96,73.11,208.58,0.64574,-1,-1,-1
18,5,1356.81,569.94,80.70,214.49,0.61866,-1,-1,-1
18,6,1.35,847.15,49.50,232.61,0.50673,-1,-1,-1
18,8,532.65,156.13,56.30,187.12,0.60461,-1,-1,-1
18,10,789.23,147.25,63.68,174.46,0.53369,-1,-1,-1
18,13,493.31,143.92,53.21,178.74,0.36834,-1,-1,-1
18,14,1808.56,226.89,64.74,191.21,0.38224,-1,-1,-1
18,15,880.12,132.78,85.42,178.08,0.34241,-1,-1,-1
18,9,204.08,381.88,62.75,193.49,0.36210,-1,-1,-1
18,12,249.98,383.29,49.97,187.66,0.40829,-1,-1,-1
19,1,381.51,388.65,81.28,237.88,0.75512,-1,-1,-1
19,2,105.18,546.59,74.58,246.11,0.74599,-1,-1,-1
19,3,1148.68,972.74,68.80,107.22,0.52015,-1,-1,-1
19,4,1724.21,456.01,73.81,210.37,0.64719,-1,-1,-1
19,5,1356.74,569.97,80.74,214.79,0.64103,-1,-1,-1
19,6,1.44,845.64,50.08,234.22,0.53170,-1,-1,-1
19,8,531.48,158.64,55.72,184.26,0.54619,-1,-1,-1
19,10,789.15,147.02,63.67,174.42,0.48097,-1,-1,-1
19,14,1810.39,227.61,65.02,190.97,0.36030,-1,-1,-1
19,9,203.24,381.52,62.62,195.13,0.40081,-1,-1,-1
19,12,248.33,380.98,51.15,190.31,0.41717,-1,-1,-1
19,16,1030.70,143.85,60.85,185.18,0.41627,-1,-1,-1
20,1,381.31,387.21,81.91,239.53,0.74790,-1,-1,-1
20,2,105.02,546.59,74.67,245.98,0.74566,-1,-1,-1
20,3,1151.39,972.77,67.60,107.22,0.51065,-1,-1,-1
20,4,1724.68,457.92,73.31,208.10,0.62964,-1,-1,-1
20,5,1356.85,570.43,80.50,214.25,0.64992,-1,-1,-1
20,6,1.39,845.25,50.41,234.74,0.47672,-1,-1,-1
20,8,530.40,158.94,55.60,183.97,0.54362,-1,-1,-1
20,10,789.34,147.62,63.59,174.02,0.49597,-1,-1,-1
20,14,1811.98,228.01,65.20,190.20,0.34253,-1,-1,-1
20,9,203.32,386.42,60.45,188.83,0.41579,-1,-1,-1
20,12,246.35,377.03,51.99,192.61,0.31524,-1,-1,-1
20,16,1023.09,144.37,73.00,222.89,0.40335,-1,-1,-1
21,1,381.21,386.22,82.23,240.17,0.75893,-1,-1,-1
21,2,104.87,546.48,74.85,246.27,0.74327,-1,-1,-1
21,3,1153.43,973.20,66.42,106.80,0.50238,-1,-1,-1
21,4,1724.53,458.13,73.56,208.19,0.63466,-1,-1,-1
21,5,1356.83,570.42,80.81,215.58,0.61398,-1,-1,-1
21,6,1.42,840.56,51.32,237.94,0.52261,-1,-1,-1
21,8,529.93,159.13,55.39,183.71,0.58923,-1,-1,-1
21,10,789.20,147.68,63.75,174.20,0.48688,-1,-1,-1
21,9,201.50,379.55,61.82,194.73,0.40098,-1,-1,-1
21,12,245.27,375.89,51.50,190.64,0.34612,-1,-1,-1
22,1,381.38,385.93,82.20,239.79,0.75790,-1,-1,-1
22,2,104.83,546.74,74.84,245.73,0.73840,-1,-1,-1
22,3,1154.28,974.20,65.19,105.80,0.55970,-1,-1,-1
22,4,1724.59,458.43,73.46,207.57,0.66855,-1,-1,-1
22,5,1356.92,570.22,80.57,215.18,0.63879,-1,-1,-1
22,6,1.30,841.00,51.62,238.45,0.54281,-1,-1,-1
22,8,528.32,156.98,55.94,186.21,0.50345,-1,-1,-1
22,10,789.35,147.75,64.01,174.87,0.46217,-1,-1,-1
22,9,201.84,373.39,63.23,199.97,0.33104,-1,-1,-1
22,16,1009.47,146.14,77.63,235.69,0.34890,-1,-1,-1
23,1,381.73,385.28,81.91,238.94,0.75717,-1,-1,-1
23,2,104.79,546.57,74.91,245.63,0.73927,-1,-1,-1
23,3,1156.53,973.94,64.96,106.06,0.55097,-1,-1,-1
23,4,1724.67,457.81,73.52,207.62,0.63973,-1,-1,-1
23,5,1356.88,570.02,80.60,215.22,0.61460,-1,-1,-1
23,6,1.30,841.68,51.59,237.32,0.56705,-1,-1,-1
23,8,526.46,157.52,55.70,186.72,0.46972,-1,-1,-1
23,10,789.39,148.37,63.59,174.36,0.43033,-1,-1,-1
23,16,1021.82,148.08,64.41,194.75,0.38741,-1,-1,-1
24,1,381.76,384.86,81.62,238.08,0.75748,-1,-1,-1
24,2,104.86,546.57,75.05,245.67,0.73831,-1,-1,-1
24,3,1158.20,974.60,64.29,105.40,0.54994,-1,-1,-1
24,4,1724.03,456.08,74.31,209.98,0.64377,-1,-1,-1
24,5,1356.52,569.80,81.18,216.93,0.58954,-1,-1,-1
24,6,1.57,839.88,51.80,236.91,0.53601,-1,-1,-1
24,8,524.64,157.44,55.85,187.45,0.42522,-1,-1,-1
24,10,789.79,148.39,63.51,173.81,0.42943,-1,-1,-1
24,16,1025.20,148.99,60.00,180.25,0.32161,-1,-1,-1
24,14,1821.95,231.02,65.37,189.64,0.35139,-1,-1,-1
24,9,200.92,357.63,67.50,214.26,0.30620,-1,-1,-1
25,1,381.62,384.07,81.30,237.30,0.75706,-1,-1,-1
25,2,104.69,546.79,75.26,245.88,0.73866,-1,-1,-1
25,3,1159.39,974.74,64.01,105.26,0.56337,-1,-1,-1
25,4,1723.52,457.46,74.25,209.21,0.65503,-1,-1,-1
25,5,1356.79,570.17,80.09,214.13,0.61282,-1,-1,-1
25,6,1.59,836.36,52.43,238.58,0.50271,-1,-1,-1
25,8,524.20,158.79,55.20,185.42,0.43624,-1,-1,-1
25,10,789.66,147.77,63.94,174.79,0.43248,-1,-1,-1
25,14,1823.29,233.07,66.47,192.34,0.38771,-1,-1,-1
26,1,381.73,382.97,81.14,237.25,0.76846,-1,-1,-1
26,2,104.30,546.36,75.74,246.92,0.73743,-1,-1,-1
26,3,1160.76,975.01,63.67,104.99,0.59701,-1,-1,-1
26,4,1722.66,454.68,75.27,212.66,0.63716,-1,-1,-1
26,5,1357.01,570.46,79.92,213.47,0.60884,-1,-1,-1
26,6,2.16,833.99,51.96,234.29,0.56826,-1,-1,-1
26,8,524.25,160.43,54.58,183.93,0.42132,-1,-1,-1
26,10,789.62,147.89,64.27,175.14,0.44749,-1,-1,-1
26,14,1825.82,235.86,66.49,192.49,0.37029,-1,-1,-1
27,1,381.66,381.47,81.17,237.39,0.77937,-1,-1,-1
27,2,103.98,546.19,75.90,247.14,0.73802,-1,-1,-1
27,3,1162.55,975.05,63.55,104.95,0.60728,-1,-1,-1
27,4,1722.56,455.46,75.06,212.37,0.65265,-1,-1,-1
27,5,1356.71,570.16,80.24,214.32,0.58728,-1,-1,-1
27,6,2.35,830.72,52.55,234.99,0.60721,-1,-1,-1
27,8,524.30,160.89,54.56,184.83,0.36535,-1,-1,-1
27,10,789.85,147.93,64.25,174.89,0.44846,-1,-1,-1
27,14,1827.65,237.92,66.16,191.73,0.34627,-1,-1,-1
27,7,992.03,206.34,77.65,170.82,0.43147,-1,-1,-1
27,9,199.78,348.72,70.18,221.82,0.36961,-1,-1,-1
28,1,382.07,379.66,81.42,237.87,0.77246,-1,-1,-1
28,2,103.80,546.62,75.83,246.38,0.73882,-1,-1,-1
28,3,1164.49,975.60,63.23,104.40,0.61652,-1,-1,-1
28,4,1722.62,455.37,74.82,211.97,0.64043,-1,-1,-1
28,5,1356.68,569.64,80.73,215.69,0.58844,-1,-1,-1
28,6,2.85,828.02,52.89,233.56,0.63420,-1,-1,-1
28,10,789.41,148.49,63.54,173.92,0.44963,-1,-1,-1
28,9,198.65,349.98,70.59,222.61,0.40005,-1,-1,-1
29,1,382.74,377.98,81.51,238.04,0.78089,-1,-1,-1
29,2,103.61,546.41,76.02,246.48,0.74579,-1,-1,-1
29,3,1166.19,975.81,63.31,104.19,0.63582,-1,-1,-1
29,4,1723.08,456.75,74.09,209.73,0.65024,-1,-1,-1
29,5,1356.86,569.75,80.70,215.40,0.62485,-1,-1,-1
29,6,3.46,826.15,52.86,230.06,0.69795,-1,-1,-1
29,10,789.31,148.60,63.23,174.16,0.45751,-1,-1,-1
29,9,197.99,352.28,69.72,219.30,0.32516,-1,-1,-1
29,17,1593.97,241.60,63.08,182.31,0.33061,-1,-1,-1
29,16,1027.58,151.44,56.79,169.46,0.31942,-1,-1,-1
30,1,383.77,376.47,81.49,237.22,0.78492,-1,-1,-1
30,2,103.76,546.96,75.94,245.69,0.73844,-1,-1,-1
30,3,1168.18,976.66,63.02,103.30,0.62112,-1,-1,-1
30,4,1723.45,457.26,73.93,208.88,0.66350,-1,-1,-1
30,5,1356.55,569.83,80.70,215.67,0.61756,-1,-1,-1
30,6,3.48,823.32,53.31,228.85,0.67705,-1,-1,-1
30,10,789.11,148.43,62.91,174.26,0.45794,-1,-1,-1
30,9,196.91,354.76,68.57,215.27,0.31661,-1,-1,-1
30,17,1593.20,240.59,63.35,183.19,0.35593,-1,-1,-1
30,8,522.41,163.51,54.95,186.84,0.30473,-1,-1,-1
31,1,385.93,374.91,81.20,234.37,0.75183,-1,-1,-1
31,2,103.49,546.88,76.15,246.16,0.74040,-1,-1,-1
31,3,1169.83,977.19,63.04,102.79,0.61571,-1,-1,-1
31,4,1722.80,455.80,74.58,211.18,0.65490,-1,-1,-1
31,5,1356.71,569.75,80.28,214.46,0.59165,-1,-1,-1
31,6,2.65,818.52,55.23,235.51,0.64904,-1,-1,-1
31,10,789.07,148.23,62.92,175.13,0.42766,-1,-1,-1
31,9,195.78,356.35,67.54,211.40,0.34722,-1,-1,-1
31,17,1590.29,238.84,62.87,181.86,0.31015,-1,-1,-1
31,16,1025.18,154.06,61.35,181.10,0.35132,-1,-1,-1
32,1,387.74,373.33,81.70,232.86,0.74586,-1,-1,-1
32,2,103.26,546.76,76.23,246.39,0.74717,-1,-1,-1
32,3,1171.20,977.96,62.98,102.03,0.67494,-1,-1,-1
32,4,1723.09,456.89,74.23,209.80,0.65392,-1,-1,-1
32,5,1356.50,569.77,80.23,214.37,0.60439,-1,-1,-1
32,6,2.03,815.50,56.80,241.15,0.61661,-1,-1,-1
32,10,789.68,148.68,62.47,174.89,0.45664,-1,-1,-1
32,9,194.00,351.04,68.45,213.80,0.39774,-1,-1,-1
32,17,1587.86,236.75,63.09,182.92,0.30300,-1,-1,-1
33,1,388.88,371.22,82.71,232.68,0.75046,-1,-1,-1
33,2,103.41,546.75,76.44,246.53,0.74866,-1,-1,-1
33,3,1172.94,978.87,62.87,101.13,0.67827,-1,-1,-1
33,4,1722.78,457.21,74.41,210.13,0.65735,-1,-1,-1
33,5,1356.19,569.48,81.06,216.62,0.60264,-1,-1,-1
33,6,1.64,813.34,58.30,246.61,0.62164,-1,-1,-1
33,10,789.66,148.99,62.03,174.33,0.43752,-1,-1,-1
33,9,191.43,349.07,69.30,216.12,0.42375,-1,-1,-1
33,14,1837.30,250.01,66.79,191.29,0.31339,-1,-1,-1
33,8,506.54,160.37,60.61,195.11,0.39257,-1,-1,-1
33,16,1022.28,156.53,62.75,183.63,0.36457,-1,-1,-1
34,1,389.44,370.25,83.35,231.81,0.75159,-1,-1,-1
34,2,103.32,546.81,76.57,246.55,0.73913,-1,-1,-1
34,3,1175.64,980.57,62.29,99.43,0.67612,-1,-1,-1
34,4,1722.88,457.95,73.92,208.61,0.64987,-1,-1,-1
34,5,1356.60,569.33,81.08,216.70,0.59966,-1,-1,-1
34,6,1.55,811.35,59.05,248.88,0.61326,-1,-1,-1
34,10,789.30,148.75,61.95,174.95,0.43156,-1,-1,-1
34,9,189.94,351.60,67.97,211.21,0.41689,-1,-1,-1
34,14,1837.43,250.95,66.76,190.44,0.31937,-1,-1,-1
34,8,502.74,160.62,63.18,195.31,0.38994,-1,-1,-1
34,16,1020.91,155.75,63.43,186.46,0.41579,-1,-1,-1
35,1,389.32,369.31,84.47,232.45,0.74088,-1,-1,-1
35,2,103.27,546.85,76.86,246.93,0.73493,-1,-1,-1
35,3,1178.58,982.05,61.66,97.95,0.66249,-1,-1,-1
35,4,1722.58,457.68,73.91,208.58,0.66067,-1,-1,-1
35,5,1356.41,569.37,80.93,216.03,0.60101,-1,-1,-1
35,6,1.78,810.31,60.19,252.36,0.57495,-1,-1,-1
35,10,789.63,148.64,61.71,175.08,0.44241,-1,-1,-1
35,9,186.50,346.28,67.92,212.16,0.45505,-1,-1,-1
35,14,1838.62,251.69,66.41,188.53,0.32475,-1,-1,-1
35,8,500.99,160.81,65.05,195.16,0.39989,-1,-1,-1
35,16,1020.95,156.28,62.77,185.15,0.46246,-1,-1,-1
35,7,954.05,201.08,75.13,173.40,0.33508,-1,-1,-1
36,1,388.96,368.70,85.29,232.81,0.70125,-1,-1,-1
36,2,103.19,547.04,76.81,246.56,0.73844,-1,-1,-1
36,3,1181.31,983.79,60.96,96.21,0.64161,-1,-1,-1
36,4,1722.94,458.47,73.74,207.93,0.61675,-1,-1,-1
36,5,1356.38,569.40,81.23,216.56,0.57647,-1,-1,-1
36,6,2.11,809.54,60.10,250.43,0.54230,-1,-1,-1
36,10,789.85,149.03,61.22,174.30,0.44044,-1,-1,-1
36,9,187.53,359.62,63.60,198.71,0.40047,-1,-1,-1
36,14,1840.07,250.70,66.55,188.81,0.35381,-1,-1,-1
36,8,499.76,160.90,66.19,194.47,0.41677,-1,-1,-1
36,16,1021.47,156.87,62.02,182.90,0.51263,-1,-1,-1
36,18,384.41,995.38,90.68,84.62,0.45405,-1,-1,-1
36,7,950.02,200.72,73.39,173.97,0.32732,-1,-1,-1
37,1,388.24,367.72,85.86,233.55,0.69053,-1,-1,-1
37,2,103.10,547.21,76.62,245.91,0.73444,-1,-1,-1
37,3,1184.10,984.50,60.91,95.50,0.68510,-1,-1,-1
37,4,1722.92,457.79,74.06,208.93,0.64045,-1,-1,-1
37,5,1356.25,569.16,81.91,218.40,0.56789,-1,-1,-1
37,6,2.80,808.55,60.45,249.52,0.62808,-1,-1,-1
37,10,789.69,148.86,61.23,174.73,0.43598,-1,-1,-1
37,9,186.93,361.34,62.60,195.62,0.40877,-1,-1,-1
37,14,1840.13,252.31,65.24,185.57,0.37748,-1,-1,-1
37,8,498.80,161.94,66.95,193.48,0.42333,-1,-1,-1
37,16,1021.42,157.93,62.14,183.42,0.53455,-1,-1,-1
37,18,384.32,994.27,91.88,85.73,0.51520,-1,-1,-1
37,7,944.89,200.59,72.64,173.70,0.43873,-1,-1,-1
38,1,387.55,366.60,86.16,234.73,0.69399,-1,-1,-1
38,2,102.87,547.00,76.50,245.56,0.73279,-1,-1,-1
38,3,1186.60,984.57,61.43,95.43,0.69258,-1,-1,-1
38,4,1723.02,458.26,73.77,207.81,0.64246,-1,-1,-1
38,5,1356.44,569.32,80.93,215.39,0.60527,-1,-1,-1
38,6,3.29,808.07,60.51,247.12,0.64037,-1,-1,-1
38,10,789.89,149.05,61.10,175.05,0.42443,-1,-1,-1
38,9,185.95,363.90,61.49,192.06,0.43233,-1,-1,-1
38,14,1840.26,252.82,64.90,185.28,0.32194,-1,-1,-1
38,8,497.79,162.56,67.75,193.04,0.41848,-1,-1,-1
38,16,1022.24,158.63,62.12,184.00,0.54534,-1,-1,-1
38,18,384.41,993.01,93.22,86.99,0.54711,-1,-1,-1
38,7,938.12,201.41,72.93,173.14,0.38444,-1,-1,-1
39,1,386.95,365.38,86.50,236.32,0.68944,-1,-1,-1
39,2,102.87,547.18,76.47,245.06,0.73087,-1,-1,-1
39,3,1189.48,984.08,62.37,95.92,0.67906,-1,-1,-1
39,4,1722.39,457.27,74.16,209.21,0.62324,-1,-1,-1
39,5,1356.64,568.33,81.46,216.99,0.58192,-1,-1,-1
39,6,3.28,807.10,60.71,245.56,0.65245,-1,-1,-1
39,10,789.90,148.90,60.91,175.11,0.41556,-1,-1,-1
39,9,184.06,362.71,62.09,193.61,0.49405,-1,-1,-1
39,14,1840.64,253.24,64.67,184.73,0.35356,-1,-1,-1
39,8,497.26,163.21,68.17,192.05,0.42378,-1,-1,-1
39,16,1022.17,159.02,61.90,183.24,0.52153,-1,-1,-1
39,18,383.84,991.72,94.53,88.28,0.52804,-1,-1,-1
39,7,930.61,201.02,74.71,172.89,0.50151,-1,-1,-1
40,1,387.85,366.08,86.26,235.50,0.69765,-1,-1,-1
40,2,102.72,547.07,76.53,244.90,0.73396,-1,-1,-1
40,3,1193.07,983.97,63.07,96.03,0.65467,-1,-1,-1
40,4,1722.19,456.55,74.48,210.47,0.62796,-1,-1,-1
40,5,1357.38,569.21,80.29,213.77,0.61556,-1,-1,-1
40,6,3.33,806.14,60.71,243.28,0.60693,-1,-1,-1
40,10,789.78,148.97,60.86,175.83,0.40485,-1,-1,-1
40,9,181.95,363.37,61.78,192.34,0.43119,-1,-1,-1
40,14,1839.85,253.30,65.52,186.46,0.33432,-1,-1,-1
40,8,496.21,166.23,68.56,191.74,0.44125,-1,-1,-1
40,16,1022.07,159.30,61.80,182.67,0.50982,-1,-1,-1
40,18,383.50,990.12,96.08,89.88,0.52825,-1,-1,-1
40,7,923.82,198.27,78.33,175.38,0.51059,-1,-1,-1
41,1,388.82,365.80,86.14,235.45,0.69123,-1,-1,-1
41,2,102.69,546.81,76.78,245.43,0.73108,-1,-1,-1
41,3,1195.50,984.81,63.00,95.19,0.68026,-1,-1,-1
41,4,1722.11,456.04,74.57,210.93,0.63951,-1,-1,-1
41,5,1357.00,568.82,80.80,215.14,0.60791,-1,-1,-1
41,6,3.21,805.11,61.24,243.18,0.59994,-1,-1,-1
41,10,789.90,149.14,60.35,175.28,0.40722,-1,-1,-1
41,9,179.79,361.71,62.25,193.94,0.36373,-1,-1,-1
41,8,497.49,166.09,69.06,191.18,0.36334,-1,-1,-1
41,16,1021.99,159.38,61.53,181.42,0.47724,-1,-1,-1
41,18,383.46,989.17,96.90,90.83,0.49340,-1,-1,-1
41,7,920.50,201.42,79.66,171.83,0.54433,-1,-1,-1
42,1,389.68,364.67,86.05,235.51,0.71059,-1,-1,-1
42,2,102.81,546.73,76.98,245.63,0.74009,-1,-1,-1
42,3,1198.21,984.96,63.48,95.04,0.69189,-1,-1,-1
42,4,1721.76,455.25,74.66,211.38,0.64670,-1,-1,-1
42,5,1356.92,569.19,80.56,214.54,0.61494,-1,-1,-1
42,6,2.93,802.92,61.74,243.08,0.63111,-1,-1,-1
42,10,789.63,148.89,60.49,176.68,0.42025,-1,-1,-1
42,9,179.14,367.85,60.56,188.91,0.32987,-1,-1,-1
42,8,497.39,167.05,69.87,191.85,0.37195,-1,-1,-1
42,16,1021.64,159.63,61.78,181.88,0.47293,-1,-1,-1
42,18,382.71,987.84,98.10,92.16,0.53364,-1,-1,-1
42,7,916.94,200.41,82.78,173.02,0.54526,-1,-1,-1
43,1,390.86,364.66,85.47,233.97,0.73752,-1,-1,-1
43,2,102.53,546.80,77.17,245.81,0.73367,-1,-1,-1
43,3,1201.37,985.17,64.03,94.82,0.66233,-1,-1,-1
43,4,1721.71,454.78,74.76,212.03,0.61679,-1,-1,-1
43,5,1356.81,569.14,80.54,214.50,0.60929,-1,-1,-1
43,6,3.49,799.07,60.64,235.66,0.66086,-1,-1,-1
43,10,789.73,149.22,60.22,176.26,0.40436,-1,-1,-1
43,8,496.46,167.84,71.26,194.07,0.38481,-1,-1,-1
43,16,1021.40,159.90,62.13,182.96,0.46658,-1,-1,-1
43,18,382.07,987.43,98.35,92.57,0.54032,-1,-1,-1
43,7,912.59,197.24,86.35,175.81,0.49820,-1,-1,-1
44,1,391.91,364.43,84.98,232.25,0.73435,-1,-1,-1
44,2,102.39,547.06,77.15,245.49,0.73366,-1,-1,-1
44,3,1202.92,985.45,64.59,94.55,0.66888,-1,-1,-1
44,4,1721.64,456.69,74.22,210.07,0.64727,-1,-1,-1
44,5,1356.72,568.96,81.12,216.10,0.62393,-1,-1,-1
44,6,3.79,795.49,60.26,231.09,0.67264,-1,-1,-1
44,10,789.93,149.15,60.00,176.20,0.40027,-1,-1,-1
44,8,495.96,168.90,72.16,195.36,0.37703,-1,-1,-1
44,16,1021.07,160.28,62.37,184.06,0.43837,-1,-1,-1
44,18,380.88,985.62,99.96,94.38,0.59705,-1,-1,-1
44,7,907.95,194.22,89.23,178.99,0.31721,-1,-1,-1
44,14,1844.81,255.40,69.54,194.34,0.32550,-1,-1,-1
44,9,174.39,365.42,60.76,190.50,0.35283,-1,-1,-1
45,1,392.95,362.40,84.97,232.22,0.73720,-1,-1,-1
45,2,102.01,546.84,77.24,245.71,0.74250,-1,-1,-1
45,3,1204.33,985.76,65.15,94.23,0.67079,-1,-1,-1
45,4,1721.90,458.12,73.71,208.38,0.63192,-1,-1,-1
45,5,1356.42,568.85,81.16,216.26,0.63511,-1,-1,-1
45,6,3.78,792.86,60.55,229.36,0.66827,-1,-1,-1
45,10,790.00,149.18,59.78,175.81,0.42460,-1,-1,-1
45,8,496.19,171.87,72.00,194.27,0.31179,-1,-1,-1
45,16,1021.03,161.51,62.32,182.81,0.39910,-1,-1,-1
45,18,379.39,984.73,100.53,95.27,0.59577,-1,-1,-1
45,14,1844.04,256.56,70.71,196.80,0.34935,-1,-1,-1
45,9,171.30,359.96,61.46,194.93,0.36453,-1,-1,-1
46,1,394.04,360.92,84.64,231.90,0.74231,-1,-1,-1
46,2,101.90,546.51,77.40,246.08,0.74461,-1,-1,-1
46,3,1204.66,986.20,65.51,93.80,0.68540,-1,-1,-1
46,4,1721.69,458.92,73.43,207.04,0.61595,-1,-1,-1
46,5,1356.52,569.20,81.45,216.78,0.60403,-1,-1,-1
46,6,3.86,790.54,61.23,229.23,0.67150,-1,-1,-1
46,10,790.08,149.29,59.47,175.27,0.38885,-1,-1,-1
46,8,495.01,173.65,72.52,193.92,0.33185,-1,-1,-1
46,16,1020.70,162.01,62.52,182.40,0.40935,-1,-1,-1
46,18,376.33,979.91,104.82,100.09,0.60364,-1,-1,-1
46,14,1844.32,257.13,72.22,200.39,0.33074,-1,-1,-1
46,9,168.82,354.66,62.11,199.73,0.36220,-1,-1,-1
47,1,394.88,358.86,84.56,232.02,0.74614,-1,-1,-1
47,2,101.73,546.35,77.49,246.20,0.72929,-1,-1,-1
47,3,1205.45,986.33,66.14,93.67,0.66681,-1,-1,-1
47,4,1721.70,458.96,73.77,207.73,0.63085,-1,-1,-1
47,5,1356.69,569.44,81.22,216.07,0.59336,-1,-1,-1
47,6,3.83,788.97,62.37,231.05,0.61781,-1,-1,-1
47,10,790.27,149.38,59.45,174.91,0.42979,-1,-1,-1
47,8,500.19,179.03,68.94,187.71,0.31603,-1,-1,-1
47,16,1019.69,162.74,62.94,183.42,0.39563,-1,-1,-1
47,18,373.77,974.17,109.62,105.83,0.59131,-1,-1,-1
47,14,1844.95,258.76,72.92,202.13,0.34633,-1,-1,-1
47,9,166.84,346.73,63.87,207.39,0.39102,-1,-1,-1
47,7,893.38,174.87,95.88,198.21,0.31449,-1,-1,-1
48,1,396.07,357.21,83.95,230.37,0.76483,-1,-1,-1
48,2,101.67,546.13,77.67,246.76,0.73534,-1,-1,-1
48,3,1207.31,985.18,67.80,94.78,0.63284,-1,-1,-1
48,4,1721.89,459.49,73.42,206.46,0.63538,-1,-1,-1
48,5,1356.94,569.14,81.61,216.75,0.61420,-1,-1,-1
48,6,4.05,788.20,63.64,233.30,0.58508,-1,-1,-1
48,10,790.50,149.46,59.65,175.48,0.45516,-1,-1,-1
48,8,502.06,182.57,66.52,183.79,0.33235,-1,-1,-1
48,16,1019.04,163.19,62.85,183.06,0.33208,-1,-1,-1
48,18,370.83,967.38,115.05,112.62,0.60904,-1,-1,-1
48,14,1845.70,262.15,71.94,201.05,0.37013,-1,-1,-1
48,9,165.31,344.65,64.13,210.76,0.33658,-1,-1,-1
49,1,397.01,356.30,83.15,227.65,0.76068,-1,-1,-1
49,2,101.59,546.06,77.74,246.94,0.73928,-1,-1,-1
49,3,1207.92,984.06,69.44,95.93,0.65174,-1,-1,-1
49,4,1721.49,459.01,73.74,207.07,0.65725,-1,-1,-1
49,5,1356.78,569.38,82.02,217.73,0.60177,-1,-1,-1
49,6,3.45,785.44,66.68,242.68,0.61811,-1,-1,-1
49,10,790.59,149.26,59.86,175.93,0.43162,-1,-1,-1
49,8,497.39,180.80,68.67,187.73,0.37080,-1,-1,-1
49,16,1017.94,164.47,63.06,182.97,0.37197,-1,-1,-1
49,18,369.88,964.16,116.74,115.84,0.58934,-1,-1,-1
49,14,1846.55,264.09,71.19,201.10,0.33376,-1,-1,-1
49,9,165.04,350.43,62.16,205.32,0.35569,-1,-1,-1
50,1,397.43,355.06,82.97,226.32,0.75438,-1,-1,-1
50,2,101.68,546.08,77.69,246.68,0.74809,-1,-1,-1
50,3,1208.02,983.17,70.85,96.83,0.62835,-1,-1,-1
50,4,1721.39,459.15,73.68,206.71,0.63942,-1,-1,-1
50,5,1357.11,569.73,81.45,216.16,0.61223,-1,-1,-1
50,6,3.57,784.58,68.44,247.18,0.60538,-1,-1,-1
50,10,790.29,149.06,60.10,176.83,0.40684,-1,-1,-1
50,8,495.61,179.94,70.38,190.59,0.37759,-1,-1,-1
50,16,1017.54,164.97,61.46,178.08,0.38484,-1,-1,-1
50,18,370.73,961.50,116.81,117.69,0.58710,-1,-1,-1
50,14,1849.51,265.96,70.47,200.47,0.39164,-1,-1,-1
51,1,398.06,354.22,82.57,223.95,0.75400,-1,-1,-1
51,2,101.67,545.65,77.81,247.19,0.75048,-1,-1,-1
51,3,1208.16,982.05,72.32,97.95,0.61123,-1,-1,-1
51,4,1721.28,459.93,73.40,205.53,0.62268,-1,-1,-1
51,5,1357.23,569.40,81.13,215.20,0.61984,-1,-1,-1
51,6,3.63,783.11,69.04,247.50,0.64143,-1,-1,-1
51,10,790.24,148.76,60.28,177.54,0.41371,-1,-1,-1
51,8,495.47,180.39,71.15,191.31,0.36826,-1,-1,-1
51,16,1017.38,166.49,60.61,175.16,0.44421,-1,-1,-1
51,18,370.05,957.43,119.17,122.21,0.55096,-1,-1,-1
51,14,1851.34,267.23,68.66,197.29,0.36272,-1,-1,-1
52,1,398.70,353.10,82.90,223.83,0.76787,-1,-1,-1
52,2,101.74,545.47,77.71,247.12,0.75190,-1,-1,-1
52,3,1207.79,981.76,73.16,98.24,0.63027,-1,-1,-1
52,4,1721.24,457.19,74.46,209.04,0.62684,-1,-1,-1
52,5,1357.04,569.20,81.21,215.40,0.62356,-1,-1,-1
52,6,4.65,782.03,69.20,245.84,0.61098,-1,-1,-1
52,10,789.92,149.02,60.47,178.03,0.39484,-1,-1,-1
52,8,494.09,180.34,72.08,191.25,0.38221,-1,-1,-1
52,16,1016.63,167.83,61.86,178.52,0.47124,-1,-1,-1
52,18,370.12,953.26,121.17,126.59,0.54578,-1,-1,-1
53,1,399.24,351.58,83.51,225.14,0.76964,-1,-1,-1
53,2,101.64,545.21,77.59,247.43,0.74558,-1,-1,-1
53,3,1207.03,980.49,74.55,99.51,0.65269,-1,-1,-1
53,4,1721.51,456.38,74.42,209.25,0.62681,-1,-1,-1
53,5,1357.46,569.46,80.83,214.10,0.64037,-1,-1,-1
53,6,5.34,780.85,68.90,243.24,0.65102,-1,-1,-1
53,10,789.74,148.60,60.54,177.91,0.41198,-1,-1,-1
53,8,493.44,180.61,73.01,190.91,0.40390,-1,-1,-1
53,16,1015.89,168.84,62.64,180.86,0.45089,-1,-1,-1
53,18,371.02,950.15,121.92,129.51,0.69346,-1,-1,-1
53,14,1855.39,265.90,64.61,197.82,0.32099,-1,-1,-1
54,1,399.42,350.76,83.97,225.99,0.77113,-1,-1,-1
54,2,101.60,544.94,77.56,247.97,0.74813,-1,-1,-1
54,3,1206.29,979.92,75.49,100.08,0.65737,-1,-1,-1
54,4,1721.50,456.08,74.50,209.77,0.62473,-1,-1,-1
54,5,1357.52,569.22,80.94,214.06,0.64122,-1,-1,-1
54,6,7.22,778.65,68.01,239.06,0.64510,-1,-1,-1
54,10,790.04,148.80,60.42,177.17,0.39799,-1,-1,-1
54,8,493.08,180.61,74.04,190.75,0.38735,-1,-1,-1
54,16,1014.20,170.81,62.78,181.48,0.42771,-1,-1,-1
54,18,373.30,948.35,121.03,130.35,0.71839,-1,-1,-1
54,14,1856.46,263.51,63.54,202.91,0.31190,-1,-1,-1
55,1,399.67,349.65,84.56,227.65,0.77864,-1,-1,-1
55,2,101.62,545.04,77.52,248.45,0.73665,-1,-1,-1
55,3,1205.91,979.19,76.47,100.81,0.66536,-1,-1,-1
55,4,1721.77,456.56,74.69,210.51,0.63790,-1,-1,-1
55,5,1357.44,569.03,81.26,215.06,0.60864,-1,-1,-1
55,6,8.71,775.12,67.88,237.95,0.68073,-1,-1,-1
55,10,790.24,148.95,60.39,176.90,0.42478,-1,-1,-1
55,8,492.65,180.30,75.18,191.29,0.42389,-1,-1,-1
55,16,1012.75,172.99,62.82,181.57,0.45642,-1,-1,-1
55,18,374.95,946.63,121.23,132.12,0.69288,-1,-1,-1
55,14,1857.95,262.54,62.05,206.63,0.34086,-1,-1,-1
56,1,399.83,349.07,84.97,229.05,0.78803,-1,-1,-1
56,2,101.68,544.55,77.56,249.11,0.73750,-1,-1,-1
56,3,1205.09,977.79,77.81,102.21,0.67451,-1,-1,-1
56,4,1721.52,456.01,74.63,210.65,0.64495,-1,-1,-1
56,5,1356.91,569.12,81.51,215.97,0.61044,-1,-1,-1
56,6,9.47,772.39,67.61,235.93,0.69420,-1,-1,-1
56,10,790.34,148.78,60.71,177.63,0.40988,-1,-1,-1
56,8,491.75,180.27,75.85,191.41,0.47872,-1,-1,-1
56,16,1012.82,174.78,62.25,180.53,0.46834,-1,-1,-1
56,18,376.14,945.77,121.04,133.54,0.69872,-1,-1,-1
57,1,399.61,348.08,85.25,230.27,0.79410,-1,-1,-1
57,2,101.65,544.74,77.51,249.46,0.73304,-1,-1,-1
57,3,1204.14,976.54,79.02,103.46,0.68545,-1,-1,-1
57,4,1721.72,457.84,73.76,208.18,0.65074,-1,-1,-1
57,5,1357.22,569.18,80.91,214.11,0.61759,-1,-1,-1
57,6,8.85,770.87,67.09,232.12,0.71979,-1,-1,-1
57,10,790.28,148.68,61.13,178.56,0.40067,-1,-1,-1
57,8,490.77,180.92,76.24,190.99,0.45938,-1,-1,-1
57,16,1011.38,176.32,61.96,179.92,0.46421,-1,-1,-1
57,18,377.88,945.02,120.28,134.28,0.71775,-1,-1,-1
57,20,1471.09,215.86,65.22,190.31,0.33452,-1,-1,-1
57,7,835.23,162.28,101.69,208.39,0.30159,-1,-1,-1
58,1,399.55,347.14,85.47,231.16,0.78720,-1,-1,-1
58,2,101.79,545.08,77.27,249.28,0.72884,-1,-1,-1
58,3,1203.57,976.17,79.67,103.83,0.66889,-1,-1,-1
58,4,1721.58,456.25,74.04,209.38,0.64037,-1,-1,-1
58,5,1357.14,569.32,81.12,214.70,0.62502,-1,-1,-1
58,6,10.19,767.85,67.18,229.80,0.71174,-1,-1,-1
58,10,790.39,148.91,61.16,178.55,0.39470,-1,-1,-1
58,8,490.14,181.47,76.64,191.08,0.44868,-1,-1,-1
58,16,1010.46,178.82,61.55,179.24,0.45699,-1,-1,-1
58,18,379.22,944.09,119.88,135.61,0.67231,-1,-1,-1
58,20,1469.67,214.74,64.81,189.13,0.31027,-1,-1,-1
59,1,400.08,345.76,85.76,232.66,0.78496,-1,-1,-1
59,2,101.79,545.07,77.14,249.49,0.73264,-1,-1,-1
59,3,1202.42,975.69,80.54,104.31,0.67182,-1,-1,-1
59,4,1722.03,456.01,74.27,210.48,0.63788,-1,-1,-1
59,5,1357.32,568.92,80.78,213.55,0.64148,-1,-1,-1
59,6,10.82,765.47,67.08,226.15,0.72172,-1,-1,-1
59,10,789.71,148.87,61.13,178.56,0.38917,-1,-1,-1
59,8,490.18,181.94,77.24,191.46,0.43835,-1,-1,-1
59,16,1009.73,180.30,61.25,178.51,0.37506,-1,-1,-1
59,18,380.20,943.00,119.18,136.65,0.71427,-1,-1,-1
60,1,400.64,345.58,85.22,232.01,0.79253,-1,-1,-1
60,2,101.56,545.11,77.24,250.30,0.72591,-1,-1,-1
60,3,1201.40,974.86,81.55,105.14,0.67034,-1,-1,-1
60,4,1722.16,457.90,73.55,208.30,0.62769,-1,-1,-1
60,5,1356.93,568.91,81.24,214.82,0.62658,-1,-1,-1
60,6,11.06,761.26,67.12,225.19,0.73464,-1,-1,-1
60,10,789.13,148.55,62.54,183.11,0.42363,-1,-1,-1
60,8,490.09,182.98,77.44,191.22,0.45321,-1,-1,-1
60,16,1008.09,181.38,61.30,178.06,0.34100,-1,-1,-1
60,18,380.65,940.53,119.53,138.72,0.71079,-1,-1,-1
60,20,1465.98,211.93,65.88,192.45,0.31028,-1,-1,-1
61,1,400.82,344.44,84.76,231.36,0.79787,-1,-1,-1
61,2,101.87,545.96,76.48,248.55,0.72788,-1,-1,-1
61,3,1198.90,972.78,83.40,107.22,0.63104,-1,-1,-1
61,4,1721.74,456.49,74.12,210.16,0.61153,-1,-1,-1
61,5,1357.16,569.19,81.02,214.27,0.63005,-1,-1,-1
61,6,11.03,758.32,67.28,225.23,0.73049,-1,-1,-1
61,10,788.49,148.45,63.63,186.64,0.36650,-1,-1,-1
61,8,491.36,188.07,75.79,187.94,0.48040,-1,-1,-1
61,16,1007.51,182.18,61.01,176.95,0.30334,-1,-1,-1
61,18,380.93,938.76,119.93,140.65,0.61583,-1,-1,-1
62,1,401.01,343.18,84.39,231.11,0.79082,-1,-1,-1
62,2,102.09,546.56,76.08,247.84,0.72885,-1,-1,-1
62,3,1197.67,972.30,84.03,107.70,0.62246,-1,-1,-1
62,4,1722.06,456.37,73.92,209.73,0.60047,-1,-1,-1
62,5,1357.30,569.22,81.07,214.60,0.61752,-1,-1,-1
62,6,11.68,756.21,67.45,225.35,0.73053,-1,-1,-1
62,10,788.87,148.27,63.44,186.84,0.31951,-1,-1,-1
62,8,491.36,189.80,75.78,188.71,0.49719,-1,-1,-1
62,16,1007.86,183.94,60.49,175.35,0.30362,-1,-1,-1
62,18,380.39,936.66,120.08,142.20,0.57021,-1,-1,-1
63,1,401.09,341.39,84.42,231.87,0.79671,-1,-1,-1
63,2,102.24,546.67,75.79,247.53,0.72978,-1,-1,-1
63,3,1196.22,971.83,84.71,108.17,0.65790,-1,-1,-1
63,4,1722.06,457.92,73.47,208.14,0.59123,-1,-1,-1
63,5,1357.22,569.02,80.84,213.84,0.60266,-1,-1,-1
63,6,11.78,754.83,68.51,228.07,0.71892,-1,-1,-1
63,8,489.98,189.00,77.48,193.88,0.53343,-1,-1,-1
63,18,379.66,934.60,120.43,144.30,0.66102,-1,-1,-1
64,1,401.39,339.05,84.32,232.12,0.79085,-1,-1,-1
64,2,102.48,546.85,75.58,247.39,0.71965,-1,-1,-1
64,3,1194.90,972.67,84.38,107.33,0.68596,-1,-1,-1
64,4,1721.90,456.84,73.84,209.23,0.60659,-1,-1,-1
64,5,1356.44,569.27,81.41,215.35,0.59780,-1,-1,-1
64,6,12.00,753.31,68.99,229.08,0.72066,-1,-1,-1
64,8,490.64,191.17,77.07,194.08,0.49097,-1,-1,-1
64,18,378.71,931.18,122.11,148.03,0.67204,-1,-1,-1
64,16,1005.54,186.43,59.61,171.80,0.36254,-1,-1,-1
65,1,401.45,337.14,84.21,232.23,0.79339,-1,-1,-1
65,2,102.44,547.08,75.37,246.96,0.72828,-1,-1,-1
65,3,1193.39,972.99,84.24,107.01,0.68538,-1,-1,-1
65,4,1721.69,458.82,73.41,207.35,0.61321,-1,-1,-1
65,5,1356.74,569.22,81.30,214.57,0.62890,-1,-1,-1
65,6,11.51,752.16,69.86,231.72,0.71392,-1,-1,-1
65,8,491.30,191.89,76.83,194.76,0.50783,-1,-1,-1
65,18,376.82,925.16,125.39,154.42,0.56403,-1,-1,-1
65,16,1004.77,187.20,59.88,171.75,0.31348,-1,-1,-1
66,1,401.81,335.21,84.07,232.10,0.79328,-1,-1,-1
66,2,102.66,546.59,75.57,247.64,0.72079,-1,-1,-1
66,3,1190.87,971.96,85.01,108.04,0.70658,-1,-1,-1
66,4,1721.03,459.19,73.73,207.63,0.62567,-1,-1,-1
66,5,1356.50,568.72,81.92,215.85,0.60522,-1,-1,-1
66,6,11.23,750.89,70.46,233.49,0.71359,-1,-1,-1
66,8,492.11,191.38,76.45,195.83,0.52874,-1,-1,-1
66,18,375.48,919.01,128.00,160.84,0.56093,-1,-1,-1
66,16,1003.83,187.87,60.60,174.06,0.36296,-1,-1,-1
67,1,402.60,333.94,83.49,230.02,0.79457,-1,-1,-1
67,2,102.83,546.75,75.57,247.54,0.72515,-1,-1,-1
67,3,1189.50,971.69,85.35,108.31,0.69429,-1,-1,-1
67,4,1721.15,459.12,73.63,206.98,0.59673,-1,-1,-1
67,5,1356.85,569.02,81.50,214.69,0.59844,-1,-1,-1
67,6,10.57,749.04,71.27,236.14,0.70298,-1,-1,-1
67,8,491.89,191.30,76.83,198.75,0.56601,-1,-1,-1
67,18,374.64,914.40,128.48,164.49,0.65582,-1,-1,-1
67,16,1002.21,187.90,60.80,175.07,0.40715,-1,-1,-1
68,1,403.51,333.26,82.86,227.78,0.79030,-1,-1,-1
68,2,102.79,546.67,75.66,247.75,0.72931,-1,-1,-1
68,3,1186.15,970.25,86.42,109.75,0.69594,-1,-1,-1
68,4,1721.52,459.40,73.66,206.93,0.60827,-1,-1,-1
68,5,1356.67,568.36,81.93,215.78,0.59580,-1,-1,-1
68,6,10.13,746.77,72.28,239.72,0.70793,-1,-1,-1
68,8,492.08,192.40,75.79,197.81,0.57495,-1,-1,-1
68,18,374.54,911.76,127.85,166.50,0.70566,-1,-1,-1
68,16,1001.09,188.26,61.24,176.36,0.48769,-1,-1,-1
69,1,404.03,332.19,82.64,226.28,0.78345,-1,-1,-1
69,2,102.63,546.65,75.71,248.08,0.73082,-1,-1,-1
69,3,1184.01,969.67,86.77,110.30,0.68004,-1,-1,-1
69,4,1721.90,457.74,74.95,210.85,0.59490,-1,-1,-1
69,5,1356.54,568.55,82.28,216.88,0.59657,-1,-1,-1
69,6,10.10,744.80,72.70,241.42,0.71020,-1,-1,-1
69,8,492.23,193.36,75.25,196.37,0.58705,-1,-1,-1
69,18,374.55,909.90,127.38,168.64,0.68564,-1,-1,-1
69,16,1000.67,188.17,61.55,177.08,0.53422,-1,-1,-1
70,1,404.49,331.29,82.43,224.57,0.79055,-1,-1,-1
70,2,102.67,546.41,75.68,248.35,0.73197,-1,-1,-1
70,3,1182.12,969.16,87.05,110.83,0.66520,-1,-1,-1
70,4,1722.26,456.13,75.25,212.03,0.61631,-1,-1,-1
70,5,1356.50,568.41,82.58,217.52,0.60891,-1,-1,-1
70,6,10.77,743.15,72.01,239.06,0.71520,-1,-1,-1
70,8,492.13,195.07,74.90,194.46,0.59193,-1,-1,-1
70,18,374.05,907.21,127.75,172.00,0.67944,-1,-1,-1
70,16,1000.02,188.05,61.78,177.89,0.55852,-1,-1,-1
71,1,404.65,329.98,82.46,223.81,0.79100,-1,-1,-1
71,2,102.28,545.51,76.11,249.84,0.72935,-1,-1,-1
71,3,1180.64,968.33,87.54,111.66,0.66817,-1,-1,-1
71,4,1722.32,456.41,75.03,211.43,0.62279,-1,-1,-1
71,5,1356.56,568.67,82.84,218.45,0.56268,-1,-1,-1
71,6,12.13,741.48,70.64,233.61,0.72151,-1,-1,-1
71,8,492.81,194.05,75.54,195.59,0.61354,-1,-1,-1
71,18,372.69,904.87,128.09,174.85,0.70980,-1,-1,-1
71,16,998.25,188.28,61.72,178.22,0.56159,-1,-1,-1
71,7,774.90,150.78,99.60,219.24,0.35989,-1,-1,-1
72,1,404.64,328.48,83.10,224.90,0.78854,-1,-1,-1
72,2,102.06,544.79,76.29,250.53,0.72600,-1,-1,-1
72,3,1178.65,966.42,88.62,113.57,0.59379,-1,-1,-1
72,4,1722.36,456.83,74.76,210.71,0.61964,-1,-1,-1
72,5,1356.85,568.99,82.75,218.33,0.60646,-1,-1,-1
72,6,12.59,738.30,70.00,230.04,0.72777,-1,-1,-1
72,8,491.54,193.78,76.56,196.18,0.59729,-1,-1,-1
72,18,372.00,903.15,127.79,176.77,0.72167,-1,-1,-1
72,16,996.89,188.57,61.58,178.85,0.57320,-1,-1,-1
72,21,845.24,169.24,50.83,175.90,0.34976,-1,-1,-1
72,7,773.04,147.87,97.60,222.03,0.38139,-1,-1,-1
73,1,404.92,327.61,83.71,226.35,0.78704,-1,-1,-1
73,2,101.96,545.01,76.22,250.26,0.73219,-1,-1,-1
73,3,1177.60,965.32,89.16,114.68,0.60984,-1,-1,-1
73,4,1722.36,456.28,75.30,212.54,0.61381,-1,-1,-1
73,5,1357.22,569.34,82.27,216.75,0.61629,-1,-1,-1
73,6,12.69,734.93,70.21,229.33,0.74793,-1,-1,-1
73,8,490.35,193.48,77.83,196.70,0.59255,-1,-1,-1
73,18,371.52,902.03,127.16,177.97,0.71513,-1,-1,-1
73,16,995.31,189.42,61.23,179.02,0.55007,-1,-1,-1
73,21,845.34,170.21,51.32,177.58,0.34765,-1,-1,-1
73,7,771.51,148.33,95.58,220.72,0.30536,-1,-1,-1
74,1,405.40,327.30,83.72,226.28,0.78402,-1,-1,-1
74,2,102.08,545.37,75.87,249.23,0.72182,-1,-1,-1
74,3,1176.95,964.88,89.31,115.12,0.62397,-1,-1,-1
74,4,1722.40,458.91,74.03,208.64,0.59585,-1,-1,-1
74,5,1357.12,569.52,81.95,215.57,0.61969,-1,-1,-1
74,6,13.22,732.36,69.91,226.51,0.75160,-1,-1,-1
74,8,489.91,194.69,78.46,195.48,0.55966,-1,-1,-1
74,18,371.39,900.30,126.87,179.70,0.68889,-1,-1,-1
74,16,994.70,190.01,61.08,180.66,0.55853,-1,-1,-1
74,21,845.51,171.14,51.92,179.53,0.30611,-1,-1,-1
75,1,405.45,326.68,83.90,226.69,0.77848,-1,-1,-1
75,2,101.72,545.15,75.90,249.49,0.72823,-1,-1,-1
75,3,1176.23,964.42,89.58,115.58,0.63719,-1,-1,-1
75,4,1722.02,457.63,74.80,211.07,0.61890,-1,-1,-1
75,5,1357.50,569.89,81.14,212.97,0.65516,-1,-1,-1
75,6,12.84,730.84,70.48,227.02,0.74879,-1,-1,-1
75,8,488.55,196.18,79.08,194.21,0.57080,-1,-1,-1
75,18,371.43,898.13,126.75,181.87,0.67847,-1,-1,-1
75,16,992.94,189.48,61.50,183.17,0.61451,-1,-1,-1
75,21,844.06,171.86,53.46,184.70,0.30223,-1,-1,-1
76,1,406.04,326.27,84.01,227.30,0.77247,-1,-1,-1
76,2,101.48,544.44,75.99,250.24,0.72221,-1,-1,-1
76,3,1175.82,963.87,89.88,116.13,0.68873,-1,-1,-1
76,4,1721.87,459.04,73.83,207.90,0.63048,-1,-1,-1
76,5,1357.26,570.38,81.20,212.55,0.64796,-1,-1,-1
76,6,12.27,729.14,71.50,229.58,0.74700,-1,-1,-1
76,8,489.58,199.23,79.02,192.02,0.55450,-1,-1,-1
76,18,371.57,895.32,126.75,184.68,0.69084,-1,-1,-1
76,16,992.30,189.34,60.97,182.59,0.57517,-1,-1,-1
76,20,1436.87,205.77,65.40,190.97,0.32268,-1,-1,-1
77,1,406.42,325.23,84.43,228.81,0.76653,-1,-1,-1
77,2,101.28,544.28,75.83,250.37,0.72201,-1,-1,-1
77,3,1175.57,963.69,89.87,116.31,0.69760,-1,-1,-1
77,4,1721.82,458.92,73.55,206.71,0.62265,-1,-1,-1
77,5,1357.08,570.01,82.08,214.20,0.63245,-1,-1,-1
77,6,12.11,727.68,72.02,230.62,0.75138,-1,-1,-1
77,8,492.76,201.29,77.98,189.48,0.56860,-1,-1,-1
77,18,372.34,893.08,126.19,186.92,0.74674,-1,-1,-1
77,16,992.08,190.05,60.36,181.29,0.59259,-1,-1,-1
77,20,1435.89,205.59,64.91,189.53,0.35590,-1,-1,-1
78,1,406.47,324.60,84.50,229.29,0.76955,-1,-1,-1
78,2,101.02,544.20,75.56,250.09,0.72359,-1,-1,-1
78,3,1175.16,963.07,90.15,116.93,0.72111,-1,-1,-1
78,4,1721.81,459.60,73.46,205.89,0.63748,-1,-1,-1
78,5,1356.86,571.07,82.45,214.38,0.63852,-1,-1,-1
78,6,12.08,726.50,73.00,232.89,0.74602,-1,-1,-1
78,8,491.96,204.33,77.16,187.10,0.60116,-1,-1,-1
78,18,372.56,890.73,125.60,189.27,0.75408,-1,-1,-1
78,16,992.12,189.33,60.01,181.37,0.56483,-1,-1,-1
78,20,1434.26,205.16,65.01,189.84,0.33563,-1,-1,-1
79,1,406.89,324.27,84.55,230.14,0.77992,-1,-1,-1
79,2,101.22,544.92,75.05,248.91,0.72580,-1,-1,-1
79,3,1174.98,962.93,90.06,117.07,0.72447,-1,-1,-1
79,4,1721.48,458.92,73.75,206.43,0.64686,-1,-1,-1
79,5,1356.69,572.09,82.49,213.72,0.60758,-1,-1,-1
79,6,12.80,725.98,73.30,232.98,0.74725,-1,-1,-1
79,8,490.85,203.38,78.82,190.76,0.58431,-1,-1,-1
79,18,373.62,887.51,125.24,192.49,0.76812,-1,-1,-1
79,16,991.63,190.27,59.30,179.42,0.57563,-1,-1,-1
80,1,407.86,324.07,84.05,229.69,0.77797,-1,-1,-1
80,2,101.33,545.38,74.73,248.44,0.72755,-1,-1,-1
80,3,1174.30,962.40,90.27,117.60,0.73712,-1,-1,-1
80,4,1721.63,459.68,73.76,206.07,0.63454,-1,-1,-1
80,5,1357.07,572.21,83.54,215.96,0.57530,-1,-1,-1
80,6,13.70,725.02,73.84,233.74,0.72750,-1,-1,-1
80,8,491.08,203.74,79.77,193.29,0.57262,-1,-1,-1
80,18,374.15,883.00,125.47,197.00,0.78850,-1,-1,-1
80,16,990.08,190.49,60.19,182.83,0.60766,-1,-1,-1
81,1,408.68,323.61,83.23,228.16,0.76137,-1,-1,-1
81,2,101.44,544.99,74.49,248.49,0.72774,-1,-1,-1
81,3,1174.39,961.88,90.26,118.12,0.74443,-1,-1,-1
81,4,1721.86,459.39,73.92,206.28,0.62021,-1,-1,-1
81,5,1356.60,571.92,84.20,217.23,0.55142,-1,-1,-1
81,6,13.87,724.38,73.99,233.76,0.72060,-1,-1,-1
81,8,491.06,204.32,80.51,195.68,0.54712,-1,-1,-1
81,18,374.95,879.38,125.08,200.62,0.78571,-1,-1,-1
81,16,989.09,191.13,60.05,182.92,0.61028,-1,-1,-1
81,20,1426.22,202.60,63.75,187.83,0.31692,-1,-1,-1
82,1,410.56,323.36,82.51,226.95,0.75290,-1,-1,-1
82,2,101.55,545.62,73.96,247.28,0.72788,-1,-1,-1
82,3,1173.85,961.37,90.15,118.63,0.73188,-1,-1,-1
82,4,1721.72,459.41,74.04,206.51,0.62022,-1,-1,-1
82,5,1356.51,571.99,84.47,217.59,0.54568,-1,-1,-1
82,6,14.52,722.12,74.85,235.75,0.72653,-1,-1,-1
82,8,492.51,206.63,79.93,195.13,0.55484,-1,-1,-1
82,18,375.27,875.80,124.87,204.20,0.78338,-1,-1,-1
82,16,987.75,191.14,59.92,183.27,0.60979,-1,-1,-1
82,20,1424.46,200.25,63.53,188.57,0.30008,-1,-1,-1
83,1,411.45,322.09,82.23,226.38,0.76431,-1,-1,-1
83,2,101.55,546.24,73.61,246.54,0.72768,-1,-1,-1
83,3,1173.24,961.54,89.54,118.46,0.70614,-1,-1,-1
83,4,1722.08,459.63,73.62,205.30,0.61563,-1,-1,-1
83,5,1356.51,571.52,84.96,218.69,0.55070,-1,-1,-1
83,6,15.05,720.47,75.34,237.28,0.71779,-1,-1,-1
83,8,493.42,207.30,79.80,195.07,0.57928,-1,-1,-1
83,18,376.48,873.24,124.08,206.76,0.77966,-1,-1,-1
83,16,986.37,191.54,59.58,182.79,0.59941,-1,-1,-1
83,20,1423.09,200.83,62.83,187.40,0.30578,-1,-1,-1
84,1,412.49,320.44,81.90,226.04,0.76297,-1,-1,-1
84,2,101.56,546.08,73.63,247.06,0.71835,-1,-1,-1
84,3,1172.57,961.38,89.18,118.62,0.72262,-1,-1,-1
84,4,1721.96,459.58,73.82,205.68,0.59384,-1,-1,-1
84,5,1356.73,571.94,84.53,217.30,0.54423,-1,-1,-1
84,6,14.55,718.70,75.87,239.15,0.72003,-1,-1,-1
84,8,494.30,208.34,79.96,196.25,0.59853,-1,-1,-1
84,18,377.58,870.87,123.33,209.13,0.77020,-1,-1,-1
84,16,985.18,191.87,59.30,182.48,0.60873,-1,-1,-1
84,10,792.99,149.27,57.43,171.00,0.36825,-1,-1,-1
85,1,413.52,318.82,81.54,224.89,0.75764,-1,-1,-1
85,2,101.33,545.32,73.96,248.56,0.71893,-1,-1,-1
85,3,1172.18,961.34,88.71,118.66,0.71557,-1,-1,-1
85,4,1721.73,460.29,73.94,205.66,0.59968,-1,-1,-1
85,5,1356.63,572.61,85.79,220.60,0.49110,-1,-1,-1
85,6,15.91,717.57,76.22,240.16,0.72162,-1,-1,-1
85,8,495.02,209.30,79.44,195.43,0.59141,-1,-1,-1
85,18,378.68,868.85,122.47,211.15,0.77907,-1,-1,-1
85,16,983.22,191.01,59.87,184.39,0.54926,-1,-1,-1
85,10,792.65,149.35,56.84,170.69,0.31547,-1,-1,-1
86,1,414.81,317.54,80.76,222.39,0.76313,-1,-1,-1
86,2,101.74,545.84,73.69,247.69,0.72083,-1,-1,-1
86,3,1171.18,961.08,88.59,118.92,0.70833,-1,-1,-1
86,4,1721.80,458.32,74.94,208.57,0.60836,-1,-1,-1
86,5,1357.73,573.61,84.15,215.90,0.53388,-1,-1,-1
86,6,17.49,716.02,75.28,236.85,0.74611,-1,-1,-1
86,8,495.33,209.36,79.98,197.23,0.61022,-1,-1,-1
86,18,379.72,866.39,121.89,213.61,0.78826,-1,-1,-1
86,16,981.26,191.36,60.11,184.94,0.48281,-1,-1,-1
86,10,792.56,149.40,57.04,171.95,0.30592,-1,-1,-1
86,20,1418.08,198.22,63.21,189.81,0.31475,-1,-1,-1
87,1,415.70,316.64,80.58,220.81,0.77519,-1,-1,-1
87,2,101.92,545.73,73.59,247.33,0.73402,-1,-1,-1
87,3,1170.79,960.69,88.35,119.31,0.70579,-1,-1,-1
87,4,1721.49,459.69,74.47,207.17,0.63348,-1,-1,-1
87,5,1357.38,573.73,83.98,215.43,0.51707,-1,-1,-1
87,6,19.51,713.97,73.02,228.94,0.76050,-1,-1,-1
87,8,496.04,210.04,79.71,196.30,0.62038,-1,-1,-1
87,18,380.86,864.39,121.23,215.61,0.78866,-1,-1,-1
87,16,980.15,191.80,59.59,182.27,0.45844,-1,-1,-1
87,10,792.08,149.23,57.32,172.96,0.32258,-1,-1,-1
87,22,747.97,186.84,51.27,178.14,0.40657,-1,-1,-1
87,21,838.08,179.61,55.67,189.20,0.33982,-1,-1,-1
88,1,415.99,315.49,80.78,220.12,0.78557,-1,-1,-1
88,2,102.04,546.12,73.40,246.60,0.71767,-1,-1,-1
88,3,1169.30,960.28,88.23,119.72,0.74249,-1,-1,-1
88,4,1721.16,460.06,74.32,206.55,0.64695,-1,-1,-1
88,5,1357.29,573.13,84.17,215.94,0.55000,-1,-1,-1
88,6,19.80,710.83,72.62,226.78,0.72884,-1,-1,-1
88,8,497.21,209.84,80.30,197.51,0.61695,-1,-1,-1
88,18,382.15,862.10,120.92,217.90,0.80555,-1,-1,-1
88,16,978.03,191.31,60.87,185.49,0.42175,-1,-1,-1
88,10,792.03,150.11,56.69,170.89,0.32395,-1,-1,-1
88,22,745.71,187.05,51.10,177.22,0.36051,-1,-1,-1
89,1,416.02,314.01,81.08,219.92,0.77661,-1,-1,-1
89,2,102.11,546.29,73.22,245.83,0.72334,-1,-1,-1
89,3,1168.27,959.82,87.84,120.13,0.75220,-1,-1,-1
89,4,1720.52,459.34,74.57,207.17,0.63607,-1,-1,-1
89,5,1357.05,573.63,84.71,217.46,0.53958,-1,-1,-1
89,6,19.86,706.57,73.14,227.24,0.73584,-1,-1,-1
89,8,498.11,208.87,81.11,199.03,0.61468,-1,-1,-1
89,18,383.40,860.96,119.90,219.04,0.81332,-1,-1,-1
89,16,976.90,192.91,61.10,185.21,0.49360,-1,-1,-1
90,1,416.40,312.60,81.43,220.13,0.74631,-1,-1,-1
90,2,102.08,546.58,73.14,245.32,0.71310,-1,-1,-1
90,3,1167.25,958.82,87.84,121.16,0.76417,-1,-1,-1
90,4,1720.43,459.42,74.45,206.82,0.62285,-1,-1,-1
90,5,1356.52,573.31,84.32,216.79,0.53805,-1,-1,-1
90,6,20.73,704.10,73.31,227.51,0.73393,-1,-1,-1
90,8,499.82,207.99,81.43,199.09,0.59889,-1,-1,-1
90,18,384.46,859.63,118.95,220.37,0.81736,-1,-1,-1
90,16,975.86,194.73,61.38,184.92,0.41312,-1,-1,-1
91,1,416.46,311.17,82.09,222.02,0.74451,-1,-1,-1
91,2,102.33,546.85,73.05,244.82,0.70456,-1,-1,-1
91,3,1165.97,957.63,87.94,122.36,0.77382,-1,-1,-1
91,4,1720.31,460.02,74.41,206.65,0.62936,-1,-1,-1
91,5,1356.17,572.41,85.05,219.12,0.52588,-1,-1,-1
91,6,21.55,701.16,73.19,226.94,0.72346,-1,-1,-1
91,8,500.69,208.49,81.25,199.29,0.56400,-1,-1,-1
91,18,384.95,857.64,118.54,222.36,0.80228,-1,-1,-1
91,16,974.84,193.94,61.36,184.28,0.36981,-1,-1,-1
92,1,416.76,310.62,82.51,223.25,0.73938,-1,-1,-1
92,2,102.32,546.76,73.10,244.91,0.70088,-1,-1,-1
92,3,1165.00,956.98,87.51,123.02,0.76089,-1,-1,-1
92,4,1720.62,460.01,74.46,206.77,0.63125,-1,-1,-1
92,5,1356.64,572.35,84.16,217.03,0.53327,-1,-1,-1
92,6,21.78,697.41,73.54,228.61,0.71734,-1,-1,-1
92,8,500.56,211.25,80.18,196.64,0.59098,-1,-1,-1
92,18,385.01,854.58,118.47,225.42,0.79521,-1,-1,-1
92,16,973.43,195.36,61.27,183.40,0.39857,-1,-1,-1
93,1,416.99,309.70,82.87,224.42,0.73051,-1,-1,-1
93,2,102.21,546.98,73.03,244.73,0.69221,-1,-1,-1
93,3,1164.04,956.61,86.88,123.39,0.77939,-1,-1,-1
93,4,1720.78,460.03,74.40,206.49,0.62099,-1,-1,-1
93,5,1356.46,572.05,83.92,216.70,0.51896,-1,-1,-1
93,6,22.80,697.22,72.68,226.31,0.70953,-1,-1,-1
93,8,500.84,209.98,80.56,198.06,0.55321,-1,-1,-1
93,18,385.77,851.35,118.49,228.65,0.80236,-1,-1,-1
93,16,972.61,195.44,61.97,185.63,0.35299,-1,-1,-1
94,1,417.06,309.02,82.96,224.83,0.73114,-1,-1,-1
94,2,102.37,547.12,73.04,244.57,0.68857,-1,-1,-1
94,3,1162.72,955.70,86.49,124.30,0.79130,-1,-1,-1
94,4,1721.26,460.16,74.51,206.87,0.62332,-1,-1,-1
94,5,1356.56,572.29,84.05,217.18,0.47461,-1,-1,-1
94,6,23.16,696.60,72.15,225.06,0.71444,-1,-1,-1
94,8,500.40,210.85,80.57,198.88,0.52564,-1,-1,-1
94,18,386.52,848.96,118.10,231.04,0.79159,-1,-1,-1
94,16,971.75,196.74,62.09,186.05,0.33355,-1,-1,-1
95,1,416.55,307.96,83.41,226.27,0.74263,-1,-1,-1
95,2,102.30,547.15,73.05,244.33,0.68546,-1,-1,-1
95,3,1161.27,954.15,86.60,125.85,0.78749,-1,-1,-1
95,4,1721.26,460.10,74.40,206.91,0.61179,-1,-1,-1
95,5,1356.64,573.29,83.78,216.55,0.44654,-1,-1,-1
95,6,23.88,695.77,72.02,225.75,0.71527,-1,-1,-1
95,8,501.33,212.66,80.27,199.25,0.49682,-1,-1,-1
95,18,386.62,844.61,118.45,235.39,0.79757,-1,-1,-1
95,16,970.52,197.30,62.57,187.87,0.32064,-1,-1,-1
96,1,417.55,307.17,83.68,226.90,0.76030,-1,-1,-1
96,2,102.15,547.01,73.01,243.98,0.67805,-1,-1,-1
96,3,1160.00,953.28,86.12,126.72,0.79563,-1,-1,-1
96,4,1721.24,459.37,74.37,207.02,0.62222,-1,-1,-1
96,5,1356.49,573.36,84.99,219.94,0.49805,-1,-1,-1
96,6,24.17,693.99,72.33,228.16,0.71915,-1,-1,-1
96,8,504.71,212.24,81.35,202.79,0.55057,-1,-1,-1
96,18,386.73,841.57,118.12,238.43,0.80783,-1,-1,-1
96,16,968.13,199.08,62.94,189.61,0.40790,-1,-1,-1
97,1,417.50,306.58,83.78,227.34,0.75838,-1,-1,-1
97,2,102.07,547.01,73.20,244.58,0.68344,-1,-1,-1
97,3,1158.21,951.85,85.91,128.15,0.78315,-1,-1,-1
97,4,1721.46,459.43,74.51,207.54,0.63922,-1,-1,-1
97,5,1355.98,572.74,85.28,221.14,0.52187,-1,-1,-1
97,6,24.20,692.86,72.13,228.55,0.71855,-1,-1,-1
97,8,506.40,213.25,81.20,204.13,0.52887,-1,-1,-1
97,18,386.76,840.46,116.75,239.54,0.80212,-1,-1,-1
97,16,965.94,199.48,63.09,190.69,0.37928,-1,-1,-1
98,1,417.66,305.27,84.11,228.71,0.76286,-1,-1,-1
98,2,101.93,546.85,73.25,244.66,0.67297,-1,-1,-1
98,3,1156.33,949.87,86.16,130.13,0.77678,-1,-1,-1
98,4,1721.21,456.86,75.34,210.41,0.63735,-1,-1,-1
98,5,1356.08,573.07,84.31,219.20,0.51865,-1,-1,-1
98,6,24.49,692.24,71.97,229.04,0.71979,-1,-1,-1
98,8,507.49,214.17,80.63,204.66,0.56165,-1,-1,-1
98,18,386.43,838.68,115.68,241.32,0.80233,-1,-1,-1
98,16,964.32,199.85,62.97,190.56,0.47932,-1,-1,-1
99,1,418.20,304.83,84.09,228.87,0.76251,-1,-1,-1
99,2,101.80,546.56,73.37,245.02,0.67405,-1,-1,-1
99,3,1154.66,947.23,86.80,132.77,0.76623,-1,-1,-1
99,4,1721.60,458.49,74.74,208.98,0.62499,-1,-1,-1
99,5,1356.73,573.43,82.73,215.09,0.54404,-1,-1,-1
99,6,25.22,691.59,71.69,229.01,0.72231,-1,-1,-1
99,8,508.50,214.59,79.74,204.75,0.52444,-1,-1,-1
99,18,385.88,834.73,115.59,245.27,0.80387,-1,-1,-1
99,16,962.48,200.43,62.72,190.10,0.42756,-1,-1,-1
100,1,419.01,303.42,84.14,229.34,0.75199,-1,-1,-1
100,2,101.47,545.56,73.96,247.46,0.66368,-1,-1,-1
100,3,1153.30,946.13,86.30,133.87,0.75458,-1,-1,-1
100,4,1721.61,459.14,74.44,208.29,0.60910,-1,-1,-1
100,5,1356.77,573.97,82.50,214.54,0.52218,-1,-1,-1
100,6,25.83,690.05,71.75,229.67,0.73218,-1,-1,-1
100,8,507.74,214.19,79.47,206.51,0.44193,-1,-1,-1
100,18,385.20,831.93,115.03,248.07,0.79505,-1,-1,-1
100,16,960.87,201.40,62.18,188.92,0.45099,-1,-1,-1
100,26,1166.65,161.18,89.08,162.18,0.37465,-1,-1,-1
101,1,419.54,302.30,84.16,229.59,0.76617,-1,-1,-1
101,2,101.56,545.16,74.10,248.30,0.66913,-1,-1,-1
101,3,1152.02,945.37,85.39,134.17,0.76022,-1,-1,-1
101,4,1721.66,459.54,74.34,208.03,0.61946,-1,-1,-1
101,5,1356.79,574.37,82.49,214.54,0.51348,-1,-1,-1
101,6,27.37,687.99,70.93,227.34,0.73625,-1,-1,-1
101,8,508.36,216.21,79.05,207.39,0.51145,-1,-1,-1
101,18,384.27,830.01,114.22,249.99,0.79013,-1,-1,-1
101,16,959.94,202.05,60.96,185.27,0.43915,-1,-1,-1
101,26,1165.99,162.78,88.20,160.73,0.34615,-1,-1,-1
102,1,419.99,300.38,84.08,229.82,0.76457,-1,-1,-1
102,2,101.84,544.78,74.12,248.67,0.67480,-1,-1,-1
102,3,1150.61,944.13,84.58,134.80,0.74111,-1,-1,-1
102,4,1721.71,459.93,74.04,207.36,0.62286,-1,-1,-1
102,5,1356.57,574.35,83.14,216.48,0.50221,-1,-1,-1
102,6,28.24,685.50,70.17,224.81,0.75342,-1,-1,-1
102,8,509.18,217.25,78.50,207.61,0.51453,-1,-1,-1
102,18,383.40,827.24,113.95,252.76,0.79832,-1,-1,-1
102,16,957.79,203.22,60.58,183.98,0.49318,-1,-1,-1
102,27,478.52,135.41,56.69,195.74,0.37235,-1,-1,-1
103,1,420.21,299.14,83.56,228.55,0.74769,-1,-1,-1
103,2,101.86,544.68,74.15,249.17,0.67190,-1,-1,-1
103,3,1148.61,941.72,84.61,136.99,0.74108,-1,-1,-1
103,4,1721.50,459.93,73.91,206.78,0.61063,-1,-1,-1
103,5,1356.84,574.01,83.58,217.86,0.48848,-1,-1,-1
103,6,30.37,684.15,69.01,220.94,0.76449,-1,-1,-1
103,8,509.22,216.99,78.79,209.64,0.51340,-1,-1,-1
103,18,382.59,825.35,113.51,254.65,0.79436,-1,-1,-1
103,16,954.96,201.54,60.84,184.73,0.49618,-1,-1,-1
104,1,420.77,298.91,82.44,225.66,0.74110,-1,-1,-1
104,2,102.01,544.13,74.25,250.00,0.65699,-1,-1,-1
104,3,1146.37,941.27,83.56,137.42,0.72752,-1,-1,-1
104,4,1721.35,459.40,73.83,206.79,0.61653,-1,-1,-1
104,5,1356.87,574.25,83.86,218.81,0.44849,-1,-1,-1
104,6,32.00,682.17,68.67,220.03,0.76441,-1,-1,-1
104,8,511.05,216.86,78.73,209.99,0.52770,-1,-1,-1
104,18,381.61,822.78,113.47,257.22,0.80526,-1,-1,-1
104,16,952.88,201.66,60.87,184.82,0.46455,-1,-1,-1
105,1,421.49,298.13,80.99,220.99,0.73675,-1,-1,-1
105,2,102.24,544.28,74.13,249.86,0.68272,-1,-1,-1
105,3,1144.75,940.48,82.44,137.78,0.72255,-1,-1,-1
105,4,1721.42,458.97,73.95,206.93,0.61451,-1,-1,-1
105,5,1356.59,574.25,85.77,224.09,0.46286,-1,-1,-1
105,6,34.14,680.91,68.92,221.27,0.77633,-1,-1,-1
105,8,512.67,220.25,77.09,206.39,0.50627,-1,-1,-1
105,18,381.27,821.03,113.10,258.97,0.81043,-1,-1,-1
105,16,950.47,201.25,61.33,186.55,0.49831,-1,-1,-1
105,27,478.76,142.78,53.92,185.80,0.32099,-1,-1,-1
106,1,422.33,297.02,79.79,217.05,0.73895,-1,-1,-1
106,2,102.62,545.36,73.80,248.93,0.66165,-1,-1,-1
106,3,1143.43,939.70,81.70,138.83,0.71003,-1,-1,-1
106,4,1721.35,459.55,73.89,206.75,0.62164,-1,-1,-1
106,5,1356.53,574.40,84.30,220.64,0.49636,-1,-1,-1
106,6,36.08,679.67,69.36,222.18,0.78291,-1,-1,-1
106,8,512.81,220.14,76.61,205.92,0.49940,-1,-1,-1
106,18,380.52,819.04,112.89,260.96,0.80430,-1,-1,-1
106,16,948.51,201.44,61.12,186.35,0.51604,-1,-1,-1
107,1,422.19,295.77,79.56,215.79,0.74902,-1,-1,-1
107,2,102.88,545.94,73.78,249.03,0.66381,-1,-1,-1
107,3,1142.07,938.39,81.43,140.30,0.72483,-1,-1,-1
107,4,1721.22,459.60,73.94,206.76,0.63106,-1,-1,-1
107,5,1356.59,574.38,85.12,222.87,0.46674,-1,-1,-1
107,6,38.50,678.79,70.09,222.26,0.78726,-1,-1,-1
107,8,513.12,222.99,75.26,202.97,0.51218,-1,-1,-1
107,18,380.10,817.60,112.33,262.40,0.80758,-1,-1,-1
107,16,947.71,203.74,60.91,186.54,0.52501,-1,-1,-1
108,1,422.00,294.42,79.86,216.05,0.73840,-1,-1,-1
108,2,102.87,545.92,74.10,250.21,0.64200,-1,-1,-1
108,3,1140.82,937.83,80.62,140.59,0.73013,-1,-1,-1
108,4,1721.03,459.27,74.06,207.02,0.64009,-1,-1,-1
108,5,1356.98,574.98,84.90,222.09,0.49950,-1,-1,-1
108,6,40.82,677.00,71.64,224.12,0.80818,-1,-1,-1
108,8,512.81,223.88,74.33,202.34,0.45231,-1,-1,-1
108,18,380.02,816.01,111.82,263.99,0.80641,-1,-1,-1
108,16,945.64,205.14,61.46,188.64,0.54820,-1,-1,-1
108,26,1146.32,153.35,89.99,169.38,0.39753,-1,-1,-1
109,1,421.50,293.78,80.24,216.07,0.74147,-1,-1,-1
109,2,102.62,545.62,74.33,251.36,0.65490,-1,-1,-1
109,3,1139.12,937.00,80.42,141.94,0.75340,-1,-1,-1
109,4,1721.31,458.84,73.78,206.51,0.61536,-1,-1,-1
109,5,1356.74,575.46,83.44,218.23,0.52476,-1,-1,-1
109,6,41.39,676.00,72.57,225.09,0.81447,-1,-1,-1
109,8,513.07,225.17,73.28,201.15,0.44647,-1,-1,-1
109,18,379.44,811.95,112.18,268.05,0.81299,-1,-1,-1
109,16,944.38,204.97,61.18,188.40,0.60732,-1,-1,-1
109,26,1145.88,152.92,86.67,168.27,0.37046,-1,-1,-1
110,1,421.10,291.80,81.22,217.85,0.74691,-1,-1,-1
110,2,102.38,545.11,74.90,253.86,0.65564,-1,-1,-1
110,3,1137.10,936.59,80.17,142.88,0.75663,-1,-1,-1
110,4,1721.23,459.24,74.07,207.46,0.62238,-1,-1,-1
110,5,1357.00,576.06,83.52,218.18,0.50290,-1,-1,-1
110,6,44.81,673.83,74.38,225.98,0.79951,-1,-1,-1
110,8,511.55,227.15,71.71,198.89,0.43547,-1,-1,-1
110,18,378.98,806.86,112.72,273.14,0.81679,-1,-1,-1
110,16,943.21,205.84,60.51,187.26,0.61796,-1,-1,-1
110,26,1144.08,150.46,86.17,172.48,0.36789,-1,-1,-1
111,1,420.99,289.43,82.52,220.84,0.73412,-1,-1,-1
111,2,102.04,544.82,75.07,255.07,0.65848,-1,-1,-1
111,3,1135.09,935.90,80.04,143.93,0.76067,-1,-1,-1
111,4,1721.20,457.12,74.69,209.67,0.59376,-1,-1,-1
111,5,1356.95,575.98,82.13,214.51,0.50877,-1,-1,-1
111,6,47.74,671.72,75.99,226.16,0.77017,-1,-1,-1
111,8,515.32,227.79,71.96,199.09,0.51755,-1,-1,-1
111,18,379.52,802.33,112.90,277.67,0.82081,-1,-1,-1
111,16,941.96,206.84,60.35,187.12,0.64844,-1,-1,-1
111,26,1141.63,149.60,83.03,171.27,0.33884,-1,-1,-1
112,1,420.32,287.95,83.22,222.32,0.73496,-1,-1,-1
112,2,102.07,544.73,74.87,255.15,0.64150,-1,-1,-1
112,3,1134.04,934.81,79.92,145.15,0.75638,-1,-1,-1
112,4,1721.35,456.61,74.85,210.46,0.61299,-1,-1,-1
112,5,1357.24,575.37,81.36,212.49,0.56103,-1,-1,-1
112,6,49.77,670.28,77.28,226.06,0.71760,-1,-1,-1
112,8,517.65,230.44,71.87,198.23,0.55549,-1,-1,-1
112,18,380.70,799.73,111.28,277.52,0.81473,-1,-1,-1
112,16,940.53,208.92,59.89,185.75,0.63674,-1,-1,-1
112,26,1140.69,149.29,80.34,169.85,0.42759,-1,-1,-1
113,1,420.64,287.00,83.80,223.56,0.74379,-1,-1,-1
113,2,102.63,545.31,74.05,252.99,0.66970,-1,-1,-1
113,3,1132.22,934.24,79.66,145.76,0.75607,-1,-1,-1
113,4,1721.80,459.03,73.74,207.12,0.63239,-1,-1,-1
113,5,1357.03,575.40,82.50,215.31,0.53615,-1,-1,-1
113,6,48.81,669.80,77.31,225.38,0.66149,-1,-1,-1
113,8,518.60,232.87,71.98,198.13,0.54794,-1,-1,-1
113,18,381.90,797.40,108.79,274.42,0.80601,-1,-1,-1
113,16,939.38,209.99,59.60,185.37,0.65210,-1,-1,-1
113,26,1139.16,149.81,78.08,168.04,0.43019,-1,-1,-1
114,1,421.04,286.05,84.07,223.38,0.73496,-1,-1,-1
114,2,102.90,545.40,73.60,251.92,0.65973,-1,-1,-1
114,3,1130.24,933.43,79.47,146.57,0.75489,-1,-1,-1
114,4,1721.39,457.18,74.49,209.60,0.62001,-1,-1,-1
114,5,1356.85,575.35,82.42,215.23,0.53685,-1,-1,-1
114,6,50.41,668.09,77.94,225.97,0.65668,-1,-1,-1
114,8,519.88,234.92,72.83,200.16,0.56814,-1,-1,-1
114,18,383.26,794.28,106.94,272.52,0.80795,-1,-1,-1
114,16,937.01,209.90,59.56,185.55,0.60261,-1,-1,-1
114,26,1133.50,149.54,77.75,167.74,0.30758,-1,-1,-1
114,27,479.30,154.43,52.73,178.38,0.32569,-1,-1,-1
115,1,421.43,286.18,84.15,222.78,0.75857,-1,-1,-1
115,2,102.84,545.35,73.62,252.86,0.63126,-1,-1,-1
115,3,1127.76,933.47,79.12,146.53,0.76337,-1,-1,-1
115,4,1721.37,456.86,74.77,210.50,0.65216,-1,-1,-1
115,5,1357.22,575.04,82.17,214.34,0.54987,-1,-1,-1
115,6,53.96,666.08,78.57,226.95,0.68401,-1,-1,-1
115,8,521.76,236.38,73.30,201.04,0.60791,-1,-1,-1
115,18,384.92,790.93,105.64,271.09,0.80504,-1,-1,-1
115,16,936.11,210.55,58.98,184.34,0.61237,-1,-1,-1
115,27,479.24,155.06,52.87,176.29,0.34429,-1,-1,-1
116,1,420.93,285.47,84.66,223.44,0.75530,-1,-1,-1
116,2,102.85,546.11,72.42,249.10,0.59293,-1,-1,-1
116,3,1125.35,933.79,78.60,146.19,0.76590,-1,-1,-1
116,4,1721.71,459.33,73.86,207.78,0.62989,-1,-1,-1
116,5,1356.78,574.96,83.19,216.93,0.54444,-1,-1,-1
116,6,58.22,664.72,77.13,222.89,0.69260,-1,-1,-1
116,8,521.04,236.08,73.87,202.48,0.59040,-1,-1,-1
116,18,386.54,788.22,105.47,272.47,0.81078,-1,-1,-1
116,16,934.87,211.11,58.56,182.93,0.56158,-1,-1,-1
116,27,478.43,154.18,53.96,177.26,0.36722,-1,-1,-1
116,26,1121.66,149.47,79.06,168.99,0.34241,-1,-1,-1
117,1,420.81,285.00,84.99,223.82,0.75467,-1,-1,-1
117,2,103.02,546.00,71.53,246.15,0.55536,-1,-1,-1
117,3,1123.35,933.90,78.13,145.69,0.75905,-1,-1,-1
117,4,1721.64,459.55,73.66,207.01,0.64337,-1,-1,-1
117,5,1356.24,575.66,84.41,220.13,0.55701,-1,-1,-1
117,6,65.00,664.32,75.43,218.36,0.71811,-1,-1,-1
117,8,520.75,236.49,74.15,203.30,0.55236,-1,-1,-1
117,18,387.44,786.55,105.04,272.66,0.80864,-1,-1,-1
117,16,933.61,211.14,57.84,181.17,0.53251,-1,-1,-1
117,26,1114.47,147.37,81.53,172.28,0.34952,-1,-1,-1
118,1,421.02,284.63,85.04,223.84,0.74470,-1,-1,-1
118,2,101.24,545.36,71.96,246.44,0.53382,-1,-1,-1
118,3,1121.03,933.88,78.19,145.83,0.77774,-1,-1,-1
118,4,1721.68,459.81,73.56,206.61,0.65252,-1,-1,-1
118,5,1356.92,575.97,83.00,216.07,0.51458,-1,-1,-1
118,6,70.09,665.47,73.47,213.31,0.61118,-1,-1,-1
118,8,520.09,235.96,75.09,206.18,0.58380,-1,-1,-1
118,18,387.91,784.81,105.60,275.30,0.79981,-1,-1,-1
118,16,930.89,211.43,58.41,182.76,0.55994,-1,-1,-1
118,26,1110.79,146.76,82.64,173.12,0.38680,-1,-1,-1
119,1,420.95,284.35,85.05,223.78,0.74672,-1,-1,-1
119,2,99.91,546.01,73.88,252.83,0.51369,-1,-1,-1
119,3,1118.17,933.94,78.27,145.97,0.79491,-1,-1,-1
119,4,1721.42,459.68,73.75,206.75,0.65425,-1,-1,-1
119,5,1356.77,575.82,83.43,217.29,0.48310,-1,-1,-1
119,6,75.91,667.82,72.24,209.60,0.53952,-1,-1,-1
119,8,519.43,237.13,75.13,207.06,0.60294,-1,-1,-1
119,18,389.53,783.48,105.08,275.20,0.80137,-1,-1,-1
119,16,929.30,210.95,58.78,184.96,0.53562,-1,-1,-1
119,26,1107.60,145.88,84.13,174.67,0.43296,-1,-1,-1
119,27,479.95,160.10,52.75,171.68,0.31144,-1,-1,-1
120,1,420.88,283.83,85.22,224.34,0.74713,-1,-1,-1
120,2,99.30,545.61,74.78,255.94,0.50804,-1,-1,-1
120,3,1114.82,933.52,78.57,146.46,0.79769,-1,-1,-1
120,4,1721.41,459.85,73.91,206.85,0.62821,-1,-1,-1
120,5,1357.03,576.97,82.19,213.59,0.48149,-1,-1,-1
120,6,80.22,666.54,71.36,207.77,0.59226,-1,-1,-1
120,8,520.00,239.89,73.79,203.96,0.57883,-1,-1,-1
120,18,390.43,782.27,104.71,275.34,0.80309,-1,-1,-1
120,16,927.98,211.21,58.90,186.09,0.53657,-1,-1,-1
120,26,1105.58,145.89,84.90,174.53,0.43830,-1,-1,-1
121,1,420.63,282.23,85.32,225.03,0.75130,-1,-1,-1
121,2,100.60,544.92,73.00,248.97,0.49223,-1,-1,-1
121,3,1111.30,932.85,79.04,147.15,0.77616,-1,-1,-1
121,4,1721.19,457.07,74.84,209.93,0.63587,-1,-1,-1
121,5,1356.89,576.30,82.06,213.06,0.55263,-1,-1,-1
121,6,81.80,664.45,72.18,210.11,0.69247,-1,-1,-1
121,8,520.13,242.34,72.21,200.83,0.57668,-1,-1,-1
121,18,390.90,780.18,104.80,276.63,0.80223,-1,-1,-1
121,16,926.22,211.40,58.96,186.70,0.49134,-1,-1,-1
121,26,1104.11,145.65,84.77,173.97,0.40070,-1,-1,-1
121,28,625.41,750.28,57.17,170.27,0.34024,-1,-1,-1
121,27,480.73,165.19,51.18,164.84,0.31924,-1,-1,-1
122,1,420.95,281.24,84.86,223.95,0.75219,-1,-1,-1
122,2,104.53,546.04,65.94,221.55,0.45876,-1,-1,-1
122,3,1107.57,932.38,79.41,147.62,0.78391,-1,-1,-1
122,4,1721.11,458.80,74.35,208.00,0.64831,-1,-1,-1
122,5,1356.94,576.16,83.11,215.64,0.47827,-1,-1,-1
122,6,85.06,661.82,73.31,212.55,0.66407,-1,-1,-1
122,8,519.27,242.77,71.37,199.91,0.59956,-1,-1,-1
122,18,391.19,779.25,104.71,277.11,0.79935,-1,-1,-1
122,16,924.67,211.42,58.75,187.03,0.42556,-1,-1,-1
122,26,1103.56,145.24,84.27,173.29,0.35858,-1,-1,-1
122,28,626.03,751.00,56.71,168.86,0.35100,-1,-1,-1
123,1,421.67,280.29,83.94,221.72,0.73335,-1,-1,-1
123,2,106.02,546.21,63.52,210.57,0.48015,-1,-1,-1
123,3,1104.70,931.63,79.63,148.08,0.78253,-1,-1,-1
123,4,1721.32,458.89,74.43,207.90,0.64726,-1,-1,-1
123,5,1357.27,576.40,82.49,213.51,0.55440,-1,-1,-1
123,6,86.48,659.50,74.07,213.97,0.66146,-1,-1,-1
123,8,519.79,244.46,70.14,197.47,0.57342,-1,-1,-1
123,18,391.26,778.00,104.52,277.25,0.79334,-1,-1,-1
123,16,923.80,210.31,58.89,188.49,0.46082,-1,-1,-1
123,26,1102.62,144.73,83.32,173.00,0.34359,-1,-1,-1
123,28,625.96,752.14,56.30,167.58,0.32792,-1,-1,-1
124,1,422.18,279.12,82.83,218.74,0.72859,-1,-1,-1
124,2,105.34,545.37,64.63,212.25,0.35447,-1,-1,-1
124,3,1101.14,930.28,80.17,149.23,0.78340,-1,-1,-1
124,4,1721.32,459.38,74.28,207.11,0.61455,-1,-1,-1
124,5,1357.15,576.37,82.83,214.24,0.51528,-1,-1,-1
124,6,89.95,657.19,74.40,216.15,0.50994,-1,-1,-1
124,8,521.48,245.02,70.07,197.51,0.52417,-1,-1,-1
124,18,392.60,777.40,103.69,275.13,0.79341,-1,-1,-1
124,16,921.98,210.15,58.77,188.66,0.46387,-1,-1,-1
124,26,1100.53,143.53,82.01,172.37,0.30468,-1,-1,-1
125,1,422.93,278.30,81.49,214.96,0.70803,-1,-1,-1
125,2,105.38,545.23,64.54,209.93,0.33855,-1,-1,-1
125,3,1097.51,929.72,80.54,150.01,0.78864,-1,-1,-1
125,4,1721.00,458.46,74.67,208.28,0.63337,-1,-1,-1
125,5,1357.10,576.00,83.00,214.72,0.48710,-1,-1,-1
125,6,92.68,654.04,74.45,219.37,0.41009,-1,-1,-1
125,8,522.37,247.11,68.32,192.67,0.52485,-1,-1,-1
125,18,392.49,775.17,103.83,276.11,0.78960,-1,-1,-1
125,16,920.01,210.44,58.57,188.84,0.47201,-1,-1,-1
125,26,1099.34,141.93,81.14,173.33,0.32465,-1,-1,-1
126,1,422.61,277.39,81.19,213.81,0.70588,-1,-1,-1
126,2,109.32,544.04,56.61,177.44,0.30457,-1,-1,-1
126,3,1094.13,929.11,80.82,150.49,0.80411,-1,-1,-1
126,4,1720.60,458.50,74.82,208.68,0.63441,-1,-1,-1
126,5,1357.41,575.96,82.39,213.16,0.52607,-1,-1,-1
126,8,522.93,248.57,68.05,191.98,0.54935,-1,-1,-1
126,18,391.47,771.10,104.09,278.34,0.80064,-1,-1,-1
126,16,917.91,210.93,58.17,189.14,0.48328,-1,-1,-1
126,26,1097.10,140.96,79.10,172.66,0.36307,-1,-1,-1
127,1,422.62,276.81,80.96,213.35,0.68769,-1,-1,-1
127,3,1091.22,928.89,81.22,150.97,0.80764,-1,-1,-1
127,4,1720.96,458.87,74.57,207.87,0.65795,-1,-1,-1
127,5,1357.55,576.45,82.51,213.46,0.52046,-1,-1,-1
127,8,523.82,251.31,67.14,189.36,0.56242,-1,-1,-1
127,18,391.30,766.65,103.04,277.38,0.79383,-1,-1,-1
127,16,916.47,210.92,57.76,189.23,0.42267,-1,-1,-1
127,26,1095.46,140.75,77.05,172.78,0.36161,-1,-1,-1
128,1,422.34,276.27,80.74,212.97,0.66877,-1,-1,-1
128,3,1087.88,928.17,81.50,151.54,0.79243,-1,-1,-1
128,4,1721.27,459.13,74.47,207.28,0.62833,-1,-1,-1
128,5,1357.31,576.64,82.89,214.47,0.50583,-1,-1,-1
128,8,524.24,253.91,66.69,188.45,0.53590,-1,-1,-1
128,18,391.41,762.02,102.35,276.75,0.79191,-1,-1,-1
128,16,913.78,211.97,57.63,189.62,0.43506,-1,-1,-1
128,26,1093.05,140.51,75.24,172.48,0.39690,-1,-1,-1
128,2,111.52,543.00,52.64,158.07,0.39507,-1,-1,-1
129,1,419.86,275.61,81.50,215.24,0.69034,-1,-1,-1
129,3,1085.32,927.65,81.61,151.87,0.78871,-1,-1,-1
129,4,1721.16,458.59,74.33,206.69,0.63533,-1,-1,-1
129,5,1360.28,576.05,83.97,219.09,0.47775,-1,-1,-1
129,8,524.05,255.26,67.12,190.75,0.59229,-1,-1,-1
129,18,392.82,757.34,100.42,272.91,0.79368,-1,-1,-1
129,16,911.59,212.91,57.14,188.10,0.47262,-1,-1,-1
130,1,418.69,274.20,82.15,217.35,0.70430,-1,-1,-1
130,3,1082.23,926.94,81.86,152.30,0.78032,-1,-1,-1
130,4,1721.24,458.43,74.57,207.45,0.61303,-1,-1,-1
130,5,1359.38,575.69,83.63,218.26,0.48936,-1,-1,-1
130,8,524.47,257.35,67.01,192.22,0.55521,-1,-1,-1
130,18,394.54,754.38,97.98,267.36,0.75053,-1,-1,-1
130,16,907.97,214.07,57.45,187.06,0.48330,-1,-1,-1
130,28,625.61,752.09,55.87,165.89,0.30922,-1,-1,-1
130,2,100.89,542.56,75.22,228.92,0.55598,-1,-1,-1
131,1,418.83,273.01,82.28,218.49,0.66289,-1,-1,-1
131,3,1080.11,926.72,81.47,151.73,0.75880,-1,-1,-1
131,4,1721.24,458.87,74.45,207.15,0.61791,-1,-1,-1
131,5,1360.07,576.43,82.57,215.66,0.50447,-1,-1,-1
131,8,524.44,257.80,68.02,197.54,0.50535,-1,-1,-1
131,18,394.67,752.09,96.58,264.42,0.74239,-1,-1,-1
131,16,904.60,214.27,58.01,186.62,0.49912,-1,-1,-1
131,2,99.40,541.75,78.68,242.23,0.64583,-1,-1,-1
132,1,418.57,272.76,82.36,219.09,0.64956,-1,-1,-1
132,3,1078.94,927.13,81.17,151.20,0.77109,-1,-1,-1
132,4,1721.28,459.16,74.39,207.03,0.61747,-1,-1,-1
132,5,1359.45,576.27,82.37,215.32,0.51431,-1,-1,-1
132,8,525.57,254.68,69.14,203.07,0.50085,-1,-1,-1
132,18,393.18,749.83,96.58,265.16,0.75309,-1,-1,-1
132,16,903.41,213.50,59.10,187.45,0.48388,-1,-1,-1
132,2,99.11,542.35,80.08,248.64,0.58459,-1,-1,-1
132,26,1083.10,139.70,72.12,169.69,0.39194,-1,-1,-1
133,1,418.13,271.96,82.44,219.60,0.64248,-1,-1,-1
133,3,1077.46,927.33,81.10,151.11,0.77923,-1,-1,-1
133,4,1721.12,458.89,74.33,206.74,0.60367,-1,-1,-1
133,5,1358.90,576.62,82.21,214.40,0.49211,-1,-1,-1
133,8,526.31,253.76,69.21,206.13,0.51598,-1,-1,-1
133,18,391.48,748.37,96.73,265.19,0.75433,-1,-1,-1
133,16,902.54,211.57,60.74,190.55,0.47676,-1,-1,-1
133,2,99.35,542.88,80.22,250.54,0.53829,-1,-1,-1
133,26,1078.34,139.82,70.63,169.51,0.38436,-1,-1,-1
134,1,417.84,272.37,82.13,218.92,0.64261,-1,-1,-1
134,3,1075.21,927.08,80.80,150.93,0.78471,-1,-1,-1
134,4,1721.02,459.41,74.34,206.86,0.59406,-1,-1,-1
134,5,1358.81,575.98,82.92,216.15,0.48181,-1,-1,-1
134,8,526.77,255.17,67.60,204.47,0.51551,-1,-1,-1
134,18,390.18,747.33,97.03,265.53,0.76986,-1,-1,-1
134,16,901.22,211.80,61.22,190.35,0.46203,-1,-1,-1
134,2,101.02,543.56,78.09,243.49,0.51493,-1,-1,-1
134,26,1073.59,139.43,70.91,171.01,0.43392,-1,-1,-1
134,34,574.28,246.46,56.12,183.80,0.41364,-1,-1,-1
135,1,416.72,271.32,82.37,219.22,0.64251,-1,-1,-1
135,3,1073.54,926.50,80.93,151.55,0.78172,-1,-1,-1
135,4,1720.60,458.75,74.61,207.46,0.59944,-1,-1,-1
135,5,1358.63,575.93,83.33,216.96,0.50904,-1,-1,-1
135,8,526.63,258.07,66.44,203.59,0.55587,-1,-1,-1
135,18,389.34,745.43,97.74,267.46,0.77911,-1,-1,-1
135,16,900.39,211.14,61.96,191.29,0.43518,-1,-1,-1
135,2,100.90,542.19,78.73,245.37,0.61883,-1,-1,-1
135,26,1064.91,139.98,72.55,172.07,0.45725,-1,-1,-1
135,34,574.69,246.89,56.32,184.61,0.43444,-1,-1,-1
136,1,416.81,270.72,82.13,218.75,0.67278,-1,-1,-1
136,3,1071.63,926.62,80.29,150.98,0.78905,-1,-1,-1
136,4,1720.86,458.78,74.74,207.98,0.61233,-1,-1,-1
136,5,1360.43,576.64,84.24,219.77,0.48411,-1,-1,-1
136,8,526.48,258.85,65.44,203.12,0.55835,-1,-1,-1
136,18,387.69,744.56,98.32,268.00,0.79176,-1,-1,-1
136,16,898.67,211.84,61.71,189.96,0.41340,-1,-1,-1
136,2,100.68,542.65,78.06,243.75,0.62284,-1,-1,-1
136,26,1056.40,140.32,74.26,171.12,0.56390,-1,-1,-1
136,34,574.52,249.40,56.49,185.51,0.50306,-1,-1,-1
137,1,416.14,269.20,82.26,219.08,0.66382,-1,-1,-1
137,3,1070.01,926.99,79.67,150.27,0.79512,-1,-1,-1
137,4,1720.97,457.82,74.98,208.71,0.60832,-1,-1,-1
137,5,1362.64,577.38,83.55,219.24,0.45752,-1,-1,-1
137,8,527.19,256.95,64.99,204.73,0.58768,-1,-1,-1
137,18,386.29,744.06,98.79,268.20,0.78998,-1,-1,-1
137,16,896.39,211.22,61.99,191.13,0.41586,-1,-1,-1
137,2,99.48,543.60,76.85,241.41,0.57253,-1,-1,-1
137,26,1051.17,139.25,76.20,171.41,0.58224,-1,-1,-1
137,34,574.15,250.61,56.47,185.62,0.45835,-1,-1,-1
137,6,133.88,637.87,72.06,210.51,0.44782,-1,-1,-1
138,1,415.87,267.89,82.32,219.37,0.69260,-1,-1,-1
138,3,1068.48,927.35,79.18,149.88,0.78989,-1,-1,-1
138,4,1720.93,457.74,75.08,209.03,0.60555,-1,-1,-1
138,5,1362.93,577.21,83.88,221.32,0.44772,-1,-1,-1
138,8,528.04,256.46,63.69,203.60,0.59180,-1,-1,-1
138,18,385.30,743.88,99.10,267.88,0.78935,-1,-1,-1
138,16,893.63,211.95,58.97,183.12,0.46005,-1,-1,-1
138,2,98.41,544.21,75.69,240.28,0.59805,-1,-1,-1
138,26,1047.54,140.06,77.68,170.39,0.60131,-1,-1,-1
138,34,574.24,251.19,56.25,184.97,0.44422,-1,-1,-1
138,6,138.34,637.67,73.33,209.17,0.43188,-1,-1,-1
139,1,415.16,266.32,82.57,220.46,0.64040,-1,-1,-1
139,3,1067.08,927.29,78.65,149.44,0.78782,-1,-1,-1
139,4,1720.80,457.71,75.15,209.16,0.62383,-1,-1,-1
139,5,1362.03,576.59,84.62,223.47,0.46848,-1,-1,-1
139,8,528.74,258.44,62.27,201.43,0.57417,-1,-1,-1
139,18,384.52,743.70,99.22,267.25,0.79595,-1,-1,-1
139,16,892.25,210.60,60.50,188.32,0.52419,-1,-1,-1
139,2,98.00,544.54,75.06,240.79,0.61695,-1,-1,-1
139,26,1045.76,140.38,79.29,170.77,0.59127,-1,-1,-1
139,34,574.33,251.23,56.03,184.19,0.43929,-1,-1,-1
139,6,144.58,636.24,75.23,208.03,0.44814,-1,-1,-1
140,1,416.07,266.86,81.51,218.11,0.61421,-1,-1,-1
140,3,1065.53,926.60,78.51,149.62,0.79195,-1,-1,-1
140,4,1720.87,458.13,75.06,208.87,0.63550,-1,-1,-1
140,5,1360.84,576.90,82.43,216.77,0.54945,-1,-1,-1
140,8,529.03,258.39,61.97,202.49,0.60252,-1,-1,-1
140,18,384.68,741.73,99.46,267.26,0.79622,-1,-1,-1
140,16,888.04,210.26,58.63,184.26,0.47088,-1,-1,-1
140,2,97.83,544.60,74.40,241.51,0.61848,-1,-1,-1
140,26,1044.02,140.61,80.60,171.04,0.57685,-1,-1,-1
140,34,576.75,251.96,55.10,181.31,0.45203,-1,-1,-1
140,6,149.34,634.10,76.73,206.73,0.42246,-1,-1,-1
141,1,416.02,265.39,81.07,217.27,0.63250,-1,-1,-1
141,3,1063.33,925.43,78.87,150.98,0.78713,-1,-1,-1
141,4,1721.07,458.24,74.87,208.26,0.62184,-1,-1,-1
141,5,1359.78,575.99,82.77,216.70,0.49824,-1,-1,-1
141,8,529.22,258.30,61.32,202.17,0.60314,-1,-1,-1
141,18,384.76,739.63,99.51,267.31,0.79640,-1,-1,-1
141,16,884.73,209.74,58.89,186.47,0.54388,-1,-1,-1
141,2,98.40,545.08,73.90,242.39,0.64482,-1,-1,-1
141,26,1043.27,140.40,80.90,170.46,0.55736,-1,-1,-1
141,34,577.62,250.26,55.42,183.32,0.47815,-1,-1,-1
141,6,151.01,630.26,78.40,207.34,0.59173,-1,-1,-1
141,36,817.63,248.54,59.43,169.18,0.38273,-1,-1,-1
142,1,415.97,264.32,80.66,216.77,0.63312,-1,-1,-1
142,3,1061.73,924.79,78.89,152.28,0.77763,-1,-1,-1
142,4,1721.48,458.85,74.60,207.36,0.62378,-1,-1,-1
142,5,1359.13,575.86,83.49,217.65,0.48123,-1,-1,-1
142,8,529.31,257.65,61.00,202.92,0.59897,-1,-1,-1
142,18,385.30,737.42,99.42,267.93,0.79155,-1,-1,-1
142,16,881.58,208.76,58.63,187.03,0.51650,-1,-1,-1
142,2,99.50,545.34,73.49,243.34,0.65832,-1,-1,-1
142,26,1041.81,140.49,81.03,169.44,0.59537,-1,-1,-1
142,34,579.25,250.19,55.03,182.67,0.49669,-1,-1,-1
142,6,152.68,628.83,78.41,205.40,0.54392,-1,-1,-1
142,28,624.91,751.99,57.14,168.54,0.33323,-1,-1,-1
143,1,414.14,260.40,81.57,220.16,0.63329,-1,-1,-1
143,3,1060.10,923.79,78.56,152.94,0.76255,-1,-1,-1
143,4,1721.48,459.07,74.53,207.07,0.63364,-1,-1,-1
143,5,1358.94,575.81,83.76,217.75,0.48157,-1,-1,-1
143,8,528.96,257.64,60.57,203.02,0.59493,-1,-1,-1
143,18,386.27,734.76,98.46,266.34,0.80255,-1,-1,-1
143,16,879.06,207.29,58.56,188.51,0.47798,-1,-1,-1
143,2,100.43,545.09,72.86,243.10,0.67488,-1,-1,-1
143,26,1040.86,138.59,81.76,171.01,0.57049,-1,-1,-1
143,34,580.02,248.32,55.77,185.79,0.45264,-1,-1,-1
143,6,153.40,628.76,79.84,207.16,0.65213,-1,-1,-1
144,1,414.19,259.36,80.85,218.33,0.63231,-1,-1,-1
144,3,1058.44,923.16,78.03,153.48,0.75725,-1,-1,-1
144,4,1721.61,459.55,74.51,207.00,0.62172,-1,-1,-1
144,5,1359.21,575.91,83.80,217.33,0.49836,-1,-1,-1
144,8,529.11,259.19,60.27,202.89,0.60480,-1,-1,-1
144,18,387.41,731.61,96.99,263.22,0.79480,-1,-1,-1
144,16,876.90,206.86,58.49,188.67,0.47443,-1,-1,-1
144,2,101.05,545.30,72.37,242.78,0.68668,-1,-1,-1
144,26,1039.34,137.13,81.72,171.64,0.45527,-1,-1,-1
144,34,581.82,251.30,55.29,183.97,0.49330,-1,-1,-1
144,6,155.04,629.63,79.98,207.01,0.68156,-1,-1,-1
144,27,480.72,184.25,55.63,176.62,0.32045,-1,-1,-1
145,1,415.56,259.27,78.91,213.16,0.62063,-1,-1,-1
145,3,1056.47,922.78,77.23,153.83,0.75824,-1,-1,-1
145,4,1721.55,459.39,74.39,206.70,0.61037,-1,-1,-1
145,5,1359.06,575.99,83.12,215.02,0.53938,-1,-1,-1
145,8,528.43,259.41,59.89,202.73,0.59560,-1,-1,-1
145,18,389.99,729.55,94.80,258.22,0.79840,-1,-1,-1
145,16,874.22,207.05,58.31,186.78,0.54417,-1,-1,-1
145,2,101.82,545.38,72.34,243.73,0.70887,-1,-1,-1
145,26,1036.30,136.48,80.60,171.80,0.42272,-1,-1,-1
145,34,582.91,252.22,55.28,184.00,0.52944,-1,-1,-1
145,6,156.37,627.71,80.70,210.39,0.70043,-1,-1,-1
146,1,413.64,254.61,79.92,216.97,0.64004,-1,-1,-1
146,3,1053.65,921.90,77.14,155.99,0.74120,-1,-1,-1
146,4,1721.64,459.53,74.55,207.28,0.61416,-1,-1,-1
146,5,1358.40,575.53,84.05,217.24,0.51294,-1,-1,-1
146,8,528.82,259.43,60.07,204.28,0.59362,-1,-1,-1
146,18,392.07,726.71,92.90,253.40,0.77702,-1,-1,-1
146,16,872.83,206.53,58.20,185.85,0.49054,-1,-1,-1
146,2,102.29,545.62,72.13,243.77,0.71588,-1,-1,-1
146,26,1034.07,136.29,78.79,171.31,0.48471,-1,-1,-1
146,34,583.65,253.72,55.67,186.13,0.51124,-1,-1,-1
146,6,157.44,625.05,81.12,213.10,0.71106,-1,-1,-1
147,1,413.14,253.15,80.19,218.52,0.64664,-1,-1,-1
147,3,1050.96,921.20,76.34,157.23,0.72640,-1,-1,-1
147,4,1721.63,459.09,74.59,207.29,0.62762,-1,-1,-1
147,5,1358.49,574.76,84.17,217.46,0.54129,-1,-1,-1
147,8,528.67,260.07,60.15,205.85,0.60999,-1,-1,-1
147,18,392.98,720.64,93.18,254.86,0.77976,-1,-1,-1
147,16,871.05,205.88,58.43,185.33,0.47820,-1,-1,-1
147,2,102.90,545.85,71.65,242.69,0.71352,-1,-1,-1
147,26,1032.34,135.46,77.03,171.19,0.47649,-1,-1,-1
147,34,584.11,254.71,56.01,187.85,0.53838,-1,-1,-1
147,6,158.61,621.17,81.26,215.32,0.68950,-1,-1,-1
148,1,412.91,252.45,80.17,219.02,0.63398,-1,-1,-1
148,3,1049.07,919.84,75.16,157.48,0.72747,-1,-1,-1
148,4,1721.45,458.59,74.93,208.31,0.64649,-1,-1,-1
148,5,1358.03,575.15,83.82,216.54,0.55902,-1,-1,-1
148,8,529.40,261.23,60.30,206.74,0.59453,-1,-1,-1
148,18,393.87,717.36,93.11,254.94,0.77793,-1,-1,-1
148,16,868.20,204.83,60.31,190.54,0.44498,-1,-1,-1
148,2,103.14,545.47,71.60,242.78,0.71381,-1,-1,-1
148,26,1029.61,134.88,75.07,171.28,0.44272,-1,-1,-1
148,34,584.77,255.47,56.09,188.72,0.49550,-1,-1,-1
148,6,161.36,617.55,80.72,215.43,0.70768,-1,-1,-1
149,1,414.72,255.29,78.63,215.07,0.62519,-1,-1,-1
149,3,1047.88,918.48,74.46,158.70,0.72649,-1,-1,-1
149,4,1721.13,458.84,74.69,207.72,0.62143,-1,-1,-1
149,5,1358.32,575.29,83.61,215.66,0.54521,-1,-1,-1
149,8,530.33,262.85,60.11,206.36,0.63010,-1,-1,-1
149,18,395.06,713.24,94.18,258.33,0.78803,-1,-1,-1
149,16,866.17,204.43,60.91,192.22,0.44373,-1,-1,-1
149,2,103.36,545.53,71.40,242.40,0.71528,-1,-1,-1
149,26,1027.90,135.31,72.40,169.61,0.36132,-1,-1,-1
149,34,585.57,256.20,56.26,189.76,0.45076,-1,-1,-1
149,6,164.68,615.03,79.75,214.97,0.69587,-1,-1,-1
149,28,625.20,751.49,57.19,167.28,0.32578,-1,-1,-1
150,1,415.55,256.02,78.05,213.75,0.61988,-1,-1,-1
150,3,1045.82,916.75,74.14,160.97,0.73714,-1,-1,-1
150,4,1721.10,458.60,74.80,208.07,0.63849,-1,-1,-1
150,5,1357.73,574.96,84.20,216.83,0.53987,-1,-1,-1
150,8,530.22,264.76,60.13,207.39,0.61548,-1,-1,-1
150,18,395.24,710.62,95.42,261.48,0.78556,-1,-1,-1
150,16,865.84,205.10,61.24,192.61,0.40543,-1,-1,-1
150,2,103.19,545.45,71.59,243.31,0.71310,-1,-1,-1
150,26,1025.75,134.47,71.58,171.54,0.49017,-1,-1,-1
150,34,586.38,256.90,56.40,190.58,0.43510,-1,-1,-1
150,6,169.12,613.57,78.00,214.01,0.65695,-1,-1,-1
150,28,625.45,751.62,57.03,167.00,0.32366,-1,-1,-1
151,1,415.70,255.65,77.91,214.17,0.61626,-1,-1,-1
151,3,1044.55,914.26,73.83,163.30,0.73717,-1,-1,-1
151,4,1721.32,458.42,74.50,207.66,0.62489,-1,-1,-1
151,5,1360.71,574.25,85.21,222.21,0.48604,-1,-1,-1
151,8,529.72,265.99,60.15,208.96,0.61141,-1,-1,-1
151,18,396.00,709.58,95.83,262.70,0.78126,-1,-1,-1
151,16,864.87,205.08,61.10,191.55,0.45931,-1,-1,-1
151,2,103.16,546.23,71.73,243.85,0.72178,-1,-1,-1
151,26,1023.30,132.77,70.76,173.07,0.48778,-1,-1,-1
151,34,587.27,259.32,56.34,190.80,0.41809,-1,-1,-1
151,6,175.23,611.71,77.36,214.83,0.67089,-1,-1,-1
151,28,625.44,751.32,57.07,167.09,0.35816,-1,-1,-1
152,1,416.00,255.04,77.90,214.90,0.60680,-1,-1,-1
152,3,1043.11,913.38,73.02,164.48,0.74217,-1,-1,-1
152,4,1721.34,458.15,74.61,208.27,0.61512,-1,-1,-1
152,5,1360.45,575.99,82.92,216.21,0.53009,-1,-1,-1
152,8,529.85,270.50,59.00,206.59,0.59284,-1,-1,-1
152,18,396.94,707.76,96.46,264.13,0.76703,-1,-1,-1
152,16,863.99,205.54,61.00,190.65,0.51932,-1,-1,-1
152,2,103.11,546.66,71.74,243.52,0.71782,-1,-1,-1
152,26,1020.39,130.74,69.58,172.63,0.40783,-1,-1,-1
152,34,588.13,260.61,56.38,191.22,0.41183,-1,-1,-1
152,6,178.20,610.16,76.75,216.00,0.69026,-1,-1,-1
152,28,624.89,751.62,56.86,166.56,0.43281,-1,-1,-1
153,1,415.86,254.22,77.72,215.42,0.58334,-1,-1,-1
153,3,1041.48,912.26,72.54,166.31,0.73059,-1,-1,-1
153,4,1721.20,457.64,74.72,208.83,0.61005,-1,-1,-1
153,5,1359.87,575.58,82.58,215.83,0.51622,-1,-1,-1
153,8,530.27,274.25,57.76,203.24,0.58689,-1,-1,-1
153,18,397.68,707.85,96.78,264.22,0.75896,-1,-1,-1
153,16,862.79,204.91,61.45,191.37,0.49642,-1,-1,-1
153,2,103.15,547.50,72.11,245.11,0.72665,-1,-1,-1
153,26,1018.59,131.46,68.23,171.32,0.41171,-1,-1,-1
153,34,590.60,266.07,54.55,185.24,0.32292,-1,-1,-1
153,6,181.59,609.89,75.93,215.60,0.73649,-1,-1,-1
153,28,624.94,751.33,56.61,166.74,0.41035,-1,-1,-1
154,1,414.54,253.18,77.83,216.40,0.60042,-1,-1,-1
154,3,1040.37,911.54,71.75,167.51,0.71457,-1,-1,-1
154,4,1721.40,459.13,74.08,207.06,0.58727,-1,-1,-1
154,5,1359.72,576.22,82.42,215.54,0.52111,-1,-1,-1
154,8,531.23,276.73,56.88,200.96,0.56359,-1,-1,-1
154,18,398.51,707.95,96.94,263.58,0.76351,-1,-1,-1
154,16,861.33,205.09,61.74,191.37,0.50870,-1,-1,-1
154,2,103.32,547.21,72.31,246.16,0.72015,-1,-1,-1
154,26,1014.67,131.44,67.86,171.69,0.35135,-1,-1,-1
154,6,184.89,610.05,74.87,214.34,0.75319,-1,-1,-1
154,28,625.13,751.72,56.91,167.24,0.33107,-1,-1,-1
155,1,414.19,251.87,77.96,217.90,0.60344,-1,-1,-1
155,3,1039.17,910.98,70.80,168.01,0.72801,-1,-1,-1
155,4,1721.87,459.14,73.87,206.82,0.59640,-1,-1,-1
155,5,1359.86,576.31,81.84,213.74,0.56910,-1,-1,-1
155,8,532.15,278.69,56.23,198.73,0.51455,-1,-1,-1
155,18,399.48,705.96,97.96,265.30,0.76323,-1,-1,-1
155,16,859.62,205.12,61.77,189.90,0.51221,-1,-1,-1
155,2,102.71,546.12,72.63,247.64,0.69691,-1,-1,-1
155,26,1006.12,132.30,68.97,172.48,0.39431,-1,-1,-1
155,6,189.08,610.15,73.87,213.53,0.76113,-1,-1,-1
155,28,625.34,751.52,56.59,166.71,0.33833,-1,-1,-1
156,1,415.30,251.42,76.95,215.59,0.61825,-1,-1,-1
156,3,1037.78,910.40,70.28,169.29,0.70756,-1,-1,-1
156,4,1722.11,459.52,73.55,206.02,0.58573,-1,-1,-1
156,5,1358.67,578.10,81.42,212.26,0.52033,-1,-1,-1
156,8,532.45,276.19,56.72,200.50,0.46633,-1,-1,-1
156,18,399.65,703.02,98.60,266.52,0.76091,-1,-1,-1
156,16,858.33,204.42,61.88,188.40,0.54551,-1,-1,-1
156,2,102.45,545.60,72.64,247.80,0.69775,-1,-1,-1
156,26,999.07,133.25,69.87,171.87,0.43804,-1,-1,-1
156,6,192.07,608.91,73.34,213.84,0.75259,-1,-1,-1
157,1,415.65,251.44,76.12,213.73,0.61823,-1,-1,-1
157,3,1036.73,909.88,69.43,169.71,0.70138,-1,-1,-1
157,4,1722.33,459.93,73.34,205.64,0.59268,-1,-1,-1
157,5,1358.17,578.60,81.16,210.95,0.52142,-1,-1,-1
157,8,532.76,275.06,56.53,199.53,0.43651,-1,-1,-1
157,18,400.50,703.65,98.25,264.97,0.77212,-1,-1,-1
157,16,857.98,203.40,61.60,185.76,0.56678,-1,-1,-1
157,2,102.56,545.63,72.57,247.62,0.69607,-1,-1,-1
157,26,993.87,133.59,71.02,171.63,0.46622,-1,-1,-1
157,6,194.58,608.12,72.86,214.41,0.74188,-1,-1,-1
157,28,624.68,748.42,57.64,170.18,0.33737,-1,-1,-1
158,1,416.36,249.72,76.50,214.92,0.64475,-1,-1,-1
158,3,1035.54,909.49,69.03,170.42,0.71605,-1,-1,-1
158,4,1722.16,459.94,73.56,206.27,0.61094,-1,-1,-1
158,5,1358.00,577.79,81.25,210.65,0.53681,-1,-1,-1
158,8,532.13,273.29,57.06,200.04,0.45366,-1,-1,-1
158,18,400.06,703.70,97.57,262.80,0.78485,-1,-1,-1
158,16,856.44,201.81,61.97,184.76,0.55543,-1,-1,-1
158,2,102.48,546.03,72.38,246.97,0.69874,-1,-1,-1
158,26,991.52,132.75,72.20,172.10,0.39168,-1,-1,-1
158,6,196.02,606.88,71.85,213.33,0.71544,-1,-1,-1
159,1,417.54,249.70,75.81,212.88,0.61075,-1,-1,-1
159,3,1034.12,908.66,68.48,170.80,0.69856,-1,-1,-1
159,4,1722.42,461.11,73.19,205.05,0.60055,-1,-1,-1
159,5,1357.71,578.28,82.01,211.96,0.51485,-1,-1,-1
159,8,531.28,278.40,56.69,195.78,0.43215,-1,-1,-1
159,18,400.34,702.84,96.36,260.97,0.76134,-1,-1,-1
159,16,854.29,200.56,63.61,187.87,0.54799,-1,-1,-1
159,2,102.49,546.15,72.35,246.95,0.69489,-1,-1,-1
159,26,988.89,132.99,73.00,171.55,0.41350,-1,-1,-1
159,6,197.66,604.74,71.14,212.91,0.69513,-1,-1,-1
160,1,417.78,248.06,75.95,213.81,0.64456,-1,-1,-1
160,3,1033.30,908.56,67.93,171.30,0.68010,-1,-1,-1
160,4,1721.98,461.29,73.15,204.78,0.57130,-1,-1,-1
160,5,1357.87,579.08,83.78,216.09,0.47793,-1,-1,-1
160,8,530.97,284.09,56.40,191.38,0.47124,-1,-1,-1
160,18,400.78,698.80,95.03,258.05,0.76570,-1,-1,-1
160,16,853.00,199.05,65.03,191.04,0.51342,-1,-1,-1
160,2,102.37,546.60,72.25,246.69,0.69877,-1,-1,-1
160,26,986.12,132.58,73.63,170.42,0.47258,-1,-1,-1
160,6,198.94,602.68,71.13,214.75,0.70048,-1,-1,-1
161,1,418.23,246.99,75.54,212.24,0.62341,-1,-1,-1
161,3,1031.43,908.06,67.70,171.93,0.69351,-1,-1,-1
161,4,1721.89,461.06,73.40,205.51,0.57745,-1,-1,-1
161,5,1357.68,579.68,83.97,216.37,0.52693,-1,-1,-1
161,8,531.05,286.85,57.36,190.65,0.41814,-1,-1,-1
161,18,401.50,693.56,93.45,254.27,0.77457,-1,-1,-1
161,16,852.12,196.97,65.53,191.20,0.48488,-1,-1,-1
161,2,102.21,546.61,72.39,247.31,0.68625,-1,-1,-1
161,26,984.82,132.48,74.43,170.40,0.49003,-1,-1,-1
161,6,202.24,599.62,69.83,213.74,0.66728,-1,-1,-1
162,1,419.05,246.18,75.11,210.72,0.62378,-1,-1,-1
162,3,1030.14,907.33,67.41,172.67,0.71177,-1,-1,-1
162,4,1721.93,461.57,73.40,205.52,0.57791,-1,-1,-1
162,5,1359.96,578.14,85.50,221.85,0.48988,-1,-1,-1
162,18,402.27,688.80,93.03,253.62,0.76529,-1,-1,-1
162,16,851.19,195.91,65.84,191.07,0.48766,-1,-1,-1
162,2,101.83,546.37,72.48,247.90,0.67284,-1,-1,-1
162,26,983.55,133.36,74.71,169.87,0.39408,-1,-1,-1
162,6,207.27,598.19,67.76,209.20,0.67452,-1,-1,-1
163,1,419.71,244.94,75.08,209.81,0.61801,-1,-1,-1
163,3,1028.88,906.44,67.26,173.56,0.68429,-1,-1,-1
163,4,1721.72,461.01,73.70,206.40,0.57941,-1,-1,-1
163,5,1358.60,579.30,86.65,224.33,0.50605,-1,-1,-1
163,18,402.21,684.61,93.15,254.86,0.77121,-1,-1,-1
163,16,851.31,194.59,65.45,188.88,0.46713,-1,-1,-1
163,2,102.03,546.37,72.48,247.97,0.66334,-1,-1,-1
163,26,981.93,131.02,75.79,172.56,0.35970,-1,-1,-1
163,6,210.43,595.88,66.91,207.97,0.67171,-1,-1,-1
163,34,602.50,272.78,55.02,180.90,0.30197,-1,-1,-1
163,8,526.49,289.68,59.67,194.00,0.37668,-1,-1,-1
164,1,419.84,244.25,75.04,208.60,0.62667,-1,-1,-1
164,3,1027.53,906.86,66.38,172.81,0.73078,-1,-1,-1
164,4,1721.69,460.75,73.80,206.63,0.59899,-1,-1,-1
164,5,1358.22,579.82,86.50,223.41,0.47909,-1,-1,-1
164,18,402.08,682.15,92.93,254.58,0.77404,-1,-1,-1
164,16,852.26,192.50,67.04,193.16,0.45990,-1,-1,-1
164,2,101.93,546.50,72.28,247.37,0.68048,-1,-1,-1
164,26,980.59,129.23,75.21,172.63,0.30575,-1,-1,-1
164,6,213.18,594.03,66.79,208.83,0.70603,-1,-1,-1
164,8,525.18,290.86,61.23,194.74,0.30978,-1,-1,-1
165,1,420.01,242.64,75.73,209.61,0.61728,-1,-1,-1
165,3,1026.22,907.41,65.66,172.16,0.72637,-1,-1,-1
165,4,1721.88,460.45,73.82,206.52,0.59417,-1,-1,-1
165,5,1358.32,580.74,85.33,220.00,0.50186,-1,-1,-1
165,18,401.23,680.19,93.44,255.90,0.79147,-1,-1,-1
165,16,853.09,191.52,67.50,194.25,0.48579,-1,-1,-1
165,2,101.94,546.38,72.12,247.00,0.67653,-1,-1,-1
165,6,213.33,592.17,66.79,209.28,0.73250,-1,-1,-1
166,1,419.41,241.59,75.94,210.18,0.59161,-1,-1,-1
166,3,1024.76,907.33,65.30,172.17,0.68601,-1,-1,-1
166,4,1721.84,460.67,73.88,206.93,0.62468,-1,-1,-1
166,5,1357.93,580.35,84.06,216.44,0.50381,-1,-1,-1
166,18,400.07,678.54,94.26,258.22,0.79133,-1,-1,-1
166,16,853.63,190.94,67.08,192.26,0.49072,-1,-1,-1
166,2,101.80,546.21,72.05,246.97,0.68486,-1,-1,-1
166,6,215.61,590.97,67.45,210.20,0.70246,-1,-1,-1
166,34,602.41,274.70,55.27,181.30,0.30116,-1,-1,-1
167,1,418.75,240.51,76.44,211.74,0.57584,-1,-1,-1
167,3,1022.98,906.71,65.48,172.94,0.68516,-1,-1,-1
167,4,1721.83,460.50,73.80,207.04,0.60810,-1,-1,-1
167,5,1357.12,579.77,84.52,217.58,0.49150,-1,-1,-1
167,18,399.41,675.66,94.81,260.25,0.79653,-1,-1,-1
167,16,854.37,190.62,66.48,189.46,0.48507,-1,-1,-1
167,2,101.72,546.29,72.14,247.29,0.68714,-1,-1,-1
167,6,217.53,589.54,68.95,213.05,0.70751,-1,-1,-1
167,34,603.29,276.34,55.15,179.77,0.31313,-1,-1,-1
168,1,418.00,239.48,76.89,213.03,0.59452,-1,-1,-1
168,3,1021.06,906.90,65.29,172.45,0.70403,-1,-1,-1
168,4,1721.43,459.27,74.32,208.75,0.61157,-1,-1,-1
168,5,1356.77,579.05,84.25,217.42,0.49802,-1,-1,-1
168,18,398.65,674.94,94.99,260.88,0.78435,-1,-1,-1
168,16,854.54,190.68,67.02,190.15,0.51112,-1,-1,-1
168,2,101.83,546.49,72.11,247.09,0.68621,-1,-1,-1
168,6,221.44,589.11,69.77,212.46,0.71580,-1,-1,-1
168,34,603.89,276.79,55.40,178.44,0.30644,-1,-1,-1
168,26,971.07,123.67,72.07,170.41,0.30043,-1,-1,-1
169,1,418.44,238.62,77.27,213.82,0.61152,-1,-1,-1
169,3,1020.20,907.86,64.89,171.28,0.70798,-1,-1,-1
169,4,1721.46,459.77,74.12,208.21,0.61051,-1,-1,-1
169,5,1357.33,578.91,84.57,217.97,0.46256,-1,-1,-1
169,18,398.87,674.06,94.96,260.90,0.77709,-1,-1,-1
169,16,854.53,190.48,67.12,189.16,0.52990,-1,-1,-1
169,2,101.73,545.86,72.54,248.35,0.65150,-1,-1,-1
169,6,223.95,588.64,70.73,213.18,0.69017,-1,-1,-1
169,34,604.32,277.35,55.82,177.50,0.31137,-1,-1,-1
170,1,418.34,237.82,77.76,215.00,0.61551,-1,-1,-1
170,3,1018.00,908.40,64.63,171.18,0.72197,-1,-1,-1
170,4,1721.33,460.46,73.98,207.64,0.62011,-1,-1,-1
170,5,1361.58,577.85,84.45,220.45,0.44600,-1,-1,-1
170,18,399.08,673.10,94.75,260.94,0.77467,-1,-1,-1
170,16,855.92,189.78,66.96,188.49,0.50980,-1,-1,-1
170,2,102.05,546.35,72.35,247.13,0.65393,-1,-1,-1
170,6,223.92,588.32,71.28,213.67,0.66309,-1,-1,-1
170,8,524.70,291.05,64.09,202.87,0.35714,-1,-1,-1
171,1,418.10,237.74,77.90,215.16,0.62245,-1,-1,-1
171,3,1016.48,908.92,64.24,170.95,0.72302,-1,-1,-1
171,4,1721.49,460.00,74.13,208.11,0.60283,-1,-1,-1
171,5,1362.09,577.27,84.19,221.92,0.45513,-1,-1,-1
171,18,399.20,672.23,94.32,260.28,0.77495,-1,-1,-1
171,16,857.99,191.53,65.23,184.47,0.41157,-1,-1,-1
171,2,102.19,546.40,72.67,247.39,0.66012,-1,-1,-1
171,6,223.21,588.13,71.61,213.15,0.69135,-1,-1,-1
171,38,752.10,260.17,60.26,192.65,0.31389,-1,-1,-1
171,8,525.54,294.84,62.91,199.41,0.44815,-1,-1,-1
172,1,417.75,237.53,78.35,216.44,0.62773,-1,-1,-1
172,3,1014.92,909.66,63.65,169.97,0.74383,-1,-1,-1
172,4,1721.74,460.28,73.94,207.58,0.59885,-1,-1,-1
172,5,1359.70,578.15,82.81,217.69,0.47456,-1,-1,-1
172,18,399.42,670.57,93.96,259.95,0.78143,-1,-1,-1
172,16,859.60,190.36,65.45,185.10,0.50310,-1,-1,-1
172,2,101.61,546.61,72.59,246.45,0.66250,-1,-1,-1
172,6,222.46,586.93,72.33,213.67,0.64329,-1,-1,-1
172,8,525.18,292.64,63.36,201.84,0.42813,-1,-1,-1
173,1,417.70,237.11,78.39,216.62,0.61424,-1,-1,-1
173,3,1012.56,910.03,63.44,169.61,0.73416,-1,-1,-1
173,4,1721.57,460.77,73.74,206.71,0.59291,-1,-1,-1
173,5,1358.64,578.58,82.06,215.29,0.50365,-1,-1,-1
173,18,400.45,668.67,93.22,259.33,0.77439,-1,-1,-1
173,16,860.44,189.05,65.93,186.44,0.44874,-1,-1,-1
173,2,101.47,546.30,72.83,246.95,0.65721,-1,-1,-1
173,6,221.78,584.19,73.15,215.15,0.65888,-1,-1,-1
173,8,523.47,295.06,63.20,199.78,0.32986,-1,-1,-1
173,38,751.35,260.18,60.55,193.92,0.39080,-1,-1,-1
174,1,417.22,236.54,78.48,217.20,0.62069,-1,-1,-1
174,3,1010.41,911.28,63.12,168.61,0.73969,-1,-1,-1
174,4,1721.34,459.87,74.09,207.68,0.59735,-1,-1,-1
174,5,1358.40,578.98,81.21,212.50,0.49867,-1,-1,-1
174,18,401.88,666.68,92.59,259.69,0.78231,-1,-1,-1
174,16,861.21,186.77,65.89,186.56,0.43811,-1,-1,-1
174,2,101.10,546.68,72.90,246.70,0.65188,-1,-1,-1
174,6,223.65,583.05,73.02,214.05,0.67529,-1,-1,-1
174,8,523.70,294.37,63.87,200.80,0.42378,-1,-1,-1
174,38,750.86,261.49,59.95,192.52,0.35756,-1,-1,-1
175,1,416.64,235.73,78.22,216.79,0.65172,-1,-1,-1
175,3,1007.76,912.73,62.77,167.25,0.72640,-1,-1,-1
175,4,1721.43,459.90,74.09,207.89,0.59277,-1,-1,-1
175,5,1358.81,578.87,80.48,209.67,0.51860,-1,-1,-1
175,18,402.74,663.88,92.28,260.88,0.80451,-1,-1,-1
175,16,863.11,185.89,65.00,183.62,0.46109,-1,-1,-1
175,2,100.68,546.64,72.92,246.40,0.65742,-1,-1,-1
175,6,224.69,579.78,72.85,214.37,0.68744,-1,-1,-1
175,8,523.13,293.80,64.23,200.92,0.38463,-1,-1,-1
175,38,750.69,261.25,60.45,194.69,0.40733,-1,-1,-1
175,26,945.61,122.95,73.57,174.16,0.31794,-1,-1,-1
176,1,416.07,233.41,78.29,217.79,0.63361,-1,-1,-1
176,3,1006.01,913.07,62.35,166.12,0.72912,-1,-1,-1
176,4,1721.17,459.67,74.13,208.21,0.58871,-1,-1,-1
176,5,1358.73,578.91,79.97,207.61,0.51529,-1,-1,-1
176,18,403.51,659.57,91.06,259.62,0.79151,-1,-1,-1
176,16,863.45,184.40,65.54,185.02,0.50404,-1,-1,-1
176,2,100.41,546.78,72.94,246.45,0.65784,-1,-1,-1
176,6,225.68,577.19,72.15,213.57,0.66893,-1,-1,-1
176,38,750.65,261.90,60.58,195.96,0.41123,-1,-1,-1
176,26,941.20,122.90,74.40,174.97,0.39706,-1,-1,-1
177,1,415.55,232.77,78.02,217.92,0.63767,-1,-1,-1
177,3,1005.02,913.15,62.07,165.04,0.73102,-1,-1,-1
177,4,1721.11,459.72,74.10,208.10,0.58261,-1,-1,-1
177,5,1358.28,578.95,80.81,209.27,0.48409,-1,-1,-1
177,18,404.97,654.77,88.88,255.16,0.78568,-1,-1,-1
177,16,864.46,182.30,65.68,185.07,0.52264,-1,-1,-1
177,2,100.32,546.88,72.86,246.10,0.65649,-1,-1,-1
177,6,226.24,575.26,71.27,211.91,0.67651,-1,-1,-1
177,38,750.24,261.54,60.99,198.20,0.35732,-1,-1,-1
177,26,938.46,123.52,74.42,173.57,0.36247,-1,-1,-1
177,8,516.83,260.25,74.39,234.50,0.37830,-1,-1,-1
178,1,415.31,231.10,77.07,215.90,0.61743,-1,-1,-1
178,3,1003.98,913.32,61.92,164.61,0.72076,-1,-1,-1
178,4,1721.25,460.10,73.96,207.74,0.56321,-1,-1,-1
178,5,1357.65,578.05,81.78,211.48,0.48044,-1,-1,-1
178,18,405.47,650.84,87.50,251.83,0.78549,-1,-1,-1
178,16,865.40,180.98,65.69,184.75,0.49804,-1,-1,-1
178,2,100.01,547.03,72.50,245.09,0.65397,-1,-1,-1
178,6,227.08,573.45,69.84,208.20,0.60734,-1,-1,-1
178,38,750.46,266.07,60.14,196.01,0.40846,-1,-1,-1
178,41,0.00,615.71,97.83,228.60,0.37769,-1,-1,-1
178,8,520.49,279.20,68.48,215.59,0.44529,-1,-1,-1
179,1,414.39,228.57,76.72,215.93,0.59289,-1,-1,-1
179,3,1002.17,913.54,61.73,164.64,0.71605,-1,-1,-1
179,4,1721.20,460.49,73.73,207.22,0.54721,-1,-1,-1
179,5,1357.02,577.61,83.81,216.99,0.50590,-1,-1,-1
179,18,406.55,648.57,86.73,250.00,0.78632,-1,-1,-1
179,16,866.59,180.34,65.60,184.03,0.48371,-1,-1,-1
179,2,99.93,546.16,72.64,246.42,0.65089,-1,-1,-1
179,6,227.25,571.46,69.51,207.50,0.61865,-1,-1,-1
179,38,750.42,270.03,59.59,194.35,0.40479,-1,-1,-1
179,41,0.00,617.89,100.16,229.76,0.52182,-1,-1,-1
179,8,522.39,290.87,64.73,203.25,0.43438,-1,-1,-1
179,34,606.16,278.69,59.87,191.62,0.34779,-1,-1,-1
179,26,935.81,125.21,72.92,169.89,0.31486,-1,-1,-1
180,1,414.17,227.51,75.74,213.28,0.62366,-1,-1,-1
180,3,1000.10,913.34,61.70,165.17,0.72096,-1,-1,-1
180,4,1721.39,460.22,73.89,207.93,0.52729,-1,-1,-1
180,5,1357.49,577.17,82.22,212.82,0.51268,-1,-1,-1
180,18,408.49,647.63,86.29,248.79,0.79049,-1,-1,-1
180,16,867.81,180.78,65.88,184.28,0.50430,-1,-1,-1
180,2,99.77,545.97,72.35,246.31,0.65595,-1,-1,-1
180,6,228.41,569.98,69.25,207.07,0.58646,-1,-1,-1
180,38,750.47,272.63,59.23,193.07,0.41797,-1,-1,-1
180,41,0.00,618.11,93.75,223.23,0.50455,-1,-1,-1
180,8,523.79,293.71,64.16,202.69,0.52273,-1,-1,-1
180,34,606.09,278.55,60.05,193.80,0.35335,-1,-1,-1
181,1,414.34,227.06,74.79,210.70,0.59596,-1,-1,-1
181,3,997.92,914.28,61.34,164.68,0.72119,-1,-1,-1
181,4,1721.44,459.19,74.34,209.36,0.51326,-1,-1,-1
181,5,1357.54,577.35,83.10,214.96,0.49996,-1,-1,-1
181,18,409.96,646.24,86.49,248.91,0.78858,-1,-1,-1
181,16,869.20,179.14,65.93,184.09,0.50172,-1,-1,-1
181,2,99.55,545.43,72.49,247.80,0.65469,-1,-1,-1
181,6,229.64,568.96,68.85,205.85,0.57384,-1,-1,-1
181,38,750.35,273.75,59.01,192.87,0.42478,-1,-1,-1
181,41,0.00,617.75,91.20,223.86,0.47394,-1,-1,-1
181,8,525.23,298.93,62.93,200.16,0.54666,-1,-1,-1
181,34,605.62,278.89,61.46,200.27,0.30857,-1,-1,-1
182,1,414.91,226.59,74.07,208.57,0.58087,-1,-1,-1
182,3,995.94,915.70,60.51,163.07,0.73549,-1,-1,-1
182,4,1721.57,459.23,74.14,209.21,0.52872,-1,-1,-1
182,5,1356.55,576.67,85.70,222.46,0.47858,-1,-1,-1
182,18,410.24,645.09,87.20,249.99,0.78467,-1,-1,-1
182,16,869.81,177.72,67.11,185.72,0.53899,-1,-1,-1
182,2,99.76,545.67,72.09,247.33,0.67110,-1,-1,-1
182,6,230.22,567.59,67.85,203.94,0.58741,-1,-1,-1
182,38,750.45,275.15,59.04,193.43,0.35956,-1,-1,-1
182,41,0.00,618.71,102.74,235.01,0.60784,-1,-1,-1
182,8,525.05,297.42,62.82,200.51,0.48549,-1,-1,-1
182,34,605.93,279.13,62.48,204.38,0.30011,-1,-1,-1
183,1,415.97,227.95,73.28,206.53,0.57962,-1,-1,-1
183,3,994.70,916.15,60.00,162.23,0.72859,-1,-1,-1
183,4,1721.74,459.37,73.85,208.76,0.52398,-1,-1,-1
183,5,1356.69,576.84,85.91,223.30,0.49047,-1,-1,-1
183,18,410.54,643.51,88.19,251.39,0.79819,-1,-1,-1
183,16,870.23,176.74,68.00,186.89,0.55645,-1,-1,-1
183,2,99.84,545.78,71.93,247.78,0.68176,-1,-1,-1
183,6,230.20,566.13,67.97,204.85,0.55185,-1,-1,-1
183,38,750.25,276.53,59.41,194.17,0.36593,-1,-1,-1
183,41,0.65,621.26,106.48,237.50,0.65563,-1,-1,-1
183,8,523.74,295.81,64.44,205.55,0.40539,-1,-1,-1
183,34,605.26,279.85,63.38,209.69,0.32514,-1,-1,-1
184,1,416.62,227.57,73.35,206.78,0.57966,-1,-1,-1
184,3,993.75,917.66,59.55,161.50,0.72361,-1,-1,-1
184,4,1721.20,459.25,73.86,208.96,0.53346,-1,-1,-1
184,5,1356.77,576.54,86.27,224.65,0.46537,-1,-1,-1
184,18,411.08,642.17,89.03,252.49,0.77354,-1,-1,-1
184,16,870.21,176.56,68.55,187.25,0.54314,-1,-1,-1
184,2,99.45,545.80,71.71,248.07,0.67026,-1,-1,-1
184,6,230.38,565.28,68.62,208.06,0.53549,-1,-1,-1
184,38,750.72,278.50,59.17,192.92,0.34910,-1,-1,-1
184,41,3.34,622.38,105.01,235.30,0.62151,-1,-1,-1
184,8,516.47,253.26,77.28,251.62,0.39919,-1,-1,-1
184,34,605.91,279.40,63.76,212.27,0.33382,-1,-1,-1
185,1,416.19,227.18,73.51,207.09,0.58830,-1,-1,-1
185,3,992.83,918.31,59.00,160.06,0.71757,-1,-1,-1
185,4,1721.27,459.37,73.65,208.58,0.50250,-1,-1,-1
185,5,1357.37,575.95,84.89,221.12,0.48002,-1,-1,-1
185,18,411.25,642.26,89.60,252.42,0.78582,-1,-1,-1
185,16,870.38,177.35,69.52,188.36,0.58786,-1,-1,-1
185,2,99.04,546.07,71.24,247.34,0.64669,-1,-1,-1
185,6,230.78,564.95,68.79,209.41,0.56826,-1,-1,-1
185,38,751.83,280.25,59.20,191.93,0.33072,-1,-1,-1
185,41,7.59,622.15,103.78,234.30,0.62243,-1,-1,-1
185,8,519.25,275.85,70.73,230.16,0.42972,-1,-1,-1
185,34,606.18,285.64,62.32,208.38,0.33037,-1,-1,-1
186,1,415.97,226.66,73.63,207.25,0.59661,-1,-1,-1
186,3,991.49,918.48,58.92,160.20,0.73418,-1,-1,-1
186,4,1721.36,459.15,73.59,208.73,0.50346,-1,-1,-1
186,5,1356.59,574.82,85.83,224.16,0.49433,-1,-1,-1
186,18,410.86,640.89,90.60,254.26,0.79446,-1,-1,-1
186,16,869.76,176.15,70.62,190.41,0.56089,-1,-1,-1
186,2,98.81,546.44,70.87,246.55,0.64523,-1,-1,-1
186,6,230.04,564.73,68.37,208.48,0.58328,-1,-1,-1
186,41,11.00,620.20,103.71,235.81,0.65762,-1,-1,-1
186,8,522.09,293.44,64.67,210.77,0.42665,-1,-1,-1
186,34,606.57,285.06,61.91,207.98,0.35929,-1,-1,-1
187,1,415.90,225.31,74.25,209.06,0.60123,-1,-1,-1
187,3,990.09,918.93,58.84,159.56,0.73479,-1,-1,-1
187,4,1721.42,459.53,73.32,208.15,0.49526,-1,-1,-1
187,5,1356.64,573.71,85.90,224.86,0.50453,-1,-1,-1
187,18,410.41,639.13,91.40,255.68,0.78133,-1,-1,-1
187,16,869.41,176.16,71.31,191.28,0.56188,-1,-1,-1
187,2,98.37,546.50,70.32,244.20,0.63789,-1,-1,-1
187,6,229.11,563.92,68.51,209.28,0.63549,-1,-1,-1
187,41,17.13,620.11,104.52,239.05,0.68759,-1,-1,-1
187,8,523.57,299.09,63.28,207.47,0.54013,-1,-1,-1
187,34,607.14,286.98,60.66,203.65,0.34780,-1,-1,-1
187,43,1193.47,149.49,56.48,181.31,0.35575,-1,-1,-1
188,1,416.25,225.68,73.87,207.73,0.59446,-1,-1,-1
188,3,989.28,919.27,58.89,159.25,0.72203,-1,-1,-1
188,4,1721.46,460.07,73.14,207.50,0.50760,-1,-1,-1
188,5,1356.67,572.73,86.10,225.99,0.45966,-1,-1,-1
188,18,410.84,637.44,91.63,256.19,0.76868,-1,-1,-1
188,16,870.41,177.00,70.30,187.11,0.43240,-1,-1,-1
188,2,97.79,546.29,70.00,242.36,0.59190,-1,-1,-1
188,6,228.25,562.04,68.99,210.91,0.61856,-1,-1,-1
188,41,21.78,619.15,105.13,240.53,0.71441,-1,-1,-1
188,8,523.39,300.02,63.28,207.71,0.53985,-1,-1,-1
188,34,606.57,288.77,60.02,201.41,0.33506,-1,-1,-1
188,38,753.33,281.32,59.50,191.97,0.31682,-1,-1,-1
189,1,416.20,224.64,73.88,207.67,0.58192,-1,-1,-1
189,3,987.94,919.81,58.83,158.88,0.71253,-1,-1,-1
189,4,1721.25,460.54,73.16,207.36,0.48165,-1,-1,-1
189,5,1357.12,572.64,84.02,220.85,0.45850,-1,-1,-1
189,18,410.10,634.38,92.28,258.13,0.79882,-1,-1,-1
189,16,870.81,177.05,70.93,186.45,0.46250,-1,-1,-1
189,2,96.34,546.52,69.23,239.06,0.53541,-1,-1,-1
189,6,228.09,558.48,68.27,209.78,0.55559,-1,-1,-1
189,41,25.35,619.63,106.12,241.97,0.69044,-1,-1,-1
189,8,523.22,303.49,63.08,206.96,0.56453,-1,-1,-1
189,34,606.58,297.10,58.04,193.75,0.35094,-1,-1,-1
190,1,416.71,224.29,73.80,207.48,0.56883,-1,-1,-1
190,3,986.87,920.71,58.48,157.66,0.72656,-1,-1,-1
190,4,1721.27,459.26,73.55,208.59,0.46446,-1,-1,-1
190,5,1357.14,572.27,83.20,219.03,0.44959,-1,-1,-1
190,18,410.43,633.49,91.41,256.72,0.78543,-1,-1,-1
190,16,872.06,178.32,71.54,185.03,0.51195,-1,-1,-1
190,2,95.75,546.51,67.96,233.05,0.49328,-1,-1,-1
190,6,228.29,555.54,67.38,207.93,0.57344,-1,-1,-1
190,41,29.15,621.21,107.86,244.97,0.67393,-1,-1,-1
190,8,522.87,303.35,63.87,209.09,0.59309,-1,-1,-1
190,34,606.03,297.27,58.54,194.90,0.34725,-1,-1,-1
191,1,417.30,223.15,73.82,207.58,0.56627,-1,-1,-1
191,3,985.94,921.75,57.96,155.85,0.74253,-1,-1,-1
191,4,1720.94,459.51,73.62,208.46,0.49250,-1,-1,-1
191,5,1357.32,571.60,86.43,227.83,0.48163,-1,-1,-1
191,18,410.22,630.79,90.62,255.75,0.78350,-1,-1,-1
191,16,872.93,175.65,72.31,185.44,0.48284,-1,-1,-1
191,2,99.96,545.87,59.73,199.72,0.57288,-1,-1,-1
191,6,228.11,552.21,66.54,206.33,0.59168,-1,-1,-1
191,41,33.58,622.29,110.53,248.95,0.60889,-1,-1,-1
191,8,522.87,303.44,64.45,210.33,0.54854,-1,-1,-1
191,34,605.98,302.56,57.64,190.62,0.31998,-1,-1,-1
192,1,418.16,222.82,73.83,207.70,0.54411,-1,-1,-1
192,3,984.97,922.57,57.62,154.74,0.74450,-1,-1,-1
192,4,1720.90,459.81,73.50,207.83,0.53803,-1,-1,-1
192,5,1357.55,571.01,85.53,225.22,0.49827,-1,-1,-1
192,18,410.49,626.25,89.25,253.08,0.77205,-1,-1,-1
192,16,874.00,173.38,72.84,185.72,0.50730,-1,-1,-1
192,2,101.31,545.23,57.09,186.33,0.59799,-1,-1,-1
192,6,227.96,550.36,66.06,204.96,0.63264,-1,-1,-1
192,41,36.96,624.90,112.35,251.25,0.59495,-1,-1,-1
192,8,523.31,304.81,64.34,209.20,0.59904,-1,-1,-1
192,34,605.40,305.58,57.10,187.58,0.38664,-1,-1,-1
193,1,418.10,221.30,74.13,208.38,0.52434,-1,-1,-1
193,3,983.89,922.39,57.73,155.24,0.71674,-1,-1,-1
193,4,1720.93,459.54,73.46,207.61,0.52046,-1,-1,-1
193,5,1357.10,570.69,86.56,228.35,0.49361,-1,-1,-1
193,18,410.79,622.59,87.65,249.59,0.78984,-1,-1,-1
193,16,875.62,172.84,72.69,184.95,0.42999,-1,-1,-1
193,2,100.97,545.09,56.47,180.10,0.58655,-1,-1,-1
193,6,227.73,547.32,66.33,206.34,0.63981,-1,-1,-1
193,41,39.48,628.39,111.15,247.94,0.51021,-1,-1,-1
193,8,523.21,307.75,63.91,206.28,0.55282,-1,-1,-1
193,34,604.59,307.72,57.08,186.13,0.35247,-1,-1,-1
194,1,418.68,221.53,73.87,207.06,0.51048,-1,-1,-1
194,3,982.58,922.04,58.21,156.04,0.73891,-1,-1,-1
194,4,1720.97,459.83,73.50,207.58,0.50167,-1,-1,-1
194,5,1356.26,570.47,87.13,230.37,0.47145,-1,-1,-1
194,18,410.56,619.19,86.48,248.27,0.77424,-1,-1,-1
194,16,876.80,172.76,72.10,182.72,0.39303,-1,-1,-1
194,2,100.21,544.83,56.51,175.61,0.62269,-1,-1,-1
194,6,227.63,545.68,66.02,205.77,0.64313,-1,-1,-1
194,41,42.56,631.23,109.55,243.76,0.58834,-1,-1,-1
194,8,522.28,308.89,64.19,205.57,0.57704,-1,-1,-1
194,34,603.46,308.53,57.40,186.28,0.36461,-1,-1,-1
195,1,418.76,219.55,74.76,209.60,0.55872,-1,-1,-1
195,3,982.15,922.25,58.15,155.79,0.72998,-1,-1,-1
195,4,1721.02,459.55,73.68,208.11,0.52185,-1,-1,-1
195,5,1357.06,570.16,84.32,222.56,0.55906,-1,-1,-1
195,18,410.57,617.30,85.61,247.29,0.78464,-1,-1,-1
195,16,878.65,170.50,71.01,179.53,0.36715,-1,-1,-1
195,2,99.42,544.54,57.39,174.45,0.60107,-1,-1,-1
195,6,227.16,544.29,66.16,207.26,0.64718,-1,-1,-1
195,41,45.11,633.37,107.13,237.35,0.66554,-1,-1,-1
195,8,520.66,308.91,65.26,206.74,0.67054,-1,-1,-1
195,34,602.91,309.40,57.35,184.89,0.42967,-1,-1,-1
196,1,419.18,217.96,74.66,209.77,0.53883,-1,-1,-1
196,3,981.23,921.89,58.68,156.49,0.73140,-1,-1,-1
196,4,1720.48,458.71,74.05,209.48,0.50474,-1,-1,-1
196,5,1357.00,571.26,83.59,220.32,0.52172,-1,-1,-1
196,18,408.78,614.24,85.79,248.14,0.75125,-1,-1,-1
196,16,880.42,169.35,69.81,176.98,0.42596,-1,-1,-1
196,2,98.55,544.25,58.49,174.81,0.54142,-1,-1,-1
196,6,226.21,543.80,65.93,207.23,0.64778,-1,-1,-1
196,41,46.15,635.81,108.86,241.83,0.66674,-1,-1,-1
196,8,520.48,310.51,65.92,207.03,0.60113,-1,-1,-1
196,34,603.18,311.13,57.15,182.83,0.40048,-1,-1,-1
196,38,754.34,291.26,59.70,190.81,0.36917,-1,-1,-1
197,1,419.84,216.54,74.73,209.44,0.57467,-1,-1,-1
197,3,979.70,922.01,59.16,156.50,0.73751,-1,-1,-1
197,4,1720.90,458.76,73.99,209.48,0.50032,-1,-1,-1
197,5,1357.05,571.38,83.10,218.69,0.54010,-1,-1,-1
197,18,406.21,611.19,86.33,249.31,0.74109,-1,-1,-1
197,16,881.18,168.33,69.23,176.34,0.45470,-1,-1,-1
197,2,98.62,544.04,58.13,171.06,0.52782,-1,-1,-1
197,6,225.43,543.22,66.19,208.80,0.68613,-1,-1,-1
197,41,49.56,638.91,110.70,246.71,0.67372,-1,-1,-1
197,8,518.68,308.41,67.76,210.80,0.67464,-1,-1,-1
197,34,602.82,311.80,57.40,182.43,0.43195,-1,-1,-1
197,38,754.31,293.26,59.35,188.78,0.32608,-1,-1,-1
198,1,420.88,215.41,74.61,208.74,0.56559,-1,-1,-1
198,3,977.76,921.49,59.65,157.26,0.70175,-1,-1,-1
198,4,1720.89,458.94,73.76,208.84,0.49635,-1,-1,-1
198,5,1357.17,571.69,83.38,219.00,0.55865,-1,-1,-1
198,18,403.31,610.52,87.17,250.73,0.74924,-1,-1,-1
198,16,881.83,161.46,70.85,182.73,0.42984,-1,-1,-1
198,2,98.93,543.93,58.26,169.71,0.51982,-1,-1,-1
198,6,225.22,542.41,66.31,209.66,0.69396,-1,-1,-1
198,41,53.17,641.70,110.71,247.51,0.69569,-1,-1,-1
198,8,518.06,311.59,68.21,210.61,0.62558,-1,-1,-1
198,34,602.37,312.75,57.63,182.22,0.43648,-1,-1,-1
198,38,755.46,294.64,60.04,189.48,0.30624,-1,-1,-1
199,1,420.85,214.26,74.16,206.43,0.56614,-1,-1,-1
199,3,975.85,921.35,60.18,157.47,0.72930,-1,-1,-1
199,4,1720.59,458.75,73.77,209.07,0.52926,-1,-1,-1
199,5,1356.03,571.07,84.48,221.59,0.52087,-1,-1,-1
199,18,401.09,609.85,88.26,252.51,0.74228,-1,-1,-1
199,16,882.70,157.97,71.54,186.07,0.39590,-1,-1,-1
199,2,98.53,544.22,58.79,169.73,0.51775,-1,-1,-1
199,6,225.44,542.46,66.01,209.20,0.70302,-1,-1,-1
199,41,55.66,643.98,110.56,248.00,0.72278,-1,-1,-1
199,8,517.92,314.36,68.44,210.23,0.60149,-1,-1,-1
199,34,602.59,313.76,57.28,180.22,0.44695,-1,-1,-1
200,1,420.78,212.52,74.26,205.68,0.57423,-1,-1,-1
200,3,974.14,920.56,60.57,157.68,0.71464,-1,-1,-1
200,4,1720.56,458.71,73.57,208.77,0.53389,-1,-1,-1
200,5,1355.85,571.24,83.18,218.34,0.54028,-1,-1,-1
200,18,399.66,609.31,88.57,252.29,0.74727,-1,-1,-1
200,16,883.35,158.68,71.55,186.84,0.40103,-1,-1,-1
200,2,98.66,543.81,58.31,166.49,0.53737,-1,-1,-1
200,6,225.03,541.88,65.62,208.71,0.71665,-1,-1,-1
200,41,57.99,647.98,108.67,245.03,0.71251,-1,-1,-1
200,8,518.00,317.74,68.20,209.55,0.58410,-1,-1,-1
200,34,602.91,315.19,57.10,178.70,0.42265,-1,-1,-1
200,48,1158.51,141.37,57.77,182.28,0.34770,-1,-1,-1
200,38,753.05,295.93,61.66,193.92,0.31048,-1,-1,-1
201,1,421.24,211.38,74.82,206.00,0.56673,-1,-1,-1
201,3,972.84,920.06,60.89,158.02,0.72156,-1,-1,-1
201,4,1720.51,458.30,73.57,209.04,0.55397,-1,-1,-1
201,5,1355.15,571.03,83.35,219.29,0.54545,-1,-1,-1
201,18,398.00,608.87,89.01,252.23,0.74272,-1,-1,-1
201,16,885.10,158.27,71.57,187.19,0.42249,-1,-1,-1
201,2,97.78,543.87,58.61,165.66,0.49916,-1,-1,-1
201,6,224.85,541.13,65.44,209.05,0.70417,-1,-1,-1
201,41,61.14,653.12,105.90,240.59,0.73430,-1,-1,-1
201,8,517.03,318.87,69.15,212.09,0.59395,-1,-1,-1
201,34,603.24,318.09,55.86,173.84,0.43119,-1,-1,-1
201,48,1157.14,140.13,57.68,181.98,0.31823,-1,-1,-1
202,1,421.75,210.22,75.15,205.52,0.56098,-1,-1,-1
202,3,971.51,919.49,61.20,158.72,0.72801,-1,-1,-1
202,4,1720.81,458.33,73.61,209.48,0.58150,-1,-1,-1
202,5,1354.89,571.03,82.29,216.68,0.51735,-1,-1,-1
202,18,397.84,608.27,88.88,250.84,0.73508,-1,-1,-1
202,16,887.46,157.65,71.13,186.01,0.43268,-1,-1,-1
202,2,99.74,543.05,56.25,156.85,0.44508,-1,-1,-1
202,6,224.42,539.92,65.64,210.31,0.70582,-1,-1,-1
202,41,63.30,655.95,103.81,237.74,0.74276,-1,-1,-1
202,8,516.93,318.45,70.21,214.78,0.61179,-1,-1,-1
202,34,603.52,321.93,54.64,168.97,0.44753,-1,-1,-1
202,48,1155.41,139.36,57.84,182.50,0.38320,-1,-1,-1
203,1,422.38,208.89,75.71,206.44,0.49127,-1,-1,-1
203,3,970.93,918.95,61.48,159.03,0.73553,-1,-1,-1
203,4,1720.68,458.33,73.60,209.58,0.59153,-1,-1,-1
203,5,1356.30,571.92,80.81,212.47,0.54630,-1,-1,-1
203,18,396.75,606.88,88.65,249.21,0.73394,-1,-1,-1
203,16,887.55,156.54,71.22,186.33,0.47278,-1,-1,-1
203,2,100.13,542.88,55.20,152.22,0.32991,-1,-1,-1
203,6,223.22,537.70,66.00,211.64,0.69940,-1,-1,-1
203,41,65.69,657.58,102.10,235.42,0.69678,-1,-1,-1
203,8,516.61,318.42,70.75,215.99,0.56787,-1,-1,-1
203,34,603.52,322.77,54.43,167.37,0.44577,-1,-1,-1
203,48,1153.29,138.36,58.08,183.55,0.37556,-1,-1,-1
204,1,423.72,208.38,75.89,206.69,0.44844,-1,-1,-1
204,3,968.80,916.79,62.31,161.06,0.73078,-1,-1,-1
204,4,1720.84,458.82,73.46,209.22,0.57810,-1,-1,-1
204,5,1357.06,571.58,81.35,213.52,0.56019,-1,-1,-1
204,18,396.79,603.19,88.89,249.93,0.72169,-1,-1,-1
204,16,887.82,156.50,71.26,186.22,0.50391,-1,-1,-1
204,2,100.27,543.10,54.70,149.19,0.35152,-1,-1,-1
204,6,222.53,535.46,65.78,211.30,0.67309,-1,-1,-1
204,41,67.80,658.68,100.78,233.52,0.68568,-1,-1,-1
204,8,514.58,318.25,71.69,218.01,0.58744,-1,-1,-1
204,34,603.71,324.53,54.49,166.83,0.39903,-1,-1,-1
204,48,1151.98,140.21,56.99,180.48,0.38108,-1,-1,-1
205,1,424.65,208.12,76.11,206.96,0.46695,-1,-1,-1
205,3,967.07,915.69,62.73,162.38,0.73095,-1,-1,-1
205,4,1720.53,458.76,73.70,209.79,0.56686,-1,-1,-1
205,5,1356.74,571.61,81.74,214.34,0.53227,-1,-1,-1
205,18,395.30,600.17,89.47,251.20,0.71971,-1,-1,-1
205,16,887.99,155.32,71.36,187.22,0.46686,-1,-1,-1
205,2,100.25,542.71,54.24,146.23,0.33931,-1,-1,-1
205,6,221.02,531.83,65.61,210.44,0.66535,-1,-1,-1
205,41,69.81,657.77,100.91,234.36,0.73781,-1,-1,-1
205,8,515.00,318.36,72.00,218.39,0.50491,-1,-1,-1
205,34,604.28,324.96,54.66,167.05,0.38850,-1,-1,-1
205,48,1150.62,139.29,57.10,181.18,0.39363,-1,-1,-1
205,51,2.34,600.01,60.45,239.93,0.35283,-1,-1,-1
205,38,755.01,299.65,61.79,195.67,0.33858,-1,-1,-1
206,1,424.40,205.86,76.74,208.01,0.51187,-1,-1,-1
206,3,965.44,914.98,62.95,162.96,0.74617,-1,-1,-1
206,4,1720.66,458.96,73.75,209.64,0.56769,-1,-1,-1
206,5,1355.76,571.42,82.05,215.21,0.53875,-1,-1,-1
206,18,395.01,597.89,89.58,251.98,0.73344,-1,-1,-1
206,16,889.55,155.61,70.38,185.08,0.51838,-1,-1,-1
206,2,100.41,542.83,54.65,145.55,0.38835,-1,-1,-1
206,6,221.13,529.25,63.97,205.04,0.66936,-1,-1,-1
206,41,73.59,657.41,100.70,234.49,0.76278,-1,-1,-1
206,8,514.32,319.52,72.24,218.15,0.50809,-1,-1,-1
206,34,604.59,325.22,54.65,166.68,0.41098,-1,-1,-1
206,48,1148.99,138.18,57.28,182.15,0.40334,-1,-1,-1
206,51,8.25,601.17,60.30,237.81,0.46270,-1,-1,-1
206,38,756.46,299.65,61.28,195.76,0.37754,-1,-1,-1
207,1,424.57,205.08,76.85,207.43,0.48920,-1,-1,-1
207,3,963.80,913.61,63.38,164.44,0.74762,-1,-1,-1
207,4,1720.78,458.92,73.55,209.01,0.57355,-1,-1,-1
207,5,1356.51,570.90,81.41,213.88,0.49786,-1,-1,-1
207,18,395.52,596.30,88.24,248.42,0.74576,-1,-1,-1
207,16,890.45,154.45,71.68,188.68,0.51040,-1,-1,-1
207,2,100.61,543.20,55.41,146.20,0.44163,-1,-1,-1
207,6,221.41,526.90,63.16,202.54,0.64967,-1,-1,-1
207,41,80.09,659.04,101.41,235.48,0.72377,-1,-1,-1
207,8,513.02,319.86,72.38,217.47,0.53366,-1,-1,-1
207,34,604.58,325.53,54.92,167.20,0.41158,-1,-1,-1
207,48,1146.49,137.52,57.44,183.12,0.37045,-1,-1,-1
207,38,757.54,299.06,60.80,195.47,0.33010,-1,-1,-1
208,1,424.89,205.61,77.02,207.71,0.47724,-1,-1,-1
208,3,961.71,912.76,63.81,165.59,0.74106,-1,-1,-1
208,4,1721.04,458.83,73.68,209.58,0.58015,-1,-1,-1
208,5,1356.68,570.53,81.31,214.02,0.51533,-1,-1,-1
208,18,396.61,593.61,86.98,245.54,0.74811,-1,-1,-1
208,16,891.15,152.92,72.05,190.77,0.47374,-1,-1,-1
208,2,100.73,543.43,56.08,146.64,0.39072,-1,-1,-1
208,6,220.76,524.83,63.25,202.42,0.61278,-1,-1,-1
208,41,85.58,660.31,103.56,239.42,0.73495,-1,-1,-1
208,8,511.33,322.68,71.74,213.94,0.51424,-1,-1,-1
208,34,604.18,324.89,55.06,167.02,0.40548,-1,-1,-1
208,48,1144.14,136.91,57.53,183.74,0.39355,-1,-1,-1
208,38,757.67,298.93,60.67,195.74,0.35115,-1,-1,-1
208,51,13.60,605.33,60.53,234.77,0.36420,-1,-1,-1
209,1,425.29,205.73,77.33,208.64,0.43990,-1,-1,-1
209,3,960.09,912.40,63.78,166.16,0.73055,-1,-1,-1
209,4,1721.09,457.92,73.82,210.30,0.55476,-1,-1,-1
209,5,1355.85,570.70,81.24,214.96,0.49578,-1,-1,-1
209,18,397.42,591.12,85.35,241.77,0.75226,-1,-1,-1
209,16,892.29,151.65,71.50,190.11,0.45345,-1,-1,-1
209,2,100.85,544.77,57.10,148.28,0.37509,-1,-1,-1
209,6,220.49,523.13,63.23,202.29,0.62601,-1,-1,-1
209,41,90.40,664.25,104.79,239.81,0.76182,-1,-1,-1
209,8,510.24,323.50,71.78,213.13,0.55746,-1,-1,-1
209,34,603.05,324.45,55.53,167.98,0.37274,-1,-1,-1
209,48,1142.24,137.45,57.15,182.48,0.34257,-1,-1,-1
209,38,758.18,300.89,60.39,195.18,0.35319,-1,-1,-1
209,51,13.01,606.24,61.85,235.75,0.57662,-1,-1,-1
210,1,425.05,205.29,77.59,209.74,0.42193,-1,-1,-1
210,3,957.90,912.04,64.02,166.96,0.72933,-1,-1,-1
210,4,1720.98,458.13,73.80,210.39,0.56987,-1,-1,-1
210,5,1355.76,570.85,81.00,215.03,0.51915,-1,-1,-1
210,18,398.60,589.75,83.92,238.66,0.75504,-1,-1,-1
210,16,892.81,150.94,71.01,189.74,0.47636,-1,-1,-1
210,2,101.11,543.66,58.11,150.31,0.38458,-1,-1,-1
210,6,219.83,522.07,63.66,203.17,0.62086,-1,-1,-1
210,41,92.38,666.67,106.50,240.35,0.75436,-1,-1,-1
210,8,509.29,323.95,71.98,213.29,0.59741,-1,-1,-1
210,34,601.86,323.65,57.78,175.28,0.33353,-1,-1,-1
210,48,1140.81,137.55,56.91,181.86,0.34072,-1,-1,-1
210,38,759.51,303.72,60.64,195.84,0.31979,-1,-1,-1
210,51,13.61,607.23,62.80,234.34,0.59114,-1,-1,-1
211,1,426.05,204.89,77.44,209.72,0.43699,-1,-1,-1
211,3,956.07,912.10,63.97,166.67,0.73760,-1,-1,-1
211,4,1721.10,458.87,73.25,208.61,0.54968,-1,-1,-1
211,5,1354.74,570.42,81.79,218.24,0.51249,-1,-1,-1
211,18,399.01,587.23,83.35,238.19,0.75172,-1,-1,-1
211,16,894.40,150.30,69.96,186.97,0.49747,-1,-1,-1
211,2,101.67,543.64,59.09,151.93,0.37739,-1,-1,-1
211,6,218.62,520.76,64.19,204.39,0.59982,-1,-1,-1
211,41,95.36,668.77,107.48,241.12,0.75219,-1,-1,-1
211,8,508.86,324.20,71.69,212.04,0.59992,-1,-1,-1
211,48,1138.69,137.57,57.04,182.42,0.33337,-1,-1,-1
211,38,759.90,305.50,61.52,197.47,0.30950,-1,-1,-1
211,51,14.02,611.19,63.34,230.20,0.58725,-1,-1,-1
212,1,426.05,203.51,77.55,210.07,0.40237,-1,-1,-1
212,3,954.10,911.10,64.65,168.50,0.73332,-1,-1,-1
212,4,1720.92,459.30,73.57,209.38,0.57535,-1,-1,-1
212,5,1354.59,570.84,81.79,219.28,0.50145,-1,-1,-1
212,18,398.98,585.18,83.31,238.62,0.71378,-1,-1,-1
212,16,897.05,148.09,68.97,184.54,0.48942,-1,-1,-1
212,2,102.12,543.77,60.83,156.03,0.45852,-1,-1,-1
212,6,217.42,519.45,64.66,205.49,0.62123,-1,-1,-1
212,41,98.09,670.14,108.53,243.66,0.74213,-1,-1,-1
212,8,508.12,325.39,71.41,210.87,0.59151,-1,-1,-1
212,51,22.88,610.56,65.28,232.94,0.55980,-1,-1,-1
213,1,425.88,202.11,77.57,210.19,0.40750,-1,-1,-1
213,3,951.92,910.11,65.12,169.79,0.74646,-1,-1,-1
213,4,1720.95,459.11,73.79,209.75,0.56574,-1,-1,-1
213,5,1354.27,570.60,82.01,220.85,0.53991,-1,-1,-1
213,18,399.01,582.84,83.91,241.03,0.71094,-1,-1,-1
213,16,898.46,145.54,68.61,183.94,0.50166,-1,-1,-1
213,2,100.90,543.95,64.92,167.43,0.48918,-1,-1,-1
213,6,216.55,518.82,64.53,204.69,0.61519,-1,-1,-1
213,41,99.49,669.97,110.02,248.08,0.74766,-1,-1,-1
213,8,507.47,326.03,71.46,211.24,0.63024,-1,-1,-1
213,51,29.08,610.55,66.27,233.77,0.52939,-1,-1,-1
213,34,600.23,327.47,60.96,185.38,0.30344,-1,-1,-1
214,1,425.27,201.28,77.50,210.43,0.39458,-1,-1,-1
214,3,950.56,908.95,65.45,171.05,0.73593,-1,-1,-1
214,4,1721.54,459.40,73.23,207.98,0.56433,-1,-1,-1
214,5,1354.21,571.08,81.04,218.77,0.52724,-1,-1,-1
214,18,399.00,580.23,84.81,243.51,0.69397,-1,-1,-1
214,16,899.62,142.54,68.77,185.21,0.46615,-1,-1,-1
214,2,100.95,545.90,66.56,171.95,0.49119,-1,-1,-1
214,6,216.46,518.38,64.37,203.63,0.59166,-1,-1,-1
214,41,101.80,667.70,111.05,252.74,0.75550,-1,-1,-1
214,8,508.20,325.19,71.49,211.27,0.70456,-1,-1,-1
214,51,35.08,613.10,66.07,232.81,0.55697,-1,-1,-1
214,34,599.07,330.44,62.70,192.36,0.35964,-1,-1,-1
215,1,425.93,200.58,77.00,209.68,0.37743,-1,-1,-1
215,3,948.92,908.85,65.27,171.15,0.74527,-1,-1,-1
215,4,1721.66,459.63,73.17,207.67,0.57815,-1,-1,-1
215,5,1355.24,571.50,79.94,216.11,0.54074,-1,-1,-1
215,18,399.16,578.65,85.49,244.91,0.71552,-1,-1,-1
215,16,900.57,141.81,68.64,185.52,0.44413,-1,-1,-1
215,2,102.26,547.44,66.68,171.68,0.44982,-1,-1,-1
215,6,216.27,517.54,64.46,203.70,0.58434,-1,-1,-1
215,41,104.31,666.01,111.02,256.34,0.76647,-1,-1,-1
215,8,508.21,325.40,71.98,213.20,0.67462,-1,-1,-1
215,51,42.56,613.00,66.96,234.75,0.52147,-1,-1,-1
215,34,599.06,332.49,64.09,197.78,0.37850,-1,-1,-1
215,38,763.54,312.24,61.32,192.32,0.37619,-1,-1,-1
216,1,426.39,201.06,75.36,205.39,0.35243,-1,-1,-1
216,3,948.17,908.90,64.97,171.10,0.73799,-1,-1,-1
216,4,1721.50,459.08,73.41,208.57,0.54202,-1,-1,-1
216,5,1355.32,571.19,80.39,217.53,0.54006,-1,-1,-1
216,18,399.78,577.96,85.99,245.92,0.71902,-1,-1,-1
216,16,900.72,140.79,68.64,186.22,0.51126,-1,-1,-1
216,2,103.19,547.83,67.45,172.92,0.46430,-1,-1,-1
216,6,215.58,516.69,64.07,202.00,0.58447,-1,-1,-1
216,41,106.61,664.13,110.30,259.12,0.78081,-1,-1,-1
216,8,507.35,326.89,72.53,215.58,0.62236,-1,-1,-1
216,51,46.51,611.81,68.35,238.86,0.61829,-1,-1,-1
216,34,598.79,333.28,64.68,200.01,0.38339,-1,-1,-1
216,56,813.08,322.47,72.31,190.07,0.33086,-1,-1,-1
216,38,761.86,313.64,62.74,192.06,0.38311,-1,-1,-1
216,48,1128.42,132.90,57.72,184.98,0.34541,-1,-1,-1
217,1,426.35,199.63,74.58,203.66,0.34859,-1,-1,-1
217,3,947.53,908.69,64.65,171.31,0.73764,-1,-1,-1
217,4,1721.25,459.06,73.52,208.85,0.53122,-1,-1,-1
217,5,1355.37,571.54,80.77,218.22,0.52614,-1,-1,-1
217,18,400.02,576.75,86.50,246.59,0.71031,-1,-1,-1
217,16,901.13,140.54,68.33,185.49,0.46032,-1,-1,-1
217,2,102.82,548.81,67.25,172.14,0.39797,-1,-1,-1
217,6,216.19,515.73,64.10,203.47,0.57999,-1,-1,-1
217,41,107.95,663.43,109.09,259.93,0.79093,-1,-1,-1
217,8,507.28,328.95,72.74,217.28,0.59898,-1,-1,-1
217,51,51.50,613.42,69.00,239.46,0.62830,-1,-1,-1
217,34,598.47,336.14,64.25,200.63,0.38680,-1,-1,-1
217,38,762.05,315.28,63.82,190.50,0.36818,-1,-1,-1
218,1,426.86,198.70,74.00,201.74,0.37525,-1,-1,-1
218,3,946.08,908.28,64.72,171.72,0.73441,-1,-1,-1
218,4,1721.23,459.25,73.63,209.34,0.52221,-1,-1,-1
218,5,1355.02,571.39,80.95,218.73,0.49396,-1,-1,-1
218,18,399.96,576.16,86.83,246.49,0.71922,-1,-1,-1
218,16,901.55,140.74,67.70,183.89,0.37732,-1,-1,-1
218,2,107.08,548.58,59.72,148.79,0.32153,-1,-1,-1
218,6,216.15,514.20,63.99,205.34,0.54857,-1,-1,-1
218,41,111.35,664.05,107.21,259.00,0.78036,-1,-1,-1
218,8,507.28,330.13,72.89,219.49,0.61740,-1,-1,-1
218,51,58.58,616.87,69.85,237.71,0.49667,-1,-1,-1
218,34,597.66,339.22,63.47,199.21,0.43118,-1,-1,-1
218,38,762.96,315.30,64.79,191.91,0.31313,-1,-1,-1
219,1,427.76,197.16,73.22,199.52,0.35520,-1,-1,-1
219,3,943.84,907.52,65.17,172.48,0.75393,-1,-1,-1
219,4,1721.07,458.95,73.74,209.85,0.54801,-1,-1,-1
219,5,1355.27,571.79,80.60,217.47,0.50404,-1,-1,-1
219,18,400.27,575.11,86.73,245.77,0.69499,-1,-1,-1
219,16,900.92,140.38,68.74,186.45,0.47365,-1,-1,-1
219,2,108.24,549.11,56.89,137.08,0.37085,-1,-1,-1
219,6,215.07,512.02,62.98,203.51,0.53500,-1,-1,-1
219,41,114.64,663.25,105.52,258.59,0.77153,-1,-1,-1
219,8,507.58,331.67,72.45,220.07,0.62788,-1,-1,-1
219,51,63.50,623.60,68.63,228.40,0.58304,-1,-1,-1
219,34,596.57,341.38,63.20,199.56,0.49772,-1,-1,-1
219,48,1123.83,128.59,58.62,189.04,0.32168,-1,-1,-1
220,1,427.93,196.54,72.79,198.59,0.37454,-1,-1,-1
220,3,942.07,905.72,66.02,174.28,0.74814,-1,-1,-1
220,4,1721.23,459.02,73.59,209.39,0.56425,-1,-1,-1
220,5,1355.36,571.10,81.13,218.35,0.51304,-1,-1,-1
220,18,399.18,572.48,87.23,246.90,0.71612,-1,-1,-1
220,16,900.55,140.81,69.44,187.42,0.51446,-1,-1,-1
220,2,105.56,549.68,57.98,134.55,0.39949,-1,-1,-1
220,6,213.32,508.29,62.28,202.27,0.55036,-1,-1,-1
220,41,118.90,665.10,103.24,255.62,0.74242,-1,-1,-1
220,8,507.61,333.95,71.31,218.43,0.63662,-1,-1,-1
220,51,67.29,629.34,68.87,223.07,0.60518,-1,-1,-1
220,34,596.03,342.28,62.97,200.45,0.51445,-1,-1,-1
220,38,763.66,317.54,65.40,189.57,0.31131,-1,-1,-1
221,1,428.30,195.28,72.83,199.09,0.37900,-1,-1,-1
221,3,939.52,904.89,66.62,175.11,0.74793,-1,-1,-1
221,4,1720.99,458.63,73.56,209.32,0.58606,-1,-1,-1
221,5,1355.29,571.38,81.24,218.15,0.51569,-1,-1,-1
221,18,398.89,569.63,87.41,248.04,0.69280,-1,-1,-1
221,16,901.17,141.06,69.66,188.00,0.54141,-1,-1,-1
221,2,102.22,550.56,61.02,136.10,0.47696,-1,-1,-1
221,6,212.20,504.92,61.92,201.52,0.59924,-1,-1,-1
221,41,123.97,667.02,101.92,253.19,0.73015,-1,-1,-1
221,8,508.15,336.16,70.98,218.66,0.60350,-1,-1,-1
221,51,71.32,633.85,69.74,219.96,0.63051,-1,-1,-1
221,34,595.61,344.05,62.52,200.55,0.57954,-1,-1,-1
221,38,763.98,315.53,66.57,191.55,0.33352,-1,-1,-1
221,48,1121.75,126.84,57.75,186.53,0.31222,-1,-1,-1
222,1,428.66,193.99,72.88,199.72,0.35787,-1,-1,-1
222,3,938.04,904.81,67.19,175.19,0.75351,-1,-1,-1
222,4,1721.41,458.56,73.46,208.94,0.56324,-1,-1,-1
222,5,1355.43,571.57,81.96,219.58,0.48586,-1,-1,-1
222,18,398.08,566.00,87.71,249.94,0.70984,-1,-1,-1
222,16,901.48,140.65,69.28,187.22,0.49751,-1,-1,-1
222,2,99.64,550.98,68.16,150.03,0.37990,-1,-1,-1
222,6,210.57,503.41,62.11,200.86,0.56193,-1,-1,-1
222,41,131.13,668.73,102.21,252.15,0.71611,-1,-1,-1
222,8,508.71,336.83,70.51,218.96,0.58698,-1,-1,-1
222,51,75.57,632.61,73.02,223.99,0.51425,-1,-1,-1
222,34,595.19,345.50,62.04,199.93,0.57028,-1,-1,-1
223,1,429.68,193.65,73.04,201.20,0.33775,-1,-1,-1
223,3,936.95,904.57,67.76,175.43,0.74602,-1,-1,-1
223,4,1721.59,458.01,73.40,209.21,0.54295,-1,-1,-1
223,5,1355.57,571.66,82.65,220.90,0.45262,-1,-1,-1
223,18,398.05,564.08,86.40,246.81,0.72597,-1,-1,-1
223,16,900.96,140.53,68.83,185.92,0.44893,-1,-1,-1
223,2,101.04,551.92,66.86,143.60,0.45921,-1,-1,-1
223,6,210.07,502.30,62.28,200.30,0.56422,-1,-1,-1
223,41,135.19,670.37,104.68,256.06,0.69048,-1,-1,-1
223,8,509.24,337.44,70.07,218.69,0.58364,-1,-1,-1
223,51,77.05,634.02,74.71,224.82,0.57902,-1,-1,-1
223,34,594.55,346.47,61.58,199.16,0.55908,-1,-1,-1
223,38,769.18,315.64,67.27,194.00,0.30061,-1,-1,-1
223,48,1118.84,127.95,55.64,180.18,0.33521,-1,-1,-1
224,1,430.79,193.32,72.99,202.00,0.35738,-1,-1,-1
224,3,936.26,904.30,68.17,175.70,0.71627,-1,-1,-1
224,4,1721.58,458.72,73.33,208.96,0.54885,-1,-1,-1
224,5,1355.85,571.62,85.07,226.62,0.43618,-1,-1,-1
224,18,397.90,560.96,84.45,241.68,0.71737,-1,-1,-1
224,16,902.68,138.11,69.17,186.32,0.42003,-1,-1,-1
224,2,101.47,552.53,67.68,142.87,0.36305,-1,-1,-1
224,6,210.38,500.79,62.17,201.39,0.55303,-1,-1,-1
224,41,139.06,674.37,106.99,258.73,0.72495,-1,-1,-1
224,8,510.21,338.18,69.80,218.39,0.58631,-1,-1,-1
224,51,78.62,635.32,74.99,223.00,0.54259,-1,-1,-1
224,34,594.01,346.96,61.28,198.64,0.56050,-1,-1,-1
224,48,1117.26,127.80,55.20,179.39,0.31902,-1,-1,-1
225,1,430.09,192.06,73.46,203.78,0.36930,-1,-1,-1
225,3,935.67,903.40,68.75,176.57,0.72785,-1,-1,-1
225,4,1721.42,458.73,73.55,209.42,0.58411,-1,-1,-1
225,5,1355.98,572.07,86.77,230.55,0.41060,-1,-1,-1
225,18,397.05,557.98,82.98,238.04,0.71759,-1,-1,-1
225,16,904.39,137.23,69.21,185.71,0.39013,-1,-1,-1
225,2,100.78,553.12,70.35,147.27,0.37050,-1,-1,-1
225,6,210.54,499.44,61.77,200.95,0.60862,-1,-1,-1
225,41,140.80,677.35,109.51,262.80,0.77309,-1,-1,-1
225,8,511.36,338.77,69.62,217.82,0.58699,-1,-1,-1
225,51,81.14,638.34,75.93,225.67,0.59400,-1,-1,-1
225,34,593.57,348.09,60.63,196.87,0.57057,-1,-1,-1
225,48,1115.38,127.28,55.17,179.19,0.36907,-1,-1,-1
225,38,773.34,316.75,68.24,195.38,0.39610,-1,-1,-1
226,1,430.36,190.55,73.68,204.94,0.39205,-1,-1,-1
226,3,934.38,902.33,69.62,177.67,0.72266,-1,-1,-1
226,4,1721.41,458.27,73.88,210.27,0.57728,-1,-1,-1
226,5,1357.19,573.39,86.14,227.12,0.44937,-1,-1,-1
226,18,394.67,555.51,83.22,237.97,0.72517,-1,-1,-1
226,16,905.48,135.63,68.66,184.92,0.36564,-1,-1,-1
226,2,101.01,554.17,72.96,151.83,0.42499,-1,-1,-1
226,6,208.75,499.05,62.43,201.51,0.60605,-1,-1,-1
226,41,142.23,680.12,110.88,264.71,0.75422,-1,-1,-1
226,8,510.93,339.58,69.84,217.32,0.61584,-1,-1,-1
226,51,85.18,640.22,76.43,226.87,0.60827,-1,-1,-1
226,34,592.44,348.07,60.59,196.60,0.58128,-1,-1,-1
226,48,1113.96,126.80,54.51,176.49,0.36181,-1,-1,-1
226,38,775.39,316.52,68.69,197.26,0.38015,-1,-1,-1
227,1,430.87,188.79,74.23,207.18,0.41400,-1,-1,-1
227,3,933.65,901.94,70.05,178.06,0.70843,-1,-1,-1
227,4,1721.39,458.24,73.77,210.03,0.59558,-1,-1,-1
227,5,1356.96,573.88,86.25,226.34,0.46298,-1,-1,-1
227,18,392.63,553.13,83.69,238.75,0.73450,-1,-1,-1
227,16,906.48,133.98,68.66,186.60,0.34899,-1,-1,-1
227,2,101.69,554.56,74.96,155.31,0.46904,-1,-1,-1
227,6,208.56,498.03,63.23,203.23,0.60477,-1,-1,-1
227,41,144.40,682.60,112.39,268.14,0.76425,-1,-1,-1
227,8,511.30,342.38,69.26,213.92,0.61843,-1,-1,-1
227,51,91.05,639.60,76.67,228.01,0.59244,-1,-1,-1
227,34,591.05,347.97,61.03,197.36,0.59097,-1,-1,-1
227,48,1112.39,125.66,54.90,177.71,0.37279,-1,-1,-1
227,38,778.72,317.68,70.36,200.03,0.30336,-1,-1,-1
228,1,431.70,188.21,74.14,207.58,0.43604,-1,-1,-1
228,3,933.24,901.13,70.54,178.87,0.69603,-1,-1,-1
228,4,1721.70,459.16,73.36,208.64,0.59543,-1,-1,-1
228,5,1357.66,575.24,88.17,229.37,0.44811,-1,-1,-1
228,18,389.95,551.80,84.47,239.42,0.73555,-1,-1,-1
228,16,909.10,132.85,67.08,182.32,0.35534,-1,-1,-1
228,2,104.06,555.01,72.75,148.92,0.46010,-1,-1,-1
228,6,208.86,496.90,63.64,203.71,0.62134,-1,-1,-1
228,41,145.93,686.56,111.16,266.96,0.73449,-1,-1,-1
228,8,510.67,342.06,69.42,213.84,0.63877,-1,-1,-1
228,51,95.88,640.12,77.54,230.58,0.60160,-1,-1,-1
228,34,590.16,349.02,60.90,196.05,0.57214,-1,-1,-1
228,48,1109.91,125.26,55.53,179.10,0.33051,-1,-1,-1
228,38,779.15,318.72,71.83,203.52,0.39244,-1,-1,-1
229,1,432.22,187.81,74.08,208.57,0.42251,-1,-1,-1
229,3,932.58,900.35,71.05,179.65,0.71580,-1,-1,-1
229,4,1721.27,459.32,73.51,208.85,0.60328,-1,-1,-1
229,5,1357.59,575.97,86.73,223.83,0.49131,-1,-1,-1
229,18,387.53,549.60,85.90,241.69,0.72584,-1,-1,-1
229,16,912.33,131.99,65.76,178.52,0.38792,-1,-1,-1
229,2,106.47,555.95,71.03,143.06,0.46738,-1,-1,-1
229,6,208.17,495.82,64.29,204.93,0.59147,-1,-1,-1
229,41,146.19,689.72,109.82,265.91,0.72908,-1,-1,-1
229,8,510.83,343.67,69.37,212.47,0.64954,-1,-1,-1
229,51,102.35,642.73,76.12,226.43,0.59148,-1,-1,-1
229,34,589.59,349.79,60.86,195.07,0.56105,-1,-1,-1
229,48,1106.80,124.95,56.34,179.92,0.34126,-1,-1,-1
229,38,776.99,318.32,73.29,208.56,0.34414,-1,-1,-1
230,1,433.65,187.42,73.12,206.70,0.45659,-1,-1,-1
230,3,932.47,899.69,71.39,180.31,0.71312,-1,-1,-1
230,4,1721.29,459.55,73.47,208.48,0.58477,-1,-1,-1
230,5,1357.74,575.42,88.97,227.74,0.45961,-1,-1,-1
230,18,385.34,546.67,87.91,245.78,0.73262,-1,-1,-1
230,16,915.80,130.60,64.68,175.23,0.34022,-1,-1,-1
230,2,109.40,556.49,68.04,133.29,0.45409,-1,-1,-1
230,6,207.45,494.58,64.64,204.78,0.58863,-1,-1,-1
230,41,147.38,692.99,109.19,264.75,0.74905,-1,-1,-1
230,8,510.91,344.43,69.85,213.20,0.63919,-1,-1,-1
230,51,108.13,645.03,73.63,218.76,0.56029,-1,-1,-1
230,34,589.13,351.18,60.90,193.97,0.52750,-1,-1,-1
230,48,1101.84,125.62,57.62,179.28,0.34822,-1,-1,-1
230,38,778.75,319.00,74.07,211.15,0.32013,-1,-1,-1
231,1,435.04,186.88,72.33,204.83,0.43731,-1,-1,-1
231,3,932.07,899.29,71.69,180.67,0.72784,-1,-1,-1
231,4,1721.33,458.82,73.82,209.50,0.61047,-1,-1,-1
231,5,1358.40,577.28,88.60,224.68,0.47037,-1,-1,-1
231,18,383.31,545.13,89.23,247.76,0.73761,-1,-1,-1
231,16,918.07,129.55,65.55,177.18,0.30712,-1,-1,-1
231,2,109.99,556.80,67.47,128.88,0.48132,-1,-1,-1
231,6,209.82,493.30,64.52,204.51,0.56133,-1,-1,-1
231,41,150.12,695.35,107.93,263.27,0.76879,-1,-1,-1
231,8,510.16,345.42,70.17,213.02,0.65852,-1,-1,-1
231,51,118.85,644.62,59.72,170.58,0.47605,-1,-1,-1
231,34,588.59,350.65,61.33,193.67,0.54917,-1,-1,-1
231,48,1099.01,125.97,58.66,178.65,0.35717,-1,-1,-1
231,38,776.99,325.81,70.42,204.29,0.32809,-1,-1,-1
232,1,436.14,186.45,72.27,205.34,0.44595,-1,-1,-1
232,3,932.03,899.25,71.87,180.75,0.72164,-1,-1,-1
232,4,1721.44,458.08,73.97,210.20,0.61705,-1,-1,-1
232,5,1358.65,578.32,90.56,228.25,0.46875,-1,-1,-1
232,18,380.79,544.55,90.24,248.32,0.71372,-1,-1,-1
232,16,919.51,127.19,66.61,179.68,0.30779,-1,-1,-1
232,2,109.66,557.18,68.69,128.73,0.45079,-1,-1,-1
232,6,213.15,492.22,63.78,203.52,0.52365,-1,-1,-1
232,41,155.78,697.67,105.57,260.51,0.76344,-1,-1,-1
232,8,508.94,345.95,70.85,215.07,0.66665,-1,-1,-1
232,51,115.34,647.36,73.27,212.58,0.53427,-1,-1,-1
232,34,588.85,351.93,60.97,191.43,0.52358,-1,-1,-1
232,48,1097.72,125.79,59.26,178.22,0.40948,-1,-1,-1
232,61,845.70,335.45,56.66,190.90,0.32871,-1,-1,-1
232,62,1177.33,125.47,57.58,162.25,0.34667,-1,-1,-1
233,1,437.23,184.75,72.51,207.10,0.41126,-1,-1,-1
233,3,932.29,898.96,71.94,181.04,0.70890,-1,-1,-1
233,4,1721.63,458.35,73.74,209.52,0.59496,-1,-1,-1
233,5,1358.34,577.78,93.18,233.57,0.45425,-1,-1,-1
233,18,378.99,544.18,90.60,247.15,0.69224,-1,-1,-1
233,2,109.40,557.84,71.20,131.60,0.41841,-1,-1,-1
233,6,213.03,490.66,64.02,203.60,0.58948,-1,-1,-1
233,41,160.35,699.87,103.37,258.01,0.77832,-1,-1,-1
233,8,507.87,346.85,71.79,218.16,0.67812,-1,-1,-1
233,51,115.34,648.49,75.42,221.76,0.54421,-1,-1,-1
233,34,588.65,353.51,61.12,191.02,0.51685,-1,-1,-1
233,48,1096.66,125.86,59.31,176.49,0.46560,-1,-1,-1
233,61,847.06,337.11,56.47,189.82,0.37634,-1,-1,-1
233,62,1175.37,124.17,57.78,162.70,0.35132,-1,-1,-1
234,1,438.58,183.58,72.62,208.28,0.42660,-1,-1,-1
234,3,933.30,899.80,71.30,180.20,0.69860,-1,-1,-1
234,4,1721.96,458.25,73.76,209.68,0.61378,-1,-1,-1
234,5,1357.76,576.30,95.59,238.16,0.51148,-1,-1,-1
234,18,377.69,542.72,90.73,245.25,0.71382,-1,-1,-1
234,2,94.18,558.77,102.96,198.00,0.38619,-1,-1,-1
234,6,214.78,488.69,63.06,200.37,0.59778,-1,-1,-1
234,41,163.11,701.25,101.98,257.12,0.79427,-1,-1,-1
234,8,506.64,347.78,72.27,220.30,0.68756,-1,-1,-1
234,51,115.30,650.41,75.65,223.86,0.43582,-1,-1,-1
234,34,588.06,354.45,61.96,193.12,0.54431,-1,-1,-1
234,48,1095.21,126.58,59.94,176.66,0.45850,-1,-1,-1
234,61,847.73,339.10,56.29,188.58,0.31662,-1,-1,-1
234,62,1173.71,123.87,57.40,161.30,0.34774,-1,-1,-1
234,16,921.67,123.82,67.27,181.19,0.36147,-1,-1,-1
235,1,440.47,182.41,72.07,207.63,0.45277,-1,-1,-1
235,3,933.32,900.36,70.70,179.64,0.67952,-1,-1,-1
235,4,1721.99,458.70,73.55,209.32,0.59299,-1,-1,-1
235,5,1359.18,576.47,96.42,238.41,0.44095,-1,-1,-1
235,18,376.05,541.52,91.28,245.33,0.72014,-1,-1,-1
235,2,102.77,559.36,87.26,165.49,0.43664,-1,-1,-1
235,6,215.97,486.20,62.40,198.49,0.59693,-1,-1,-1
235,41,166.56,702.62,99.65,254.49,0.77695,-1,-1,-1
235,8,505.80,350.07,72.23,220.84,0.68519,-1,-1,-1
235,51,117.19,652.92,74.44,221.71,0.50064,-1,-1,-1
235,34,588.36,356.43,61.90,192.64,0.53101,-1,-1,-1
235,48,1094.12,126.59,60.16,176.23,0.45351,-1,-1,-1
235,61,845.52,344.36,55.42,185.70,0.33174,-1,-1,-1
235,62,1172.05,122.99,57.82,162.07,0.35223,-1,-1,-1
235,16,922.02,122.96,68.40,184.95,0.37263,-1,-1,-1
235,38,779.80,337.62,68.34,199.60,0.37247,-1,-1,-1
236,1,442.45,182.36,70.62,204.09,0.44852,-1,-1,-1
236,3,933.67,900.37,70.26,179.63,0.67073,-1,-1,-1
236,4,1721.91,459.11,73.36,209.04,0.60394,-1,-1,-1
236,5,1360.58,576.61,97.21,238.79,0.45081,-1,-1,-1
236,18,375.23,540.78,91.28,244.26,0.72071,-1,-1,-1
236,2,107.42,560.14,80.53,151.18,0.51899,-1,-1,-1
236,6,216.83,483.97,62.08,197.04,0.58158,-1,-1,-1
236,41,169.85,703.15,98.11,253.91,0.77827,-1,-1,-1
236,8,505.29,352.73,71.41,219.04,0.68470,-1,-1,-1
236,51,120.56,656.59,73.58,220.29,0.56713,-1,-1,-1
236,34,588.11,358.52,60.79,188.85,0.50857,-1,-1,-1
236,48,1093.32,126.01,60.67,176.35,0.41568,-1,-1,-1
236,61,844.94,347.90,55.04,183.92,0.33034,-1,-1,-1
236,62,1169.99,122.86,57.69,161.10,0.33105,-1,-1,-1
236,16,922.90,121.95,68.95,186.66,0.36294,-1,-1,-1
236,38,780.43,339.55,67.07,197.77,0.40949,-1,-1,-1
237,1,443.37,181.51,69.77,201.47,0.38033,-1,-1,-1
237,3,933.96,900.37,69.73,179.63,0.67585,-1,-1,-1
237,4,1721.63,458.52,73.47,209.51,0.59204,-1,-1,-1
237,5,1362.95,577.43,97.71,238.90,0.42693,-1,-1,-1
237,18,374.84,538.00,91.59,244.88,0.70377,-1,-1,-1
237,2,109.06,560.32,78.67,146.64,0.51587,-1,-1,-1
237,6,218.00,482.45,61.95,196.41,0.55751,-1,-1,-1
237,41,173.17,703.80,96.20,251.74,0.79061,-1,-1,-1
237,8,504.14,355.39,70.82,217.36,0.67804,-1,-1,-1
237,51,124.32,655.40,73.65,222.00,0.60113,-1,-1,-1
237,34,587.80,360.70,60.83,188.78,0.51313,-1,-1,-1
237,48,1091.89,124.85,61.23,177.44,0.37500,-1,-1,-1
237,16,924.35,122.45,68.73,186.85,0.30977,-1,-1,-1
237,38,781.41,339.32,66.72,198.27,0.41065,-1,-1,-1
238,1,443.76,180.46,69.58,200.60,0.38785,-1,-1,-1
238,3,933.68,900.37,69.16,179.63,0.68034,-1,-1,-1
238,4,1721.55,459.52,73.08,208.32,0.60495,-1,-1,-1
238,5,1366.13,578.57,98.49,239.73,0.41707,-1,-1,-1
238,18,375.65,535.60,91.12,243.88,0.70804,-1,-1,-1
238,2,98.05,560.96,105.61,203.42,0.47062,-1,-1,-1
238,6,218.05,480.35,62.22,196.98,0.54433,-1,-1,-1
238,41,177.02,703.96,95.48,252.59,0.77522,-1,-1,-1
238,8,502.94,356.96,70.98,218.09,0.69839,-1,-1,-1
238,51,131.29,658.28,71.32,217.01,0.46616,-1,-1,-1
238,34,587.83,362.07,60.75,188.09,0.54489,-1,-1,-1
238,48,1089.26,124.45,61.73,180.23,0.41795,-1,-1,-1
238,16,925.41,120.50,69.06,188.12,0.36049,-1,-1,-1
238,38,782.75,340.06,66.35,198.10,0.44917,-1,-1,-1
239,1,444.63,179.14,69.71,200.37,0.40063,-1,-1,-1
239,3,933.53,900.16,68.59,179.84,0.70940,-1,-1,-1
239,4,1721.71,458.87,73.31,209.12,0.62480,-1,-1,-1
239,5,1364.50,577.31,100.08,240.61,0.46883,-1,-1,-1
239,18,377.88,531.59,89.55,240.76,0.76245,-1,-1,-1
239,2,94.60,561.65,114.35,227.69,0.48033,-1,-1,-1
239,6,218.53,479.54,62.41,197.48,0.58433,-1,-1,-1
239,41,181.06,705.60,94.21,251.42,0.75664,-1,-1,-1
239,8,501.87,357.98,70.58,216.66,0.68094,-1,-1,-1
239,51,135.70,657.81,71.32,218.57,0.53264,-1,-1,-1
239,34,588.37,362.60,60.85,187.72,0.55994,-1,-1,-1
239,48,1087.60,122.91,61.83,181.91,0.42509,-1,-1,-1
239,16,926.24,120.23,67.77,184.51,0.43656,-1,-1,-1
239,38,782.81,340.31,66.21,198.24,0.40827,-1,-1,-1
239,62,1162.34,120.43,59.54,165.50,0.30542,-1,-1,-1
240,1,445.06,177.60,70.34,201.15,0.36187,-1,-1,-1
240,3,933.79,900.28,67.74,179.32,0.70584,-1,-1,-1
240,4,1721.66,459.12,73.37,208.94,0.59587,-1,-1,-1
240,5,1363.97,576.63,101.31,240.44,0.45811,-1,-1,-1
240,18,380.88,528.63,87.44,236.86,0.74706,-1,-1,-1
240,2,105.44,562.23,93.15,182.76,0.49431,-1,-1,-1
240,6,218.39,478.26,62.95,199.07,0.59450,-1,-1,-1
240,41,185.67,707.06,95.08,253.86,0.75767,-1,-1,-1
240,8,500.31,358.66,71.23,217.92,0.65174,-1,-1,-1
240,51,140.78,655.86,71.86,221.04,0.56037,-1,-1,-1
240,34,588.40,363.95,59.94,185.50,0.54699,-1,-1,-1
240,48,1086.35,122.28,61.09,180.89,0.39127,-1,-1,-1
240,16,925.14,118.90,67.86,185.22,0.40957,-1,-1,-1
240,38,783.65,340.66,65.95,197.53,0.42849,-1,-1,-1
241,1,446.14,178.03,70.59,200.72,0.36596,-1,-1,-1
241,3,933.51,900.25,67.20,179.61,0.71633,-1,-1,-1
241,4,1721.67,458.80,73.29,208.88,0.62924,-1,-1,-1
241,5,1364.30,573.60,103.71,241.99,0.50830,-1,-1,-1
241,18,383.36,526.03,85.78,234.40,0.73096,-1,-1,-1
241,2,110.71,562.84,83.24,161.92,0.53160,-1,-1,-1
241,6,218.06,476.67,63.67,201.43,0.62103,-1,-1,-1
241,41,190.05,709.37,96.37,256.27,0.77692,-1,-1,-1
241,8,498.62,359.14,71.73,218.83,0.66064,-1,-1,-1
241,51,153.58,653.38,57.08,168.05,0.40254,-1,-1,-1
241,34,588.80,365.60,59.16,183.03,0.56266,-1,-1,-1
241,48,1084.96,121.55,60.12,178.64,0.43193,-1,-1,-1
241,16,924.79,118.23,67.31,183.61,0.44658,-1,-1,-1
241,38,785.19,340.91,66.17,197.19,0.44283,-1,-1,-1
241,63,781.86,147.04,74.35,176.45,0.32375,-1,-1,-1
242,1,446.72,177.15,71.34,202.65,0.36466,-1,-1,-1
242,3,933.86,900.61,66.62,179.34,0.72599,-1,-1,-1
242,4,1721.49,459.26,73.11,208.49,0.61460,-1,-1,-1
242,5,1364.19,571.05,106.01,243.63,0.53608,-1,-1,-1
242,18,384.34,523.07,84.99,233.83,0.69979,-1,-1,-1
242,2,108.16,563.14,89.49,175.57,0.43921,-1,-1,-1
242,6,218.06,475.15,63.79,201.82,0.59658,-1,-1,-1
242,41,194.52,711.80,96.60,256.47,0.74837,-1,-1,-1
242,8,497.07,360.81,71.71,217.94,0.65083,-1,-1,-1
242,51,158.20,650.87,58.24,168.50,0.43065,-1,-1,-1
242,34,587.94,365.60,60.42,186.84,0.54927,-1,-1,-1
242,48,1083.37,119.31,60.14,178.88,0.41174,-1,-1,-1
242,16,927.60,120.10,65.98,181.32,0.45792,-1,-1,-1
242,38,786.12,342.36,66.19,196.61,0.43063,-1,-1,-1
242,63,782.80,150.62,72.54,172.16,0.32518,-1,-1,-1
242,62,1157.87,119.30,58.24,160.68,0.31917,-1,-1,-1
243,1,447.48,176.30,71.70,204.11,0.34752,-1,-1,-1
243,3,933.48,900.43,66.19,179.55,0.71047,-1,-1,-1
243,4,1721.57,458.95,72.95,207.77,0.63171,-1,-1,-1
243,5,1362.94,568.77,108.16,245.98,0.53860,-1,-1,-1
243,18,385.21,520.20,84.73,235.24,0.68878,-1,-1,-1
243,2,100.81,561.47,105.96,214.20,0.53839,-1,-1,-1
243,6,217.95,474.34,64.04,202.43,0.60501,-1,-1,-1
243,41,198.74,716.37,96.74,255.91,0.69511,-1,-1,-1
243,8,495.09,361.03,71.99,218.35,0.64742,-1,-1,-1
243,51,163.17,651.05,58.17,163.44,0.47575,-1,-1,-1
243,34,587.09,365.68,62.07,192.19,0.57758,-1,-1,-1
243,48,1081.80,118.27,60.25,179.46,0.46653,-1,-1,-1
243,16,929.41,119.73,64.97,179.68,0.50382,-1,-1,-1
243,38,786.75,341.95,66.63,197.57,0.42316,-1,-1,-1
243,63,784.74,152.12,71.11,169.15,0.37247,-1,-1,-1
243,62,1157.61,118.40,58.14,158.77,0.31055,-1,-1,-1
244,1,448.32,175.77,72.17,204.39,0.35219,-1,-1,-1
244,3,933.73,901.01,65.66,178.98,0.78338,-1,-1,-1
244,4,1721.28,458.89,72.98,207.73,0.60635,-1,-1,-1
244,5,1362.13,569.59,108.65,244.77,0.50803,-1,-1,-1
244,18,385.87,517.99,84.55,236.63,0.69212,-1,-1,-1
244,2,98.27,562.13,113.58,236.69,0.56718,-1,-1,-1
244,6,217.77,472.68,63.42,200.09,0.57557,-1,-1,-1
244,41,201.80,725.36,95.33,250.93,0.70413,-1,-1,-1
244,8,493.32,361.76,71.49,216.26,0.64329,-1,-1,-1
244,51,169.88,653.07,59.07,158.53,0.55612,-1,-1,-1
244,34,585.29,366.87,63.12,196.34,0.58094,-1,-1,-1
244,48,1080.45,117.93,60.32,179.67,0.44817,-1,-1,-1
244,16,930.67,118.31,64.34,179.20,0.44053,-1,-1,-1
244,38,788.09,342.69,66.01,196.74,0.38754,-1,-1,-1
244,63,785.60,152.47,71.21,169.61,0.34127,-1,-1,-1
244,62,1155.09,115.26,58.15,159.14,0.31582,-1,-1,-1
245,1,448.71,175.66,72.22,203.92,0.31927,-1,-1,-1
245,3,934.05,902.24,65.08,177.76,0.79052,-1,-1,-1
245,4,1721.03,458.99,73.10,207.92,0.58927,-1,-1,-1
245,5,1362.97,569.83,109.22,244.66,0.43278,-1,-1,-1
245,18,386.38,517.61,84.32,237.43,0.67902,-1,-1,-1
245,2,99.54,564.84,114.59,246.00,0.62357,-1,-1,-1
245,6,217.37,471.32,63.72,200.88,0.56718,-1,-1,-1
245,41,201.30,729.06,95.67,250.64,0.70237,-1,-1,-1
245,8,491.93,362.07,72.20,218.43,0.66802,-1,-1,-1
245,51,174.08,654.87,58.85,152.26,0.59367,-1,-1,-1
245,34,584.41,369.00,63.47,198.69,0.58981,-1,-1,-1
245,48,1079.41,117.41,60.04,179.35,0.44997,-1,-1,-1
245,16,932.08,116.57,63.72,178.94,0.45429,-1,-1,-1
245,38,789.13,343.57,65.75,196.59,0.38012,-1,-1,-1
245,63,786.10,152.85,71.05,169.47,0.31830,-1,-1,-1
245,65,854.02,353.09,67.86,185.11,0.39078,-1,-1,-1
246,1,449.04,176.04,72.54,204.23,0.32496,-1,-1,-1
246,3,934.74,903.22,64.68,176.78,0.78003,-1,-1,-1
246,4,1720.97,458.52,73.62,209.36,0.60709,-1,-1,-1
246,5,1366.88,571.26,108.18,242.94,0.46746,-1,-1,-1
246,18,386.87,517.07,84.43,238.91,0.69739,-1,-1,-1
246,2,102.01,564.54,113.43,250.74,0.63716,-1,-1,-1
246,6,218.49,470.28,64.30,203.49,0.58402,-1,-1,-1
246,41,202.21,731.15,96.89,254.67,0.68508,-1,-1,-1
246,8,490.19,363.39,71.61,215.75,0.69229,-1,-1,-1
246,51,179.03,655.24,59.96,151.16,0.60218,-1,-1,-1
246,34,583.65,370.71,63.66,200.21,0.62940,-1,-1,-1
246,48,1078.89,117.53,59.75,178.67,0.41208,-1,-1,-1
246,16,933.26,115.74,63.21,179.39,0.41202,-1,-1,-1
246,38,790.22,344.93,65.32,195.92,0.39723,-1,-1,-1
246,63,785.29,153.01,71.20,169.69,0.32750,-1,-1,-1
246,65,857.56,352.14,68.51,187.19,0.38629,-1,-1,-1
247,1,449.65,175.56,73.10,204.70,0.33765,-1,-1,-1
247,3,935.26,903.74,64.40,176.26,0.76818,-1,-1,-1
247,4,1720.67,458.44,73.60,208.94,0.62078,-1,-1,-1
247,5,1368.66,568.67,109.62,247.23,0.57237,-1,-1,-1
247,18,387.39,516.79,84.49,240.21,0.70417,-1,-1,-1
247,2,104.99,563.87,112.34,254.61,0.62281,-1,-1,-1
247,6,218.33,468.94,64.62,205.32,0.58163,-1,-1,-1
247,41,203.90,733.26,97.25,256.09,0.67109,-1,-1,-1
247,8,488.74,364.42,71.64,215.09,0.74335,-1,-1,-1
247,51,185.29,656.44,60.05,145.73,0.43750,-1,-1,-1
247,34,583.02,372.29,64.39,203.41,0.68050,-1,-1,-1
247,48,1077.27,116.56,59.72,179.17,0.43823,-1,-1,-1
247,16,934.40,114.47,62.16,177.73,0.43353,-1,-1,-1
247,38,789.66,345.54,65.29,195.71,0.40956,-1,-1,-1
247,63,786.49,153.17,70.67,168.75,0.30598,-1,-1,-1
247,65,858.60,352.25,68.62,188.30,0.37558,-1,-1,-1
247,62,1149.45,112.95,58.94,162.23,0.31870,-1,-1,-1
248,1,449.57,173.87,74.74,208.77,0.35176,-1,-1,-1
248,3,936.10,904.85,64.06,175.08,0.75245,-1,-1,-1
248,4,1720.18,459.21,73.66,208.48,0.62846,-1,-1,-1
248,5,1371.60,569.44,108.64,246.35,0.54843,-1,-1,-1
248,18,387.74,516.44,84.28,240.57,0.69321,-1,-1,-1
248,2,109.30,563.68,109.28,253.55,0.68044,-1,-1,-1
248,6,218.91,467.60,63.80,203.92,0.57513,-1,-1,-1
248,41,203.26,735.04,97.40,257.38,0.58953,-1,-1,-1
248,8,487.61,365.85,71.62,214.89,0.74206,-1,-1,-1
248,51,189.30,661.54,61.72,144.98,0.36884,-1,-1,-1
248,34,582.25,374.38,64.72,206.01,0.64581,-1,-1,-1
248,48,1075.84,116.28,59.87,180.47,0.49565,-1,-1,-1
248,16,936.13,113.59,61.20,176.23,0.46077,-1,-1,-1
248,38,790.66,345.86,66.17,198.80,0.42402,-1,-1,-1
248,65,860.32,352.85,69.11,190.13,0.41679,-1,-1,-1
248,62,1148.25,113.02,59.26,164.04,0.33130,-1,-1,-1
249,1,450.06,172.16,75.46,210.34,0.38860,-1,-1,-1
249,3,936.78,905.30,64.07,174.67,0.74994,-1,-1,-1
249,4,1720.39,459.51,73.44,207.82,0.59091,-1,-1,-1
249,5,1374.47,569.91,107.53,247.37,0.52649,-1,-1,-1
249,18,387.95,515.72,84.15,240.38,0.68575,-1,-1,-1
249,2,112.25,564.12,106.94,254.27,0.66865,-1,-1,-1
249,6,219.83,466.78,61.61,197.38,0.55568,-1,-1,-1
249,41,203.99,740.51,95.14,252.96,0.48878,-1,-1,-1
249,8,486.70,367.20,71.87,215.65,0.71342,-1,-1,-1
249,34,581.69,377.79,64.11,205.40,0.60231,-1,-1,-1
249,48,1074.39,115.99,60.12,182.25,0.46189,-1,-1,-1
249,16,937.45,111.45,61.56,178.31,0.51509,-1,-1,-1
249,38,790.84,346.27,65.04,195.54,0.38401,-1,-1,-1
249,65,861.02,352.83,69.25,190.57,0.37848,-1,-1,-1
249,62,1147.01,111.51,59.56,165.95,0.34253,-1,-1,-1
250,1,450.14,170.49,75.85,211.29,0.37317,-1,-1,-1
250,3,937.46,905.73,64.20,174.27,0.73064,-1,-1,-1
250,4,1720.74,458.61,73.72,208.69,0.59745,-1,-1,-1
250,5,1377.46,569.68,105.54,246.86,0.59211,-1,-1,-1
250,18,388.65,515.51,83.86,239.33,0.67957,-1,-1,-1
250,2,116.48,565.63,103.60,251.51,0.67695,-1,-1,-1
250,6,221.07,465.03,60.98,195.85,0.55436,-1,-1,-1
250,41,209.08,745.66,92.52,246.41,0.45901,-1,-1,-1
250,8,486.15,368.90,72.52,217.80,0.68651,-1,-1,-1
250,34,581.11,380.73,63.31,203.65,0.63335,-1,-1,-1
250,48,1072.80,115.34,60.17,183.14,0.41407,-1,-1,-1
250,16,937.18,109.87,61.96,179.95,0.49643,-1,-1,-1
250,38,792.40,348.04,64.93,194.77,0.34187,-1,-1,-1
250,65,857.77,354.92,69.66,191.25,0.39472,-1,-1,-1
250,62,1146.02,110.70,59.41,166.28,0.34234,-1,-1,-1
250,51,195.69,668.38,65.30,146.79,0.46753,-1,-1,-1
251,1,449.96,168.61,75.78,211.54,0.37749,-1,-1,-1
251,3,938.82,907.17,63.94,172.83,0.73994,-1,-1,-1
251,4,1720.69,459.07,73.69,208.04,0.60394,-1,-1,-1
251,5,1379.99,568.88,104.14,247.32,0.62644,-1,-1,-1
251,18,388.78,513.04,84.09,239.66,0.66601,-1,-1,-1
251,2,120.49,565.46,101.88,252.50,0.69971,-1,-1,-1
251,6,221.38,461.92,61.06,196.69,0.56212,-1,-1,-1
251,41,210.08,745.53,92.53,247.49,0.55796,-1,-1,-1
251,8,486.63,369.38,73.80,223.68,0.65354,-1,-1,-1
251,34,580.47,382.93,63.01,203.56,0.65213,-1,-1,-1
251,48,1071.71,114.88,60.11,183.74,0.39556,-1,-1,-1
251,16,937.03,109.84,62.46,180.60,0.46878,-1,-1,-1
251,38,792.82,350.65,64.33,192.33,0.36539,-1,-1,-1
251,65,859.46,355.52,70.20,193.14,0.34761,-1,-1,-1
251,51,198.31,672.41,66.21,141.99,0.50909,-1,-1,-1
252,1,450.15,167.41,74.92,209.20,0.37906,-1,-1,-1
252,3,939.67,907.94,63.96,172.06,0.71301,-1,-1,-1
252,4,1720.80,459.48,73.53,207.43,0.58420,-1,-1,-1
252,5,1381.34,569.54,101.62,244.41,0.56810,-1,-1,-1
252,18,389.21,510.34,84.31,240.65,0.66447,-1,-1,-1
252,2,124.75,566.06,99.66,250.98,0.70280,-1,-1,-1
252,6,220.46,457.26,61.91,200.42,0.57405,-1,-1,-1
252,41,211.59,743.27,93.57,249.22,0.66340,-1,-1,-1
252,8,486.61,371.80,74.06,226.35,0.65507,-1,-1,-1
252,34,579.80,383.94,63.23,204.87,0.66698,-1,-1,-1
252,48,1070.82,114.31,60.01,184.13,0.36345,-1,-1,-1
252,16,937.22,107.49,63.11,182.09,0.48152,-1,-1,-1
252,65,860.16,358.70,68.77,190.63,0.35803,-1,-1,-1
252,51,198.80,675.16,68.24,140.75,0.46816,-1,-1,-1
252,62,1143.81,108.91,60.63,170.92,0.32920,-1,-1,-1
253,1,450.82,166.65,74.30,208.30,0.38502,-1,-1,-1
253,3,940.42,908.26,64.28,171.74,0.73366,-1,-1,-1
253,4,1720.98,458.46,73.93,208.70,0.57122,-1,-1,-1
253,5,1382.32,570.20,100.95,246.11,0.61559,-1,-1,-1
253,18,389.14,507.62,84.05,240.08,0.66957,-1,-1,-1
253,2,128.82,566.07,97.68,249.16,0.69577,-1,-1,-1
253,6,221.23,456.58,61.57,199.08,0.60135,-1,-1,-1
253,41,215.21,740.19,93.89,250.84,0.73478,-1,-1,-1
253,8,486.79,374.05,73.63,226.28,0.66213,-1,-1,-1
253,34,578.32,384.15,63.77,207.27,0.68078,-1,-1,-1
253,48,1069.48,114.36,59.65,183.07,0.35764,-1,-1,-1
253,16,936.98,108.30,63.34,181.68,0.49631,-1,-1,-1
253,51,201.45,676.83,67.98,137.22,0.45539,-1,-1,-1
253,62,1142.97,108.29,60.16,170.98,0.35872,-1,-1,-1
254,1,451.57,165.97,73.09,205.50,0.36675,-1,-1,-1
254,3,941.43,909.33,64.30,170.67,0.73240,-1,-1,-1
254,4,1720.70,458.68,73.90,208.68,0.58149,-1,-1,-1
254,5,1383.78,570.06,99.62,245.96,0.61938,-1,-1,-1
254,18,389.24,504.97,83.29,238.78,0.63706,-1,-1,-1
254,2,131.96,565.94,95.87,247.01,0.66779,-1,-1,-1
254,6,221.33,455.74,61.57,198.80,0.58022,-1,-1,-1
254,41,218.48,738.34,94.06,253.18,0.77664,-1,-1,-1
254,8,486.23,374.21,74.11,229.48,0.65297,-1,-1,-1
254,34,577.28,385.82,63.76,207.53,0.69294,-1,-1,-1
254,48,1067.96,114.06,59.39,183.23,0.38587,-1,-1,-1
254,16,937.27,108.60,63.85,181.75,0.48817,-1,-1,-1
254,51,201.83,677.87,69.33,137.07,0.46649,-1,-1,-1
254,62,1141.98,107.99,59.28,169.92,0.34855,-1,-1,-1
254,38,796.43,350.95,65.09,193.34,0.34828,-1,-1,-1
254,65,862.32,361.48,68.00,190.47,0.35362,-1,-1,-1
255,1,452.59,165.35,71.29,202.21,0.34893,-1,-1,-1
255,3,942.08,909.69,64.57,169.75,0.73181,-1,-1,-1
255,4,1720.82,459.12,73.51,207.81,0.60553,-1,-1,-1
255,5,1384.72,569.58,99.24,248.22,0.65455,-1,-1,-1
255,18,390.69,502.41,81.71,234.41,0.67153,-1,-1,-1
255,2,134.67,564.52,94.58,246.13,0.68995,-1,-1,-1
255,6,221.55,455.22,61.53,198.07,0.61898,-1,-1,-1
255,41,219.59,736.67,95.76,259.10,0.72791,-1,-1,-1
255,8,486.00,374.92,73.99,230.54,0.66815,-1,-1,-1
255,34,576.19,386.29,63.78,208.03,0.73032,-1,-1,-1
255,48,1066.13,113.38,59.23,183.45,0.40799,-1,-1,-1
255,16,937.13,108.53,64.17,180.70,0.48304,-1,-1,-1
255,51,204.34,679.74,70.36,136.64,0.47256,-1,-1,-1
255,62,1140.36,107.09,59.25,171.15,0.32910,-1,-1,-1
255,38,798.17,351.20,67.16,198.95,0.33142,-1,-1,-1
255,65,865.15,360.66,69.06,193.07,0.36652,-1,-1,-1
256,1,453.37,164.50,70.12,199.60,0.32040,-1,-1,-1
256,3,942.35,909.96,65.26,169.83,0.74241,-1,-1,-1
256,4,1720.42,459.06,73.77,208.41,0.56603,-1,-1,-1
256,5,1387.07,568.86,97.72,246.90,0.63736,-1,-1,-1
256,18,391.18,499.00,80.70,231.83,0.65349,-1,-1,-1
256,2,136.88,564.62,93.40,244.99,0.65310,-1,-1,-1
256,6,221.76,454.61,61.32,196.84,0.59881,-1,-1,-1
256,41,222.76,736.74,96.92,265.09,0.71755,-1,-1,-1
256,8,486.68,375.62,73.36,230.39,0.66594,-1,-1,-1
256,34,575.48,387.11,63.59,207.73,0.74557,-1,-1,-1
256,48,1064.95,113.10,58.91,183.26,0.39826,-1,-1,-1
256,16,937.31,107.78,64.70,180.60,0.48592,-1,-1,-1
256,51,208.23,678.59,75.52,144.23,0.53722,-1,-1,-1
256,62,1138.84,106.23,59.04,171.49,0.33884,-1,-1,-1
256,65,867.54,362.29,68.47,192.42,0.33111,-1,-1,-1
257,1,454.34,163.36,69.10,197.22,0.30657,-1,-1,-1
257,3,942.87,910.96,65.71,168.77,0.75095,-1,-1,-1
257,4,1720.25,459.71,73.51,207.54,0.57867,-1,-1,-1
257,5,1389.39,567.80,96.16,245.40,0.62673,-1,-1,-1
257,18,391.72,495.06,80.69,232.02,0.68221,-1,-1,-1
257,2,138.98,564.54,92.98,244.65,0.62137,-1,-1,-1
257,6,221.78,453.93,61.84,197.52,0.57328,-1,-1,-1
257,41,227.58,743.22,96.41,266.99,0.73382,-1,-1,-1
257,8,486.68,378.12,72.52,228.43,0.67762,-1,-1,-1
257,34,574.78,387.53,63.20,206.65,0.75836,-1,-1,-1
257,48,1063.13,112.59,58.95,184.04,0.36623,-1,-1,-1
257,16,937.15,106.95,65.30,181.17,0.43134,-1,-1,-1
257,51,208.81,678.67,79.62,150.60,0.57732,-1,-1,-1
257,62,1137.93,105.84,58.68,170.59,0.32129,-1,-1,-1
257,65,867.05,363.69,66.04,187.88,0.37953,-1,-1,-1
257,38,801.65,351.24,68.63,201.03,0.32154,-1,-1,-1
258,1,455.37,163.04,68.68,196.18,0.32357,-1,-1,-1
258,3,943.10,912.41,65.79,166.61,0.74978,-1,-1,-1
258,4,1720.49,459.52,73.55,207.59,0.56700,-1,-1,-1
258,5,1391.58,566.86,94.08,242.10,0.62223,-1,-1,-1
258,18,390.66,492.66,81.00,233.06,0.68083,-1,-1,-1
258,2,141.12,564.48,93.47,246.65,0.59038,-1,-1,-1
258,6,222.39,452.95,62.07,197.52,0.53406,-1,-1,-1
258,41,229.20,747.53,96.28,269.46,0.76648,-1,-1,-1
258,8,487.11,377.64,72.24,228.94,0.66117,-1,-1,-1
258,34,574.65,388.11,62.66,205.22,0.74710,-1,-1,-1
258,48,1063.67,112.69,58.52,182.58,0.31749,-1,-1,-1
258,16,938.52,105.74,65.24,180.09,0.42435,-1,-1,-1
258,51,211.91,679.62,81.85,155.05,0.53554,-1,-1,-1
258,65,867.73,363.65,64.48,185.89,0.34882,-1,-1,-1
258,38,803.89,352.31,69.58,202.05,0.33362,-1,-1,-1
259,1,457.69,162.37,68.80,196.98,0.35078,-1,-1,-1
259,3,943.64,913.83,66.19,164.86,0.73047,-1,-1,-1
259,4,1720.35,459.39,73.90,208.27,0.56331,-1,-1,-1
259,5,1395.19,566.55,91.68,238.50,0.58702,-1,-1,-1
259,18,389.43,491.38,81.31,233.50,0.65688,-1,-1,-1
259,2,143.92,565.45,93.20,245.71,0.62841,-1,-1,-1
259,6,223.01,452.15,61.88,196.74,0.50738,-1,-1,-1
259,41,231.38,752.93,94.38,265.99,0.74641,-1,-1,-1
259,8,486.70,380.79,71.12,225.49,0.66748,-1,-1,-1
259,34,574.49,389.56,62.14,203.12,0.74888,-1,-1,-1
259,48,1062.63,112.16,58.30,181.83,0.32504,-1,-1,-1
259,16,939.48,103.79,64.97,179.39,0.41819,-1,-1,-1
259,51,218.38,681.29,74.34,136.61,0.47410,-1,-1,-1
259,65,867.90,366.97,62.01,181.59,0.33515,-1,-1,-1
259,38,804.63,353.07,69.88,202.38,0.41119,-1,-1,-1
260,1,458.08,162.18,69.02,197.51,0.37492,-1,-1,-1
260,3,944.98,914.77,66.66,162.84,0.72189,-1,-1,-1
260,4,1720.01,459.37,74.01,208.44,0.58750,-1,-1,-1
260,5,1397.43,565.89,90.74,239.31,0.55802,-1,-1,-1
260,18,386.86,490.17,82.30,234.82,0.66376,-1,-1,-1
260,2,148.05,565.01,92.93,246.40,0.63171,-1,-1,-1
260,6,223.25,451.32,61.57,195.20,0.50841,-1,-1,-1
260,41,233.41,756.84,93.83,266.92,0.72980,-1,-1,-1
260,8,487.84,380.71,70.94,226.00,0.66265,-1,-1,-1
260,34,574.04,390.86,61.48,200.63,0.75279,-1,-1,-1
260,48,1060.33,110.96,58.56,183.55,0.34611,-1,-1,-1
260,16,940.41,101.62,63.90,175.78,0.43272,-1,-1,-1
260,51,223.33,682.40,71.30,127.57,0.53314,-1,-1,-1
260,65,869.46,366.78,62.64,183.00,0.30017,-1,-1,-1
260,38,805.55,354.68,68.94,200.52,0.39072,-1,-1,-1
261,1,455.99,161.05,70.77,200.71,0.38517,-1,-1,-1
261,3,945.47,915.15,68.05,163.06,0.72618,-1,-1,-1
261,4,1720.33,459.54,74.05,208.71,0.59843,-1,-1,-1
261,5,1401.25,565.67,89.27,239.64,0.55332,-1,-1,-1
261,18,383.28,488.24,83.90,236.94,0.65126,-1,-1,-1
261,2,152.45,565.03,92.20,247.89,0.65102,-1,-1,-1
261,6,223.22,450.14,61.40,194.12,0.48189,-1,-1,-1
261,41,236.23,762.27,90.85,260.40,0.69819,-1,-1,-1
261,8,487.36,383.43,69.86,222.40,0.68944,-1,-1,-1
261,34,573.98,392.58,60.78,197.96,0.74921,-1,-1,-1
261,16,940.34,99.39,63.53,174.13,0.44492,-1,-1,-1
261,51,225.17,684.13,72.25,126.65,0.62826,-1,-1,-1
261,38,805.49,354.47,69.67,201.97,0.37096,-1,-1,-1
262,1,457.80,161.59,70.14,199.20,0.38465,-1,-1,-1
262,3,945.13,916.93,68.52,160.42,0.72699,-1,-1,-1
262,4,1720.39,459.89,73.97,208.38,0.59418,-1,-1,-1
262,5,1404.37,564.17,88.31,240.05,0.56622,-1,-1,-1
262,18,381.11,486.96,85.00,237.53,0.63123,-1,-1,-1
262,2,156.98,565.32,92.10,250.20,0.64760,-1,-1,-1
262,6,223.25,448.94,61.34,193.28,0.51232,-1,-1,-1
262,41,238.51,764.50,91.27,263.32,0.69235,-1,-1,-1
262,8,487.55,384.73,69.31,220.83,0.71538,-1,-1,-1
262,34,573.64,394.89,60.51,196.71,0.73700,-1,-1,-1
262,16,939.86,98.15,63.12,171.91,0.49686,-1,-1,-1
262,51,227.57,686.71,72.64,125.65,0.56277,-1,-1,-1
262,38,805.96,355.34,69.43,201.81,0.40899,-1,-1,-1
262,48,1057.63,108.44,58.57,184.07,0.37639,-1,-1,-1
263,1,455.73,160.45,70.82,201.37,0.36561,-1,-1,-1
263,3,944.59,918.16,69.47,158.73,0.73911,-1,-1,-1
263,4,1720.31,460.01,74.01,208.19,0.57246,-1,-1,-1
263,5,1406.07,564.85,86.39,237.51,0.59359,-1,-1,-1
263,18,379.54,485.53,86.09,238.51,0.61026,-1,-1,-1
263,2,160.31,565.38,91.28,251.42,0.68339,-1,-1,-1
263,6,224.26,446.63,60.94,191.58,0.52470,-1,-1,-1
263,41,240.73,767.92,90.69,263.01,0.67114,-1,-1,-1
263,8,487.50,385.23,69.07,220.06,0.69944,-1,-1,-1
263,34,573.04,396.51,61.06,198.14,0.70862,-1,-1,-1
263,16,939.54,96.33,63.99,174.03,0.48124,-1,-1,-1
263,51,230.03,688.52,73.11,124.49,0.45898,-1,-1,-1
263,38,805.90,355.49,70.77,204.62,0.40403,-1,-1,-1
263,48,1056.38,107.14,58.61,184.41,0.38881,-1,-1,-1
264,1,457.20,160.35,70.02,200.19,0.33068,-1,-1,-1
264,3,944.63,919.53,70.13,156.68,0.75681,-1,-1,-1
264,4,1720.64,459.83,74.10,208.48,0.58371,-1,-1,-1
264,5,1408.03,565.11,85.68,237.02,0.61597,-1,-1,-1
264,18,378.08,484.75,86.83,238.45,0.60679,-1,-1,-1
264,2,163.38,564.71,90.45,252.80,0.69056,-1,-1,-1
264,6,225.97,447.15,59.98,188.15,0.55969,-1,-1,-1
264,41,244.09,771.56,89.84,261.35,0.74747,-1,-1,-1
264,8,487.12,385.51,68.80,218.58,0.68942,-1,-1,-1
264,34,571.58,397.49,61.57,199.51,0.68401,-1,-1,-1
264,16,938.74,94.50,65.03,176.58,0.44149,-1,-1,-1
264,51,235.15,691.49,71.40,120.77,0.61067,-1,-1,-1
264,38,803.45,357.57,70.72,204.83,0.39001,-1,-1,-1
264,48,1055.16,106.89,57.13,179.28,0.35331,-1,-1,-1
265,1,457.59,160.98,69.20,199.47,0.37259,-1,-1,-1
265,3,944.97,920.07,71.33,156.24,0.75517,-1,-1,-1
265,4,1720.64,460.03,74.04,208.32,0.60115,-1,-1,-1
265,5,1408.41,565.43,85.71,239.03,0.58777,-1,-1,-1
265,18,376.94,483.98,87.56,238.55,0.65546,-1,-1,-1
265,2,166.43,565.32,89.50,254.27,0.69068,-1,-1,-1
265,6,227.02,444.65,60.10,188.43,0.52934,-1,-1,-1
265,41,245.59,772.44,89.50,261.39,0.76812,-1,-1,-1
265,8,486.54,385.70,68.80,218.33,0.67175,-1,-1,-1
265,34,570.84,398.95,61.59,198.97,0.72492,-1,-1,-1
265,16,938.62,93.12,65.67,178.85,0.47070,-1,-1,-1
265,51,238.84,694.59,70.82,119.95,0.57111,-1,-1,-1
265,38,803.54,358.32,71.80,207.40,0.36716,-1,-1,-1
265,48,1054.19,106.15,56.32,176.67,0.38343,-1,-1,-1
265,62,1126.87,96.60,56.24,163.57,0.33090,-1,-1,-1
266,1,458.12,160.22,69.17,201.04,0.32867,-1,-1,-1
266,3,944.82,920.57,72.53,155.86,0.76237,-1,-1,-1
266,4,1720.51,460.31,73.99,208.14,0.58999,-1,-1,-1
266,5,1408.57,565.48,86.36,242.93,0.57120,-1,-1,-1
266,18,376.59,483.48,87.90,237.71,0.64101,-1,-1,-1
266,2,170.13,566.03,88.93,255.93,0.69376,-1,-1,-1
266,6,227.15,443.97,59.15,184.29,0.49191,-1,-1,-1
266,41,250.40,774.45,89.24,259.50,0.77149,-1,-1,-1
266,8,484.98,385.45,69.24,219.83,0.62863,-1,-1,-1
266,34,569.09,400.82,62.54,201.49,0.67113,-1,-1,-1
266,16,939.22,92.40,65.62,178.91,0.45867,-1,-1,-1
266,51,244.17,698.03,69.21,118.00,0.52957,-1,-1,-1
266,38,803.90,359.60,72.98,209.27,0.39981,-1,-1,-1
266,48,1053.25,105.13,56.59,177.66,0.44067,-1,-1,-1
266,62,1125.60,96.15,56.39,164.73,0.35278,-1,-1,-1
267,1,459.18,159.66,68.77,201.20,0.37289,-1,-1,-1
267,3,944.90,920.55,73.82,156.13,0.76381,-1,-1,-1
267,4,1720.64,460.09,74.12,208.18,0.56683,-1,-1,-1
267,5,1409.00,565.29,86.07,244.31,0.56521,-1,-1,-1
267,18,375.70,481.36,88.55,238.25,0.60632,-1,-1,-1
267,2,173.14,567.01,88.99,259.56,0.68779,-1,-1,-1
267,6,226.37,441.57,59.78,184.84,0.48590,-1,-1,-1
267,41,250.99,773.49,90.16,261.01,0.75813,-1,-1,-1
267,8,482.59,386.00,69.77,221.28,0.62525,-1,-1,-1
267,34,567.78,402.26,63.46,204.10,0.65116,-1,-1,-1
267,16,939.55,91.57,65.86,179.70,0.45693,-1,-1,-1
267,51,248.69,701.29,67.40,114.91,0.51408,-1,-1,-1
267,38,802.65,361.51,73.60,211.48,0.38254,-1,-1,-1
267,48,1051.72,104.30,57.03,178.64,0.46114,-1,-1,-1
267,62,1124.09,95.93,56.94,166.36,0.39020,-1,-1,-1
268,1,459.90,157.66,68.91,202.82,0.37357,-1,-1,-1
268,3,945.44,920.37,74.83,156.50,0.75828,-1,-1,-1
268,4,1720.43,460.04,74.08,208.13,0.57990,-1,-1,-1
268,5,1409.45,564.74,85.55,245.07,0.59414,-1,-1,-1
268,18,374.80,479.54,88.97,238.81,0.63499,-1,-1,-1
268,2,176.41,568.54,87.72,259.34,0.70755,-1,-1,-1
268,6,225.75,439.79,60.54,186.20,0.53669,-1,-1,-1
268,41,251.04,771.11,90.71,263.46,0.74278,-1,-1,-1
268,8,480.62,387.93,70.50,222.85,0.62687,-1,-1,-1
268,34,566.72,403.31,64.13,205.58,0.62168,-1,-1,-1
268,16,941.36,91.84,65.56,179.06,0.45175,-1,-1,-1
268,51,253.32,703.98,66.12,112.79,0.54861,-1,-1,-1
268,38,802.35,362.57,74.28,214.60,0.37788,-1,-1,-1
268,48,1050.74,104.68,57.06,177.99,0.45431,-1,-1,-1
268,62,1122.69,96.14,57.25,167.18,0.41206,-1,-1,-1
269,1,460.87,158.59,67.75,199.88,0.40336,-1,-1,-1
269,3,946.53,920.52,75.59,156.69,0.75355,-1,-1,-1
269,4,1720.71,460.48,73.77,207.21,0.59496,-1,-1,-1
269,5,1410.93,566.01,84.63,244.14,0.58250,-1,-1,-1
269,18,374.88,477.79,89.18,239.19,0.65116,-1,-1,-1
269,2,180.44,570.81,85.74,255.00,0.71318,-1,-1,-1
269,6,225.82,437.64,61.56,188.70,0.50084,-1,-1,-1
269,41,252.51,773.47,90.00,261.19,0.71924,-1,-1,-1
269,8,478.54,389.46,70.77,222.12,0.63385,-1,-1,-1
269,34,566.19,401.33,65.19,208.43,0.60248,-1,-1,-1
269,16,942.11,91.82,65.34,178.63,0.49636,-1,-1,-1
269,51,257.11,705.79,66.17,112.78,0.57518,-1,-1,-1
269,38,802.51,365.42,72.89,213.18,0.41118,-1,-1,-1
269,48,1049.73,104.55,56.78,176.28,0.44550,-1,-1,-1
269,62,1121.58,95.82,57.41,167.53,0.37427,-1,-1,-1
270,1,460.20,155.50,67.71,201.69,0.37806,-1,-1,-1
270,3,947.08,920.85,76.33,157.16,0.75422,-1,-1,-1
270,4,1720.79,460.95,73.63,206.69,0.55932,-1,-1,-1
270,5,1414.28,569.03,83.47,241.53,0.57039,-1,-1,-1
270,18,375.47,475.61,88.33,236.70,0.63299,-1,-1,-1
270,2,184.49,572.13,83.97,249.58,0.68721,-1,-1,-1
270,6,225.92,436.48,62.07,190.05,0.47909,-1,-1,-1
270,41,254.80,770.75,90.23,263.20,0.77175,-1,-1,-1
270,8,477.08,391.92,71.06,221.58,0.63525,-1,-1,-1
270,34,565.27,401.72,66.31,211.44,0.61088,-1,-1,-1
270,16,942.31,91.57,65.53,178.68,0.48032,-1,-1,-1
270,51,261.64,706.70,64.77,109.33,0.54943,-1,-1,-1
270,38,802.89,367.35,71.75,211.92,0.37790,-1,-1,-1
270,48,1048.16,103.10,57.21,177.19,0.43341,-1,-1,-1
270,62,1120.43,95.83,57.52,167.84,0.35935,-1,-1,-1
271,1,461.13,155.83,67.20,201.02,0.35911,-1,-1,-1
271,3,947.87,921.50,76.55,156.66,0.73214,-1,-1,-1
271,4,1720.31,460.44,74.15,207.92,0.57152,-1,-1,-1
271,5,1417.96,572.47,82.45,239.27,0.53282,-1,-1,-1
271,18,377.87,472.55,86.24,231.33,0.62632,-1,-1,-1
271,2,187.75,574.03,83.28,246.70,0.65483,-1,-1,-1
271,6,226.78,435.40,61.17,187.11,0.47483,-1,-1,-1
271,41,257.22,771.92,89.35,261.79,0.74233,-1,-1,-1
271,8,476.01,393.59,71.14,220.15,0.62370,-1,-1,-1
271,34,565.09,402.47,65.94,210.05,0.60586,-1,-1,-1
271,16,942.77,90.97,65.38,177.89,0.50831,-1,-1,-1
271,51,264.33,707.99,67.02,112.44,0.48699,-1,-1,-1
271,38,805.37,369.98,71.01,213.10,0.40801,-1,-1,-1
271,48,1046.19,103.38,57.73,178.13,0.42233,-1,-1,-1
271,62,1118.60,95.48,57.57,167.66,0.31639,-1,-1,-1
271,65,874.94,379.08,62.16,186.80,0.31222,-1,-1,-1
272,1,462.25,154.42,67.13,201.15,0.36867,-1,-1,-1
272,3,948.09,921.78,76.84,156.43,0.71995,-1,-1,-1
272,4,1720.27,460.29,73.97,207.30,0.55130,-1,-1,-1
272,5,1420.43,574.69,82.57,240.48,0.52122,-1,-1,-1
272,18,382.30,469.00,84.42,227.64,0.59938,-1,-1,-1
272,2,190.47,574.46,83.54,246.27,0.67246,-1,-1,-1
272,6,227.53,433.73,60.92,186.74,0.45140,-1,-1,-1
272,41,259.44,778.75,88.43,258.88,0.73141,-1,-1,-1
272,8,474.63,395.13,71.48,219.59,0.59601,-1,-1,-1
272,34,564.19,402.92,66.58,212.39,0.55474,-1,-1,-1
272,16,942.82,90.39,65.86,178.42,0.48457,-1,-1,-1
272,51,268.43,708.40,69.65,116.71,0.52370,-1,-1,-1
272,38,805.84,371.66,70.51,214.43,0.38232,-1,-1,-1
272,48,1043.81,103.36,58.19,178.66,0.38828,-1,-1,-1
272,62,1116.26,96.13,56.90,166.10,0.31943,-1,-1,-1
272,65,876.43,380.09,61.78,186.39,0.34781,-1,-1,-1
273,1,462.67,152.86,66.52,199.98,0.40158,-1,-1,-1
273,3,947.98,922.08,77.22,156.28,0.72321,-1,-1,-1
273,4,1720.05,460.49,73.97,207.31,0.56069,-1,-1,-1
273,5,1422.38,579.10,81.09,237.05,0.49469,-1,-1,-1
273,18,384.70,465.58,83.32,226.32,0.58696,-1,-1,-1
273,2,193.36,575.31,84.10,245.82,0.68364,-1,-1,-1
273,6,228.51,432.67,60.06,184.54,0.47049,-1,-1,-1
273,41,259.62,781.26,89.52,261.10,0.72429,-1,-1,-1
273,8,473.18,396.37,71.58,218.80,0.60294,-1,-1,-1
273,34,562.87,404.12,66.71,212.57,0.55047,-1,-1,-1
273,16,942.56,89.32,65.97,178.70,0.48643,-1,-1,-1
273,51,272.35,708.63,73.72,123.89,0.57297,-1,-1,-1
273,38,806.27,373.04,69.20,211.91,0.35592,-1,-1,-1
273,48,1041.92,102.63,58.52,178.14,0.36321,-1,-1,-1
273,62,1115.86,95.27,57.76,166.67,0.30344,-1,-1,-1
273,65,878.74,379.49,61.78,189.39,0.34041,-1,-1,-1
274,1,462.70,152.08,65.32,196.77,0.40002,-1,-1,-1
274,3,947.86,922.31,77.62,156.38,0.70514,-1,-1,-1
274,4,1720.25,460.37,73.98,207.50,0.59409,-1,-1,-1
274,5,1423.72,579.37,81.47,239.15,0.52848,-1,-1,-1
274,18,385.08,462.23,83.27,227.58,0.62347,-1,-1,-1
274,2,195.88,576.30,85.12,246.95,0.69528,-1,-1,-1
274,6,228.62,431.67,59.58,183.32,0.46383,-1,-1,-1
274,41,263.14,785.31,90.27,262.17,0.71293,-1,-1,-1
274,8,471.91,397.42,71.78,218.69,0.62365,-1,-1,-1
274,34,560.89,404.96,66.56,211.88,0.53402,-1,-1,-1
274,16,942.31,88.26,66.17,179.53,0.51432,-1,-1,-1
274,51,273.75,708.88,80.14,136.06,0.64434,-1,-1,-1
274,38,804.67,373.79,68.76,212.28,0.34523,-1,-1,-1
274,48,1039.51,102.18,59.53,178.41,0.39041,-1,-1,-1
274,62,1115.18,94.69,58.24,166.07,0.34250,-1,-1,-1
274,65,880.88,381.78,60.78,189.01,0.35096,-1,-1,-1
275,1,463.05,151.09,64.64,194.81,0.40351,-1,-1,-1
275,3,947.32,922.37,78.17,156.47,0.72358,-1,-1,-1
275,4,1720.26,460.16,73.96,207.55,0.58937,-1,-1,-1
275,5,1426.08,580.07,81.20,239.62,0.51073,-1,-1,-1
275,18,385.30,461.16,82.63,226.68,0.61422,-1,-1,-1
275,2,198.25,577.90,86.75,249.34,0.67257,-1,-1,-1
275,6,228.02,430.50,60.97,188.05,0.33755,-1,-1,-1
275,41,266.17,783.34,91.85,267.00,0.70366,-1,-1,-1
275,8,470.90,397.77,71.39,217.00,0.66218,-1,-1,-1
275,34,559.85,405.78,65.89,209.50,0.59563,-1,-1,-1
275,16,941.93,86.28,66.53,180.89,0.49981,-1,-1,-1
275,51,276.95,711.29,82.64,140.21,0.41857,-1,-1,-1
275,38,807.68,374.52,67.65,211.01,0.39494,-1,-1,-1
275,48,1036.82,102.39,60.69,178.94,0.33587,-1,-1,-1
275,62,1113.42,94.37,59.44,168.04,0.30669,-1,-1,-1
275,65,882.72,380.93,60.61,191.24,0.35755,-1,-1,-1
276,1,463.17,149.84,64.61,194.24,0.40249,-1,-1,-1
276,3,946.79,922.82,78.56,156.11,0.74851,-1,-1,-1
276,4,1719.99,460.42,73.84,206.96,0.59070,-1,-1,-1
276,5,1428.52,579.49,81.14,241.49,0.53137,-1,-1,-1
276,18,385.73,459.72,82.32,226.94,0.63265,-1,-1,-1
276,2,199.50,577.93,87.46,249.18,0.67420,-1,-1,-1
276,6,227.31,428.64,61.78,191.37,0.33628,-1,-1,-1
276,41,269.66,783.61,92.94,270.90,0.62986,-1,-1,-1
276,8,469.42,398.77,71.49,216.77,0.66527,-1,-1,-1
276,34,558.82,407.17,65.37,207.00,0.63398,-1,-1,-1
276,16,942.04,84.62,66.12,180.69,0.45406,-1,-1,-1
276,51,280.49,714.53,83.87,141.89,0.31686,-1,-1,-1
276,38,807.67,374.51,67.34,210.99,0.40447,-1,-1,-1
276,48,1034.93,102.52,61.62,179.63,0.33244,-1,-1,-1
276,65,884.23,382.05,60.10,191.03,0.31022,-1,-1,-1
277,1,463.69,147.69,65.04,195.28,0.37413,-1,-1,-1
277,3,946.60,923.44,78.67,155.11,0.75297,-1,-1,-1
277,4,1719.51,459.91,74.32,208.14,0.59081,-1,-1,-1
277,5,1430.99,579.99,80.74,242.51,0.49533,-1,-1,-1
277,18,386.63,458.88,82.18,227.63,0.60944,-1,-1,-1
277,2,198.85,577.33,87.85,249.69,0.65094,-1,-1,-1
277,6,228.10,426.64,60.11,186.54,0.38955,-1,-1,-1
277,41,270.31,784.06,94.06,276.35,0.65208,-1,-1,-1
277,8,467.43,400.78,71.43,216.34,0.68540,-1,-1,-1
277,34,558.01,409.38,64.78,204.56,0.65924,-1,-1,-1
277,16,942.09,83.78,64.10,176.39,0.46293,-1,-1,-1
277,51,284.36,718.00,85.10,142.95,0.52630,-1,-1,-1
277,38,808.27,375.22,66.97,210.31,0.38161,-1,-1,-1
277,48,1033.46,102.66,62.29,179.65,0.34014,-1,-1,-1
277,65,886.19,386.36,59.04,185.16,0.34075,-1,-1,-1
278,1,463.91,146.77,65.16,195.91,0.34736,-1,-1,-1
278,3,946.43,923.70,78.85,154.28,0.76451,-1,-1,-1
278,4,1719.54,459.53,74.67,208.97,0.55969,-1,-1,-1
278,5,1433.20,582.05,80.08,242.29,0.43949,-1,-1,-1
278,18,387.53,458.66,81.71,226.86,0.59956,-1,-1,-1
278,2,197.97,576.49,87.94,250.91,0.65183,-1,-1,-1
278,6,229.05,424.75,58.21,180.00,0.42756,-1,-1,-1
278,41,271.01,788.30,92.45,274.78,0.62536,-1,-1,-1
278,8,465.62,401.44,71.42,216.74,0.66760,-1,-1,-1
278,34,556.56,411.05,64.99,204.46,0.65268,-1,-1,-1
278,16,941.82,82.02,63.93,176.23,0.45110,-1,-1,-1
278,51,288.58,721.10,87.19,144.36,0.64285,-1,-1,-1
278,38,810.69,376.45,66.10,208.91,0.34871,-1,-1,-1
278,48,1032.44,102.00,61.96,178.40,0.37397,-1,-1,-1
278,65,886.74,388.06,59.25,183.97,0.38938,-1,-1,-1
279,1,463.79,146.53,65.31,196.51,0.35200,-1,-1,-1
279,3,945.87,923.98,79.33,154.03,0.75707,-1,-1,-1
279,4,1720.01,459.39,74.64,209.32,0.56639,-1,-1,-1
279,18,387.51,458.13,82.18,228.35,0.59025,-1,-1,-1
279,2,198.45,577.19,86.87,250.70,0.58997,-1,-1,-1
279,6,229.89,423.12,57.38,176.86,0.44093,-1,-1,-1
279,41,272.41,792.70,92.51,277.93,0.64181,-1,-1,-1
279,8,465.06,403.70,70.25,213.36,0.68507,-1,-1,-1
279,34,555.49,412.73,65.09,204.26,0.66043,-1,-1,-1
279,16,940.92,79.47,64.05,177.49,0.43257,-1,-1,-1
279,51,293.54,725.14,88.41,143.27,0.64939,-1,-1,-1
279,38,813.00,378.18,65.03,207.64,0.39701,-1,-1,-1
279,48,1031.38,101.58,61.61,177.20,0.39953,-1,-1,-1
279,65,885.93,390.12,59.90,185.43,0.33214,-1,-1,-1
279,68,745.71,333.51,58.39,187.69,0.40517,-1,-1,-1
280,1,463.69,144.90,66.08,198.72,0.32351,-1,-1,-1
280,3,945.42,924.41,79.72,153.36,0.75987,-1,-1,-1
280,4,1720.00,459.11,74.54,209.48,0.57275,-1,-1,-1
280,18,387.65,457.31,82.54,230.01,0.60927,-1,-1,-1
280,2,201.07,581.41,83.20,245.32,0.53441,-1,-1,-1
280,6,229.81,421.14,57.85,178.19,0.47193,-1,-1,-1
280,41,273.31,796.36,91.88,278.74,0.64248,-1,-1,-1
280,8,464.39,405.00,69.75,212.84,0.71189,-1,-1,-1
280,34,554.35,414.83,65.71,206.18,0.65033,-1,-1,-1
280,16,940.65,78.42,63.94,178.01,0.43295,-1,-1,-1
280,51,297.54,726.80,90.49,143.62,0.66118,-1,-1,-1
280,38,814.69,379.58,63.68,205.50,0.36412,-1,-1,-1
280,48,1030.51,100.42,63.07,179.51,0.42667,-1,-1,-1
280,65,885.03,391.74,61.00,187.93,0.32803,-1,-1,-1
280,68,749.03,337.61,58.41,187.57,0.44573,-1,-1,-1
280,5,1435.07,587.41,78.41,239.14,0.33434,-1,-1,-1
281,1,463.81,143.93,66.46,199.78,0.34102,-1,-1,-1
281,3,944.52,923.98,80.68,154.07,0.76341,-1,-1,-1
281,4,1719.84,459.57,74.40,209.07,0.56935,-1,-1,-1
281,18,388.43,456.60,82.08,230.02,0.63889,-1,-1,-1
281,2,202.85,581.17,83.04,248.79,0.57318,-1,-1,-1
281,6,229.20,419.20,59.78,183.96,0.40330,-1,-1,-1
281,41,276.16,798.39,90.99,278.22,0.65303,-1,-1,-1
281,8,463.54,405.63,69.43,212.88,0.65149,-1,-1,-1
281,34,553.31,417.37,65.75,206.57,0.63997,-1,-1,-1
281,16,940.07,77.40,63.70,178.25,0.43380,-1,-1,-1
281,51,301.07,729.72,91.38,142.35,0.64833,-1,-1,-1
281,38,816.47,380.57,61.97,201.39,0.32218,-1,-1,-1
281,48,1028.67,100.45,62.16,176.79,0.46301,-1,-1,-1
281,65,887.15,394.57,60.63,185.82,0.31893,-1,-1,-1
281,68,752.42,340.52,56.96,182.94,0.34228,-1,-1,-1
281,5,1437.04,587.29,78.19,239.41,0.46579,-1,-1,-1
281,62,1103.17,93.24,56.49,159.20,0.33915,-1,-1,-1
282,1,464.12,143.15,66.83,200.64,0.31796,-1,-1,-1
282,3,943.90,924.02,81.19,153.80,0.76113,-1,-1,-1
282,4,1719.57,460.18,74.34,209.09,0.61665,-1,-1,-1
282,18,388.37,455.36,81.24,229.10,0.65758,-1,-1,-1
282,2,207.50,584.22,80.10,245.07,0.60690,-1,-1,-1
282,6,228.52,416.66,61.29,188.70,0.45620,-1,-1,-1
282,41,278.67,800.30,90.06,277.21,0.72576,-1,-1,-1
282,8,463.36,406.32,68.53,211.43,0.66208,-1,-1,-1
282,34,552.27,419.16,65.23,205.06,0.66063,-1,-1,-1
282,16,939.52,77.19,63.40,177.88,0.46065,-1,-1,-1
282,51,304.58,733.17,94.10,144.61,0.65104,-1,-1,-1
282,38,819.45,382.21,58.56,189.92,0.30352,-1,-1,-1
282,48,1026.65,99.77,61.76,175.36,0.42725,-1,-1,-1
282,68,756.28,342.13,55.61,178.39,0.41323,-1,-1,-1
282,5,1438.05,586.09,78.21,240.21,0.49535,-1,-1,-1
282,62,1101.39,92.51,56.81,160.45,0.35299,-1,-1,-1
283,1,464.59,143.72,66.74,199.93,0.30935,-1,-1,-1
283,3,943.62,923.88,81.77,153.78,0.77379,-1,-1,-1
283,4,1719.99,459.69,74.34,209.39,0.60454,-1,-1,-1
283,18,387.66,452.14,81.54,230.93,0.65290,-1,-1,-1
283,2,211.51,584.41,78.62,245.06,0.59638,-1,-1,-1
283,6,229.26,414.92,60.39,185.21,0.40909,-1,-1,-1
283,41,280.71,800.26,89.70,277.55,0.70600,-1,-1,-1
283,8,463.49,407.50,68.31,212.06,0.65412,-1,-1,-1
283,34,551.42,420.93,65.05,205.69,0.65017,-1,-1,-1
283,16,939.54,78.40,61.44,173.05,0.48387,-1,-1,-1
283,51,309.41,736.24,92.81,140.27,0.56750,-1,-1,-1
283,38,819.27,383.10,59.78,194.50,0.30662,-1,-1,-1
283,48,1024.37,98.76,61.84,175.23,0.45214,-1,-1,-1
283,68,760.40,343.99,54.77,175.36,0.38332,-1,-1,-1
283,5,1439.17,584.56,78.47,241.65,0.46872,-1,-1,-1
283,62,1100.21,92.15,57.18,161.55,0.37519,-1,-1,-1
284,1,463.72,143.02,66.86,200.10,0.34335,-1,-1,-1
284,3,942.35,923.23,82.86,154.58,0.76781,-1,-1,-1
284,4,1720.10,460.02,74.22,209.04,0.59684,-1,-1,-1
284,18,388.41,449.68,81.23,232.05,0.64893,-1,-1,-1
284,2,214.98,581.16,79.15,252.04,0.56630,-1,-1,-1
284,6,229.76,412.73,58.67,179.22,0.37363,-1,-1,-1
284,41,281.95,801.24,89.34,277.14,0.71658,-1,-1,-1
284,8,463.10,409.09,68.96,214.88,0.62187,-1,-1,-1
284,34,550.71,423.16,65.65,208.56,0.66314,-1,-1,-1
284,16,939.78,78.55,60.90,172.08,0.46205,-1,-1,-1
284,51,312.86,738.62,92.73,138.51,0.56485,-1,-1,-1
284,48,1021.80,97.37,62.49,176.97,0.42842,-1,-1,-1
284,68,764.48,345.85,54.58,174.31,0.35243,-1,-1,-1
284,5,1439.99,582.31,79.02,244.03,0.45475,-1,-1,-1
284,62,1098.45,92.13,57.50,162.66,0.33946,-1,-1,-1
285,1,462.87,142.92,66.70,200.09,0.32347,-1,-1,-1
285,3,941.21,922.60,83.67,154.96,0.77254,-1,-1,-1
285,4,1720.47,460.27,74.04,208.44,0.59168,-1,-1,-1
285,18,388.86,448.14,80.57,232.14,0.64578,-1,-1,-1
285,2,219.23,579.96,78.28,254.18,0.54928,-1,-1,-1
285,6,228.86,412.49,60.38,183.74,0.38323,-1,-1,-1
285,41,283.45,802.30,88.99,276.28,0.69966,-1,-1,-1
285,8,462.84,410.00,69.40,217.34,0.60541,-1,-1,-1
285,34,549.18,424.18,65.79,210.65,0.65192,-1,-1,-1
285,16,939.98,78.84,61.32,173.46,0.46655,-1,-1,-1
285,51,313.70,740.85,93.62,138.15,0.55740,-1,-1,-1
285,48,1021.08,97.04,62.76,176.55,0.45217,-1,-1,-1
285,68,766.86,349.54,57.57,183.71,0.35360,-1,-1,-1
285,5,1443.35,580.29,79.46,245.65,0.56549,-1,-1,-1
285,62,1096.17,91.30,57.40,162.49,0.33077,-1,-1,-1
285,38,821.79,384.16,61.68,202.47,0.30992,-1,-1,-1
286,3,940.93,922.18,84.16,155.50,0.76223,-1,-1,-1
286,4,1720.50,460.07,73.94,208.50,0.61850,-1,-1,-1
286,18,389.20,445.95,79.65,231.36,0.63489,-1,-1,-1
286,2,223.63,578.50,77.43,256.24,0.54688,-1,-1,-1
286,6,227.90,411.28,64.00,195.97,0.33257,-1,-1,-1
286,41,285.48,804.17,88.58,273.80,0.72346,-1,-1,-1
286,8,461.99,411.09,70.43,222.03,0.60523,-1,-1,-1
286,34,547.52,425.36,65.80,211.47,0.62452,-1,-1,-1
286,16,939.94,78.55,61.56,174.42,0.46356,-1,-1,-1
286,51,313.68,742.81,94.37,137.79,0.55430,-1,-1,-1
286,48,1017.62,97.02,62.84,177.92,0.49044,-1,-1,-1
286,5,1445.93,579.96,79.86,247.34,0.48039,-1,-1,-1
286,62,1093.36,90.14,57.54,164.73,0.34421,-1,-1,-1
286,38,823.18,385.69,61.73,204.40,0.37069,-1,-1,-1
286,65,894.33,398.70,64.07,195.68,0.36202,-1,-1,-1
287,3,940.42,922.17,84.44,155.71,0.77995,-1,-1,-1
287,4,1720.23,459.79,74.00,208.92,0.60758,-1,-1,-1
287,18,390.44,443.99,77.52,226.02,0.60478,-1,-1,-1
287,2,227.00,579.62,75.95,255.35,0.54477,-1,-1,-1
287,6,227.08,411.31,67.17,207.67,0.30822,-1,-1,-1
287,41,288.12,807.95,87.75,268.94,0.75166,-1,-1,-1
287,8,461.56,412.24,70.55,224.08,0.59641,-1,-1,-1
287,34,545.17,426.03,65.78,211.34,0.63226,-1,-1,-1
287,16,939.58,78.02,62.07,176.15,0.45050,-1,-1,-1
287,51,313.87,742.75,95.82,139.05,0.55870,-1,-1,-1
287,48,1016.45,96.77,62.58,178.02,0.48116,-1,-1,-1
287,5,1449.12,579.73,79.87,247.37,0.54747,-1,-1,-1
287,62,1092.02,90.42,57.29,164.42,0.36630,-1,-1,-1
287,38,825.66,390.20,62.91,204.98,0.37183,-1,-1,-1
287,65,893.68,399.39,64.07,196.01,0.37326,-1,-1,-1
287,1,461.39,143.16,66.07,198.65,0.33154,-1,-1,-1
288,3,940.28,921.82,84.49,155.93,0.76005,-1,-1,-1
288,4,1720.24,460.02,73.81,208.58,0.60301,-1,-1,-1
288,18,391.40,441.58,76.07,222.81,0.62364,-1,-1,-1
288,2,229.41,579.44,75.22,255.67,0.57931,-1,-1,-1
288,6,228.68,410.55,65.60,203.39,0.32503,-1,-1,-1
288,41,289.72,811.42,87.98,267.35,0.76618,-1,-1,-1
288,8,459.79,409.60,71.10,227.51,0.57823,-1,-1,-1
288,34,543.28,426.64,65.78,210.80,0.61510,-1,-1,-1
288,16,937.89,75.43,61.77,176.18,0.50230,-1,-1,-1
288,51,312.49,743.38,95.78,138.84,0.57822,-1,-1,-1
288,48,1016.04,96.01,61.97,176.93,0.51262,-1,-1,-1
288,5,1452.00,582.41,78.61,242.21,0.52818,-1,-1,-1
288,62,1091.03,90.19,57.25,164.53,0.41036,-1,-1,-1
288,38,827.97,393.47,63.58,203.92,0.41521,-1,-1,-1
288,65,894.07,400.25,64.06,196.02,0.37127,-1,-1,-1
288,1,462.54,143.83,65.77,197.38,0.32333,-1,-1,-1
289,3,939.73,921.27,84.32,156.31,0.74911,-1,-1,-1
289,4,1719.84,459.30,74.34,210.16,0.59194,-1,-1,-1
289,18,392.00,439.37,75.31,221.39,0.62414,-1,-1,-1
289,2,232.23,580.11,74.30,254.26,0.55107,-1,-1,-1
289,6,231.43,409.24,61.76,191.03,0.41058,-1,-1,-1
289,41,292.26,812.67,88.54,266.79,0.75449,-1,-1,-1
289,8,459.18,411.40,70.65,227.87,0.63959,-1,-1,-1
289,34,541.67,427.40,65.90,210.37,0.61861,-1,-1,-1
289,16,936.84,73.95,61.19,175.56,0.51554,-1,-1,-1
289,51,310.99,743.67,97.89,142.06,0.59423,-1,-1,-1
289,48,1015.72,95.00,62.17,177.44,0.47633,-1,-1,-1
289,5,1454.21,582.14,78.58,240.45,0.49290,-1,-1,-1
289,62,1090.56,90.90,57.02,164.09,0.39427,-1,-1,-1
289,38,828.86,394.47,64.17,203.51,0.37787,-1,-1,-1
289,65,896.07,400.64,63.92,195.11,0.32457,-1,-1,-1
289,1,462.28,143.59,65.76,197.88,0.31063,-1,-1,-1
289,68,780.62,352.01,59.78,192.03,0.30845,-1,-1,-1
290,3,939.29,920.46,83.92,156.67,0.75372,-1,-1,-1
290,4,1720.09,459.42,74.13,209.59,0.59905,-1,-1,-1
290,18,390.13,437.39,76.12,223.66,0.60130,-1,-1,-1
290,2,233.98,581.38,73.45,253.39,0.57648,-1,-1,-1
290,6,233.47,408.64,59.80,184.83,0.45497,-1,-1,-1
290,41,294.62,815.66,88.76,264.34,0.72012,-1,-1,-1
290,8,458.00,411.83,70.97,230.49,0.67970,-1,-1,-1
290,34,540.39,427.62,66.03,210.03,0.63005,-1,-1,-1
290,16,936.10,72.53,60.69,175.58,0.52064,-1,-1,-1
290,51,310.16,744.50,98.43,144.05,0.63067,-1,-1,-1
290,48,1014.82,94.01,62.19,177.79,0.49802,-1,-1,-1
290,5,1456.99,587.62,77.02,231.96,0.40350,-1,-1,-1
290,62,1088.99,90.52,57.24,164.57,0.40931,-1,-1,-1
290,38,830.08,395.17,65.35,203.89,0.43916,-1,-1,-1
290,65,897.21,401.96,63.65,194.42,0.33252,-1,-1,-1
290,68,784.21,353.22,58.79,190.74,0.36867,-1,-1,-1
291,3,939.14,919.91,83.42,156.93,0.75353,-1,-1,-1
291,4,1720.91,459.75,73.87,209.05,0.58463,-1,-1,-1
291,18,387.70,435.44,77.33,226.07,0.59707,-1,-1,-1
291,2,236.19,581.08,73.10,254.07,0.55843,-1,-1,-1
291,6,233.95,408.08,59.33,182.73,0.43304,-1,-1,-1
291,41,296.76,819.72,88.31,260.28,0.70413,-1,-1,-1
291,8,457.98,412.71,70.71,231.07,0.65695,-1,-1,-1
291,34,538.33,428.19,66.20,209.57,0.63533,-1,-1,-1
291,16,935.62,71.10,60.87,177.66,0.50727,-1,-1,-1
291,51,310.13,746.21,97.68,144.07,0.61829,-1,-1,-1
291,48,1014.10,93.06,62.10,177.84,0.45331,-1,-1,-1
291,5,1459.20,592.64,75.67,223.74,0.37538,-1,-1,-1
291,62,1087.00,89.41,57.47,165.39,0.36576,-1,-1,-1
291,38,831.39,397.91,65.47,203.66,0.32100,-1,-1,-1
291,65,897.03,402.57,63.34,193.47,0.32640,-1,-1,-1
291,68,788.28,353.82,59.43,193.83,0.43730,-1,-1,-1
292,3,938.82,919.71,82.89,157.37,0.73983,-1,-1,-1
292,4,1720.53,460.38,73.83,208.63,0.57853,-1,-1,-1
292,18,386.00,434.81,78.07,227.27,0.57090,-1,-1,-1
292,2,240.17,581.28,72.96,253.38,0.54670,-1,-1,-1
292,6,233.33,407.40,59.66,183.50,0.45313,-1,-1,-1
292,41,300.92,825.96,87.30,253.61,0.63871,-1,-1,-1
292,8,458.26,414.10,70.21,230.68,0.59675,-1,-1,-1
292,34,538.29,429.69,65.99,208.02,0.65250,-1,-1,-1
292,16,936.00,69.92,59.98,175.98,0.52596,-1,-1,-1
292,51,311.83,748.90,95.57,142.25,0.52773,-1,-1,-1
292,48,1013.35,92.70,61.95,177.56,0.42108,-1,-1,-1
292,5,1464.25,597.92,75.67,222.75,0.42102,-1,-1,-1
292,62,1085.65,88.89,57.31,164.70,0.37241,-1,-1,-1
292,38,831.59,398.52,65.99,206.03,0.44122,-1,-1,-1
292,65,897.49,407.02,61.41,187.85,0.35306,-1,-1,-1
292,68,789.41,352.26,61.29,201.31,0.30825,-1,-1,-1
292,1,457.00,140.09,64.55,195.48,0.30823,-1,-1,-1
293,3,937.63,918.79,82.42,158.77,0.73593,-1,-1,-1
293,4,1720.70,460.71,73.59,208.03,0.56145,-1,-1,-1
293,18,384.13,433.20,78.89,228.36,0.54032,-1,-1,-1
293,2,245.11,581.86,73.96,253.68,0.55196,-1,-1,-1
293,6,232.83,406.16,59.81,183.63,0.53207,-1,-1,-1
293,41,300.89,831.17,85.95,247.34,0.66525,-1,-1,-1
293,8,458.86,415.10,69.41,228.42,0.57910,-1,-1,-1
293,34,537.05,432.04,65.95,206.81,0.67892,-1,-1,-1
293,16,936.61,68.73,58.84,173.36,0.45768,-1,-1,-1
293,51,313.22,751.59,92.43,138.31,0.40619,-1,-1,-1
293,48,1012.29,92.06,62.23,178.50,0.35081,-1,-1,-1
293,5,1466.61,598.44,77.16,224.89,0.44023,-1,-1,-1
293,62,1084.25,88.23,57.26,164.75,0.32524,-1,-1,-1
293,38,832.10,398.92,65.89,206.08,0.38683,-1,-1,-1
293,65,897.92,411.45,60.36,183.73,0.34281,-1,-1,-1
294,3,936.24,918.02,81.54,159.97,0.75351,-1,-1,-1
294,4,1720.37,459.92,74.11,209.43,0.58434,-1,-1,-1
294,18,382.04,432.64,79.81,229.65,0.55666,-1,-1,-1
294,2,248.47,582.54,75.26,253.53,0.60828,-1,-1,-1
294,6,233.11,404.82,59.26,181.28,0.51015,-1,-1,-1
294,41,301.96,836.05,85.01,242.53,0.71944,-1,-1,-1
294,8,458.88,415.65,69.11,227.34,0.62159,-1,-1,-1
294,34,536.31,434.16,66.71,208.51,0.67376,-1,-1,-1
294,16,936.85,67.45,57.85,171.49,0.43298,-1,-1,-1
294,51,318.12,754.97,89.86,136.64,0.49694,-1,-1,-1
294,48,1010.91,91.49,61.71,177.76,0.35762,-1,-1,-1
294,5,1464.58,595.66,79.90,228.62,0.52624,-1,-1,-1
294,62,1083.09,87.83,57.25,164.54,0.40957,-1,-1,-1
294,38,833.21,400.59,65.32,204.98,0.37061,-1,-1,-1
294,65,898.18,413.44,60.08,182.02,0.35927,-1,-1,-1
294,70,321.47,753.12,89.97,261.00,0.39462,-1,-1,-1
294,68,793.95,355.62,64.24,212.09,0.31035,-1,-1,-1
294,1,456.63,137.83,63.39,192.66,0.33432,-1,-1,-1
295,3,934.81,916.87,80.83,161.61,0.73952,-1,-1,-1
295,4,1720.13,460.18,74.12,209.32,0.58881,-1,-1,-1
295,18,379.97,432.78,80.81,230.47,0.53676,-1,-1,-1
295,2,250.76,582.90,76.69,252.70,0.64852,-1,-1,-1
295,6,232.23,402.16,59.88,183.05,0.43885,-1,-1,-1
295,41,303.47,839.79,84.53,239.56,0.70077,-1,-1,-1
295,8,459.16,416.19,68.57,225.51,0.60102,-1,-1,-1
295,34,534.88,436.09,67.28,209.89,0.66983,-1,-1,-1
295,16,936.13,66.89,57.80,172.46,0.40507,-1,-1,-1
295,51,321.23,759.01,89.16,137.81,0.50631,-1,-1,-1
295,48,1009.52,91.49,61.57,178.39,0.39221,-1,-1,-1
295,5,1464.64,595.87,81.11,228.25,0.48606,-1,-1,-1
295,62,1081.27,86.91,57.51,165.62,0.40235,-1,-1,-1
295,38,833.43,401.68,64.89,203.84,0.37483,-1,-1,-1
295,65,897.55,412.53,60.95,184.39,0.37320,-1,-1,-1
295,70,325.50,756.82,88.00,255.46,0.40637,-1,-1,-1
295,1,456.96,137.65,62.73,191.58,0.30807,-1,-1,-1
296,3,933.71,915.92,79.56,162.52,0.75619,-1,-1,-1
296,4,1720.11,460.08,74.05,209.21,0.59538,-1,-1,-1
296,18,378.55,431.24,81.77,232.12,0.53456,-1,-1,-1
296,2,251.14,583.37,77.87,251.94,0.67138,-1,-1,-1
296,6,232.80,400.72,59.80,181.90,0.50797,-1,-1,-1
296,41,305.37,842.88,84.20,236.55,0.72568,-1,-1,-1
296,8,459.27,418.46,68.39,223.78,0.62480,-1,-1,-1
296,34,535.07,438.50,66.48,206.96,0.67412,-1,-1,-1
296,16,935.93,65.95,57.36,172.19,0.45149,-1,-1,-1
296,51,323.64,761.69,88.61,138.71,0.49239,-1,-1,-1
296,48,1008.31,90.90,61.38,179.13,0.40593,-1,-1,-1
296,5,1466.59,598.05,82.14,227.00,0.49426,-1,-1,-1
296,62,1079.93,86.51,57.37,165.40,0.40992,-1,-1,-1
296,38,832.84,401.96,64.76,203.90,0.41013,-1,-1,-1
296,65,896.79,412.45,62.49,189.26,0.45857,-1,-1,-1
296,71,787.17,151.52,68.23,171.06,0.32086,-1,-1,-1
297,3,933.29,915.12,78.51,163.87,0.75593,-1,-1,-1
297,4,1719.74,460.33,73.95,208.97,0.57543,-1,-1,-1
297,18,377.85,429.95,82.36,233.18,0.50208,-1,-1,-1
297,2,251.80,584.80,78.82,250.83,0.66167,-1,-1,-1
297,6,233.52,399.84,60.13,182.66,0.57184,-1,-1,-1
297,41,306.72,843.85,84.67,235.95,0.74095,-1,-1,-1
297,8,458.31,419.52,68.06,222.30,0.62988,-1,-1,-1
297,34,534.44,440.79,66.05,205.91,0.66661,-1,-1,-1
297,16,935.34,64.85,57.44,173.45,0.41488,-1,-1,-1
297,51,326.17,764.97,87.98,139.50,0.51719,-1,-1,-1
297,48,1007.38,90.39,61.20,179.68,0.37187,-1,-1,-1
297,5,1468.61,597.09,84.50,228.95,0.54453,-1,-1,-1
297,62,1078.86,86.85,57.01,164.37,0.34308,-1,-1,-1
297,38,832.41,401.36,65.42,207.00,0.37298,-1,-1,-1
297,65,895.67,413.05,63.97,193.82,0.46634,-1,-1,-1
297,71,788.45,151.14,68.15,170.91,0.32849,-1,-1,-1
298,3,933.31,914.58,77.50,164.97,0.76874,-1,-1,-1
298,4,1720.55,460.79,73.67,208.29,0.60017,-1,-1,-1
298,18,377.62,429.41,81.81,230.61,0.52470,-1,-1,-1
298,2,251.97,584.89,79.72,250.11,0.62844,-1,-1,-1
298,6,234.30,398.56,60.63,184.14,0.55760,-1,-1,-1
298,41,308.45,845.33,85.07,234.67,0.75225,-1,-1,-1
298,8,457.51,420.07,67.96,221.68,0.63000,-1,-1,-1
298,34,534.59,442.80,65.11,202.89,0.64794,-1,-1,-1
298,16,935.69,64.13,56.96,172.34,0.42440,-1,-1,-1
298,51,328.48,767.47,88.99,142.92,0.57664,-1,-1,-1
298,48,1008.53,91.64,59.67,175.63,0.36664,-1,-1,-1
298,5,1470.87,598.49,86.43,229.30,0.55419,-1,-1,-1
298,62,1077.63,86.05,57.30,165.15,0.36960,-1,-1,-1
298,38,831.42,400.80,66.24,209.58,0.32454,-1,-1,-1
298,65,895.17,414.43,64.91,196.69,0.48803,-1,-1,-1
299,3,932.92,913.76,76.24,165.50,0.77508,-1,-1,-1
299,4,1720.55,461.37,73.46,207.70,0.59536,-1,-1,-1
299,18,378.07,428.30,81.32,228.82,0.55956,-1,-1,-1
299,2,252.97,584.06,80.55,250.40,0.68315,-1,-1,-1
299,6,234.26,397.55,60.69,183.96,0.59455,-1,-1,-1
299,41,309.59,846.55,85.49,233.45,0.76406,-1,-1,-1
299,8,456.78,421.07,68.39,223.18,0.64665,-1,-1,-1
299,34,534.50,444.38,65.06,203.19,0.65175,-1,-1,-1
299,16,936.10,63.68,56.63,171.31,0.43003,-1,-1,-1
299,51,332.88,770.46,88.64,144.25,0.62773,-1,-1,-1
299,48,1007.30,89.19,61.06,181.26,0.39958,-1,-1,-1
299,5,1470.38,594.34,89.81,234.57,0.58969,-1,-1,-1
299,62,1074.57,84.29,58.33,168.57,0.32128,-1,-1,-1
299,65,894.89,415.64,65.05,197.21,0.50283,-1,-1,-1
300,3,933.06,913.84,74.65,165.29,0.77040,-1,-1,-1
300,4,1720.98,460.90,73.48,208.21,0.58072,-1,-1,-1
300,18,379.57,426.12,80.10,225.24,0.54429,-1,-1,-1
300,2,254.24,583.65,81.22,249.75,0.68950,-1,-1,-1
300,6,234.05,397.33,60.64,183.93,0.57474,-1,-1,-1
300,41,311.20,847.35,86.08,232.65,0.74977,-1,-1,-1
300,8,456.26,423.16,68.55,223.81,0.66186,-1,-1,-1
300,34,534.14,445.75,65.23,204.06,0.65617,-1,-1,-1
300,16,935.51,63.05,56.99,172.53,0.45545,-1,-1,-1
300,51,337.19,772.69,88.37,146.04,0.63832,-1,-1,-1
300,48,1006.13,87.00,61.50,184.26,0.40088,-1,-1,-1
300,5,1470.58,591.24,92.43,238.32,0.59661,-1,-1,-1
300,65,894.89,416.58,65.08,198.03,0.44839,-1,-1,-1
301,3,933.70,913.96,73.03,165.32,0.76976,-1,-1,-1
301,4,1720.89,460.93,73.31,207.92,0.59201,-1,-1,-1
301,18,380.90,423.13,79.56,224.56,0.55174,-1,-1,-1
301,2,255.41,582.05,82.19,250.44,0.66595,-1,-1,-1
301,6,234.00,396.78,60.61,184.28,0.56403,-1,-1,-1
301,41,312.06,848.06,86.72,231.94,0.74905,-1,-1,-1
301,8,456.28,426.56,68.07,222.20,0.67179,-1,-1,-1
301,34,533.97,446.43,65.59,205.88,0.66698,-1,-1,-1
301,16,934.83,62.81,57.34,173.67,0.48189,-1,-1,-1
301,51,341.76,774.73,86.42,144.27,0.59701,-1,-1,-1
301,48,1005.94,85.45,61.24,184.65,0.41892,-1,-1,-1
301,5,1470.75,588.31,95.01,242.73,0.60096,-1,-1,-1
301,65,894.92,417.23,64.60,197.11,0.46761,-1,-1,-1
301,38,830.02,404.18,66.32,205.55,0.30598,-1,-1,-1
302,3,933.76,912.65,72.16,167.14,0.75226,-1,-1,-1
302,4,1720.95,460.22,73.59,209.15,0.57267,-1,-1,-1
302,18,383.32,421.98,77.50,220.16,0.53189,-1,-1,-1
302,2,257.04,580.90,83.19,251.69,0.67661,-1,-1,-1
302,6,233.29,396.33,60.76,185.11,0.54982,-1,-1,-1
302,41,314.01,848.21,87.70,231.79,0.73789,-1,-1,-1
302,8,456.09,428.84,67.95,221.85,0.62011,-1,-1,-1
302,34,534.01,447.12,65.19,205.08,0.64049,-1,-1,-1
302,16,934.23,62.15,57.42,174.00,0.47891,-1,-1,-1
302,51,345.05,776.03,87.48,147.10,0.63265,-1,-1,-1
302,48,1005.73,85.07,59.92,180.74,0.42822,-1,-1,-1
302,5,1472.20,589.23,95.37,241.99,0.56682,-1,-1,-1
302,65,894.44,418.82,64.78,198.36,0.55222,-1,-1,-1
302,38,832.00,406.83,68.51,210.97,0.43603,-1,-1,-1
303,3,933.57,912.71,70.74,167.27,0.72459,-1,-1,-1
303,4,1720.85,460.11,73.55,209.34,0.58347,-1,-1,-1
303,18,384.57,416.95,76.26,218.42,0.59808,-1,-1,-1
303,2,259.89,579.73,84.08,253.16,0.63899,-1,-1,-1
303,6,232.99,395.34,61.04,186.63,0.55145,-1,-1,-1
303,41,315.96,848.67,88.48,231.33,0.73807,-1,-1,-1
303,8,455.51,430.50,67.63,221.43,0.62928,-1,-1,-1
303,34,533.81,447.66,65.82,207.60,0.65453,-1,-1,-1
303,16,934.21,62.40,56.51,170.83,0.49284,-1,-1,-1
303,51,348.83,777.00,88.70,149.54,0.68683,-1,-1,-1
303,48,1006.03,85.10,58.51,176.22,0.46824,-1,-1,-1
303,5,1473.94,586.53,96.85,244.87,0.48506,-1,-1,-1
303,65,894.33,420.96,63.78,196.12,0.52018,-1,-1,-1
303,38,833.76,409.10,68.90,213.91,0.47609,-1,-1,-1
303,62,1069.18,80.92,58.68,170.78,0.34490,-1,-1,-1
304,3,933.44,911.99,69.89,168.01,0.74092,-1,-1,-1
304,4,1720.94,460.02,73.67,210.06,0.59099,-1,-1,-1
304,18,385.12,412.86,76.18,220.36,0.57292,-1,-1,-1
304,2,264.38,579.85,83.73,251.85,0.61627,-1,-1,-1
304,6,233.47,394.01,61.23,188.05,0.54310,-1,-1,-1
304,41,317.39,849.86,89.02,230.14,0.74744,-1,-1,-1
304,8,454.69,432.33,67.06,220.13,0.63266,-1,-1,-1
304,34,533.83,448.36,65.66,207.23,0.64306,-1,-1,-1
304,16,934.16,62.19,57.00,173.06,0.53393,-1,-1,-1
304,51,352.92,778.02,89.97,152.05,0.61721,-1,-1,-1
304,48,1005.87,85.01,58.09,175.01,0.47643,-1,-1,-1
304,5,1475.09,582.76,98.62,249.20,0.50334,-1,-1,-1
304,65,895.11,421.24,63.22,196.21,0.48678,-1,-1,-1
304,38,834.58,405.87,70.90,216.75,0.47950,-1,-1,-1
304,62,1067.85,81.01,58.16,169.75,0.30976,-1,-1,-1
305,3,932.67,910.33,69.63,169.67,0.74091,-1,-1,-1
305,4,1720.58,460.28,73.42,209.57,0.57657,-1,-1,-1
305,18,385.87,409.47,76.05,222.26,0.56221,-1,-1,-1
305,2,270.83,580.81,82.47,249.56,0.59932,-1,-1,-1
305,6,232.44,391.39,61.92,191.23,0.53573,-1,-1,-1
305,41,319.78,851.56,89.20,228.44,0.76110,-1,-1,-1
305,8,453.89,434.77,66.68,219.31,0.66268,-1,-1,-1
305,34,533.70,448.88,65.83,207.98,0.63888,-1,-1,-1
305,16,934.02,61.93,56.89,173.24,0.49246,-1,-1,-1
305,51,355.16,779.13,92.66,156.57,0.61400,-1,-1,-1
305,48,1006.07,85.15,57.38,172.12,0.48954,-1,-1,-1
305,5,1476.80,585.81,98.02,247.27,0.45350,-1,-1,-1
305,65,896.00,420.51,62.52,196.35,0.46298,-1,-1,-1
305,38,835.90,405.03,72.40,221.17,0.51822,-1,-1,-1
306,3,932.51,909.34,69.50,170.66,0.71822,-1,-1,-1
306,4,1720.70,460.58,73.22,209.12,0.56923,-1,-1,-1
306,18,386.22,407.73,75.38,222.40,0.53154,-1,-1,-1
306,2,279.25,581.56,80.91,248.07,0.54413,-1,-1,-1
306,6,231.60,389.59,62.43,193.46,0.56457,-1,-1,-1
306,41,321.94,857.06,87.59,222.94,0.76901,-1,-1,-1
306,8,452.63,436.39,66.42,219.13,0.68212,-1,-1,-1
306,34,533.48,449.41,65.05,205.13,0.62225,-1,-1,-1
306,16,934.27,59.99,57.41,174.82,0.47170,-1,-1,-1
306,51,358.78,780.55,91.75,154.13,0.65522,-1,-1,-1
306,48,1005.57,84.77,57.23,170.48,0.52275,-1,-1,-1
306,5,1479.90,587.83,97.70,246.27,0.51737,-1,-1,-1
306,65,896.36,422.58,61.24,193.30,0.43509,-1,-1,-1
306,38,835.52,404.52,72.90,220.89,0.50097,-1,-1,-1
307,3,932.21,908.24,69.57,171.71,0.71208,-1,-1,-1
307,4,1720.67,459.91,73.41,209.79,0.55991,-1,-1,-1
307,18,387.59,407.17,74.61,222.26,0.55718,-1,-1,-1
307,2,288.95,581.03,79.26,246.05,0.56992,-1,-1,-1
307,6,231.41,387.83,62.17,193.46,0.52663,-1,-1,-1
307,41,323.78,861.11,86.85,218.89,0.77581,-1,-1,-1
307,8,451.18,438.50,65.99,217.82,0.67562,-1,-1,-1
307,34,532.63,449.79,65.14,205.29,0.64174,-1,-1,-1
307,16,934.39,59.43,57.20,174.29,0.49647,-1,-1,-1
307,51,361.79,781.96,93.08,155.12,0.64709,-1,-1,-1
307,48,1004.80,83.62,57.29,169.85,0.56337,-1,-1,-1
307,5,1482.05,588.60,97.40,245.82,0.54739,-1,-1,-1
307,65,896.99,425.06,60.22,191.05,0.36586,-1,-1,-1
307,38,836.13,406.45,72.72,218.73,0.35293,-1,-1,-1
307,71,788.82,104.37,85.59,218.19,0.37090,-1,-1,-1
308,3,931.55,907.88,69.71,172.12,0.72091,-1,-1,-1
308,4,1720.71,459.33,73.46,210.24,0.58111,-1,-1,-1
308,18,388.25,406.14,74.54,223.53,0.57068,-1,-1,-1
308,2,298.20,580.48,77.99,244.58,0.64460,-1,-1,-1
308,6,230.67,386.06,61.75,191.79,0.55787,-1,-1,-1
308,41,326.50,866.25,85.87,213.75,0.77571,-1,-1,-1
308,8,449.77,440.52,65.33,215.96,0.67858,-1,-1,-1
308,34,531.48,451.36,65.18,204.48,0.65730,-1,-1,-1
308,16,935.08,56.85,56.07,170.83,0.50602,-1,-1,-1
308,51,364.93,784.55,94.59,155.98,0.69296,-1,-1,-1
308,48,1003.74,82.92,58.09,171.37,0.60402,-1,-1,-1
308,5,1483.93,591.88,96.22,242.95,0.63076,-1,-1,-1
308,65,895.15,427.50,59.30,188.52,0.33108,-1,-1,-1
308,38,836.95,411.67,72.03,214.20,0.35479,-1,-1,-1
308,71,788.70,102.73,85.01,220.00,0.32978,-1,-1,-1
308,62,1063.79,82.05,56.94,166.67,0.31804,-1,-1,-1
309,3,930.70,907.27,70.08,172.72,0.73684,-1,-1,-1
309,4,1720.37,458.68,73.68,211.20,0.57317,-1,-1,-1
309,18,388.93,406.35,73.91,222.44,0.52127,-1,-1,-1
309,2,305.77,579.91,78.50,246.90,0.64899,-1,-1,-1
309,6,230.72,383.93,61.30,190.04,0.52851,-1,-1,-1
309,41,328.67,871.07,84.87,208.93,0.77997,-1,-1,-1
309,8,447.89,441.94,65.31,216.14,0.65980,-1,-1,-1
309,34,529.98,454.25,66.06,206.71,0.67017,-1,-1,-1
309,16,934.79,53.81,55.75,170.28,0.48461,-1,-1,-1
309,51,369.66,789.13,94.45,153.58,0.67605,-1,-1,-1
309,48,1003.01,81.65,59.22,174.31,0.62358,-1,-1,-1
309,5,1485.51,590.18,96.72,244.62,0.59342,-1,-1,-1
309,38,836.73,416.04,71.11,212.24,0.38461,-1,-1,-1
309,71,788.79,102.23,84.15,220.76,0.37217,-1,-1,-1
310,3,930.00,907.49,70.41,172.51,0.74840,-1,-1,-1
310,4,1720.33,458.41,73.47,210.87,0.57522,-1,-1,-1
310,18,389.25,405.69,74.19,225.22,0.50196,-1,-1,-1
310,2,311.51,579.55,79.09,248.74,0.69442,-1,-1,-1
310,6,230.77,381.13,60.31,187.30,0.55656,-1,-1,-1
310,41,331.33,873.64,84.72,206.36,0.75681,-1,-1,-1
310,8,446.28,439.98,66.26,220.60,0.65164,-1,-1,-1
310,34,528.62,455.96,66.96,209.35,0.69841,-1,-1,-1
310,16,934.40,51.22,55.91,170.88,0.54194,-1,-1,-1
310,51,372.62,793.57,94.35,151.15,0.67703,-1,-1,-1
310,48,1002.15,80.32,59.89,175.66,0.64765,-1,-1,-1
310,5,1487.16,588.72,96.87,245.19,0.55646,-1,-1,-1
310,71,789.04,102.22,83.10,221.11,0.32362,-1,-1,-1
310,62,1063.44,82.77,56.21,164.70,0.33300,-1,-1,-1
311,3,929.39,907.06,70.99,172.94,0.76264,-1,-1,-1
311,4,1720.42,458.27,73.37,210.75,0.57835,-1,-1,-1
311,18,389.89,406.69,73.47,224.01,0.47278,-1,-1,-1
311,2,316.82,579.66,79.20,247.83,0.74192,-1,-1,-1
311,6,230.84,379.13,59.85,186.68,0.53017,-1,-1,-1
311,41,334.72,876.38,84.71,203.62,0.73418,-1,-1,-1
311,8,444.79,440.23,66.36,221.68,0.68448,-1,-1,-1
311,34,527.44,457.43,67.62,211.73,0.67595,-1,-1,-1
311,16,933.84,49.55,56.01,171.25,0.50833,-1,-1,-1
311,51,375.28,798.01,94.03,148.06,0.66241,-1,-1,-1
311,48,1001.57,79.83,60.04,175.33,0.62675,-1,-1,-1
311,5,1490.21,589.11,97.22,244.56,0.58392,-1,-1,-1
311,71,789.33,101.71,82.12,221.65,0.33941,-1,-1,-1
311,38,837.10,422.13,66.58,197.06,0.31155,-1,-1,-1
312,3,929.03,906.11,71.69,173.89,0.75183,-1,-1,-1
312,4,1720.93,458.65,73.04,209.96,0.58159,-1,-1,-1
312,18,390.64,407.21,72.44,221.92,0.43242,-1,-1,-1
312,2,322.08,580.96,79.47,245.01,0.75373,-1,-1,-1
312,6,230.46,376.48,59.98,187.70,0.53734,-1,-1,-1
312,41,338.52,879.17,84.83,200.83,0.74434,-1,-1,-1
312,8,443.52,441.88,66.17,221.60,0.66659,-1,-1,-1
312,34,526.50,460.33,68.42,214.84,0.67381,-1,-1,-1
312,16,933.78,48.65,56.25,171.92,0.51399,-1,-1,-1
312,51,375.03,801.29,95.50,148.21,0.65121,-1,-1,-1
312,48,1001.56,79.82,60.18,174.71,0.60720,-1,-1,-1
312,5,1492.37,591.93,96.40,240.81,0.62687,-1,-1,-1
312,71,788.40,101.93,80.80,221.01,0.34137,-1,-1,-1
313,3,928.77,905.47,72.30,174.53,0.75505,-1,-1,-1
313,4,1721.46,457.97,73.03,210.31,0.57696,-1,-1,-1
313,18,391.03,406.08,72.51,223.62,0.40868,-1,-1,-1
313,2,325.54,583.33,80.28,241.93,0.76433,-1,-1,-1
313,6,230.16,374.69,60.13,188.84,0.52302,-1,-1,-1
313,41,343.07,882.56,84.96,197.44,0.73623,-1,-1,-1
313,8,441.73,446.11,66.14,221.86,0.68583,-1,-1,-1
313,34,526.35,463.04,68.25,214.96,0.65917,-1,-1,-1
313,16,933.43,47.85,56.38,172.55,0.52004,-1,-1,-1
313,51,375.50,804.79,96.23,147.25,0.69238,-1,-1,-1
313,48,1001.51,80.16,60.01,173.48,0.59944,-1,-1,-1
313,5,1495.31,596.55,95.54,236.27,0.61791,-1,-1,-1
313,73,463.07,124.30,61.29,190.66,0.32645,-1,-1,-1
314,3,929.00,905.15,72.85,174.85,0.75562,-1,-1,-1
314,4,1721.77,457.87,73.03,210.94,0.57413,-1,-1,-1
314,18,390.68,404.39,71.99,224.05,0.38454,-1,-1,-1
314,2,327.00,584.55,81.76,240.57,0.76435,-1,-1,-1
314,6,229.88,373.83,60.16,189.29,0.55317,-1,-1,-1
314,41,346.61,886.38,84.58,193.62,0.72456,-1,-1,-1
314,8,440.39,447.43,66.11,221.87,0.70005,-1,-1,-1
314,34,525.92,464.72,68.20,215.59,0.65766,-1,-1,-1
314,16,932.82,47.10,56.59,172.88,0.52309,-1,-1,-1
314,51,376.26,808.14,97.89,147.78,0.69685,-1,-1,-1
314,48,1000.35,79.90,59.81,173.13,0.55134,-1,-1,-1
314,5,1497.67,599.03,95.38,234.23,0.54903,-1,-1,-1
314,73,461.61,125.66,60.39,187.58,0.30236,-1,-1,-1
314,38,833.39,425.94,68.30,201.09,0.31647,-1,-1,-1
315,3,928.26,904.86,73.40,175.14,0.75930,-1,-1,-1
315,4,1721.64,457.71,73.01,211.38,0.55485,-1,-1,-1
315,2,329.04,585.25,84.19,240.27,0.76934,-1,-1,-1
315,6,230.05,373.44,60.29,189.40,0.56358,-1,-1,-1
315,41,349.28,889.30,84.60,190.70,0.72716,-1,-1,-1
315,8,438.80,448.19,66.28,221.83,0.73012,-1,-1,-1
315,34,525.16,466.47,67.79,216.05,0.66983,-1,-1,-1
315,16,932.26,46.52,56.78,173.29,0.53099,-1,-1,-1
315,51,376.67,809.14,99.25,148.27,0.64027,-1,-1,-1
315,48,999.08,79.54,59.83,173.70,0.53575,-1,-1,-1
315,5,1499.31,601.57,94.62,231.88,0.55869,-1,-1,-1
316,3,928.05,905.07,73.69,174.93,0.75446,-1,-1,-1
316,4,1721.45,458.15,73.07,211.74,0.53257,-1,-1,-1
316,2,330.96,585.39,86.70,239.67,0.77005,-1,-1,-1
316,6,230.65,372.70,60.40,189.15,0.58379,-1,-1,-1
316,41,351.03,892.26,84.42,187.74,0.71534,-1,-1,-1
316,8,437.19,449.36,66.64,222.38,0.71530,-1,-1,-1
316,34,523.94,469.05,67.93,218.57,0.64766,-1,-1,-1
316,16,932.38,46.12,56.69,172.32,0.53181,-1,-1,-1
316,51,376.21,809.96,101.86,151.51,0.66432,-1,-1,-1
316,48,998.45,80.06,59.68,173.90,0.59424,-1,-1,-1
316,5,1501.37,602.19,94.59,232.44,0.61658,-1,-1,-1
317,3,928.25,905.55,73.92,174.45,0.75259,-1,-1,-1
317,4,1721.44,458.13,73.06,211.92,0.56458,-1,-1,-1
317,2,331.43,584.94,89.89,241.09,0.77000,-1,-1,-1
317,6,230.79,372.07,60.27,188.25,0.57162,-1,-1,-1
317,41,351.19,890.07,86.11,189.93,0.72352,-1,-1,-1
317,8,435.48,449.94,66.23,219.94,0.71226,-1,-1,-1
317,34,522.08,471.80,67.72,219.23,0.69327,-1,-1,-1
317,16,932.04,45.59,57.02,172.70,0.51494,-1,-1,-1
317,51,376.63,812.92,101.81,151.20,0.56294,-1,-1,-1
317,48,996.92,79.55,59.52,173.77,0.57090,-1,-1,-1
317,5,1504.84,609.12,91.53,226.28,0.55898,-1,-1,-1
317,65,895.51,440.69,61.06,191.77,0.30515,-1,-1,-1
317,62,1052.58,82.30,56.45,163.54,0.30061,-1,-1,-1
317,18,392.41,394.87,70.15,221.63,0.32814,-1,-1,-1
317,73,460.36,121.39,61.55,190.37,0.30038,-1,-1,-1
318,3,928.03,905.49,74.33,174.51,0.74561,-1,-1,-1
318,4,1721.61,458.40,72.82,211.31,0.57073,-1,-1,-1
318,2,331.07,585.20,91.82,240.74,0.75635,-1,-1,-1
318,6,230.99,371.52,59.84,186.85,0.55984,-1,-1,-1
318,41,353.66,890.27,86.89,189.73,0.70734,-1,-1,-1
318,8,434.74,451.39,66.23,219.13,0.72420,-1,-1,-1
318,34,520.67,472.15,67.28,218.56,0.66561,-1,-1,-1
318,16,932.09,45.04,57.55,173.54,0.51256,-1,-1,-1
318,51,376.13,813.17,102.92,153.52,0.62712,-1,-1,-1
318,48,995.17,78.47,59.79,174.31,0.59556,-1,-1,-1
318,5,1507.17,603.89,93.34,233.32,0.56742,-1,-1,-1
319,3,928.44,905.60,74.47,174.40,0.73197,-1,-1,-1
319,4,1722.05,458.91,72.44,210.81,0.57838,-1,-1,-1
319,2,330.66,584.34,94.06,241.52,0.75329,-1,-1,-1
319,6,231.08,370.68,60.18,188.33,0.58962,-1,-1,-1
319,41,355.60,891.41,87.32,188.59,0.70107,-1,-1,-1
319,8,434.19,454.49,66.39,218.79,0.72558,-1,-1,-1
319,34,518.45,470.44,67.51,218.29,0.67528,-1,-1,-1
319,16,931.40,43.74,57.68,173.27,0.49604,-1,-1,-1
319,51,375.97,813.29,103.50,155.51,0.67297,-1,-1,-1
319,48,994.01,77.37,59.95,174.69,0.57787,-1,-1,-1
319,5,1509.70,602.61,93.27,236.35,0.51472,-1,-1,-1
319,38,834.26,431.38,68.94,204.62,0.42294,-1,-1,-1
319,65,890.71,391.68,74.77,242.52,0.33857,-1,-1,-1
319,62,1050.60,83.45,55.95,160.19,0.30126,-1,-1,-1
320,3,929.78,905.95,74.31,174.05,0.73579,-1,-1,-1
320,4,1722.18,458.66,72.28,210.57,0.60167,-1,-1,-1
320,2,332.42,583.76,95.55,240.81,0.72088,-1,-1,-1
320,6,231.65,370.29,60.09,188.54,0.58449,-1,-1,-1
320,41,358.52,894.91,87.04,185.09,0.70525,-1,-1,-1
320,8,434.22,459.40,66.08,216.62,0.71844,-1,-1,-1
320,34,515.99,470.81,67.94,218.82,0.69451,-1,-1,-1
320,16,930.43,42.05,58.54,175.24,0.50357,-1,-1,-1
320,51,377.01,814.15,101.09,152.95,0.64225,-1,-1,-1
320,48,992.90,77.76,59.82,174.19,0.57530,-1,-1,-1
320,5,1512.45,603.40,91.27,234.03,0.36485,-1,-1,-1
320,38,835.01,432.82,68.35,202.29,0.51115,-1,-1,-1
321,3,930.18,906.88,73.90,172.95,0.73019,-1,-1,-1
321,4,1721.90,458.72,72.28,210.77,0.57231,-1,-1,-1
321,2,332.25,582.75,96.73,241.35,0.68086,-1,-1,-1
321,6,232.32,369.95,59.69,188.22,0.56041,-1,-1,-1
321,41,362.13,898.07,87.17,181.93,0.71789,-1,-1,-1
321,8,431.21,459.37,68.51,224.04,0.64148,-1,-1,-1
321,34,513.81,471.08,68.52,220.17,0.66875,-1,-1,-1
321,16,930.66,39.77,60.05,178.49,0.48124,-1,-1,-1
321,51,379.15,816.27,98.31,150.33,0.60010,-1,-1,-1
321,48,992.28,77.37,60.30,174.90,0.59788,-1,-1,-1
321,38,836.20,432.81,70.46,205.39,0.49008,-1,-1,-1
322,3,931.25,906.95,73.65,172.99,0.72396,-1,-1,-1
322,4,1721.71,459.24,71.96,209.68,0.60021,-1,-1,-1
322,2,332.23,580.72,97.53,243.63,0.70964,-1,-1,-1
322,6,233.00,368.28,59.58,189.12,0.56186,-1,-1,-1
322,41,364.11,902.83,86.31,177.17,0.70819,-1,-1,-1
322,8,429.94,460.30,69.13,224.96,0.67775,-1,-1,-1
322,34,512.41,470.91,68.50,219.37,0.71401,-1,-1,-1
322,16,930.08,37.26,61.71,182.01,0.48089,-1,-1,-1
322,51,382.02,817.48,96.54,149.93,0.55993,-1,-1,-1
322,48,990.87,76.34,60.29,174.78,0.61567,-1,-1,-1
322,38,836.83,432.85,72.85,208.33,0.57526,-1,-1,-1
322,62,1045.81,79.51,54.42,158.08,0.33189,-1,-1,-1
323,3,932.42,906.63,73.06,173.19,0.69626,-1,-1,-1
323,4,1721.81,458.95,72.12,210.09,0.60158,-1,-1,-1
323,2,335.95,579.56,96.76,244.20,0.62419,-1,-1,-1
323,6,232.78,364.89,60.07,191.51,0.57174,-1,-1,-1
323,41,365.54,906.01,85.74,173.72,0.77885,-1,-1,-1
323,8,429.42,462.31,69.55,225.50,0.68732,-1,-1,-1
323,34,512.04,471.02,68.81,219.71,0.72511,-1,-1,-1
323,16,930.16,35.70,61.61,179.98,0.46917,-1,-1,-1
323,51,384.32,820.26,94.66,149.54,0.56128,-1,-1,-1
323,48,990.61,75.33,60.02,173.48,0.61774,-1,-1,-1
323,38,836.67,432.97,74.74,210.53,0.56952,-1,-1,-1
323,76,911.58,378.78,53.68,163.01,0.39154,-1,-1,-1
323,62,1044.98,77.49,54.18,159.41,0.33577,-1,-1,-1
324,3,932.58,905.75,72.57,174.19,0.70362,-1,-1,-1
324,4,1721.71,459.00,72.01,209.77,0.60254,-1,-1,-1
324,2,341.30,580.33,94.80,242.85,0.62728,-1,-1,-1
324,6,232.67,362.34,60.01,191.88,0.51685,-1,-1,-1
324,41,367.02,909.73,84.90,169.50,0.78386,-1,-1,-1
324,8,428.23,463.47,70.46,226.83,0.70299,-1,-1,-1
324,34,511.00,471.39,69.13,219.60,0.75179,-1,-1,-1
324,16,930.19,33.75,62.25,179.45,0.40361,-1,-1,-1
324,51,388.21,824.01,92.23,148.26,0.58784,-1,-1,-1
324,48,989.86,73.71,60.12,173.30,0.57363,-1,-1,-1
324,38,837.47,434.98,75.84,209.61,0.48063,-1,-1,-1
324,73,456.26,118.16,62.34,190.71,0.31025,-1,-1,-1
325,3,933.80,907.29,71.17,172.37,0.70348,-1,-1,-1
325,4,1721.94,459.26,71.73,208.69,0.61095,-1,-1,-1
325,2,346.92,580.32,92.36,241.33,0.65821,-1,-1,-1
325,6,232.88,360.27,59.33,189.74,0.44800,-1,-1,-1
325,41,370.52,914.39,83.88,164.71,0.77184,-1,-1,-1
325,8,427.95,463.19,71.35,228.48,0.70812,-1,-1,-1
325,34,510.28,473.76,68.96,218.00,0.76381,-1,-1,-1
325,16,929.39,34.67,60.82,173.10,0.40100,-1,-1,-1
325,51,393.33,829.27,87.16,142.36,0.59590,-1,-1,-1
325,48,989.39,72.33,60.18,172.75,0.55435,-1,-1,-1
325,38,837.82,434.61,77.03,210.20,0.50210,-1,-1,-1
325,73,456.57,118.65,62.38,188.67,0.30930,-1,-1,-1
325,76,915.55,383.35,60.70,184.43,0.32890,-1,-1,-1
326,3,934.37,907.94,69.97,171.94,0.67720,-1,-1,-1
326,4,1721.98,459.48,71.80,208.50,0.62017,-1,-1,-1
326,2,357.48,578.81,90.61,242.07,0.64335,-1,-1,-1
326,6,233.19,358.55,59.01,189.11,0.50221,-1,-1,-1
326,41,372.13,917.22,83.91,162.43,0.71798,-1,-1,-1
326,8,428.09,466.10,71.12,227.00,0.70377,-1,-1,-1
326,34,509.89,475.94,69.07,217.31,0.76056,-1,-1,-1
326,16,929.16,34.04,60.68,171.01,0.41076,-1,-1,-1
326,51,396.36,832.94,85.60,142.03,0.59019,-1,-1,-1
326,48,987.72,71.29,60.32,172.61,0.57441,-1,-1,-1
326,38,839.55,434.32,78.16,210.30,0.57943,-1,-1,-1
326,5,1526.34,607.42,89.73,232.42,0.39473,-1,-1,-1
327,3,935.75,909.16,68.27,170.72,0.66941,-1,-1,-1
327,4,1722.11,459.67,71.60,207.67,0.63092,-1,-1,-1
327,2,364.82,576.75,89.08,243.61,0.58673,-1,-1,-1
327,6,233.52,356.98,59.00,189.04,0.51870,-1,-1,-1
327,41,374.40,918.29,84.91,161.59,0.70192,-1,-1,-1
327,8,427.47,467.05,71.23,226.54,0.71456,-1,-1,-1
327,34,510.16,477.63,69.75,218.85,0.70510,-1,-1,-1
327,16,929.06,32.49,61.56,172.39,0.43108,-1,-1,-1
327,51,399.73,836.76,84.13,141.52,0.57584,-1,-1,-1
327,48,987.54,70.25,60.14,171.48,0.52791,-1,-1,-1
327,38,840.49,434.86,78.57,208.81,0.53692,-1,-1,-1
327,5,1529.52,610.29,88.34,230.68,0.42226,-1,-1,-1
327,73,454.96,115.28,63.78,191.16,0.36506,-1,-1,-1
328,3,936.11,909.79,66.82,169.67,0.67915,-1,-1,-1
328,4,1722.31,460.42,71.52,207.22,0.63758,-1,-1,-1
328,2,372.81,575.04,87.81,246.02,0.58583,-1,-1,-1
328,6,232.76,356.02,58.76,187.61,0.54705,-1,-1,-1
328,41,375.28,921.09,84.68,158.88,0.68533,-1,-1,-1
328,8,426.56,467.83,70.85,222.68,0.70429,-1,-1,-1
328,34,509.43,479.01,70.44,221.07,0.70433,-1,-1,-1
328,16,929.18,31.48,61.54,171.77,0.42102,-1,-1,-1
328,51,403.12,839.72,85.43,146.08,0.54796,-1,-1,-1
328,48,986.21,68.34,60.66,172.59,0.49494,-1,-1,-1
328,38,842.88,435.28,79.76,209.45,0.47296,-1,-1,-1
328,5,1532.67,610.83,87.38,230.39,0.50120,-1,-1,-1
328,73,453.31,113.35,65.01,193.77,0.45313,-1,-1,-1
328,76,926.94,388.80,59.87,182.75,0.32731,-1,-1,-1
329,3,938.50,911.81,65.11,167.31,0.69835,-1,-1,-1
329,4,1722.20,459.18,71.95,208.54,0.61146,-1,-1,-1
329,2,379.00,577.22,86.22,246.66,0.57992,-1,-1,-1
329,6,232.78,355.53,58.53,186.38,0.54812,-1,-1,-1
329,41,376.77,923.41,84.77,156.59,0.68711,-1,-1,-1
329,8,424.71,469.29,70.97,219.43,0.69124,-1,-1,-1
329,34,508.76,482.31,70.40,221.16,0.71279,-1,-1,-1
329,16,929.79,30.76,61.70,171.60,0.38781,-1,-1,-1
329,51,407.68,843.17,85.30,147.43,0.55717,-1,-1,-1
329,48,985.99,68.26,59.97,170.80,0.46235,-1,-1,-1
329,38,842.72,435.70,79.68,207.66,0.40099,-1,-1,-1
329,5,1535.61,610.46,87.56,231.09,0.39867,-1,-1,-1
329,73,452.41,111.78,65.86,193.98,0.38018,-1,-1,-1
329,76,934.69,388.59,62.14,189.80,0.42049,-1,-1,-1
330,3,939.81,913.78,63.86,164.97,0.69348,-1,-1,-1
330,4,1722.36,459.81,71.80,207.94,0.63165,-1,-1,-1
330,2,385.56,591.72,81.06,234.04,0.39980,-1,-1,-1
330,6,232.54,354.70,58.16,185.15,0.56572,-1,-1,-1
330,41,378.02,924.66,84.62,154.38,0.63730,-1,-1,-1
330,8,420.57,469.95,73.63,222.75,0.66782,-1,-1,-1
330,34,508.59,485.13,69.99,220.21,0.73222,-1,-1,-1
330,16,929.74,30.16,62.02,171.86,0.42741,-1,-1,-1
330,51,398.09,845.30,113.07,203.67,0.59285,-1,-1,-1
330,48,984.61,67.51,60.38,172.18,0.47150,-1,-1,-1
330,38,843.56,436.22,79.55,206.84,0.36801,-1,-1,-1
330,5,1536.89,610.61,87.16,230.71,0.41490,-1,-1,-1
330,73,452.29,110.74,66.51,193.02,0.36555,-1,-1,-1
330,76,938.41,389.54,62.69,192.24,0.41918,-1,-1,-1
330,62,1037.93,75.45,53.40,158.46,0.30960,-1,-1,-1
331,3,939.97,913.58,63.77,165.28,0.73751,-1,-1,-1
331,4,1722.32,458.08,72.51,209.97,0.65006,-1,-1,-1
331,2,388.19,511.34,107.21,314.13,0.59920,-1,-1,-1
331,6,231.51,353.97,58.89,187.66,0.52091,-1,-1,-1
331,41,379.71,924.78,83.34,149.92,0.64596,-1,-1,-1
331,34,507.81,487.71,69.66,219.87,0.74109,-1,-1,-1
331,16,928.49,30.31,62.38,172.70,0.40411,-1,-1,-1
331,51,399.23,847.66,118.87,222.39,0.66118,-1,-1,-1
331,48,983.31,67.08,61.02,173.97,0.50029,-1,-1,-1
331,38,845.71,438.55,79.44,206.22,0.48839,-1,-1,-1
331,5,1536.68,612.65,85.97,229.64,0.53551,-1,-1,-1
331,73,451.90,109.98,66.12,189.09,0.38112,-1,-1,-1
331,76,940.47,390.03,62.67,193.59,0.34127,-1,-1,-1
331,62,1037.05,73.88,54.12,160.66,0.35997,-1,-1,-1
332,3,941.09,914.70,62.92,163.45,0.72087,-1,-1,-1
332,4,1722.70,458.63,72.62,210.22,0.63978,-1,-1,-1
332,2,389.32,485.49,114.97,341.10,0.60497,-1,-1,-1
332,6,230.66,352.67,59.55,189.40,0.50246,-1,-1,-1
332,41,381.39,925.44,82.09,145.90,0.63490,-1,-1,-1
332,34,507.54,489.87,69.73,220.32,0.74212,-1,-1,-1
332,16,927.86,30.05,62.61,172.92,0.41165,-1,-1,-1
332,51,403.57,849.53,118.34,229.04,0.66434,-1,-1,-1
332,48,982.52,67.29,61.40,175.06,0.52448,-1,-1,-1
332,38,845.06,437.80,81.43,210.18,0.38146,-1,-1,-1
332,5,1539.35,612.50,86.46,230.45,0.44921,-1,-1,-1
332,73,451.53,109.16,66.11,186.57,0.34085,-1,-1,-1
332,76,943.30,391.77,62.04,192.51,0.41582,-1,-1,-1
332,62,1037.23,73.60,54.17,162.08,0.40062,-1,-1,-1
332,77,405.03,372.21,78.59,122.79,0.38531,-1,-1,-1
333,3,942.28,915.13,62.40,162.73,0.73357,-1,-1,-1
333,4,1723.14,458.92,72.46,209.95,0.62250,-1,-1,-1
333,2,390.35,475.35,117.58,352.20,0.64266,-1,-1,-1
333,6,229.89,352.10,59.85,190.53,0.51670,-1,-1,-1
333,41,383.90,925.51,83.54,146.40,0.66987,-1,-1,-1
333,34,506.94,491.46,69.94,221.17,0.74496,-1,-1,-1
333,16,928.03,30.18,62.19,171.89,0.41984,-1,-1,-1
333,51,417.89,850.82,96.77,185.34,0.58581,-1,-1,-1
333,48,982.20,66.49,61.51,176.90,0.50483,-1,-1,-1
333,38,845.69,438.45,83.23,214.02,0.43421,-1,-1,-1
333,5,1540.59,612.72,87.47,232.79,0.44711,-1,-1,-1
333,73,451.31,107.89,67.41,187.20,0.32846,-1,-1,-1
333,76,947.08,391.92,61.33,191.58,0.41721,-1,-1,-1
333,62,1036.66,73.04,54.11,162.99,0.41122,-1,-1,-1
333,77,406.36,367.64,80.71,126.35,0.32558,-1,-1,-1
334,3,943.58,916.30,61.71,161.19,0.71828,-1,-1,-1
334,4,1722.52,459.63,72.35,209.55,0.61974,-1,-1,-1
334,2,392.44,471.53,118.53,357.15,0.63113,-1,-1,-1
334,6,229.86,351.82,59.25,188.53,0.47155,-1,-1,-1
334,41,386.42,927.89,83.48,143.93,0.65464,-1,-1,-1
334,34,506.38,492.25,70.17,222.49,0.73135,-1,-1,-1
334,16,927.92,29.49,62.36,172.62,0.38055,-1,-1,-1
334,51,425.26,851.96,87.41,165.01,0.54933,-1,-1,-1
334,48,981.70,66.63,60.97,176.54,0.48402,-1,-1,-1
334,38,846.08,438.71,84.49,217.09,0.48986,-1,-1,-1
334,5,1540.14,615.31,86.81,231.67,0.56743,-1,-1,-1
334,73,449.90,108.50,67.56,185.95,0.31671,-1,-1,-1
334,76,950.62,392.83,61.11,192.39,0.44932,-1,-1,-1
334,62,1036.11,72.38,54.07,163.75,0.38795,-1,-1,-1
335,3,944.78,917.95,61.22,159.95,0.71904,-1,-1,-1
335,4,1722.59,459.78,72.08,208.79,0.62180,-1,-1,-1
335,2,393.07,472.06,118.93,357.68,0.67176,-1,-1,-1
335,6,228.92,350.43,60.16,190.80,0.49461,-1,-1,-1
335,41,389.61,930.89,83.56,141.50,0.66293,-1,-1,-1
335,34,505.39,493.06,70.12,222.71,0.72622,-1,-1,-1
335,16,928.43,27.91,62.18,172.23,0.36728,-1,-1,-1
335,51,429.89,851.45,87.35,162.55,0.56598,-1,-1,-1
335,48,981.32,66.53,60.39,175.59,0.47540,-1,-1,-1
335,38,846.49,439.74,84.43,217.93,0.49882,-1,-1,-1
335,5,1539.40,614.50,88.73,238.23,0.54779,-1,-1,-1
335,76,954.78,394.18,59.96,189.90,0.49791,-1,-1,-1
335,62,1036.02,72.22,53.77,163.70,0.37489,-1,-1,-1
335,79,911.17,452.47,54.23,197.59,0.33663,-1,-1,-1
336,3,945.82,918.58,61.04,159.24,0.71668,-1,-1,-1
336,4,1722.16,459.44,72.20,208.85,0.63787,-1,-1,-1
336,2,398.53,475.55,117.64,353.07,0.70208,-1,-1,-1
336,6,228.04,349.11,61.06,193.18,0.50990,-1,-1,-1
336,41,392.85,935.70,81.38,135.26,0.67333,-1,-1,-1
336,34,504.67,493.39,69.92,222.12,0.72032,-1,-1,-1
336,16,927.62,27.32,63.07,174.64,0.37120,-1,-1,-1
336,51,432.18,852.75,89.90,164.40,0.53368,-1,-1,-1
336,48,980.50,66.14,60.19,176.03,0.46101,-1,-1,-1
336,38,844.56,440.56,84.49,218.80,0.44318,-1,-1,-1
336,5,1539.23,615.33,89.11,241.12,0.58581,-1,-1,-1
336,76,957.73,393.60,59.82,190.30,0.43296,-1,-1,-1
336,62,1035.81,71.65,53.71,164.09,0.34266,-1,-1,-1
336,79,911.37,454.33,53.84,195.81,0.37883,-1,-1,-1
336,77,408.46,359.39,87.63,138.11,0.32077,-1,-1,-1
337,3,947.60,919.44,60.72,158.74,0.68355,-1,-1,-1
337,4,1722.45,459.34,71.99,208.09,0.61252,-1,-1,-1
337,2,404.12,479.87,117.02,347.92,0.71090,-1,-1,-1
337,6,227.38,348.09,60.53,190.38,0.50006,-1,-1,-1
337,41,395.12,940.90,81.27,132.26,0.69052,-1,-1,-1
337,34,504.24,493.57,69.78,221.79,0.70016,-1,-1,-1
337,16,928.82,25.17,63.32,175.03,0.37966,-1,-1,-1
337,51,435.56,856.02,92.53,165.81,0.46602,-1,-1,-1
337,48,979.76,64.97,60.11,176.70,0.44716,-1,-1,-1
337,38,843.24,442.50,84.25,220.80,0.40873,-1,-1,-1
337,5,1539.29,616.06,87.96,239.88,0.64494,-1,-1,-1
337,76,961.71,392.68,59.74,190.60,0.56147,-1,-1,-1
337,62,1035.49,71.20,53.96,165.36,0.41722,-1,-1,-1
337,79,910.55,456.38,54.55,198.19,0.36732,-1,-1,-1
337,77,410.61,358.26,87.78,139.37,0.32579,-1,-1,-1
338,3,949.00,921.21,60.20,156.99,0.70428,-1,-1,-1
338,4,1722.42,458.97,72.13,208.22,0.58669,-1,-1,-1
338,2,407.05,482.39,116.99,344.81,0.71256,-1,-1,-1
338,6,226.93,347.06,60.30,188.52,0.52694,-1,-1,-1
338,41,397.12,944.54,81.50,130.03,0.71533,-1,-1,-1
338,34,503.84,493.61,69.61,221.14,0.69687,-1,-1,-1
338,16,928.93,23.05,63.05,174.55,0.36217,-1,-1,-1
338,51,441.28,860.14,92.27,161.52,0.63280,-1,-1,-1
338,48,979.29,64.20,59.88,176.88,0.44225,-1,-1,-1
338,38,844.79,444.48,83.44,220.66,0.42531,-1,-1,-1
338,5,1539.57,616.09,87.65,241.43,0.60824,-1,-1,-1
338,76,964.83,392.83,60.21,192.64,0.52802,-1,-1,-1
338,62,1035.20,70.81,54.02,165.83,0.39147,-1,-1,-1
338,79,909.88,458.08,54.59,198.72,0.33722,-1,-1,-1
338,77,410.89,358.00,88.72,141.96,0.32950,-1,-1,-1
339,3,951.13,922.28,59.84,155.20,0.70397,-1,-1,-1
339,4,1722.44,459.62,72.08,207.51,0.60726,-1,-1,-1
339,2,407.75,483.56,116.91,342.49,0.73939,-1,-1,-1
339,6,226.18,346.06,59.76,185.24,0.52713,-1,-1,-1
339,41,399.79,948.44,81.50,127.36,0.72826,-1,-1,-1
339,34,502.92,494.23,69.47,221.13,0.68938,-1,-1,-1
339,16,929.52,22.27,61.38,169.59,0.35640,-1,-1,-1
339,51,446.00,865.51,92.64,159.10,0.61504,-1,-1,-1
339,48,978.57,62.03,60.16,178.32,0.45404,-1,-1,-1
339,38,844.29,446.68,82.08,218.41,0.42601,-1,-1,-1
339,5,1540.22,616.54,87.40,242.81,0.62586,-1,-1,-1
339,76,968.04,394.65,60.52,193.85,0.59658,-1,-1,-1
339,62,1035.22,70.36,53.88,166.30,0.43591,-1,-1,-1
339,79,909.98,459.63,54.41,198.71,0.32680,-1,-1,-1
339,77,412.29,357.74,89.14,143.61,0.33164,-1,-1,-1
340,3,952.39,923.08,59.77,154.17,0.69928,-1,-1,-1
340,4,1721.97,458.43,72.69,209.20,0.60707,-1,-1,-1
340,2,408.71,484.76,117.22,341.16,0.69838,-1,-1,-1
340,6,224.91,344.30,59.64,183.33,0.51882,-1,-1,-1
340,41,402.10,950.95,82.56,126.87,0.71132,-1,-1,-1
340,34,501.99,496.44,68.86,218.16,0.65940,-1,-1,-1
340,16,929.78,20.89,61.08,168.21,0.34344,-1,-1,-1
340,51,450.53,870.96,91.86,153.47,0.69039,-1,-1,-1
340,48,977.76,60.97,60.13,179.12,0.49226,-1,-1,-1
340,38,843.63,449.04,82.25,220.96,0.43437,-1,-1,-1
340,5,1541.43,616.04,87.08,244.14,0.60070,-1,-1,-1
340,76,970.75,396.79,60.78,194.52,0.58660,-1,-1,-1
340,62,1034.58,69.74,54.14,167.51,0.41856,-1,-1,-1
340,79,909.97,459.66,54.51,199.58,0.33782,-1,-1,-1
340,77,413.13,356.57,91.24,148.16,0.32421,-1,-1,-1
341,3,953.01,924.04,59.74,153.13,0.70399,-1,-1,-1
341,4,1721.87,458.67,72.69,209.06,0.60616,-1,-1,-1
341,2,409.50,485.73,117.17,340.27,0.39613,-1,-1,-1
341,6,224.23,342.53,60.03,183.04,0.52378,-1,-1,-1
341,41,405.74,954.73,82.15,123.92,0.69400,-1,-1,-1
341,34,500.25,498.39,68.43,216.04,0.68174,-1,-1,-1
341,16,929.52,19.66,60.66,166.32,0.35460,-1,-1,-1
341,51,453.30,875.31,91.69,148.75,0.69573,-1,-1,-1
341,48,976.98,59.24,59.95,180.02,0.46650,-1,-1,-1
341,38,843.30,450.80,81.86,221.58,0.45825,-1,-1,-1
341,5,1542.54,616.32,86.49,243.85,0.65465,-1,-1,-1
341,76,974.45,398.24,60.97,195.12,0.55269,-1,-1,-1
341,62,1034.37,68.97,54.51,169.76,0.46059,-1,-1,-1
341,79,909.74,460.32,54.73,200.98,0.34022,-1,-1,-1
341,77,414.11,356.28,92.95,152.00,0.30434,-1,-1,-1
341,8,404.91,486.82,80.26,235.87,0.39077,-1,-1,-1
341,73,444.96,99.07,71.17,192.40,0.30321,-1,-1,-1
342,3,953.87,924.39,60.18,152.79,0.69637,-1,-1,-1
342,4,1722.51,457.62,73.23,210.83,0.62410,-1,-1,-1
342,6,222.54,341.04,61.07,184.62,0.51423,-1,-1,-1
342,41,410.09,959.95,80.89,119.26,0.71685,-1,-1,-1
342,34,499.30,500.56,68.10,213.68,0.69211,-1,-1,-1
342,16,928.96,18.55,60.30,164.58,0.32928,-1,-1,-1
342,51,454.93,878.75,92.61,145.84,0.68694,-1,-1,-1
342,48,976.43,57.99,59.77,180.66,0.39847,-1,-1,-1
342,38,840.69,452.22,80.39,220.99,0.38830,-1,-1,-1
342,5,1543.79,617.65,85.31,241.27,0.63945,-1,-1,-1
342,76,976.79,400.29,61.32,195.70,0.60334,-1,-1,-1
342,62,1034.50,68.33,54.26,169.77,0.41123,-1,-1,-1
342,79,909.46,461.41,54.77,201.07,0.35503,-1,-1,-1
342,77,408.66,355.31,106.67,177.97,0.32076,-1,-1,-1
342,8,402.27,487.52,82.12,240.45,0.59246,-1,-1,-1
342,73,444.03,99.65,72.30,192.26,0.31357,-1,-1,-1
343,3,954.40,925.06,60.32,151.69,0.70696,-1,-1,-1
343,4,1722.32,457.88,72.79,209.65,0.59463,-1,-1,-1
343,6,221.69,339.89,61.90,185.02,0.50462,-1,-1,-1
343,41,413.00,963.05,80.82,116.41,0.72095,-1,-1,-1
343,34,497.64,502.14,68.54,213.34,0.67266,-1,-1,-1
343,16,928.08,16.92,60.24,162.80,0.30831,-1,-1,-1
343,51,454.83,881.84,94.33,144.16,0.67376,-1,-1,-1
343,48,975.67,57.76,58.66,177.97,0.36809,-1,-1,-1
343,38,838.79,453.44,78.76,220.34,0.32949,-1,-1,-1
343,5,1544.73,617.86,85.09,240.96,0.59973,-1,-1,-1
343,76,980.37,401.82,60.89,193.92,0.63581,-1,-1,-1
343,62,1033.90,67.51,54.42,171.15,0.37366,-1,-1,-1
343,79,909.52,462.49,54.71,200.43,0.33067,-1,-1,-1
343,77,406.63,354.43,112.80,192.13,0.30264,-1,-1,-1
343,8,399.67,486.94,82.55,242.64,0.57385,-1,-1,-1
343,73,443.16,101.16,72.56,190.89,0.30087,-1,-1,-1
344,3,954.97,925.21,60.77,151.01,0.69493,-1,-1,-1
344,4,1722.02,458.89,72.30,207.86,0.60496,-1,-1,-1
344,6,221.35,339.12,62.46,185.75,0.54408,-1,-1,-1
344,41,415.66,964.97,80.50,113.62,0.72696,-1,-1,-1
344,34,497.22,503.42,68.23,211.58,0.64515,-1,-1,-1
344,16,926.34,15.43,62.09,166.04,0.34738,-1,-1,-1
344,51,456.41,883.78,96.74,144.68,0.67955,-1,-1,-1
344,48,976.03,56.27,58.09,176.90,0.38159,-1,-1,-1
344,38,840.31,454.80,74.19,208.60,0.33098,-1,-1,-1
344,5,1546.27,617.82,84.54,239.11,0.59076,-1,-1,-1
344,76,983.81,405.30,60.70,192.24,0.58000,-1,-1,-1
344,62,1033.91,66.41,54.31,171.73,0.33374,-1,-1,-1
344,79,910.02,462.81,53.93,196.33,0.38808,-1,-1,-1
344,77,405.75,353.44,115.90,202.05,0.33252,-1,-1,-1
344,8,397.70,487.10,81.83,242.42,0.62597,-1,-1,-1
344,73,442.21,101.69,73.04,189.34,0.32174,-1,-1,-1
345,3,955.74,925.76,61.11,150.01,0.69954,-1,-1,-1
345,4,1721.72,458.67,72.21,207.13,0.61179,-1,-1,-1
345,6,220.66,338.49,62.62,185.54,0.51413,-1,-1,-1
345,41,418.51,965.34,81.47,112.67,0.70518,-1,-1,-1
345,34,496.99,505.45,67.89,210.81,0.56560,-1,-1,-1
345,16,926.15,15.57,62.57,165.69,0.36861,-1,-1,-1
345,51,456.84,885.31,101.02,148.93,0.65984,-1,-1,-1
345,48,976.25,54.22,56.89,173.63,0.41726,-1,-1,-1
345,38,838.53,454.77,75.35,214.47,0.34090,-1,-1,-1
345,5,1547.00,618.63,84.80,239.86,0.56683,-1,-1,-1
345,76,986.03,407.15,61.33,193.33,0.52888,-1,-1,-1
345,62,1034.39,66.18,53.49,169.44,0.34086,-1,-1,-1
345,79,910.86,463.24,53.95,194.75,0.39228,-1,-1,-1
345,77,408.79,352.23,111.11,197.79,0.37549,-1,-1,-1
345,8,397.57,487.83,80.54,239.30,0.66724,-1,-1,-1
346,3,956.28,926.40,61.67,149.39,0.71325,-1,-1,-1
346,4,1722.08,458.01,72.47,207.69,0.61360,-1,-1,-1
346,6,220.52,337.53,63.39,186.69,0.51202,-1,-1,-1
346,41,422.03,965.75,83.94,112.95,0.70443,-1,-1,-1
346,34,491.89,507.62,67.90,207.42,0.55147,-1,-1,-1
346,16,925.08,14.52,64.48,169.66,0.33094,-1,-1,-1
346,51,457.77,886.13,103.95,152.29,0.66946,-1,-1,-1
346,48,975.42,54.25,57.18,174.50,0.36252,-1,-1,-1
346,38,839.21,454.25,71.61,204.54,0.37953,-1,-1,-1
346,5,1551.04,620.15,83.27,237.20,0.56913,-1,-1,-1
346,76,987.62,408.20,62.13,194.64,0.46257,-1,-1,-1
346,79,909.23,463.91,55.39,196.92,0.46366,-1,-1,-1
346,77,409.54,349.99,110.91,203.13,0.32206,-1,-1,-1
346,8,396.78,487.66,79.72,236.35,0.70097,-1,-1,-1
347,3,956.61,927.29,62.28,148.45,0.70338,-1,-1,-1
347,4,1722.56,458.17,72.73,208.69,0.62545,-1,-1,-1
347,6,219.89,336.74,63.90,187.19,0.45187,-1,-1,-1
347,41,422.83,966.25,85.57,112.85,0.69735,-1,-1,-1
347,34,488.92,510.46,67.56,202.50,0.53412,-1,-1,-1
347,51,458.07,887.72,105.39,154.02,0.67313,-1,-1,-1
347,48,975.11,53.97,57.15,174.31,0.36397,-1,-1,-1
347,38,839.87,455.11,70.43,202.04,0.33607,-1,-1,-1
347,5,1551.51,621.24,82.92,235.71,0.55723,-1,-1,-1
347,76,990.60,409.64,62.06,193.62,0.53094,-1,-1,-1
347,79,910.78,465.36,56.11,196.67,0.45876,-1,-1,-1
347,77,410.21,348.50,110.10,208.17,0.33600,-1,-1,-1
347,8,396.66,488.88,79.21,233.92,0.71132,-1,-1,-1
347,80,465.58,583.63,74.66,232.82,0.39425,-1,-1,-1
348,3,956.26,927.56,63.21,148.58,0.72897,-1,-1,-1
348,4,1722.54,457.92,72.85,208.89,0.61535,-1,-1,-1
348,6,219.22,336.16,63.95,186.29,0.40545,-1,-1,-1
348,41,424.07,967.46,86.21,111.56,0.70876,-1,-1,-1
348,34,489.34,512.51,66.16,195.52,0.44429,-1,-1,-1
348,51,454.96,890.27,108.89,160.07,0.64373,-1,-1,-1
348,48,974.53,52.32,56.45,172.59,0.34275,-1,-1,-1
348,5,1553.50,621.84,82.33,233.60,0.53820,-1,-1,-1
348,76,994.30,410.53,61.85,193.06,0.58407,-1,-1,-1
348,79,910.99,466.24,56.97,197.18,0.52101,-1,-1,-1
348,77,415.56,347.35,101.68,197.33,0.39440,-1,-1,-1
348,8,395.30,489.76,79.30,233.25,0.72169,-1,-1,-1
348,80,469.09,573.40,78.84,245.89,0.59831,-1,-1,-1
349,3,956.87,927.93,64.02,147.79,0.73841,-1,-1,-1
349,4,1722.65,457.85,72.71,208.52,0.60262,-1,-1,-1
349,6,218.65,334.21,64.71,187.87,0.43505,-1,-1,-1
349,41,425.34,969.42,86.50,109.93,0.70473,-1,-1,-1
349,51,454.15,892.43,109.95,163.40,0.64132,-1,-1,-1
349,48,973.59,51.65,56.51,173.33,0.45541,-1,-1,-1
349,5,1553.91,622.22,83.54,236.28,0.54828,-1,-1,-1
349,76,997.01,411.55,62.02,193.15,0.60467,-1,-1,-1
349,79,910.10,469.03,57.17,197.10,0.47256,-1,-1,-1
349,77,415.80,345.31,101.37,202.22,0.44966,-1,-1,-1
349,8,393.82,489.76,79.36,233.42,0.71867,-1,-1,-1
349,80,473.05,576.23,78.07,243.62,0.66503,-1,-1,-1
350,3,957.00,928.66,64.88,146.88,0.72811,-1,-1,-1
350,4,1722.55,457.73,72.56,207.72,0.60716,-1,-1,-1
350,6,217.31,333.17,64.78,187.19,0.39460,-1,-1,-1
350,41,427.09,972.09,86.57,107.70,0.69340,-1,-1,-1
350,51,456.01,894.67,106.52,160.58,0.61672,-1,-1,-1
350,48,972.85,50.09,56.99,175.74,0.38725,-1,-1,-1
350,5,1555.12,623.19,84.81,239.22,0.53439,-1,-1,-1
350,76,1000.66,411.30,62.41,194.01,0.61569,-1,-1,-1
350,79,910.51,468.77,58.84,200.88,0.41067,-1,-1,-1
350,77,416.52,342.85,100.12,205.24,0.44478,-1,-1,-1
350,8,392.08,491.19,79.23,232.86,0.66530,-1,-1,-1
350,80,477.96,577.68,77.62,242.20,0.57083,-1,-1,-1
351,3,957.29,929.69,66.12,146.62,0.73617,-1,-1,-1
351,4,1722.40,457.92,72.80,208.48,0.58017,-1,-1,-1
351,6,215.28,330.47,65.05,187.18,0.30966,-1,-1,-1
351,41,428.95,975.53,85.73,104.26,0.69749,-1,-1,-1
351,51,458.87,897.92,102.27,156.57,0.58708,-1,-1,-1
351,48,972.20,49.38,57.10,176.98,0.46858,-1,-1,-1
351,5,1555.69,623.85,85.26,237.54,0.55944,-1,-1,-1
351,76,1002.71,409.77,62.77,194.89,0.59341,-1,-1,-1
351,79,911.10,469.54,60.14,203.39,0.37337,-1,-1,-1
351,77,417.55,339.79,98.30,206.64,0.46692,-1,-1,-1
351,8,391.20,493.45,79.11,233.36,0.68224,-1,-1,-1
351,80,479.22,537.73,89.75,280.55,0.65919,-1,-1,-1
352,3,957.00,930.03,67.61,147.05,0.72568,-1,-1,-1
352,4,1722.70,457.28,73.03,209.20,0.59593,-1,-1,-1
352,6,213.00,328.15,65.71,188.42,0.31712,-1,-1,-1
352,41,432.57,979.45,85.11,100.47,0.69018,-1,-1,-1
352,51,461.73,900.18,98.17,152.44,0.57208,-1,-1,-1
352,48,971.01,47.94,57.29,178.34,0.43197,-1,-1,-1
352,5,1555.04,625.54,86.43,238.55,0.55415,-1,-1,-1
352,76,1006.79,410.32,62.52,194.29,0.59538,-1,-1,-1
352,79,911.90,471.92,60.55,203.17,0.43796,-1,-1,-1
352,77,416.81,337.76,97.88,211.56,0.38250,-1,-1,-1
352,8,390.29,495.12,79.10,234.27,0.70861,-1,-1,-1
352,80,488.15,550.84,86.38,266.18,0.65725,-1,-1,-1
353,3,957.06,930.39,69.01,147.26,0.74757,-1,-1,-1
353,4,1722.23,457.89,73.19,209.63,0.60591,-1,-1,-1
353,6,212.46,325.61,65.71,188.27,0.30406,-1,-1,-1
353,41,434.44,983.26,84.57,96.74,0.68664,-1,-1,-1
353,51,462.62,902.42,96.59,151.60,0.48223,-1,-1,-1
353,48,969.33,47.20,57.63,179.27,0.37083,-1,-1,-1
353,5,1560.61,625.07,86.44,239.93,0.51504,-1,-1,-1
353,76,1009.80,411.08,62.76,194.34,0.64796,-1,-1,-1
353,79,912.22,473.62,60.81,202.46,0.48284,-1,-1,-1
353,77,420.48,334.96,93.27,205.41,0.45320,-1,-1,-1
353,8,389.46,496.78,79.09,235.36,0.70237,-1,-1,-1
353,80,495.03,565.91,83.26,250.18,0.72179,-1,-1,-1
353,38,842.83,458.97,75.49,219.10,0.37064,-1,-1,-1
354,3,957.03,930.83,70.07,147.02,0.74710,-1,-1,-1
354,4,1722.10,458.04,73.19,209.86,0.58916,-1,-1,-1
354,6,213.01,324.17,65.06,186.91,0.30028,-1,-1,-1
354,41,437.27,988.90,82.23,91.10,0.65142,-1,-1,-1
354,51,465.01,907.16,93.94,149.47,0.51928,-1,-1,-1
354,48,967.52,46.91,57.90,179.02,0.31730,-1,-1,-1
354,5,1563.66,625.99,87.53,244.28,0.52460,-1,-1,-1
354,76,1013.31,413.29,63.03,194.02,0.59597,-1,-1,-1
354,79,912.50,476.71,61.23,201.30,0.46265,-1,-1,-1
354,77,421.37,334.40,91.37,204.32,0.42685,-1,-1,-1
354,8,388.86,498.40,79.14,235.49,0.68457,-1,-1,-1
354,80,497.42,573.13,83.02,242.61,0.73633,-1,-1,-1
354,38,842.36,460.49,75.42,221.67,0.36667,-1,-1,-1
355,3,956.76,930.13,71.53,147.64,0.74658,-1,-1,-1
355,4,1722.31,458.19,72.72,208.96,0.60620,-1,-1,-1
355,41,441.52,993.93,79.15,85.33,0.61698,-1,-1,-1
355,51,464.94,910.29,97.30,157.60,0.57779,-1,-1,-1
355,5,1566.43,627.91,87.61,245.56,0.55510,-1,-1,-1
355,76,1016.43,416.34,62.79,191.97,0.57120,-1,-1,-1
355,79,912.27,480.07,61.20,199.12,0.40298,-1,-1,-1
355,77,420.44,333.32,91.93,208.57,0.45259,-1,-1,-1
355,8,388.29,500.65,79.53,236.33,0.69443,-1,-1,-1
355,80,497.62,577.52,84.07,238.72,0.75712,-1,-1,-1
355,38,842.37,462.78,74.91,222.42,0.37275,-1,-1,-1
356,3,956.45,929.34,72.42,147.60,0.74358,-1,-1,-1
356,4,1722.21,458.25,72.54,208.73,0.60562,-1,-1,-1
356,41,444.72,998.05,77.15,81.06,0.61686,-1,-1,-1
356,51,467.23,914.81,96.12,157.64,0.54917,-1,-1,-1
356,5,1568.01,627.83,87.70,246.45,0.58491,-1,-1,-1
356,76,1018.77,418.44,63.07,190.89,0.50408,-1,-1,-1
356,79,911.89,481.97,62.41,202.20,0.42152,-1,-1,-1
356,77,420.22,332.27,91.81,210.84,0.47146,-1,-1,-1
356,8,386.69,503.13,79.59,236.44,0.69900,-1,-1,-1
356,80,497.12,576.10,86.83,240.03,0.73060,-1,-1,-1
356,38,843.57,464.24,73.75,220.75,0.42486,-1,-1,-1
356,62,1030.92,63.21,52.01,161.41,0.30005,-1,-1,-1
356,48,965.24,50.21,57.11,174.34,0.33541,-1,-1,-1
357,3,956.43,928.28,73.65,148.62,0.72916,-1,-1,-1
357,4,1722.38,458.29,72.23,208.04,0.58897,-1,-1,-1
357,41,448.89,1003.02,74.38,76.01,0.55232,-1,-1,-1
357,51,471.56,919.23,94.51,157.14,0.51614,-1,-1,-1
357,5,1569.97,629.96,86.98,244.80,0.58826,-1,-1,-1
357,76,1022.72,420.61,64.98,193.06,0.43973,-1,-1,-1
357,79,912.36,484.76,61.89,199.56,0.48546,-1,-1,-1
357,77,419.76,330.63,92.16,213.78,0.44513,-1,-1,-1
357,8,385.06,504.97,79.71,236.86,0.68788,-1,-1,-1
357,80,497.59,574.17,89.83,242.06,0.70844,-1,-1,-1
357,38,845.13,466.64,72.08,216.35,0.47749,-1,-1,-1
357,34,472.12,520.77,70.89,216.05,0.41896,-1,-1,-1
358,3,956.35,927.65,75.24,151.27,0.72407,-1,-1,-1
358,4,1722.69,458.10,72.18,208.12,0.57960,-1,-1,-1
358,41,449.86,1006.75,72.59,72.42,0.55722,-1,-1,-1
358,51,477.92,921.67,92.82,155.49,0.59961,-1,-1,-1
358,5,1570.72,632.21,86.26,243.12,0.53657,-1,-1,-1
358,76,1023.84,422.79,66.46,193.62,0.50550,-1,-1,-1
358,79,913.33,486.73,62.05,199.37,0.47887,-1,-1,-1
358,77,420.01,330.69,90.72,211.98,0.45303,-1,-1,-1
358,8,383.35,506.31,80.68,240.12,0.69827,-1,-1,-1
358,80,499.10,577.25,90.86,238.68,0.75382,-1,-1,-1
358,38,846.23,468.03,71.65,215.83,0.48992,-1,-1,-1
358,34,472.74,521.52,70.90,218.29,0.54207,-1,-1,-1
358,6,213.45,318.45,63.36,183.62,0.35498,-1,-1,-1
358,48,965.36,54.66,55.60,168.51,0.31745,-1,-1,-1
359,3,956.77,927.36,75.23,150.24,0.71439,-1,-1,-1
359,4,1722.40,457.36,72.46,208.96,0.58408,-1,-1,-1
359,41,453.50,1010.98,71.13,68.67,0.54108,-1,-1,-1
359,51,480.78,923.22,91.53,154.04,0.56828,-1,-1,-1
359,5,1570.86,634.63,86.15,242.66,0.58385,-1,-1,-1
359,76,1025.65,425.54,67.34,192.79,0.50082,-1,-1,-1
359,79,914.64,488.15,62.07,198.68,0.44463,-1,-1,-1
359,77,420.34,329.99,89.82,211.64,0.47821,-1,-1,-1
359,8,381.92,507.33,81.18,242.00,0.69109,-1,-1,-1
359,80,499.11,578.74,92.05,236.83,0.73943,-1,-1,-1
359,38,846.87,473.10,72.10,216.94,0.55326,-1,-1,-1
359,34,472.92,523.58,70.19,217.94,0.53470,-1,-1,-1
359,82,1752.02,74.29,56.99,171.80,0.34148,-1,-1,-1
359,6,210.77,317.31,63.95,184.94,0.37471,-1,-1,-1
359,48,964.13,55.87,55.67,168.94,0.37203,-1,-1,-1
359,62,1028.40,61.90,53.57,163.68,0.33274,-1,-1,-1
360,3,956.96,926.87,75.69,150.61,0.71471,-1,-1,-1
360,4,1722.51,457.57,72.19,208.21,0.61829,-1,-1,-1
360,41,454.89,1012.68,71.43,67.19,0.51844,-1,-1,-1
360,51,485.29,924.59,90.83,153.82,0.60475,-1,-1,-1
360,5,1569.73,635.44,86.23,244.05,0.58086,-1,-1,-1
360,76,1027.91,426.00,69.50,196.71,0.51771,-1,-1,-1
360,79,916.00,488.33,62.26,198.92,0.47035,-1,-1,-1
360,77,421.70,329.11,88.32,210.25,0.50825,-1,-1,-1
360,8,380.40,508.28,81.43,242.52,0.72154,-1,-1,-1
360,80,500.14,580.40,93.09,235.46,0.69591,-1,-1,-1
360,38,848.04,475.54,72.95,219.07,0.56217,-1,-1,-1
360,34,472.51,527.09,69.50,219.43,0.62029,-1,-1,-1
360,82,1752.37,75.33,56.96,171.76,0.33700,-1,-1,-1
360,6,209.71,317.13,64.04,185.14,0.38157,-1,-1,-1
360,48,963.01,55.17,56.02,169.83,0.36765,-1,-1,-1
360,62,1027.49,61.88,53.74,162.25,0.34329,-1,-1,-1
361,3,957.40,926.43,76.14,151.16,0.71901,-1,-1,-1
361,4,1722.74,457.70,72.30,208.61,0.61209,-1,-1,-1
361,41,457.25,1015.18,70.69,64.22,0.44120,-1,-1,-1
361,51,489.67,925.08,91.03,154.92,0.65277,-1,-1,-1
361,5,1568.55,636.06,85.87,243.62,0.61444,-1,-1,-1
361,76,1030.67,428.28,69.98,196.32,0.45216,-1,-1,-1
361,79,917.06,488.06,63.11,200.59,0.48666,-1,-1,-1
361,77,423.11,328.32,86.83,208.96,0.51470,-1,-1,-1
361,8,378.99,509.06,81.25,242.64,0.70795,-1,-1,-1
361,80,502.77,578.28,94.45,237.49,0.65652,-1,-1,-1
361,38,849.33,477.35,73.00,219.52,0.61992,-1,-1,-1
361,34,471.75,528.73,71.25,227.10,0.63682,-1,-1,-1
361,82,1752.95,76.84,57.29,172.79,0.36836,-1,-1,-1
361,48,960.07,53.07,56.91,171.45,0.40770,-1,-1,-1
361,62,1026.42,60.77,53.89,161.82,0.38449,-1,-1,-1
362,3,958.24,926.24,76.13,151.45,0.68257,-1,-1,-1
362,4,1722.87,457.87,72.39,208.68,0.58893,-1,-1,-1
362,41,457.04,1017.81,68.68,61.00,0.44736,-1,-1,-1
362,51,494.80,927.01,90.62,152.99,0.67288,-1,-1,-1
362,5,1569.56,635.41,85.93,244.91,0.55406,-1,-1,-1
362,76,1032.86,429.59,70.28,195.58,0.47367,-1,-1,-1
362,79,917.07,489.65,63.30,199.95,0.39707,-1,-1,-1
362,77,426.16,325.79,84.80,206.67,0.48563,-1,-1,-1
362,8,377.17,510.04,80.61,241.27,0.69105,-1,-1,-1
362,80,509.42,577.65,93.52,235.88,0.60160,-1,-1,-1
362,38,849.79,478.11,72.72,219.07,0.54872,-1,-1,-1
362,34,469.77,527.27,72.50,233.63,0.69529,-1,-1,-1
362,82,1753.63,81.18,56.42,170.14,0.38055,-1,-1,-1
362,48,957.67,50.62,58.02,173.66,0.41898,-1,-1,-1
362,62,1025.70,59.90,54.27,162.68,0.38225,-1,-1,-1
363,3,959.25,926.07,75.91,151.52,0.64520,-1,-1,-1
363,4,1722.98,458.09,72.35,208.44,0.59741,-1,-1,-1
363,41,459.15,1018.74,70.15,60.50,0.51135,-1,-1,-1
363,51,499.41,928.87,90.55,151.13,0.65502,-1,-1,-1
363,5,1570.98,635.24,85.54,244.58,0.58026,-1,-1,-1
363,76,1035.68,430.06,70.42,195.71,0.53567,-1,-1,-1
363,79,917.23,491.60,63.21,198.62,0.45203,-1,-1,-1
363,77,428.52,324.15,83.83,207.72,0.48977,-1,-1,-1
363,8,375.71,510.27,80.28,240.57,0.70809,-1,-1,-1
363,80,515.41,576.94,92.73,234.09,0.61830,-1,-1,-1
363,38,850.95,479.09,71.88,217.62,0.59301,-1,-1,-1
363,34,470.11,533.24,70.92,229.49,0.71341,-1,-1,-1
363,82,1753.39,81.89,56.51,170.42,0.37311,-1,-1,-1
363,48,956.82,48.73,58.13,173.41,0.34420,-1,-1,-1
363,62,1025.34,59.40,54.38,161.90,0.43965,-1,-1,-1
364,3,960.50,925.44,76.01,152.49,0.66268,-1,-1,-1
364,4,1722.47,458.01,72.43,208.31,0.58946,-1,-1,-1
364,41,460.44,1019.03,71.98,60.74,0.49858,-1,-1,-1
364,51,504.62,931.88,89.98,148.12,0.66974,-1,-1,-1
364,5,1571.29,634.31,85.44,245.97,0.55329,-1,-1,-1
364,76,1039.76,430.45,70.03,194.64,0.60555,-1,-1,-1
364,79,917.76,492.50,63.15,197.96,0.41531,-1,-1,-1
364,77,429.87,322.71,82.35,207.25,0.48722,-1,-1,-1
364,8,373.91,511.41,79.99,239.92,0.69162,-1,-1,-1
364,80,521.66,576.26,92.63,235.51,0.65862,-1,-1,-1
364,38,851.94,478.77,71.90,217.77,0.55641,-1,-1,-1
364,34,469.43,537.98,69.60,226.16,0.72094,-1,-1,-1
364,82,1753.65,82.85,56.26,169.73,0.31038,-1,-1,-1
364,48,956.90,47.57,58.02,173.00,0.31001,-1,-1,-1
364,62,1024.38,58.43,55.01,162.55,0.38203,-1,-1,-1
364,85,794.93,154.04,55.02,166.11,0.32526,-1,-1,-1
365,3,961.01,924.00,76.40,154.33,0.67691,-1,-1,-1
365,4,1722.51,457.18,72.69,209.21,0.57170,-1,-1,-1
365,41,460.60,1017.75,74.65,62.20,0.46569,-1,-1,-1
365,51,509.46,934.12,90.04,145.88,0.67539,-1,-1,-1
365,5,1572.38,635.25,84.24,243.92,0.60502,-1,-1,-1
365,76,1043.46,431.08,69.73,194.00,0.62324,-1,-1,-1
365,79,917.68,491.11,63.86,199.56,0.40533,-1,-1,-1
365,77,430.74,318.60,81.54,208.92,0.53312,-1,-1,-1
365,8,371.21,512.55,79.60,238.50,0.69273,-1,-1,-1
365,80,529.90,574.20,91.92,237.13,0.64392,-1,-1,-1
365,38,851.82,479.40,71.62,216.49,0.53471,-1,-1,-1
365,34,468.49,538.32,69.64,227.58,0.71486,-1,-1,-1
365,62,1023.43,58.11,55.31,162.06,0.38859,-1,-1,-1
365,85,795.02,154.27,54.95,165.86,0.31240,-1,-1,-1
366,3,962.34,923.10,76.44,155.55,0.70548,-1,-1,-1
366,4,1722.20,457.30,72.66,209.17,0.58047,-1,-1,-1
366,41,459.61,1017.91,74.77,62.09,0.39157,-1,-1,-1
366,51,514.53,936.71,89.98,143.29,0.67439,-1,-1,-1
366,5,1573.43,633.96,84.75,246.08,0.56084,-1,-1,-1
366,76,1046.41,430.84,69.96,195.14,0.63440,-1,-1,-1
366,79,917.42,490.60,64.52,200.76,0.45452,-1,-1,-1
366,77,432.62,316.46,80.45,209.29,0.53551,-1,-1,-1
366,8,367.99,512.67,79.53,237.65,0.73875,-1,-1,-1
366,80,535.78,572.97,90.87,238.93,0.70787,-1,-1,-1
366,38,851.50,480.05,71.49,215.74,0.58188,-1,-1,-1
366,34,467.07,539.43,70.04,230.91,0.73758,-1,-1,-1
366,62,1022.31,58.94,54.22,158.10,0.41330,-1,-1,-1
366,85,794.54,153.85,55.30,166.97,0.34567,-1,-1,-1
366,73,440.81,80.74,72.14,192.52,0.31736,-1,-1,-1
366,48,958.23,49.29,56.52,167.44,0.32431,-1,-1,-1
367,3,963.42,921.78,76.28,156.40,0.70962,-1,-1,-1
367,4,1721.78,457.54,72.66,209.44,0.57557,-1,-1,-1
367,41,462.84,1020.98,71.13,59.02,0.34421,-1,-1,-1
367,51,516.35,940.53,89.55,139.47,0.68503,-1,-1,-1
367,5,1576.53,639.24,83.93,241.83,0.57748,-1,-1,-1
367,76,1049.64,431.07,69.58,194.63,0.62707,-1,-1,-1
367,79,916.78,491.14,65.09,202.06,0.44147,-1,-1,-1
367,77,434.00,314.21,79.43,209.40,0.56067,-1,-1,-1
367,8,365.27,514.33,79.57,235.99,0.75454,-1,-1,-1
367,80,539.12,572.16,90.25,241.76,0.69176,-1,-1,-1
367,38,851.77,480.23,72.07,217.27,0.59924,-1,-1,-1
367,34,465.56,540.38,70.12,233.04,0.73857,-1,-1,-1
367,62,1021.76,58.60,53.71,155.93,0.42908,-1,-1,-1
367,85,794.45,153.69,55.40,167.44,0.33211,-1,-1,-1
367,48,957.89,47.79,56.85,167.63,0.32020,-1,-1,-1
368,3,964.92,921.29,76.08,157.12,0.69169,-1,-1,-1
368,4,1722.43,457.86,72.38,208.12,0.57951,-1,-1,-1
368,51,519.39,943.23,89.80,136.77,0.69242,-1,-1,-1
368,5,1578.47,643.49,83.04,236.65,0.51887,-1,-1,-1
368,76,1053.05,432.07,70.05,196.79,0.66375,-1,-1,-1
368,79,916.48,492.05,65.45,202.30,0.48792,-1,-1,-1
368,77,435.19,312.65,78.28,208.70,0.56983,-1,-1,-1
368,8,362.96,515.24,80.07,235.21,0.76967,-1,-1,-1
368,80,542.57,571.75,88.95,241.50,0.69041,-1,-1,-1
368,38,851.34,481.01,71.92,217.50,0.63412,-1,-1,-1
368,34,464.19,541.06,69.99,233.67,0.75191,-1,-1,-1
368,62,1021.34,57.98,53.43,154.47,0.44558,-1,-1,-1
368,85,795.26,152.14,55.96,168.77,0.32933,-1,-1,-1
369,3,966.31,920.94,75.98,157.90,0.71541,-1,-1,-1
369,4,1723.22,458.13,72.28,206.88,0.57049,-1,-1,-1
369,51,523.34,946.11,90.14,133.89,0.69716,-1,-1,-1
369,5,1578.46,645.08,83.48,236.46,0.51499,-1,-1,-1
369,76,1056.79,432.93,69.43,195.10,0.62176,-1,-1,-1
369,79,915.24,493.54,66.23,203.83,0.39806,-1,-1,-1
369,77,436.04,310.59,77.63,209.87,0.53369,-1,-1,-1
369,8,360.15,516.14,81.87,238.10,0.75399,-1,-1,-1
369,80,544.72,572.13,88.08,241.28,0.68548,-1,-1,-1
369,38,850.20,482.21,71.87,219.05,0.57331,-1,-1,-1
369,34,463.15,541.43,69.59,233.41,0.73259,-1,-1,-1
369,62,1020.14,57.19,53.78,155.32,0.44215,-1,-1,-1
369,85,795.58,151.90,56.21,169.29,0.33270,-1,-1,-1
369,48,957.94,47.52,56.73,167.86,0.30683,-1,-1,-1
370,3,967.31,919.84,76.06,158.63,0.72775,-1,-1,-1
370,4,1722.95,457.75,72.68,207.79,0.58618,-1,-1,-1
370,51,527.62,950.75,89.78,129.25,0.68483,-1,-1,-1
370,5,1578.52,645.05,83.88,235.61,0.46572,-1,-1,-1
370,76,1059.04,434.62,70.09,197.83,0.61827,-1,-1,-1
370,79,916.09,497.11,66.19,203.31,0.37562,-1,-1,-1
370,77,436.96,309.13,77.51,212.36,0.54391,-1,-1,-1
370,8,356.62,518.42,83.70,241.37,0.71728,-1,-1,-1
370,80,546.45,572.35,87.64,241.06,0.66243,-1,-1,-1
370,38,850.41,482.58,70.92,217.61,0.46600,-1,-1,-1
370,34,461.99,541.75,69.31,233.05,0.72695,-1,-1,-1
370,62,1018.09,55.83,55.04,158.06,0.40091,-1,-1,-1
370,85,795.97,152.37,56.14,168.25,0.31440,-1,-1,-1
371,3,968.55,918.06,76.56,160.31,0.72267,-1,-1,-1
371,4,1723.11,457.75,72.78,207.55,0.55785,-1,-1,-1
371,51,530.32,954.51,90.05,125.49,0.69601,-1,-1,-1
371,5,1579.15,640.20,85.99,239.47,0.39757,-1,-1,-1
371,76,1062.11,435.88,70.41,198.96,0.66602,-1,-1,-1
371,79,916.15,501.91,66.56,203.54,0.47304,-1,-1,-1
371,77,438.20,309.44,76.27,210.68,0.50462,-1,-1,-1
371,8,353.17,521.52,84.80,242.08,0.69928,-1,-1,-1
371,80,550.65,572.16,88.54,241.52,0.63738,-1,-1,-1
371,38,849.60,482.87,72.25,223.18,0.45916,-1,-1,-1
371,34,460.71,542.11,69.09,232.79,0.71480,-1,-1,-1
371,62,1016.89,54.32,56.17,160.27,0.33677,-1,-1,-1
371,85,796.30,152.89,56.41,168.14,0.30316,-1,-1,-1
371,82,1762.51,93.24,53.20,159.55,0.33814,-1,-1,-1
372,3,970.24,917.21,77.00,161.19,0.74078,-1,-1,-1
372,4,1723.13,458.51,72.96,206.94,0.53641,-1,-1,-1
372,51,532.57,958.65,89.85,121.35,0.68256,-1,-1,-1
372,5,1578.47,644.70,85.23,234.82,0.44578,-1,-1,-1
372,76,1064.14,438.42,71.40,202.22,0.66017,-1,-1,-1
372,79,915.25,504.85,67.07,203.65,0.47077,-1,-1,-1
372,77,439.49,309.86,75.39,209.95,0.55033,-1,-1,-1
372,8,351.48,524.29,85.86,242.81,0.71943,-1,-1,-1
372,80,556.30,571.32,90.78,242.66,0.65601,-1,-1,-1
372,38,849.41,484.06,72.21,224.07,0.40677,-1,-1,-1
372,34,459.66,542.49,68.65,231.31,0.71077,-1,-1,-1
372,62,1015.86,53.46,57.22,162.90,0.37060,-1,-1,-1
372,82,1764.24,95.94,52.96,157.25,0.36645,-1,-1,-1
373,3,971.84,915.92,77.51,162.17,0.73259,-1,-1,-1
373,4,1722.95,458.15,73.71,207.68,0.53651,-1,-1,-1
373,51,533.59,962.32,90.02,117.68,0.66511,-1,-1,-1
373,5,1577.94,645.47,85.15,232.57,0.42217,-1,-1,-1
373,76,1066.84,440.75,71.61,203.03,0.64748,-1,-1,-1
373,79,915.36,505.85,67.77,205.00,0.47778,-1,-1,-1
373,77,440.25,309.26,74.84,210.16,0.55570,-1,-1,-1
373,8,350.04,526.60,85.87,240.71,0.69903,-1,-1,-1
373,80,559.10,571.02,92.78,243.03,0.66448,-1,-1,-1
373,38,849.06,485.58,71.48,223.08,0.38360,-1,-1,-1
373,34,458.60,543.47,68.20,230.10,0.70504,-1,-1,-1
373,62,1015.53,52.86,57.04,162.15,0.38220,-1,-1,-1
374,3,972.75,915.39,77.89,162.84,0.73090,-1,-1,-1
374,4,1722.22,457.26,74.26,207.86,0.54880,-1,-1,-1
374,51,534.57,964.76,90.61,115.24,0.65544,-1,-1,-1
374,5,1577.17,645.96,86.01,232.65,0.42815,-1,-1,-1
374,76,1070.85,442.76,70.92,202.31,0.62284,-1,-1,-1
374,79,914.88,506.71,68.16,205.62,0.55166,-1,-1,-1
374,77,441.36,308.61,74.02,209.27,0.59709,-1,-1,-1
374,8,348.07,527.80,85.84,238.95,0.70033,-1,-1,-1
374,80,561.96,569.86,94.51,243.94,0.65648,-1,-1,-1
374,38,849.99,487.81,70.15,219.73,0.44289,-1,-1,-1
374,34,457.40,545.13,67.41,227.15,0.70530,-1,-1,-1
374,62,1014.73,52.34,56.95,161.91,0.39888,-1,-1,-1
374,85,795.60,152.65,56.53,166.83,0.31218,-1,-1,-1
375,3,973.27,914.38,78.63,164.38,0.72167,-1,-1,-1
375,4,1720.98,457.10,74.82,208.37,0.57709,-1,-1,-1
375,51,535.56,966.82,91.05,113.18,0.63907,-1,-1,-1
375,76,1074.95,444.11,70.85,203.08,0.59084,-1,-1,-1
375,79,914.67,507.42,68.31,205.81,0.55585,-1,-1,-1
375,77,443.01,307.35,73.59,209.37,0.60491,-1,-1,-1
375,8,346.50,528.86,86.17,238.21,0.69032,-1,-1,-1
375,80,566.13,568.36,96.17,245.12,0.63285,-1,-1,-1
375,38,851.29,490.15,68.96,217.33,0.40525,-1,-1,-1
375,34,456.75,546.77,66.88,223.96,0.73497,-1,-1,-1
375,62,1014.45,51.94,56.57,160.72,0.42029,-1,-1,-1
375,85,793.76,151.58,57.33,167.78,0.33799,-1,-1,-1
376,3,974.10,912.91,79.37,166.19,0.71738,-1,-1,-1
376,4,1720.38,456.86,75.11,209.33,0.61231,-1,-1,-1
376,51,537.44,969.32,90.62,110.68,0.63571,-1,-1,-1
376,76,1078.46,445.01,70.27,201.84,0.58306,-1,-1,-1
376,79,914.41,507.63,68.43,206.40,0.57557,-1,-1,-1
376,77,444.75,306.32,73.14,209.19,0.59117,-1,-1,-1
376,8,344.30,531.39,86.19,236.58,0.68423,-1,-1,-1
376,80,569.12,565.50,98.37,248.94,0.58469,-1,-1,-1
376,38,851.71,493.75,68.34,216.36,0.50975,-1,-1,-1
376,34,455.29,548.95,66.97,223.73,0.74190,-1,-1,-1
376,62,1013.71,52.41,57.02,162.25,0.37175,-1,-1,-1
376,85,792.41,153.18,57.32,167.48,0.32416,-1,-1,-1
376,5,1577.77,647.51,87.24,233.11,0.31929,-1,-1,-1
377,3,974.06,911.73,80.23,167.47,0.70571,-1,-1,-1
377,4,1720.28,456.74,74.92,209.03,0.62362,-1,-1,-1
377,51,537.66,970.15,91.21,109.85,0.64856,-1,-1,-1
377,76,1080.57,446.98,69.93,201.19,0.59838,-1,-1,-1
377,79,914.12,508.47,68.11,205.53,0.57589,-1,-1,-1
377,77,445.65,304.21,73.17,210.47,0.63818,-1,-1,-1
377,8,342.07,533.77,85.60,233.03,0.68537,-1,-1,-1
377,80,571.92,564.61,99.18,249.55,0.59077,-1,-1,-1
377,38,851.79,495.46,67.68,214.75,0.50734,-1,-1,-1
377,34,453.80,550.65,67.87,226.70,0.73385,-1,-1,-1
377,62,1013.23,51.68,56.80,161.59,0.39534,-1,-1,-1
377,85,792.26,153.19,57.82,167.09,0.30049,-1,-1,-1
378,3,974.67,910.34,81.25,169.42,0.71597,-1,-1,-1
378,4,1720.27,456.53,75.07,209.32,0.61912,-1,-1,-1
378,51,538.76,971.72,90.96,108.28,0.64296,-1,-1,-1
378,76,1084.06,449.06,68.97,198.77,0.63630,-1,-1,-1
378,79,914.63,509.39,67.67,204.65,0.55661,-1,-1,-1
378,77,446.90,302.84,72.91,210.11,0.63237,-1,-1,-1
378,8,340.23,534.93,85.41,231.26,0.69657,-1,-1,-1
378,80,573.73,563.37,98.96,249.14,0.50174,-1,-1,-1
378,38,850.55,493.35,69.47,221.67,0.50708,-1,-1,-1
378,34,452.43,552.81,68.59,229.13,0.72466,-1,-1,-1
378,62,1012.78,51.79,56.74,161.85,0.37934,-1,-1,-1
379,3,975.46,909.66,81.82,170.05,0.72003,-1,-1,-1
379,4,1720.50,456.91,75.03,208.68,0.62044,-1,-1,-1
379,51,539.89,973.18,90.50,106.82,0.61065,-1,-1,-1
379,76,1088.52,449.06,68.81,199.87,0.63414,-1,-1,-1
379,79,915.04,509.20,67.60,204.93,0.56023,-1,-1,-1
379,77,447.44,301.20,72.52,208.94,0.64352,-1,-1,-1
379,8,339.29,536.16,84.80,228.56,0.69524,-1,-1,-1
379,80,576.51,562.24,98.06,249.00,0.40445,-1,-1,-1
379,38,849.91,493.10,70.28,225.03,0.51752,-1,-1,-1
379,34,451.13,554.86,69.53,232.19,0.71448,-1,-1,-1
379,62,1011.95,51.05,57.28,164.25,0.38772,-1,-1,-1
380,3,976.17,908.81,82.32,170.63,0.71039,-1,-1,-1
380,4,1720.28,456.55,75.31,209.35,0.61058,-1,-1,-1
380,51,541.24,974.54,90.00,105.46,0.60820,-1,-1,-1
380,76,1091.16,449.50,68.37,199.37,0.60304,-1,-1,-1
380,79,915.28,507.75,67.63,205.15,0.48141,-1,-1,-1
380,77,448.01,299.27,71.84,206.46,0.59188,-1,-1,-1
380,8,338.23,537.24,84.70,227.26,0.70318,-1,-1,-1
380,38,849.83,492.93,69.07,219.91,0.44354,-1,-1,-1
380,34,449.66,558.02,69.26,231.16,0.73156,-1,-1,-1
380,62,1011.36,50.17,57.28,165.16,0.42940,-1,-1,-1
380,48,955.79,34.65,58.77,177.04,0.30591,-1,-1,-1
381,3,976.67,907.89,82.86,171.51,0.70469,-1,-1,-1
381,4,1719.90,456.37,75.26,209.48,0.63234,-1,-1,-1
381,51,543.63,977.27,88.28,102.73,0.60804,-1,-1,-1
381,76,1093.30,449.67,68.00,198.60,0.66868,-1,-1,-1
381,79,916.24,507.25,67.38,204.80,0.48482,-1,-1,-1
381,77,448.35,297.70,71.12,203.92,0.63158,-1,-1,-1
381,8,336.09,537.91,86.51,232.58,0.75492,-1,-1,-1
381,38,848.60,492.94,69.14,219.89,0.39287,-1,-1,-1
381,34,448.44,560.92,69.76,233.40,0.73505,-1,-1,-1
381,62,1010.98,49.49,57.16,165.83,0.45080,-1,-1,-1
381,48,956.18,33.20,57.96,176.75,0.32101,-1,-1,-1
381,85,791.24,151.83,59.31,169.33,0.30892,-1,-1,-1
381,80,590.30,562.31,92.51,240.48,0.32106,-1,-1,-1
382,3,977.07,907.16,83.18,171.84,0.71944,-1,-1,-1
382,4,1719.41,456.74,74.86,208.40,0.60053,-1,-1,-1
382,51,546.54,980.43,86.09,99.57,0.59961,-1,-1,-1
382,76,1095.09,449.25,68.21,199.60,0.66749,-1,-1,-1
382,79,916.72,509.22,67.17,203.78,0.47027,-1,-1,-1
382,77,448.82,294.99,71.23,203.59,0.62379,-1,-1,-1
382,8,334.80,539.25,87.01,234.87,0.78052,-1,-1,-1
382,34,447.44,562.26,70.08,234.93,0.74291,-1,-1,-1
382,62,1010.46,48.26,57.71,168.86,0.46477,-1,-1,-1
382,48,957.20,32.68,57.07,175.21,0.37045,-1,-1,-1
382,85,791.25,151.68,59.91,169.62,0.30577,-1,-1,-1
383,3,978.01,906.30,83.32,172.30,0.69529,-1,-1,-1
383,4,1719.19,456.55,74.98,209.15,0.60031,-1,-1,-1
383,51,550.73,987.68,80.82,92.32,0.58630,-1,-1,-1
383,76,1097.68,449.40,67.85,198.60,0.65863,-1,-1,-1
383,79,916.60,510.53,67.17,203.09,0.48839,-1,-1,-1
383,77,449.26,292.24,71.65,203.99,0.58041,-1,-1,-1
383,8,333.81,540.17,86.89,235.25,0.77956,-1,-1,-1
383,34,446.71,562.05,70.67,236.63,0.76587,-1,-1,-1
383,62,1010.57,47.55,57.48,169.67,0.44883,-1,-1,-1
383,48,958.64,31.71,55.98,173.03,0.39029,-1,-1,-1
383,85,790.81,151.45,60.54,170.19,0.32918,-1,-1,-1
383,82,1773.99,95.56,56.47,166.12,0.31864,-1,-1,-1
383,38,850.42,496.86,67.51,214.09,0.37470,-1,-1,-1
384,3,978.91,906.06,83.42,172.60,0.69857,-1,-1,-1
384,4,1718.86,456.76,74.44,208.51,0.58610,-1,-1,-1
384,51,555.19,992.68,77.53,87.32,0.57772,-1,-1,-1
384,76,1100.86,452.89,67.90,197.70,0.64840,-1,-1,-1
384,79,917.10,512.45,67.08,202.13,0.57357,-1,-1,-1
384,77,449.24,290.12,72.32,205.36,0.60141,-1,-1,-1
384,8,332.86,540.83,86.98,236.92,0.77473,-1,-1,-1
384,34,445.25,564.13,70.63,235.56,0.77134,-1,-1,-1
384,62,1010.54,46.27,56.98,169.47,0.42247,-1,-1,-1
384,48,958.34,30.58,55.98,173.43,0.32753,-1,-1,-1
384,85,790.28,151.23,61.12,170.42,0.34150,-1,-1,-1
384,82,1773.95,97.88,56.43,163.85,0.37357,-1,-1,-1
384,38,851.46,497.42,67.10,211.73,0.42543,-1,-1,-1
384,73,451.44,75.10,68.59,185.98,0.30550,-1,-1,-1
385,3,979.61,905.68,83.36,172.94,0.70916,-1,-1,-1
385,4,1718.30,456.92,74.15,208.18,0.64842,-1,-1,-1
385,51,558.91,997.23,74.79,82.77,0.56682,-1,-1,-1
385,76,1103.65,454.22,68.95,199.65,0.58267,-1,-1,-1
385,79,919.15,514.47,67.37,203.34,0.52468,-1,-1,-1
385,77,447.87,288.89,73.32,207.08,0.56550,-1,-1,-1
385,8,332.11,541.56,87.24,238.66,0.76850,-1,-1,-1
385,34,444.58,564.51,70.92,235.99,0.76767,-1,-1,-1
385,62,1010.52,45.79,56.85,170.57,0.39006,-1,-1,-1
385,48,957.87,30.51,55.86,172.40,0.35406,-1,-1,-1
385,85,790.15,150.95,61.64,170.74,0.36442,-1,-1,-1
385,82,1773.98,98.39,57.18,164.21,0.36984,-1,-1,-1
385,38,852.37,499.24,66.59,208.71,0.44604,-1,-1,-1
385,73,452.78,74.15,68.20,185.71,0.32015,-1,-1,-1
386,3,980.56,905.03,83.10,173.35,0.67586,-1,-1,-1
386,4,1718.80,457.27,73.82,207.61,0.59884,-1,-1,-1
386,51,563.70,1001.91,72.03,78.09,0.51183,-1,-1,-1
386,76,1108.18,455.91,69.38,200.04,0.53430,-1,-1,-1
386,79,918.97,515.61,67.94,204.74,0.49470,-1,-1,-1
386,77,447.20,287.78,74.37,208.25,0.56934,-1,-1,-1
386,8,331.51,543.84,87.27,239.03,0.74435,-1,-1,-1
386,34,443.15,565.45,71.00,235.74,0.75220,-1,-1,-1
386,62,1010.73,45.68,55.01,165.64,0.34862,-1,-1,-1
386,48,956.09,29.53,56.26,172.21,0.33716,-1,-1,-1
386,85,789.26,150.94,62.20,170.69,0.35858,-1,-1,-1
386,82,1774.51,98.45,58.30,164.72,0.36634,-1,-1,-1
386,38,852.03,500.11,66.86,208.54,0.47884,-1,-1,-1
386,73,453.31,73.70,68.37,185.63,0.33045,-1,-1,-1
387,3,981.67,904.51,82.57,173.39,0.66097,-1,-1,-1
387,4,1719.01,458.06,73.46,206.71,0.55064,-1,-1,-1
387,51,567.23,1005.55,70.28,74.45,0.50129,-1,-1,-1
387,76,1112.26,458.12,70.22,199.50,0.51830,-1,-1,-1
387,79,920.60,517.75,68.78,208.58,0.44615,-1,-1,-1
387,77,447.07,287.62,75.14,208.31,0.57939,-1,-1,-1
387,8,330.49,545.46,88.36,242.61,0.74748,-1,-1,-1
387,34,441.10,565.69,71.01,235.90,0.74564,-1,-1,-1
387,62,1010.94,45.16,53.94,162.83,0.31933,-1,-1,-1
387,48,955.78,29.58,56.44,171.50,0.32407,-1,-1,-1
387,85,788.87,150.49,62.85,171.45,0.34662,-1,-1,-1
387,82,1773.87,96.38,60.00,168.80,0.36668,-1,-1,-1
387,38,851.75,500.21,67.66,210.51,0.43744,-1,-1,-1
388,3,982.45,904.25,82.41,173.78,0.62047,-1,-1,-1
388,4,1718.84,457.48,73.43,207.07,0.54596,-1,-1,-1
388,51,570.64,1010.11,67.76,69.89,0.44629,-1,-1,-1
388,76,1114.83,461.74,71.24,198.65,0.54560,-1,-1,-1
388,79,921.18,519.45,68.65,208.57,0.47365,-1,-1,-1
388,77,446.69,287.19,75.95,208.60,0.59305,-1,-1,-1
388,8,328.29,549.16,89.66,246.23,0.75850,-1,-1,-1
388,34,439.62,567.24,70.71,234.83,0.74620,-1,-1,-1
388,62,1011.46,44.92,52.79,159.34,0.32097,-1,-1,-1
388,48,955.73,29.35,56.65,171.84,0.34404,-1,-1,-1
388,85,789.57,150.65,62.76,170.97,0.34779,-1,-1,-1
388,82,1773.58,94.10,61.55,172.27,0.36200,-1,-1,-1
388,38,851.56,501.75,67.65,209.78,0.43278,-1,-1,-1
389,3,983.31,904.40,82.22,173.74,0.65411,-1,-1,-1
389,4,1719.26,457.47,73.63,208.09,0.55527,-1,-1,-1
389,51,572.79,1013.14,66.65,66.86,0.43063,-1,-1,-1
389,76,1117.81,463.46,73.32,200.39,0.48106,-1,-1,-1
389,79,922.68,523.64,67.75,204.68,0.53246,-1,-1,-1
389,77,445.62,286.71,76.86,209.04,0.61138,-1,-1,-1
389,8,326.95,551.71,89.83,246.18,0.77544,-1,-1,-1
389,34,438.56,568.19,70.56,233.45,0.76474,-1,-1,-1
389,62,1010.73,44.01,53.35,161.24,0.35820,-1,-1,-1
389,48,954.68,29.07,56.91,172.01,0.34750,-1,-1,-1
389,85,789.82,150.88,62.78,170.63,0.35703,-1,-1,-1
389,82,1772.23,86.62,64.07,180.09,0.34852,-1,-1,-1
389,38,853.55,501.41,64.63,197.83,0.42918,-1,-1,-1
390,3,983.52,904.29,82.18,173.76,0.61768,-1,-1,-1
390,4,1719.12,456.89,73.63,208.72,0.54961,-1,-1,-1
390,51,575.66,1015.81,65.79,64.19,0.38703,-1,-1,-1
390,76,1121.47,464.61,74.28,201.36,0.47674,-1,-1,-1
390,79,924.09,525.91,67.27,202.10,0.59441,-1,-1,-1
390,77,444.98,286.57,77.50,209.16,0.63869,-1,-1,-1
390,8,324.91,553.58,89.82,245.84,0.79105,-1,-1,-1
390,34,437.44,569.24,70.51,232.31,0.77644,-1,-1,-1
390,62,1010.54,43.19,53.91,163.22,0.38716,-1,-1,-1
390,48,954.93,28.39,57.05,172.96,0.35884,-1,-1,-1
390,85,790.47,151.19,62.59,170.16,0.39215,-1,-1,-1
390,82,1771.60,88.73,63.29,178.63,0.35430,-1,-1,-1
390,38,852.33,503.41,68.33,209.22,0.52097,-1,-1,-1
390,73,457.59,70.94,71.07,189.68,0.32955,-1,-1,-1
391,3,982.65,904.52,82.50,174.44,0.61706,-1,-1,-1
391,4,1719.15,456.81,73.99,210.05,0.56273,-1,-1,-1
391,51,578.55,1017.36,65.86,62.42,0.38885,-1,-1,-1
391,76,1123.79,465.89,74.87,201.97,0.44651,-1,-1,-1
391,79,924.21,527.64,69.01,206.69,0.61932,-1,-1,-1
391,77,444.83,284.96,78.00,209.34,0.63779,-1,-1,-1
391,8,323.28,556.06,90.00,245.84,0.79201,-1,-1,-1
391,34,436.26,571.86,70.30,230.12,0.80206,-1,-1,-1
391,62,1010.16,42.40,54.28,164.32,0.36303,-1,-1,-1
391,48,954.23,28.28,57.12,172.54,0.40944,-1,-1,-1
391,85,790.13,152.63,61.97,168.93,0.36953,-1,-1,-1
391,82,1772.06,98.99,60.15,168.83,0.38958,-1,-1,-1
391,38,852.22,506.29,69.31,211.43,0.58828,-1,-1,-1
391,73,458.45,70.77,71.83,189.17,0.33635,-1,-1,-1
392,3,982.21,904.76,82.46,173.81,0.67147,-1,-1,-1
392,4,1720.19,456.80,73.54,209.41,0.58615,-1,-1,-1
392,51,579.61,1017.56,67.55,62.37,0.40240,-1,-1,-1
392,76,1127.82,467.62,74.07,199.73,0.51311,-1,-1,-1
392,79,923.92,528.83,70.00,208.48,0.60747,-1,-1,-1
392,77,444.81,283.07,78.54,210.49,0.66732,-1,-1,-1
392,8,321.61,557.32,90.89,247.61,0.80223,-1,-1,-1
392,34,435.34,573.78,70.68,229.90,0.80997,-1,-1,-1
392,62,1010.71,41.87,53.67,161.94,0.33201,-1,-1,-1
392,48,954.41,28.06,57.13,172.45,0.39485,-1,-1,-1
392,85,790.10,153.04,61.46,168.32,0.38914,-1,-1,-1
392,82,1773.03,105.37,58.71,163.94,0.35333,-1,-1,-1
392,38,850.59,508.21,72.65,222.82,0.56518,-1,-1,-1
392,73,459.08,71.60,72.22,188.32,0.33931,-1,-1,-1
393,3,981.93,905.44,82.28,172.87,0.68324,-1,-1,-1
393,4,1720.61,456.67,73.41,209.73,0.58563,-1,-1,-1
393,51,581.24,1018.04,68.71,61.94,0.42398,-1,-1,-1
393,76,1131.36,467.13,74.33,201.31,0.51749,-1,-1,-1
393,79,925.17,529.78,70.79,210.23,0.65813,-1,-1,-1
393,77,445.47,280.08,78.76,211.64,0.66255,-1,-1,-1
393,8,320.65,559.43,91.32,247.85,0.79597,-1,-1,-1
393,34,433.90,576.42,71.16,230.59,0.81701,-1,-1,-1
393,62,1010.91,41.30,53.69,161.36,0.32010,-1,-1,-1
393,48,954.11,28.49,57.24,172.48,0.38625,-1,-1,-1
393,85,790.19,153.08,61.05,168.09,0.38210,-1,-1,-1
393,82,1772.72,109.27,58.69,162.48,0.36659,-1,-1,-1
393,38,850.23,510.36,72.55,222.64,0.55932,-1,-1,-1
393,73,459.86,71.69,72.29,187.30,0.33629,-1,-1,-1
394,3,982.25,906.37,81.93,171.72,0.68150,-1,-1,-1
394,4,1719.77,456.30,73.52,210.59,0.58118,-1,-1,-1
394,51,582.78,1018.50,69.94,61.50,0.44287,-1,-1,-1
394,76,1135.98,467.47,73.92,201.70,0.53543,-1,-1,-1
394,79,926.06,526.45,71.45,212.63,0.66266,-1,-1,-1
394,77,446.49,277.75,78.55,212.10,0.67279,-1,-1,-1
394,8,319.86,560.55,91.75,248.54,0.79125,-1,-1,-1
394,34,432.67,579.18,71.18,230.45,0.80005,-1,-1,-1
394,62,1009.93,40.72,54.61,163.28,0.34660,-1,-1,-1
394,48,954.65,29.49,56.99,171.70,0.38346,-1,-1,-1
394,85,790.60,151.71,61.42,169.17,0.37182,-1,-1,-1
394,82,1771.96,111.55,59.23,161.88,0.34384,-1,-1,-1
394,38,849.97,511.87,73.95,227.83,0.51742,-1,-1,-1
394,73,460.80,71.33,72.58,187.26,0.30295,-1,-1,-1
395,3,982.82,906.68,82.00,171.36,0.66764,-1,-1,-1
395,4,1719.65,456.09,73.54,211.39,0.58363,-1,-1,-1
395,51,584.08,1019.93,70.10,60.07,0.40292,-1,-1,-1
395,76,1139.37,468.84,73.39,201.00,0.44350,-1,-1,-1
395,79,927.65,525.96,71.52,212.39,0.67608,-1,-1,-1
395,77,447.78,275.75,77.58,210.57,0.65788,-1,-1,-1
395,8,318.29,561.07,91.91,249.02,0.78731,-1,-1,-1
395,34,431.39,582.53,71.40,231.52,0.79218,-1,-1,-1
395,62,1009.51,39.97,55.43,164.77,0.34794,-1,-1,-1
395,48,954.08,28.54,57.17,172.61,0.40548,-1,-1,-1
395,85,790.45,150.89,61.86,169.95,0.39891,-1,-1,-1
395,82,1771.58,112.39,59.61,162.22,0.34302,-1,-1,-1
395,38,852.01,515.07,72.42,223.20,0.56527,-1,-1,-1
396,3,982.81,907.44,81.98,170.69,0.68575,-1,-1,-1
396,4,1720.12,457.23,72.89,209.75,0.62307,-1,-1,-1
396,76,1144.23,469.13,72.61,199.88,0.48614,-1,-1,-1
396,79,928.71,526.44,71.53,212.32,0.69323,-1,-1,-1
396,77,448.88,274.06,76.01,207.36,0.67541,-1,-1,-1
396,8,315.83,562.29,91.52,249.03,0.78747,-1,-1,-1
396,34,430.50,585.12,71.28,231.19,0.77614,-1,-1,-1
396,62,1009.70,39.61,55.47,164.00,0.38353,-1,-1,-1
396,48,953.67,28.71,57.02,171.98,0.43788,-1,-1,-1
396,85,789.96,150.38,62.41,170.99,0.40239,-1,-1,-1
396,82,1770.84,112.07,59.99,162.98,0.32089,-1,-1,-1
396,38,853.19,517.59,72.76,225.05,0.60726,-1,-1,-1
397,3,982.70,908.05,82.14,170.37,0.70238,-1,-1,-1
397,4,1720.30,457.62,72.76,209.37,0.63037,-1,-1,-1
397,76,1147.75,471.43,71.81,197.87,0.47673,-1,-1,-1
397,79,929.81,527.81,71.01,210.19,0.68729,-1,-1,-1
397,77,450.24,272.11,74.26,203.47,0.68569,-1,-1,-1
397,8,313.80,562.63,91.15,249.50,0.79284,-1,-1,-1
397,34,429.44,587.44,71.18,231.40,0.77128,-1,-1,-1
397,62,1009.23,39.50,56.34,165.54,0.32918,-1,-1,-1
397,48,953.26,28.66,56.64,170.69,0.42185,-1,-1,-1
397,85,789.70,150.21,62.56,171.06,0.40621,-1,-1,-1
397,82,1770.40,113.85,59.41,161.10,0.33445,-1,-1,-1
397,38,855.34,519.63,69.44,212.55,0.61787,-1,-1,-1
398,3,982.68,908.19,82.14,170.32,0.72131,-1,-1,-1
398,4,1720.33,458.47,72.51,208.52,0.59121,-1,-1,-1
398,76,1151.74,470.26,72.58,199.60,0.53059,-1,-1,-1
398,79,931.20,530.28,69.93,207.36,0.65153,-1,-1,-1
398,77,450.99,270.36,73.39,201.18,0.66363,-1,-1,-1
398,8,311.72,563.28,90.45,249.01,0.78940,-1,-1,-1
398,34,427.53,589.12,71.62,234.88,0.75115,-1,-1,-1
398,62,1008.79,40.94,55.25,160.90,0.35611,-1,-1,-1
398,48,953.53,29.16,56.28,169.67,0.43186,-1,-1,-1
398,85,789.53,150.30,62.56,170.67,0.41495,-1,-1,-1
398,38,855.57,519.89,72.09,221.31,0.60692,-1,-1,-1
398,73,464.23,70.82,72.79,185.96,0.36075,-1,-1,-1
399,3,983.00,908.53,82.34,170.98,0.73145,-1,-1,-1
399,4,1720.48,458.59,72.39,208.24,0.57704,-1,-1,-1
399,76,1155.04,468.15,74.27,204.17,0.57595,-1,-1,-1
399,79,932.81,531.53,69.63,206.48,0.66601,-1,-1,-1
399,77,451.98,267.44,73.65,202.15,0.64493,-1,-1,-1
399,8,310.49,563.73,89.44,247.43,0.78393,-1,-1,-1
399,34,426.64,591.06,71.53,236.35,0.75364,-1,-1,-1
399,62,1008.95,40.70,54.79,158.75,0.35790,-1,-1,-1
399,48,953.05,29.06,55.77,168.19,0.44112,-1,-1,-1
399,85,789.45,150.12,62.43,170.14,0.40608,-1,-1,-1
399,38,856.21,520.63,72.37,222.13,0.60887,-1,-1,-1
399,73,464.97,70.80,73.47,186.58,0.37352,-1,-1,-1
400,3,983.67,909.24,81.90,170.33,0.72498,-1,-1,-1
400,4,1720.41,457.97,72.39,208.33,0.54352,-1,-1,-1
400,76,1157.64,469.94,74.56,205.40,0.57585,-1,-1,-1
400,79,932.41,533.15,69.83,206.35,0.64868,-1,-1,-1
400,77,452.17,266.25,73.88,202.84,0.64473,-1,-1,-1
400,8,310.11,565.12,87.94,244.23,0.78674,-1,-1,-1
400,34,425.84,592.67,71.17,237.04,0.76646,-1,-1,-1
400,62,1008.66,40.42,55.10,158.55,0.36696,-1,-1,-1
400,48,952.14,27.47,55.96,168.55,0.44374,-1,-1,-1
400,85,789.28,149.94,62.81,170.58,0.44477,-1,-1,-1
400,38,856.80,521.50,72.83,223.76,0.60648,-1,-1,-1
400,73,465.80,70.84,73.91,187.72,0.42648,-1,-1,-1
401,3,983.30,910.56,81.03,168.97,0.70772,-1,-1,-1
401,4,1720.19,456.82,72.64,209.83,0.50868,-1,-1,-1
401,76,1161.78,471.20,74.78,206.91,0.60373,-1,-1,-1
401,79,934.37,534.90,69.75,206.38,0.65750,-1,-1,-1
401,77,452.17,265.64,74.06,202.88,0.64348,-1,-1,-1
401,8,309.50,566.63,86.53,240.36,0.78494,-1,-1,-1
401,34,425.62,593.91,70.84,237.35,0.75348,-1,-1,-1
401,62,1008.08,39.59,55.77,159.59,0.42301,-1,-1,-1
401,48,951.52,25.17,56.32,169.38,0.47938,-1,-1,-1
401,85,789.34,150.39,62.72,169.95,0.42134,-1,-1,-1
401,38,856.81,521.42,73.82,227.03,0.61097,-1,-1,-1
401,73,466.25,70.80,73.99,187.77,0.47817,-1,-1,-1
402,3,983.70,912.04,80.09,167.72,0.70420,-1,-1,-1
402,4,1720.31,455.92,72.86,210.91,0.52036,-1,-1,-1
402,76,1166.62,474.38,73.45,202.10,0.54427,-1,-1,-1
402,79,934.96,536.22,70.49,208.40,0.63759,-1,-1,-1
402,77,452.49,264.92,74.57,203.99,0.63706,-1,-1,-1
402,8,308.40,568.39,86.69,240.60,0.78184,-1,-1,-1
402,34,425.35,595.10,70.21,236.83,0.74951,-1,-1,-1
402,62,1007.13,38.84,55.97,159.54,0.44265,-1,-1,-1
402,48,950.80,22.46,56.74,170.19,0.43683,-1,-1,-1
402,85,789.55,150.54,62.82,169.81,0.42984,-1,-1,-1
402,38,856.72,522.38,74.15,227.84,0.60633,-1,-1,-1
402,73,466.41,70.77,74.25,188.69,0.46393,-1,-1,-1
403,3,983.68,913.46,78.92,165.95,0.71636,-1,-1,-1
403,4,1721.09,458.45,72.12,208.82,0.50685,-1,-1,-1
403,76,1170.95,478.31,72.76,199.24,0.37649,-1,-1,-1
403,79,934.99,537.95,70.41,207.32,0.63544,-1,-1,-1
403,77,452.89,264.63,74.87,204.55,0.64420,-1,-1,-1
403,8,306.53,570.87,87.44,243.52,0.78048,-1,-1,-1
403,34,424.47,596.36,69.60,236.34,0.74225,-1,-1,-1
403,62,1006.57,38.59,56.03,158.85,0.44132,-1,-1,-1
403,48,951.14,21.72,55.35,165.36,0.41267,-1,-1,-1
403,85,790.39,150.62,62.87,169.88,0.44142,-1,-1,-1
403,38,857.38,523.08,74.23,227.62,0.64193,-1,-1,-1
403,73,465.94,70.94,74.27,189.15,0.44792,-1,-1,-1
404,3,983.94,915.37,77.66,164.01,0.69616,-1,-1,-1
404,4,1721.07,459.65,71.60,207.51,0.44946,-1,-1,-1
404,76,1174.12,481.87,73.49,199.72,0.47445,-1,-1,-1
404,79,933.83,539.78,71.74,211.17,0.61248,-1,-1,-1
404,77,453.03,263.78,75.38,206.23,0.66122,-1,-1,-1
404,8,305.22,573.74,87.81,245.66,0.77998,-1,-1,-1
404,34,423.89,597.19,69.11,235.55,0.73006,-1,-1,-1
404,62,1005.51,37.60,56.13,157.93,0.44063,-1,-1,-1
404,48,950.80,20.72,54.89,163.91,0.38616,-1,-1,-1
404,85,790.88,150.46,62.77,169.77,0.41354,-1,-1,-1
404,38,857.83,523.33,74.26,227.19,0.65085,-1,-1,-1
404,73,466.14,70.86,73.71,188.37,0.42862,-1,-1,-1
405,3,984.10,917.65,76.28,161.62,0.69723,-1,-1,-1
405,4,1721.80,457.50,72.14,208.75,0.46284,-1,-1,-1
405,76,1176.22,483.78,74.54,200.80,0.54343,-1,-1,-1
405,79,934.58,541.23,72.24,213.31,0.64282,-1,-1,-1
405,77,453.17,263.43,75.37,206.14,0.67210,-1,-1,-1
405,8,303.58,575.59,88.13,248.24,0.77040,-1,-1,-1
405,34,422.40,598.49,68.80,234.53,0.74768,-1,-1,-1
405,62,1004.64,37.05,55.97,156.33,0.40379,-1,-1,-1
405,48,950.58,20.13,53.81,160.76,0.38163,-1,-1,-1
405,85,790.66,149.98,62.96,170.18,0.41219,-1,-1,-1
405,38,859.64,524.03,74.74,227.46,0.67144,-1,-1,-1
405,73,466.22,70.77,73.28,187.80,0.40693,-1,-1,-1
406,3,983.91,918.80,75.73,160.45,0.71025,-1,-1,-1
406,4,1722.45,457.14,72.44,209.13,0.49046,-1,-1,-1
406,76,1179.57,485.82,75.79,203.10,0.45209,-1,-1,-1
406,79,934.16,543.28,72.85,214.94,0.66178,-1,-1,-1
406,77,453.71,262.86,75.15,204.63,0.66015,-1,-1,-1
406,8,302.66,577.58,87.95,249.49,0.75377,-1,-1,-1
406,34,420.74,600.18,68.34,232.65,0.73481,-1,-1,-1
406,62,1003.67,36.41,56.02,155.83,0.37427,-1,-1,-1
406,48,950.84,19.15,53.51,160.19,0.39095,-1,-1,-1
406,85,789.90,150.77,62.39,169.85,0.44492,-1,-1,-1
406,38,860.95,525.81,75.05,227.29,0.68636,-1,-1,-1
406,73,466.26,70.38,72.86,187.13,0.39036,-1,-1,-1
406,5,1604.39,604.51,88.45,252.25,0.42596,-1,-1,-1
407,3,983.43,920.36,74.94,158.59,0.69821,-1,-1,-1
407,4,1722.94,458.45,72.20,207.62,0.44697,-1,-1,-1
407,76,1182.89,487.04,75.82,202.63,0.35988,-1,-1,-1
407,79,933.43,545.52,73.30,216.64,0.68567,-1,-1,-1
407,77,454.30,262.59,75.07,203.99,0.67802,-1,-1,-1
407,8,302.12,579.84,87.15,248.87,0.75902,-1,-1,-1
407,34,418.28,600.69,67.98,231.81,0.75739,-1,-1,-1
407,62,1003.24,35.55,56.33,156.04,0.44147,-1,-1,-1
407,48,950.13,18.17,53.66,160.42,0.36702,-1,-1,-1
407,85,789.76,149.96,62.61,170.41,0.45136,-1,-1,-1
407,38,859.23,526.43,77.42,233.98,0.64459,-1,-1,-1
407,73,466.97,69.74,72.32,186.05,0.38721,-1,-1,-1
407,88,1649.65,47.46,61.92,169.95,0.34538,-1,-1,-1
408,3,983.20,922.44,73.81,155.63,0.71154,-1,-1,-1
408,4,1721.55,456.27,73.19,210.84,0.45851,-1,-1,-1
408,76,1186.39,487.13,76.25,204.49,0.42967,-1,-1,-1
408,79,932.54,547.34,73.02,215.23,0.69397,-1,-1,-1
408,77,454.52,261.28,75.49,204.95,0.67963,-1,-1,-1
408,8,300.74,582.75,86.98,249.98,0.75595,-1,-1,-1
408,34,417.82,603.47,67.96,230.85,0.76370,-1,-1,-1
408,62,1003.29,35.79,56.25,155.58,0.43475,-1,-1,-1
408,48,949.91,19.45,53.69,160.32,0.35993,-1,-1,-1
408,85,789.49,149.88,62.61,170.41,0.45999,-1,-1,-1
408,38,859.21,527.30,78.62,237.87,0.66286,-1,-1,-1
408,73,467.10,69.59,71.96,185.48,0.32567,-1,-1,-1
408,88,1651.41,48.63,61.56,168.71,0.31796,-1,-1,-1
409,3,983.03,924.01,73.36,153.91,0.68837,-1,-1,-1
409,4,1720.98,453.94,73.67,212.84,0.52569,-1,-1,-1
409,76,1192.90,487.56,75.39,204.20,0.47097,-1,-1,-1
409,79,933.21,548.89,72.46,213.36,0.68698,-1,-1,-1
409,77,455.96,260.11,74.87,203.44,0.66223,-1,-1,-1
409,8,299.36,585.19,86.54,250.28,0.76672,-1,-1,-1
409,34,416.44,607.50,68.25,231.14,0.76299,-1,-1,-1
409,62,1003.38,35.60,56.48,156.10,0.42577,-1,-1,-1
409,48,950.31,19.10,53.67,160.78,0.38649,-1,-1,-1
409,85,789.77,149.84,62.69,170.37,0.42660,-1,-1,-1
409,38,859.73,529.85,79.32,240.21,0.63289,-1,-1,-1
409,73,467.13,69.45,71.23,183.66,0.34188,-1,-1,-1
409,88,1653.24,50.18,61.55,168.26,0.30072,-1,-1,-1
410,3,982.79,925.20,73.08,152.60,0.69062,-1,-1,-1
410,4,1720.68,450.87,74.47,216.18,0.54668,-1,-1,-1
410,76,1199.80,488.38,73.63,202.97,0.47337,-1,-1,-1
410,79,933.81,550.66,72.09,212.54,0.70384,-1,-1,-1
410,77,457.45,259.23,73.73,200.50,0.66676,-1,-1,-1
410,8,297.15,586.54,86.71,251.31,0.79460,-1,-1,-1
410,34,414.46,609.71,68.96,233.55,0.72943,-1,-1,-1
410,62,1003.36,35.55,56.58,156.26,0.43778,-1,-1,-1
410,48,949.69,19.17,53.94,161.38,0.40152,-1,-1,-1
410,85,790.12,149.92,62.69,170.11,0.42868,-1,-1,-1
410,38,858.96,532.31,79.74,242.82,0.63461,-1,-1,-1
410,73,465.82,67.24,72.42,186.91,0.31910,-1,-1,-1
410,88,1653.54,47.71,64.25,175.01,0.31698,-1,-1,-1
410,80,702.06,557.47,91.13,237.28,0.34215,-1,-1,-1
411,3,982.19,925.80,73.25,151.74,0.68956,-1,-1,-1
411,4,1720.45,449.36,74.97,218.61,0.53791,-1,-1,-1
411,76,1204.40,487.49,73.39,205.00,0.42477,-1,-1,-1
411,79,933.96,551.58,71.56,211.23,0.68795,-1,-1,-1
411,77,457.99,257.47,72.70,197.65,0.67874,-1,-1,-1
411,8,295.73,587.85,86.03,250.16,0.79701,-1,-1,-1
411,34,412.46,612.41,69.06,233.85,0.70736,-1,-1,-1
411,62,1002.77,34.81,56.48,156.16,0.40487,-1,-1,-1
411,48,949.43,18.47,53.86,161.47,0.35622,-1,-1,-1
411,85,789.56,149.93,62.84,170.00,0.43508,-1,-1,-1
411,38,859.47,535.07,79.32,243.77,0.65843,-1,-1,-1
411,88,1654.44,47.62,65.65,178.03,0.30851,-1,-1,-1
411,80,704.07,558.73,91.09,236.55,0.33189,-1,-1,-1
411,5,1587.19,617.14,88.93,237.97,0.37268,-1,-1,-1
412,3,981.85,925.92,74.13,152.04,0.70568,-1,-1,-1
412,4,1720.54,448.35,75.00,219.59,0.57373,-1,-1,-1
412,76,1208.03,487.00,72.82,205.70,0.51177,-1,-1,-1
412,79,935.15,553.03,70.87,210.01,0.67236,-1,-1,-1
412,77,457.42,254.66,72.74,197.53,0.65662,-1,-1,-1
412,8,294.10,588.52,85.43,249.39,0.79948,-1,-1,-1
412,34,408.65,614.38,69.80,235.54,0.72850,-1,-1,-1
412,62,1002.30,34.73,56.81,157.54,0.41181,-1,-1,-1
412,48,950.06,18.88,54.61,164.03,0.37024,-1,-1,-1
412,85,789.14,150.91,62.31,169.16,0.41621,-1,-1,-1
412,38,860.83,537.88,77.26,238.37,0.65568,-1,-1,-1
412,80,706.46,558.95,92.32,237.89,0.38106,-1,-1,-1
412,5,1583.19,617.55,91.85,237.42,0.39155,-1,-1,-1
413,3,981.56,926.91,74.40,150.69,0.69548,-1,-1,-1
413,4,1721.40,450.20,74.23,217.94,0.54990,-1,-1,-1
413,76,1213.04,493.19,70.11,199.98,0.58688,-1,-1,-1
413,79,936.68,553.47,70.43,209.61,0.64860,-1,-1,-1
413,77,456.66,251.90,73.13,198.42,0.65432,-1,-1,-1
413,8,292.37,589.89,84.87,247.75,0.78965,-1,-1,-1
413,34,407.11,616.41,69.90,235.39,0.73924,-1,-1,-1
413,62,1002.13,34.67,56.43,156.99,0.43446,-1,-1,-1
413,48,949.48,18.70,55.34,166.01,0.37282,-1,-1,-1
413,85,788.40,150.89,62.42,169.60,0.43246,-1,-1,-1
413,38,861.44,539.62,77.09,239.68,0.64314,-1,-1,-1
413,80,707.14,558.90,93.06,238.76,0.40252,-1,-1,-1
413,5,1581.75,615.86,94.21,238.43,0.43824,-1,-1,-1
414,3,981.33,927.40,75.10,150.10,0.70400,-1,-1,-1
414,4,1721.79,455.90,72.38,212.46,0.47791,-1,-1,-1
414,76,1218.12,488.37,71.29,204.80,0.52598,-1,-1,-1
414,79,935.23,555.67,70.22,206.57,0.67051,-1,-1,-1
414,77,454.86,249.45,74.04,200.44,0.66334,-1,-1,-1
414,8,291.25,590.45,84.71,247.36,0.78231,-1,-1,-1
414,34,406.12,618.38,70.19,236.17,0.72521,-1,-1,-1
414,62,1002.22,34.66,56.08,156.30,0.41292,-1,-1,-1
414,48,948.86,16.69,55.19,166.10,0.38254,-1,-1,-1
414,85,788.82,150.19,62.74,169.72,0.41695,-1,-1,-1
414,38,861.87,540.77,77.18,242.45,0.64882,-1,-1,-1
414,80,707.83,559.32,93.46,238.80,0.40730,-1,-1,-1
414,5,1581.12,613.89,97.92,242.32,0.57789,-1,-1,-1
414,88,1659.72,57.04,66.12,177.52,0.34557,-1,-1,-1
415,3,982.04,928.50,75.70,148.94,0.72498,-1,-1,-1
415,4,1721.90,452.87,73.20,215.14,0.49508,-1,-1,-1
415,76,1222.18,492.88,70.64,202.42,0.58230,-1,-1,-1
415,79,935.88,557.17,70.68,205.68,0.64261,-1,-1,-1
415,77,453.71,248.92,74.17,199.34,0.61987,-1,-1,-1
415,8,290.34,591.98,84.25,245.83,0.78194,-1,-1,-1
415,34,404.04,620.00,70.65,237.69,0.72140,-1,-1,-1
415,62,1002.35,34.35,55.97,156.21,0.40485,-1,-1,-1
415,48,948.89,14.29,55.26,167.48,0.34131,-1,-1,-1
415,85,788.96,150.15,63.05,169.56,0.38538,-1,-1,-1
415,38,862.61,542.25,76.86,243.84,0.63145,-1,-1,-1
415,80,708.06,559.57,93.86,239.82,0.39159,-1,-1,-1
415,5,1579.55,614.50,99.62,241.66,0.53706,-1,-1,-1
415,88,1662.16,62.67,65.48,174.16,0.36909,-1,-1,-1
416,3,981.71,928.92,76.69,148.52,0.73023,-1,-1,-1
416,4,1721.83,452.43,73.33,215.20,0.47842,-1,-1,-1
416,76,1228.03,489.89,72.68,206.59,0.42244,-1,-1,-1
416,79,936.31,558.70,71.41,206.32,0.64340,-1,-1,-1
416,77,452.26,248.65,74.68,198.96,0.60154,-1,-1,-1
416,8,290.32,593.11,83.47,243.36,0.79090,-1,-1,-1
416,34,402.22,621.31,70.95,238.15,0.73962,-1,-1,-1
416,62,1002.36,33.77,56.21,157.22,0.43906,-1,-1,-1
416,85,788.24,150.51,63.06,170.08,0.39124,-1,-1,-1
416,38,863.19,543.28,76.00,243.36,0.60447,-1,-1,-1
416,80,708.81,559.74,93.80,239.82,0.38779,-1,-1,-1
416,5,1578.82,613.79,101.27,242.85,0.56128,-1,-1,-1
416,88,1662.13,64.77,66.51,175.87,0.46875,-1,-1,-1
416,73,459.55,65.60,75.06,194.07,0.30873,-1,-1,-1
417,3,981.68,929.91,77.33,147.41,0.71052,-1,-1,-1
417,4,1721.36,454.31,72.76,213.56,0.48307,-1,-1,-1
417,76,1233.67,490.85,74.30,207.92,0.52637,-1,-1,-1
417,79,937.11,560.82,71.44,204.53,0.61695,-1,-1,-1
417,77,450.71,249.39,75.11,197.98,0.59871,-1,-1,-1
417,8,290.20,595.53,82.96,241.03,0.76933,-1,-1,-1
417,34,400.33,623.57,70.57,235.58,0.74134,-1,-1,-1
417,62,1002.38,33.56,56.18,157.48,0.45185,-1,-1,-1
417,85,787.88,150.05,63.51,170.21,0.35420,-1,-1,-1
417,38,864.63,544.44,72.15,232.36,0.56083,-1,-1,-1
417,80,711.12,559.01,92.77,239.35,0.37823,-1,-1,-1
417,5,1576.61,611.22,103.06,245.51,0.56218,-1,-1,-1
417,88,1663.10,66.72,66.44,174.19,0.32741,-1,-1,-1
417,73,460.11,64.70,75.23,195.12,0.30509,-1,-1,-1
417,48,948.31,12.71,55.46,169.23,0.30280,-1,-1,-1
418,3,981.21,930.56,78.45,147.04,0.70751,-1,-1,-1
418,4,1720.80,453.85,73.09,214.44,0.46982,-1,-1,-1
418,76,1236.93,490.98,76.95,210.79,0.54237,-1,-1,-1
418,79,938.23,562.36,71.97,204.99,0.60172,-1,-1,-1
418,77,449.37,249.27,76.05,198.41,0.55010,-1,-1,-1
418,8,289.48,597.24,83.35,241.49,0.78268,-1,-1,-1
418,34,397.53,624.01,70.90,235.61,0.78085,-1,-1,-1
418,62,1002.95,32.93,55.76,156.71,0.43936,-1,-1,-1
418,85,788.18,149.57,63.84,170.54,0.33872,-1,-1,-1
418,38,866.62,545.85,68.76,221.19,0.51540,-1,-1,-1
418,80,713.50,558.33,91.40,239.48,0.38257,-1,-1,-1
418,5,1575.97,613.53,102.29,242.87,0.58569,-1,-1,-1
418,88,1664.10,67.85,66.82,173.78,0.42192,-1,-1,-1
418,48,947.76,11.74,55.30,169.37,0.32858,-1,-1,-1
419,3,980.78,931.30,79.49,146.28,0.71628,-1,-1,-1
419,4,1720.25,449.62,74.31,218.50,0.53077,-1,-1,-1
419,76,1238.19,492.76,78.68,211.49,0.47957,-1,-1,-1
419,79,940.49,564.01,73.58,211.18,0.54937,-1,-1,-1
419,77,448.96,249.07,76.92,198.99,0.54715,-1,-1,-1
419,8,288.53,599.22,84.49,244.35,0.78712,-1,-1,-1
419,34,395.14,623.99,71.28,236.15,0.79392,-1,-1,-1
419,62,1003.47,32.10,55.75,157.07,0.47989,-1,-1,-1
419,85,789.04,149.53,63.91,170.46,0.35121,-1,-1,-1
419,38,868.05,546.71,67.21,215.63,0.54167,-1,-1,-1
419,80,716.42,558.38,88.95,238.45,0.41958,-1,-1,-1
419,5,1575.96,614.72,102.29,241.54,0.58828,-1,-1,-1
419,88,1664.33,66.25,68.39,177.18,0.38883,-1,-1,-1
419,48,947.69,9.32,56.28,172.87,0.36699,-1,-1,-1
420,3,980.82,931.45,81.00,146.40,0.70117,-1,-1,-1
420,4,1721.53,449.55,73.75,216.88,0.49943,-1,-1,-1
420,76,1237.42,491.65,81.15,215.82,0.41762,-1,-1,-1
420,79,942.37,567.10,73.26,211.12,0.53493,-1,-1,-1
420,77,449.37,248.77,77.28,198.67,0.52628,-1,-1,-1
420,8,287.51,601.02,85.71,247.84,0.77836,-1,-1,-1
420,34,393.67,624.73,71.55,235.85,0.78616,-1,-1,-1
420,62,1003.94,30.86,55.85,157.93,0.48941,-1,-1,-1
420,85,789.57,149.10,64.07,170.51,0.34165,-1,-1,-1
420,38,868.56,546.05,67.87,217.22,0.55974,-1,-1,-1
420,80,718.78,558.54,87.53,239.68,0.41689,-1,-1,-1
420,5,1575.41,614.93,102.00,240.79,0.58939,-1,-1,-1
420,48,947.99,9.20,55.51,171.45,0.38393,-1,-1,-1
421,3,980.27,932.03,82.03,146.08,0.70836,-1,-1,-1
421,4,1722.43,454.19,72.99,214.05,0.48948,-1,-1,-1
421,76,1239.75,497.14,81.24,212.47,0.38661,-1,-1,-1
421,79,944.00,570.79,73.35,212.19,0.45430,-1,-1,-1
421,77,448.40,247.10,78.17,199.37,0.58607,-1,-1,-1
421,8,286.31,602.76,87.28,252.24,0.76449,-1,-1,-1
421,34,392.26,625.22,71.81,235.59,0.78759,-1,-1,-1
421,62,1004.47,29.17,55.81,158.41,0.50883,-1,-1,-1
421,85,789.86,149.56,63.72,171.31,0.36795,-1,-1,-1
421,38,868.78,546.89,68.63,218.73,0.52075,-1,-1,-1
421,80,721.39,558.86,85.27,238.67,0.48153,-1,-1,-1
421,5,1575.39,621.91,99.24,233.72,0.54981,-1,-1,-1
421,48,948.81,8.53,55.32,171.15,0.38883,-1,-1,-1
422,3,979.94,931.72,83.22,146.42,0.72121,-1,-1,-1
422,4,1723.70,458.88,70.97,206.91,0.52665,-1,-1,-1
422,76,1243.98,500.93,80.71,208.76,0.38775,-1,-1,-1
422,79,945.53,574.29,72.14,210.03,0.55471,-1,-1,-1
422,77,447.85,245.29,78.80,200.92,0.60865,-1,-1,-1
422,8,285.74,604.61,89.12,256.64,0.74719,-1,-1,-1
422,34,391.95,627.06,71.60,233.41,0.78155,-1,-1,-1
422,62,1005.15,27.79,55.07,156.62,0.47320,-1,-1,-1
422,85,789.94,149.20,63.26,171.51,0.35223,-1,-1,-1
422,38,869.31,548.81,70.24,223.64,0.43952,-1,-1,-1
422,80,724.86,560.79,81.48,232.02,0.52876,-1,-1,-1
422,5,1574.80,624.61,98.29,231.00,0.48666,-1,-1,-1
422,48,948.94,7.92,53.66,165.81,0.37402,-1,-1,-1
422,82,1760.46,101.43,74.04,198.75,0.36641,-1,-1,-1
423,3,980.22,931.31,84.21,146.57,0.69586,-1,-1,-1
423,4,1722.65,459.06,71.26,207.09,0.54618,-1,-1,-1
423,79,946.23,576.35,71.66,209.47,0.55885,-1,-1,-1
423,77,447.42,243.23,78.91,201.44,0.59473,-1,-1,-1
423,8,285.92,607.08,89.83,257.70,0.74059,-1,-1,-1
423,34,390.90,629.49,71.97,233.14,0.78102,-1,-1,-1
423,62,1005.78,25.87,54.64,155.85,0.44223,-1,-1,-1
423,85,790.02,149.04,62.97,172.06,0.33387,-1,-1,-1
423,38,875.13,549.57,56.98,171.97,0.36294,-1,-1,-1
423,80,729.10,560.84,79.15,229.17,0.61701,-1,-1,-1
423,5,1574.77,625.10,97.99,230.32,0.43689,-1,-1,-1
423,48,948.72,7.20,53.15,163.52,0.38153,-1,-1,-1
423,82,1759.28,102.03,72.83,198.74,0.34126,-1,-1,-1
424,3,980.31,931.73,84.69,146.07,0.70940,-1,-1,-1
424,4,1722.30,460.83,71.14,205.96,0.55620,-1,-1,-1
424,79,947.33,578.04,71.53,209.23,0.59204,-1,-1,-1
424,77,446.79,242.54,78.76,201.71,0.59794,-1,-1,-1
424,8,285.31,609.39,89.92,257.41,0.75164,-1,-1,-1
424,34,389.56,631.77,73.57,235.41,0.78083,-1,-1,-1
424,62,1006.11,24.02,54.69,156.64,0.46430,-1,-1,-1
424,85,790.53,149.40,62.20,171.44,0.37004,-1,-1,-1
424,38,870.06,550.98,68.90,208.15,0.38822,-1,-1,-1
424,80,732.88,560.35,78.91,230.47,0.66216,-1,-1,-1
424,5,1577.03,633.23,94.01,221.84,0.42753,-1,-1,-1
424,48,947.41,6.52,53.70,164.24,0.41890,-1,-1,-1
424,88,1667.08,72.97,65.87,171.83,0.30638,-1,-1,-1
425,3,981.15,931.85,85.37,146.14,0.69756,-1,-1,-1
425,4,1721.76,460.48,71.72,206.94,0.54555,-1,-1,-1
425,79,948.70,577.15,71.65,208.36,0.57886,-1,-1,-1
425,77,446.32,239.91,78.69,202.28,0.63658,-1,-1,-1
425,8,284.87,611.34,90.66,258.69,0.72813,-1,-1,-1
425,34,388.00,633.49,74.92,237.40,0.75974,-1,-1,-1
425,62,1006.34,22.98,54.70,157.35,0.42944,-1,-1,-1
425,85,791.18,149.87,61.31,170.43,0.37759,-1,-1,-1
425,38,875.31,552.01,58.52,168.63,0.34802,-1,-1,-1
425,80,736.35,559.62,80.04,235.00,0.62556,-1,-1,-1
425,5,1576.17,635.15,93.25,220.78,0.42892,-1,-1,-1
425,48,945.98,5.48,54.24,164.07,0.38927,-1,-1,-1
425,82,1757.82,122.87,63.50,178.95,0.32864,-1,-1,-1
426,3,982.16,931.90,86.15,146.52,0.71205,-1,-1,-1
426,4,1722.30,460.17,72.21,207.31,0.56388,-1,-1,-1
426,79,949.66,577.55,71.97,208.11,0.62305,-1,-1,-1
426,77,446.33,237.92,77.38,199.48,0.62800,-1,-1,-1
426,8,284.30,613.57,90.88,259.00,0.72283,-1,-1,-1
426,34,386.69,635.37,75.85,238.61,0.73097,-1,-1,-1
426,62,1006.81,22.15,54.79,158.25,0.43927,-1,-1,-1
426,85,790.03,149.52,61.27,171.37,0.33898,-1,-1,-1
426,38,870.44,555.18,71.20,205.60,0.48674,-1,-1,-1
426,80,739.07,559.90,80.72,237.84,0.62758,-1,-1,-1
426,5,1576.27,636.89,92.20,218.94,0.36447,-1,-1,-1
426,48,945.05,4.85,55.09,165.05,0.42417,-1,-1,-1
426,82,1758.73,127.67,60.01,175.94,0.33516,-1,-1,-1
426,76,1266.09,505.02,77.74,203.62,0.33078,-1,-1,-1
427,3,982.87,931.05,87.19,147.68,0.70691,-1,-1,-1
427,4,1721.33,461.70,72.11,206.06,0.54273,-1,-1,-1
427,79,950.95,578.30,72.59,208.90,0.60778,-1,-1,-1
427,77,446.92,236.94,75.99,196.19,0.61537,-1,-1,-1
427,8,283.35,615.09,91.46,259.82,0.70488,-1,-1,-1
427,34,387.03,637.75,77.54,240.37,0.68169,-1,-1,-1
427,62,1007.03,21.86,54.69,158.48,0.43939,-1,-1,-1
427,85,791.03,149.82,60.90,171.15,0.39561,-1,-1,-1
427,38,869.33,557.17,74.93,217.12,0.52973,-1,-1,-1
427,80,740.94,560.20,81.47,241.25,0.56216,-1,-1,-1
427,5,1574.51,633.13,93.15,222.50,0.32179,-1,-1,-1
427,48,944.46,4.47,55.70,165.51,0.40885,-1,-1,-1
427,82,1759.36,129.18,58.36,175.73,0.37946,-1,-1,-1
427,76,1277.29,503.95,73.25,196.12,0.30133,-1,-1,-1
428,3,983.71,930.36,88.01,148.44,0.72588,-1,-1,-1
428,4,1720.14,462.50,72.33,205.02,0.52758,-1,-1,-1
428,79,952.58,578.76,73.19,210.14,0.64713,-1,-1,-1
428,77,447.26,235.01,75.02,193.90,0.63985,-1,-1,-1
428,8,282.72,617.65,91.64,259.34,0.70282,-1,-1,-1
428,34,382.78,641.27,76.64,238.34,0.72207,-1,-1,-1
428,62,1007.26,21.62,54.59,158.64,0.43390,-1,-1,-1
428,85,791.92,149.27,60.90,171.09,0.40317,-1,-1,-1
428,38,869.51,560.02,77.91,226.60,0.60163,-1,-1,-1
428,80,744.36,561.24,82.01,242.67,0.60212,-1,-1,-1
428,5,1574.52,633.05,92.78,222.85,0.37485,-1,-1,-1
428,48,944.35,3.71,56.30,166.44,0.37140,-1,-1,-1
428,82,1759.66,130.06,57.28,176.04,0.39837,-1,-1,-1
428,76,1282.00,502.34,75.92,208.14,0.40264,-1,-1,-1
429,3,984.56,930.37,88.24,148.40,0.73239,-1,-1,-1
429,4,1720.76,461.49,73.36,206.89,0.54731,-1,-1,-1
429,79,954.58,579.61,73.06,209.98,0.64938,-1,-1,-1
429,77,447.09,234.12,74.60,192.54,0.59795,-1,-1,-1
429,8,281.95,618.42,91.33,257.27,0.72345,-1,-1,-1
429,34,380.49,644.17,76.25,238.13,0.71324,-1,-1,-1
429,62,1006.82,20.94,55.45,161.85,0.45101,-1,-1,-1
429,85,791.77,148.83,60.85,171.99,0.39945,-1,-1,-1
429,38,870.61,562.85,77.64,226.09,0.64200,-1,-1,-1
429,80,747.83,562.11,83.41,246.36,0.66724,-1,-1,-1
429,5,1574.51,635.24,91.74,221.32,0.43728,-1,-1,-1
429,48,943.73,3.53,56.80,167.16,0.37184,-1,-1,-1
429,82,1759.87,136.48,53.95,168.99,0.31935,-1,-1,-1
429,76,1284.70,505.00,75.02,208.40,0.40080,-1,-1,-1
430,3,986.57,929.76,88.39,148.92,0.70684,-1,-1,-1
430,4,1721.97,463.96,72.68,203.76,0.52257,-1,-1,-1
430,79,956.82,580.91,72.62,208.18,0.63154,-1,-1,-1
430,77,446.53,232.33,74.92,193.14,0.56165,-1,-1,-1
430,8,280.56,620.22,91.17,256.18,0.72461,-1,-1,-1
430,34,377.76,646.70,76.65,240.91,0.70861,-1,-1,-1
430,62,1007.24,21.10,55.00,160.99,0.40263,-1,-1,-1
430,85,792.13,148.17,60.68,172.83,0.38084,-1,-1,-1
430,38,871.41,564.51,77.58,226.42,0.59094,-1,-1,-1
430,80,751.20,563.07,83.56,245.64,0.67526,-1,-1,-1
430,5,1574.17,634.79,91.61,221.80,0.47410,-1,-1,-1
430,48,943.62,3.43,57.12,167.53,0.31501,-1,-1,-1
430,76,1289.51,516.12,71.00,196.87,0.37994,-1,-1,-1
431,3,987.82,929.02,88.50,149.59,0.69611,-1,-1,-1
431,4,1721.84,462.48,73.52,206.74,0.53898,-1,-1,-1
431,79,958.93,582.01,72.16,207.08,0.61617,-1,-1,-1
431,77,445.55,230.58,75.25,194.00,0.56854,-1,-1,-1
431,8,280.38,621.58,90.77,254.63,0.75446,-1,-1,-1
431,34,375.95,648.77,76.22,240.48,0.74103,-1,-1,-1
431,62,1007.93,20.58,54.37,159.38,0.39756,-1,-1,-1
431,85,791.24,148.96,60.74,171.59,0.37682,-1,-1,-1
431,38,872.19,566.55,77.61,226.41,0.61588,-1,-1,-1
431,80,753.75,563.40,83.75,245.18,0.69736,-1,-1,-1
431,5,1574.16,633.81,91.43,222.17,0.41948,-1,-1,-1
431,48,943.68,3.51,57.24,167.51,0.37429,-1,-1,-1
432,3,988.98,927.70,88.69,150.89,0.70044,-1,-1,-1
432,4,1721.52,462.39,73.24,206.19,0.56355,-1,-1,-1
432,79,960.18,583.13,72.22,207.17,0.62785,-1,-1,-1
432,77,444.70,228.56,75.91,195.81,0.58252,-1,-1,-1
432,8,279.90,623.17,90.10,252.01,0.74161,-1,-1,-1
432,34,375.67,650.29,75.75,239.46,0.73343,-1,-1,-1
432,62,1007.94,21.33,54.18,158.99,0.41553,-1,-1,-1
432,85,791.31,148.12,60.76,172.56,0.40328,-1,-1,-1
432,38,872.77,569.06,77.15,225.70,0.61112,-1,-1,-1
432,80,755.35,564.15,84.34,246.15,0.72784,-1,-1,-1
432,5,1572.81,629.36,93.01,226.98,0.45381,-1,-1,-1
432,48,943.92,4.00,57.72,168.45,0.35887,-1,-1,-1
433,3,990.55,927.71,88.09,150.67,0.68770,-1,-1,-1
433,4,1722.68,463.12,73.01,204.92,0.52332,-1,-1,-1
433,79,961.79,583.93,72.76,209.41,0.59291,-1,-1,-1
433,77,444.32,227.29,76.32,196.93,0.60317,-1,-1,-1
433,8,279.21,623.20,89.36,249.94,0.75211,-1,-1,-1
433,34,374.92,651.97,75.34,238.52,0.70066,-1,-1,-1
433,62,1007.76,20.90,54.38,159.59,0.40513,-1,-1,-1
433,85,791.89,147.79,60.60,173.13,0.38706,-1,-1,-1
433,38,874.79,570.49,76.19,223.12,0.60686,-1,-1,-1
433,80,756.26,564.73,85.20,248.46,0.70820,-1,-1,-1
433,5,1571.97,627.28,92.95,228.23,0.39751,-1,-1,-1
433,48,943.47,3.68,58.35,169.86,0.43263,-1,-1,-1
434,3,992.65,927.86,87.42,150.24,0.73118,-1,-1,-1
434,4,1723.70,464.33,72.42,203.26,0.47494,-1,-1,-1
434,79,962.73,585.89,73.20,211.03,0.60305,-1,-1,-1
434,77,444.38,226.42,76.56,197.93,0.59838,-1,-1,-1
434,8,278.81,624.08,88.95,248.67,0.73930,-1,-1,-1
434,34,373.81,653.01,75.27,237.68,0.72608,-1,-1,-1
434,62,1007.87,20.89,54.22,158.92,0.42176,-1,-1,-1
434,85,792.21,148.47,59.99,172.04,0.42665,-1,-1,-1
434,38,877.35,571.53,75.86,222.75,0.60375,-1,-1,-1
434,80,757.12,566.01,85.37,249.17,0.72778,-1,-1,-1
434,5,1572.36,629.78,91.37,225.16,0.38217,-1,-1,-1
434,48,943.01,3.49,58.37,169.90,0.42589,-1,-1,-1
435,3,994.50,926.87,87.41,151.15,0.70749,-1,-1,-1
435,4,1723.95,464.82,72.51,203.52,0.48972,-1,-1,-1
435,79,963.34,587.18,74.33,215.83,0.60672,-1,-1,-1
435,77,444.17,225.62,76.77,198.86,0.59989,-1,-1,-1
435,8,278.17,624.88,88.89,248.47,0.75529,-1,-1,-1
435,34,371.74,653.37,75.71,238.50,0.72199,-1,-1,-1
435,62,1007.63,20.30,54.44,159.07,0.39051,-1,-1,-1
435,85,792.38,148.00,59.61,172.05,0.40020,-1,-1,-1
435,38,879.18,572.45,75.34,220.82,0.60972,-1,-1,-1
435,80,757.87,566.40,85.22,249.76,0.70664,-1,-1,-1
435,5,1571.94,629.89,90.71,224.55,0.37911,-1,-1,-1
435,48,942.85,4.15,57.82,168.31,0.42467,-1,-1,-1
435,76,1319.32,521.06,69.64,186.32,0.37492,-1,-1,-1
436,3,996.70,926.47,87.14,151.28,0.69228,-1,-1,-1
436,4,1724.54,465.96,71.92,201.83,0.46468,-1,-1,-1
436,79,964.53,588.05,75.62,221.63,0.61924,-1,-1,-1
436,77,443.94,224.95,76.99,199.92,0.62341,-1,-1,-1
436,8,276.75,625.72,89.69,250.94,0.76288,-1,-1,-1
436,34,369.57,654.09,75.62,237.82,0.73079,-1,-1,-1
436,62,1007.53,19.41,54.25,157.84,0.39706,-1,-1,-1
436,85,792.18,148.66,59.23,171.33,0.40523,-1,-1,-1
436,38,881.03,573.66,73.04,213.03,0.62969,-1,-1,-1
436,80,758.37,566.68,85.03,250.63,0.68721,-1,-1,-1
436,5,1572.09,634.66,87.68,218.36,0.32822,-1,-1,-1
436,48,942.90,3.10,57.95,169.09,0.43331,-1,-1,-1
436,76,1323.42,522.00,70.54,182.74,0.48420,-1,-1,-1
437,3,998.63,925.34,87.41,152.42,0.71491,-1,-1,-1
437,4,1724.50,465.96,71.73,200.76,0.50416,-1,-1,-1
437,79,964.82,589.72,75.62,223.72,0.60996,-1,-1,-1
437,77,444.43,223.77,76.63,199.93,0.61230,-1,-1,-1
437,8,274.92,627.50,91.03,255.23,0.77636,-1,-1,-1
437,34,368.51,655.10,75.31,236.46,0.73681,-1,-1,-1
437,62,1007.23,18.36,54.45,157.73,0.40882,-1,-1,-1
437,85,792.48,148.63,58.91,171.19,0.39919,-1,-1,-1
437,38,881.47,574.52,74.07,216.00,0.64060,-1,-1,-1
437,80,759.07,566.85,84.80,251.28,0.68610,-1,-1,-1
437,5,1572.06,637.69,85.64,214.69,0.32914,-1,-1,-1
437,48,942.67,3.09,57.19,167.04,0.44546,-1,-1,-1
437,76,1326.26,525.98,70.35,178.90,0.43954,-1,-1,-1
438,3,1001.51,925.48,87.02,152.41,0.70726,-1,-1,-1
438,4,1723.02,464.53,72.48,203.39,0.53369,-1,-1,-1
438,79,965.36,591.68,75.80,225.40,0.58004,-1,-1,-1
438,77,445.16,224.15,75.87,198.75,0.61706,-1,-1,-1
438,8,272.72,630.06,92.20,259.46,0.76854,-1,-1,-1
438,34,367.12,656.44,75.10,236.08,0.74023,-1,-1,-1
438,62,1006.87,16.58,54.63,157.73,0.33748,-1,-1,-1
438,85,792.43,148.58,58.72,170.77,0.42358,-1,-1,-1
438,38,881.17,575.24,76.02,222.08,0.66892,-1,-1,-1
438,80,760.14,567.31,84.35,251.89,0.67787,-1,-1,-1
438,5,1569.31,635.95,85.14,216.19,0.35709,-1,-1,-1
438,48,942.41,2.20,56.71,165.85,0.41170,-1,-1,-1
438,76,1329.38,529.99,70.54,175.82,0.32393,-1,-1,-1
439,3,1004.13,925.51,86.92,152.68,0.69401,-1,-1,-1
439,4,1722.23,462.48,72.77,204.74,0.55830,-1,-1,-1
439,79,965.72,594.65,75.49,225.36,0.56351,-1,-1,-1
439,77,445.90,223.92,75.75,199.56,0.61595,-1,-1,-1
439,8,271.76,631.55,92.27,261.89,0.75544,-1,-1,-1
439,34,365.70,657.25,75.17,236.15,0.76341,-1,-1,-1
439,62,1007.08,15.02,54.54,156.99,0.32406,-1,-1,-1
439,85,792.40,147.73,59.01,171.97,0.43450,-1,-1,-1
439,38,881.97,576.04,77.04,225.32,0.66711,-1,-1,-1
439,80,761.71,568.46,83.46,251.15,0.64724,-1,-1,-1
439,5,1567.43,636.83,83.88,216.10,0.30732,-1,-1,-1
439,48,941.93,0.61,56.32,165.18,0.40918,-1,-1,-1
440,3,1006.35,925.35,86.90,152.89,0.69759,-1,-1,-1
440,4,1722.39,461.47,72.71,205.23,0.60704,-1,-1,-1
440,79,966.48,596.66,75.28,224.87,0.58555,-1,-1,-1
440,77,446.03,223.05,75.45,199.40,0.61269,-1,-1,-1
440,8,270.56,633.71,92.12,262.19,0.76243,-1,-1,-1
440,34,365.03,657.48,76.00,240.22,0.75031,-1,-1,-1
440,62,1007.00,13.49,54.46,156.20,0.36484,-1,-1,-1
440,85,792.85,147.29,58.83,172.27,0.44667,-1,-1,-1
440,38,883.00,576.74,77.19,225.72,0.66884,-1,-1,-1
440,80,763.74,568.85,82.49,250.41,0.66955,-1,-1,-1
440,48,941.68,0.03,55.20,161.85,0.43466,-1,-1,-1
441,3,1008.44,924.51,87.32,154.11,0.73250,-1,-1,-1
441,4,1722.35,460.17,72.83,206.28,0.59422,-1,-1,-1
441,79,966.34,598.88,74.85,222.68,0.52075,-1,-1,-1
441,77,445.78,220.81,75.32,199.89,0.61370,-1,-1,-1
441,8,269.59,636.22,91.42,260.25,0.76765,-1,-1,-1
441,34,363.45,659.36,76.92,244.79,0.77556,-1,-1,-1
441,62,1006.78,13.07,53.79,153.43,0.36843,-1,-1,-1
441,85,792.53,147.51,58.52,171.77,0.46308,-1,-1,-1
441,38,885.20,577.18,75.02,219.90,0.66017,-1,-1,-1
441,80,765.62,569.84,81.34,250.66,0.65444,-1,-1,-1
441,48,941.80,0.00,54.46,159.32,0.40907,-1,-1,-1
441,76,1340.72,530.35,76.59,193.85,0.39019,-1,-1,-1
442,3,1010.58,924.31,87.20,154.18,0.74294,-1,-1,-1
442,4,1722.70,459.51,72.82,207.44,0.58535,-1,-1,-1
442,79,967.12,599.90,74.60,221.55,0.53680,-1,-1,-1
442,77,446.06,218.87,74.35,197.84,0.54542,-1,-1,-1
442,8,266.91,638.58,91.45,260.56,0.77225,-1,-1,-1
442,34,361.80,662.14,76.85,245.33,0.77171,-1,-1,-1
442,62,1006.16,12.26,53.98,153.25,0.38044,-1,-1,-1
442,85,792.55,147.63,58.12,171.38,0.43180,-1,-1,-1
442,38,886.52,578.06,74.37,218.00,0.64085,-1,-1,-1
442,80,768.11,570.63,80.17,251.18,0.63857,-1,-1,-1
442,48,941.87,0.00,53.79,156.55,0.42173,-1,-1,-1
442,76,1351.06,527.69,75.82,198.21,0.38013,-1,-1,-1
443,3,1012.42,924.34,87.31,154.55,0.73391,-1,-1,-1
443,4,1723.05,459.42,72.48,207.56,0.58156,-1,-1,-1
443,79,967.35,601.48,74.43,221.04,0.47442,-1,-1,-1
443,77,447.01,217.43,73.20,194.95,0.53267,-1,-1,-1
443,8,263.44,640.78,91.57,260.82,0.75578,-1,-1,-1
443,34,359.51,665.13,76.90,245.61,0.76629,-1,-1,-1
443,62,1005.83,12.07,54.34,153.60,0.39246,-1,-1,-1
443,85,792.59,147.59,58.03,171.95,0.42231,-1,-1,-1
443,38,885.09,580.15,77.20,226.53,0.60156,-1,-1,-1
443,80,770.92,570.82,78.80,250.27,0.62251,-1,-1,-1
443,48,940.01,0.00,54.00,156.27,0.43119,-1,-1,-1
443,76,1355.83,527.11,76.86,205.13,0.44643,-1,-1,-1
444,3,1014.46,924.75,87.03,154.43,0.74985,-1,-1,-1
444,4,1723.43,459.00,72.32,208.20,0.57832,-1,-1,-1
444,79,967.61,602.79,74.34,220.17,0.46481,-1,-1,-1
444,77,446.90,215.64,72.26,191.96,0.51217,-1,-1,-1
444,8,260.83,643.27,91.20,258.91,0.76921,-1,-1,-1
444,34,358.01,667.95,77.10,246.72,0.77269,-1,-1,-1
444,62,1005.83,12.06,54.27,152.68,0.39360,-1,-1,-1
444,85,791.83,147.32,57.81,171.80,0.41779,-1,-1,-1
444,38,884.92,582.59,77.90,229.52,0.61950,-1,-1,-1
444,80,773.44,570.96,78.21,252.02,0.64367,-1,-1,-1
444,48,939.20,0.00,54.41,156.97,0.41138,-1,-1,-1
445,3,1015.38,923.93,87.37,155.49,0.74305,-1,-1,-1
445,4,1723.20,458.28,72.07,208.31,0.57157,-1,-1,-1
445,79,967.62,602.88,74.88,221.17,0.57829,-1,-1,-1
445,77,445.99,214.07,72.13,191.13,0.53816,-1,-1,-1
445,8,258.17,644.20,91.09,257.66,0.75294,-1,-1,-1
445,34,357.52,671.71,76.16,244.10,0.75178,-1,-1,-1
445,62,1005.70,11.45,55.47,156.07,0.39470,-1,-1,-1
445,85,791.96,147.79,57.71,172.38,0.40527,-1,-1,-1
445,38,884.66,584.43,77.77,229.67,0.64949,-1,-1,-1
445,80,776.08,571.46,77.47,251.88,0.64919,-1,-1,-1
445,48,940.10,0.00,54.32,156.34,0.42458,-1,-1,-1
446,3,1017.34,923.57,86.79,155.17,0.74754,-1,-1,-1
446,4,1723.18,457.81,71.93,208.97,0.56308,-1,-1,-1
446,79,966.94,603.63,74.74,219.49,0.59828,-1,-1,-1
446,77,445.03,212.32,72.48,191.85,0.53361,-1,-1,-1
446,8,255.66,645.55,91.16,256.34,0.75225,-1,-1,-1
446,34,355.85,674.47,76.22,244.97,0.74132,-1,-1,-1
446,62,1005.31,11.53,55.31,155.20,0.37886,-1,-1,-1
446,85,792.05,147.71,57.42,172.59,0.38608,-1,-1,-1
446,38,883.74,586.25,79.25,234.78,0.62898,-1,-1,-1
446,80,779.53,572.08,76.56,250.31,0.63354,-1,-1,-1
446,48,941.13,0.00,53.65,154.58,0.41308,-1,-1,-1
447,3,1018.07,922.20,87.31,157.07,0.75029,-1,-1,-1
447,4,1721.99,458.06,72.07,209.46,0.56313,-1,-1,-1
447,79,969.05,607.10,72.89,212.64,0.55905,-1,-1,-1
447,77,444.33,210.88,72.99,193.33,0.51875,-1,-1,-1
447,8,254.49,647.26,91.35,255.11,0.76314,-1,-1,-1
447,34,354.52,676.53,76.02,244.70,0.75562,-1,-1,-1
447,62,1005.16,11.50,55.19,154.68,0.34950,-1,-1,-1
447,85,792.95,148.61,57.40,172.04,0.35521,-1,-1,-1
447,38,883.49,588.62,79.37,235.88,0.61828,-1,-1,-1
447,80,782.74,572.39,75.90,249.16,0.63728,-1,-1,-1
447,48,941.29,0.00,53.23,153.86,0.39044,-1,-1,-1
448,3,1019.36,921.41,86.98,157.71,0.75012,-1,-1,-1
448,4,1720.97,457.96,72.29,209.74,0.56924,-1,-1,-1
448,79,969.32,608.26,73.05,212.10,0.65344,-1,-1,-1
448,77,443.16,210.08,73.06,193.42,0.54513,-1,-1,-1
448,8,253.14,648.02,91.46,253.93,0.77080,-1,-1,-1
448,34,353.12,678.47,75.58,243.77,0.75852,-1,-1,-1
448,62,1004.90,11.75,55.20,154.60,0.42239,-1,-1,-1
448,85,793.57,148.89,57.17,171.53,0.36790,-1,-1,-1
448,38,882.32,590.65,81.02,241.25,0.64886,-1,-1,-1
448,80,785.87,572.24,75.84,248.72,0.65404,-1,-1,-1
448,48,940.51,0.00,53.10,153.77,0.46141,-1,-1,-1
449,3,1020.62,921.77,86.21,157.34,0.75023,-1,-1,-1
449,4,1722.95,457.34,72.50,209.77,0.54648,-1,-1,-1
449,79,969.26,609.93,73.32,211.06,0.65311,-1,-1,-1
449,77,442.68,209.61,72.96,193.32,0.52462,-1,-1,-1
449,8,252.81,648.44,91.53,253.05,0.76143,-1,-1,-1
449,34,350.92,679.34,75.46,243.13,0.76328,-1,-1,-1
449,62,1005.02,11.91,54.99,153.94,0.39738,-1,-1,-1
449,85,793.62,149.02,57.22,171.45,0.37460,-1,-1,-1
449,38,881.80,593.18,82.21,245.02,0.65998,-1,-1,-1
449,80,787.70,572.81,75.76,247.94,0.65578,-1,-1,-1
449,48,938.89,0.00,53.14,154.07,0.43828,-1,-1,-1
450,3,1021.53,920.78,85.83,157.94,0.74726,-1,-1,-1
450,4,1723.41,457.29,72.63,209.89,0.56438,-1,-1,-1
450,79,970.16,611.30,73.64,211.28,0.65570,-1,-1,-1
450,77,442.10,209.12,73.10,194.12,0.53580,-1,-1,-1
450,8,251.81,649.98,91.06,250.07,0.75883,-1,-1,-1
450,34,349.10,679.43,75.73,243.12,0.76092,-1,-1,-1
450,62,1005.19,11.76,54.82,153.26,0.39613,-1,-1,-1
450,85,793.77,148.87,57.18,171.59,0.37266,-1,-1,-1
450,38,881.86,594.38,82.61,246.04,0.65219,-1,-1,-1
450,80,789.00,573.56,75.68,246.89,0.63832,-1,-1,-1
450,48,938.46,0.00,52.88,153.51,0.47978,-1,-1,-1
451,3,1022.79,921.60,85.08,157.89,0.74406,-1,-1,-1
451,4,1721.11,457.88,72.59,209.07,0.52025,-1,-1,-1
451,79,971.21,612.44,74.94,215.24,0.60772,-1,-1,-1
451,77,441.05,208.91,73.09,193.98,0.50826,-1,-1,-1
451,8,251.09,651.83,90.27,247.21,0.72516,-1,-1,-1
451,34,347.00,680.48,76.06,243.76,0.75556,-1,-1,-1
451,62,1005.04,12.21,54.83,153.26,0.37766,-1,-1,-1
451,85,793.76,148.99,56.32,170.72,0.36572,-1,-1,-1
451,38,881.86,596.95,82.17,244.56,0.60830,-1,-1,-1
451,80,790.18,575.04,75.09,244.72,0.63353,-1,-1,-1
451,48,938.11,0.00,52.96,153.82,0.45924,-1,-1,-1
452,3,1023.83,921.83,84.40,158.02,0.76435,-1,-1,-1
452,4,1720.19,458.28,72.74,208.77,0.53702,-1,-1,-1
452,79,972.24,613.99,76.27,219.14,0.60303,-1,-1,-1
452,77,440.43,208.13,73.51,194.93,0.46226,-1,-1,-1
452,8,249.89,653.47,91.03,249.34,0.75274,-1,-1,-1
452,34,345.04,680.81,76.06,242.36,0.78662,-1,-1,-1
452,62,1004.85,12.30,54.65,152.64,0.38094,-1,-1,-1
452,85,794.09,148.54,55.64,170.20,0.35123,-1,-1,-1
452,38,883.26,598.24,81.97,244.70,0.63962,-1,-1,-1
452,80,792.08,575.55,75.15,244.98,0.64546,-1,-1,-1
452,48,937.57,0.00,53.53,155.87,0.49237,-1,-1,-1
452,5,1549.05,621.26,84.80,229.77,0.41886,-1,-1,-1
452,76,1417.82,542.52,60.93,156.50,0.39224,-1,-1,-1
453,3,1024.52,921.52,83.90,158.47,0.75432,-1,-1,-1
453,4,1719.59,458.72,72.95,208.52,0.53297,-1,-1,-1
453,79,972.84,616.64,76.79,220.61,0.60826,-1,-1,-1
453,77,439.97,208.08,73.54,195.53,0.43203,-1,-1,-1
453,8,248.60,655.91,91.74,251.83,0.74934,-1,-1,-1
453,34,343.51,681.01,76.30,241.64,0.78342,-1,-1,-1
453,62,1004.88,11.92,54.67,152.62,0.40480,-1,-1,-1
453,85,793.31,148.02,55.69,171.91,0.30740,-1,-1,-1
453,38,885.95,599.78,80.84,242.82,0.63358,-1,-1,-1
453,80,794.72,576.98,75.21,244.90,0.63886,-1,-1,-1
453,48,937.22,0.00,53.44,155.90,0.50773,-1,-1,-1
453,5,1544.77,617.95,85.18,232.98,0.46540,-1,-1,-1
453,76,1426.46,544.22,61.60,154.70,0.38413,-1,-1,-1
454,3,1024.66,921.10,83.53,158.90,0.75538,-1,-1,-1
454,4,1718.41,458.01,73.40,208.55,0.56210,-1,-1,-1
454,79,975.08,618.71,76.37,220.40,0.64586,-1,-1,-1
454,77,441.13,207.76,73.28,196.66,0.44555,-1,-1,-1
454,8,247.32,657.36,92.67,254.74,0.75221,-1,-1,-1
454,34,342.54,681.72,76.73,240.92,0.79774,-1,-1,-1
454,62,1004.98,11.29,54.81,153.34,0.41114,-1,-1,-1
454,85,794.10,148.07,55.44,171.48,0.33127,-1,-1,-1
454,38,885.17,600.75,80.68,241.56,0.64203,-1,-1,-1
454,80,796.08,578.00,74.82,244.07,0.62177,-1,-1,-1
454,48,936.87,0.00,53.34,155.71,0.53070,-1,-1,-1
454,5,1548.44,620.50,81.49,230.87,0.44721,-1,-1,-1
454,76,1429.76,544.33,62.99,156.04,0.36203,-1,-1,-1
454,96,1661.87,359.77,65.97,190.92,0.41229,-1,-1,-1
455,3,1025.71,921.66,82.70,158.34,0.75355,-1,-1,-1
455,4,1717.53,457.82,74.22,209.61,0.55824,-1,-1,-1
455,79,977.20,621.51,75.51,217.42,0.64339,-1,-1,-1
455,77,440.58,204.96,73.42,197.65,0.45643,-1,-1,-1
455,8,246.32,658.47,93.80,258.04,0.75702,-1,-1,-1
455,34,340.98,683.03,77.33,242.07,0.78615,-1,-1,-1
455,62,1005.29,10.81,54.57,152.93,0.43157,-1,-1,-1
455,85,793.89,147.99,55.45,171.27,0.32312,-1,-1,-1
455,38,886.31,601.59,79.55,237.61,0.63237,-1,-1,-1
455,80,797.60,579.39,74.55,242.87,0.64655,-1,-1,-1
455,48,936.80,0.04,53.05,155.36,0.53498,-1,-1,-1
455,5,1543.01,616.34,82.93,234.69,0.49956,-1,-1,-1
455,96,1661.25,359.34,66.01,191.08,0.37332,-1,-1,-1
456,3,1026.58,921.79,82.19,158.21,0.74498,-1,-1,-1
456,4,1717.40,457.90,74.55,209.73,0.57197,-1,-1,-1
456,79,978.72,623.63,76.16,219.34,0.68158,-1,-1,-1
456,77,440.73,203.85,73.00,198.14,0.51689,-1,-1,-1
456,8,245.03,660.42,94.65,260.87,0.75815,-1,-1,-1
456,34,338.64,684.42,78.62,245.59,0.77682,-1,-1,-1
456,62,1005.50,9.65,54.53,153.18,0.46795,-1,-1,-1
456,85,793.90,146.42,55.85,172.52,0.30786,-1,-1,-1
456,38,887.08,602.12,79.71,236.59,0.65595,-1,-1,-1
456,80,798.74,580.86,74.16,241.55,0.65316,-1,-1,-1
456,48,937.02,0.00,52.62,154.51,0.54395,-1,-1,-1
456,5,1545.00,614.96,82.21,236.35,0.47322,-1,-1,-1
456,96,1659.25,359.33,66.31,191.97,0.39400,-1,-1,-1
457,3,1026.99,921.99,81.74,158.01,0.73061,-1,-1,-1
457,4,1717.01,458.00,74.86,209.41,0.60108,-1,-1,-1
457,79,979.50,625.04,76.64,221.27,0.67125,-1,-1,-1
457,77,441.29,201.81,72.38,198.32,0.53644,-1,-1,-1
457,8,244.02,662.52,95.00,261.87,0.76169,-1,-1,-1
457,34,336.18,687.56,79.38,248.17,0.79353,-1,-1,-1
457,62,1005.98,9.22,53.76,151.04,0.45272,-1,-1,-1
457,85,793.00,145.54,56.58,174.25,0.31977,-1,-1,-1
457,38,888.14,602.84,80.29,237.25,0.65529,-1,-1,-1
457,80,799.63,581.51,73.89,241.41,0.66954,-1,-1,-1
457,48,937.22,0.00,52.07,153.09,0.53504,-1,-1,-1
457,5,1545.68,614.26,81.70,238.27,0.45684,-1,-1,-1
457,96,1658.68,359.54,65.53,189.75,0.40684,-1,-1,-1
458,3,1027.40,921.69,81.68,158.31,0.73988,-1,-1,-1
458,4,1716.70,458.10,75.45,209.99,0.56997,-1,-1,-1
458,79,980.60,625.79,77.04,222.15,0.67426,-1,-1,-1
458,77,442.47,199.98,70.89,196.08,0.53165,-1,-1,-1
458,8,243.33,665.22,95.30,262.29,0.76418,-1,-1,-1
458,34,334.91,690.93,79.29,247.97,0.79353,-1,-1,-1
458,62,1006.39,8.38,53.14,148.90,0.41563,-1,-1,-1
458,85,794.53,145.55,56.21,174.05,0.30259,-1,-1,-1
458,38,891.62,603.98,80.43,238.57,0.68439,-1,-1,-1
458,80,801.97,583.23,73.78,240.77,0.65783,-1,-1,-1
458,48,936.60,0.00,51.80,151.93,0.49035,-1,-1,-1
458,5,1546.36,613.66,80.78,238.67,0.45873,-1,-1,-1
458,96,1656.85,358.79,65.46,189.79,0.44340,-1,-1,-1
459,3,1027.43,921.33,81.70,158.61,0.73167,-1,-1,-1
459,4,1717.52,458.29,75.40,209.61,0.54091,-1,-1,-1
459,79,981.94,627.60,77.19,221.81,0.68810,-1,-1,-1
459,77,443.16,197.40,69.69,194.11,0.50014,-1,-1,-1
459,8,242.31,667.69,96.15,264.70,0.77206,-1,-1,-1
459,34,333.64,694.65,78.72,246.71,0.80787,-1,-1,-1
459,62,1007.42,7.37,52.28,146.51,0.39713,-1,-1,-1
459,38,894.10,605.51,80.07,238.41,0.68160,-1,-1,-1
459,80,804.56,584.02,73.95,240.56,0.64241,-1,-1,-1
459,48,936.66,0.00,51.01,148.96,0.46894,-1,-1,-1
459,5,1546.67,613.77,79.69,238.73,0.49159,-1,-1,-1
459,96,1654.96,357.47,65.30,189.56,0.38031,-1,-1,-1
459,97,1838.67,382.62,70.47,200.90,0.37173,-1,-1,-1
460,3,1027.65,921.35,81.64,158.64,0.73603,-1,-1,-1
460,4,1717.63,457.30,75.88,211.00,0.54590,-1,-1,-1
460,79,983.07,628.55,77.12,221.16,0.67279,-1,-1,-1
460,77,443.75,195.55,68.49,191.26,0.51477,-1,-1,-1
460,8,241.70,668.63,96.88,266.93,0.77458,-1,-1,-1
460,34,333.73,698.17,77.78,243.74,0.81162,-1,-1,-1
460,62,1007.70,5.93,52.15,146.51,0.43982,-1,-1,-1
460,38,896.26,607.00,80.33,239.92,0.70797,-1,-1,-1
460,80,807.28,584.20,74.40,240.65,0.66283,-1,-1,-1
460,48,936.17,0.07,50.99,147.52,0.50782,-1,-1,-1
460,5,1547.08,615.08,78.18,237.85,0.44695,-1,-1,-1
460,97,1834.81,379.81,72.94,207.62,0.33371,-1,-1,-1
460,85,794.96,145.86,55.90,173.66,0.31532,-1,-1,-1
461,3,1027.87,921.63,81.52,158.37,0.73668,-1,-1,-1
461,4,1718.68,457.51,75.53,210.38,0.54745,-1,-1,-1
461,79,983.90,629.58,77.25,221.06,0.65924,-1,-1,-1
461,77,443.81,193.59,67.93,190.29,0.51341,-1,-1,-1
461,8,241.88,670.12,96.97,266.71,0.78425,-1,-1,-1
461,34,333.60,701.65,77.94,244.55,0.80700,-1,-1,-1
461,62,1007.53,5.37,52.52,147.70,0.40429,-1,-1,-1
461,38,897.82,609.43,80.29,240.20,0.70973,-1,-1,-1
461,80,809.76,583.60,74.82,240.43,0.67075,-1,-1,-1
461,48,936.12,0.80,50.82,145.57,0.44279,-1,-1,-1
461,5,1546.76,613.39,77.45,238.93,0.43181,-1,-1,-1
461,97,1830.37,378.99,71.60,203.32,0.32638,-1,-1,-1
461,85,795.61,145.47,55.67,173.69,0.34471,-1,-1,-1
462,3,1027.67,921.60,81.46,158.36,0.75012,-1,-1,-1
462,4,1719.12,455.84,76.14,212.82,0.53287,-1,-1,-1
462,79,985.21,630.85,77.07,219.70,0.66891,-1,-1,-1
462,77,443.52,192.63,67.59,189.52,0.50928,-1,-1,-1
462,8,241.31,671.71,96.22,265.29,0.76642,-1,-1,-1
462,34,332.52,703.76,78.78,247.14,0.80793,-1,-1,-1
462,62,1007.48,4.76,52.84,148.79,0.39974,-1,-1,-1
462,38,898.99,611.33,80.07,239.77,0.71484,-1,-1,-1
462,80,812.07,583.62,75.83,241.75,0.66805,-1,-1,-1
462,48,936.12,2.76,50.60,142.97,0.35780,-1,-1,-1
462,5,1548.59,617.73,74.91,234.66,0.32666,-1,-1,-1
462,97,1830.94,377.56,73.67,207.71,0.30789,-1,-1,-1
462,85,796.34,145.46,55.32,173.82,0.34989,-1,-1,-1
463,3,1027.44,921.38,81.54,158.62,0.74012,-1,-1,-1
463,4,1719.30,456.43,75.67,211.80,0.56076,-1,-1,-1
463,79,987.32,631.47,76.22,216.57,0.69081,-1,-1,-1
463,77,443.99,193.34,67.26,188.42,0.48210,-1,-1,-1
463,8,240.82,673.54,95.80,265.00,0.76783,-1,-1,-1
463,34,331.76,704.66,79.33,248.97,0.80698,-1,-1,-1
463,62,1007.15,4.28,53.29,149.84,0.43651,-1,-1,-1
463,38,900.79,613.49,79.13,236.93,0.70720,-1,-1,-1
463,80,814.40,583.65,76.94,242.65,0.68749,-1,-1,-1
463,48,936.35,3.39,50.64,141.71,0.41542,-1,-1,-1
463,5,1548.55,615.08,74.58,237.00,0.30872,-1,-1,-1
463,97,1824.35,376.16,72.46,203.82,0.36664,-1,-1,-1
463,85,796.19,144.76,55.29,174.25,0.36437,-1,-1,-1
464,3,1027.07,921.08,81.68,158.92,0.74893,-1,-1,-1
464,4,1718.96,455.85,75.75,212.23,0.52409,-1,-1,-1
464,79,987.22,632.33,76.50,216.97,0.66201,-1,-1,-1
464,77,444.78,191.74,68.07,189.95,0.48625,-1,-1,-1
464,8,240.89,675.36,95.74,264.61,0.74951,-1,-1,-1
464,34,332.10,705.90,79.37,250.33,0.80342,-1,-1,-1
464,62,1006.93,3.32,53.87,151.32,0.46292,-1,-1,-1
464,38,902.37,615.84,78.35,234.74,0.68074,-1,-1,-1
464,80,816.58,584.47,78.47,244.06,0.69617,-1,-1,-1
464,48,936.19,2.65,51.30,142.54,0.38321,-1,-1,-1
464,97,1820.63,374.80,72.52,203.82,0.34334,-1,-1,-1
464,85,796.23,144.82,55.06,173.71,0.37623,-1,-1,-1
465,3,1026.67,921.72,81.36,158.28,0.74335,-1,-1,-1
465,4,1719.39,456.02,75.60,212.33,0.53018,-1,-1,-1
465,79,988.55,634.65,76.16,215.80,0.65082,-1,-1,-1
465,77,444.67,191.18,68.82,190.99,0.51283,-1,-1,-1
465,8,240.61,677.43,94.89,261.81,0.75636,-1,-1,-1
465,34,331.96,706.97,78.79,250.65,0.79204,-1,-1,-1
465,62,1007.07,3.76,53.75,150.62,0.42886,-1,-1,-1
465,38,904.02,618.07,77.60,232.01,0.68231,-1,-1,-1
465,80,818.08,585.26,79.55,243.61,0.68349,-1,-1,-1
465,48,936.13,2.56,51.66,142.42,0.40163,-1,-1,-1
465,97,1817.42,372.89,72.43,202.82,0.34612,-1,-1,-1
465,85,797.00,144.88,54.93,174.19,0.39654,-1,-1,-1
466,3,1026.62,922.17,81.18,157.83,0.72291,-1,-1,-1
466,4,1719.96,455.96,75.03,211.66,0.54210,-1,-1,-1
466,79,989.44,636.99,76.69,217.72,0.62833,-1,-1,-1
466,77,444.92,190.79,69.02,190.62,0.52694,-1,-1,-1
466,8,238.59,679.43,92.99,257.88,0.77094,-1,-1,-1
466,34,331.72,707.29,78.04,249.94,0.77949,-1,-1,-1
466,62,1006.98,3.00,53.93,150.71,0.45452,-1,-1,-1
466,38,904.93,620.44,77.77,232.04,0.69095,-1,-1,-1
466,80,818.50,584.90,80.83,243.37,0.72305,-1,-1,-1
466,48,936.96,2.11,51.75,142.32,0.42868,-1,-1,-1
466,97,1815.29,371.75,73.51,204.83,0.41284,-1,-1,-1
466,85,797.79,144.67,54.77,175.00,0.38243,-1,-1,-1
467,3,1026.80,922.26,80.68,156.51,0.72302,-1,-1,-1
467,4,1719.87,454.74,75.41,213.56,0.55041,-1,-1,-1
467,79,990.29,637.95,77.12,219.39,0.59604,-1,-1,-1
467,77,445.99,190.81,69.16,189.99,0.58231,-1,-1,-1
467,8,237.87,680.84,91.05,252.84,0.77249,-1,-1,-1
467,34,331.65,707.46,77.41,249.85,0.78771,-1,-1,-1
467,62,1007.29,3.51,53.96,150.16,0.44516,-1,-1,-1
467,38,905.03,621.64,78.89,235.47,0.72089,-1,-1,-1
467,80,817.60,584.77,82.58,244.64,0.73646,-1,-1,-1
467,48,937.52,2.86,51.77,142.33,0.41341,-1,-1,-1
467,97,1813.00,369.80,74.78,207.89,0.39376,-1,-1,-1
467,85,798.36,144.27,54.32,174.99,0.33212,-1,-1,-1
468,3,1027.10,922.50,80.40,155.79,0.71866,-1,-1,-1
468,4,1719.95,455.54,74.79,212.32,0.53999,-1,-1,-1
468,79,990.82,640.35,76.94,219.01,0.56944,-1,-1,-1
468,77,447.60,190.64,69.00,189.28,0.54435,-1,-1,-1
468,8,236.45,681.64,90.63,251.97,0.78336,-1,-1,-1
468,34,331.71,708.62,76.18,247.26,0.76515,-1,-1,-1
468,62,1007.06,3.69,54.02,149.61,0.41859,-1,-1,-1
468,38,906.53,622.68,78.36,233.65,0.69338,-1,-1,-1
468,80,817.17,584.84,84.58,246.46,0.73809,-1,-1,-1
468,48,938.05,3.75,51.53,141.33,0.45188,-1,-1,-1
468,97,1809.78,368.28,75.83,210.08,0.46804,-1,-1,-1
468,85,798.01,143.53,54.58,176.27,0.37139,-1,-1,-1
469,3,1027.20,922.75,80.17,155.55,0.72712,-1,-1,-1
469,4,1720.12,454.49,74.65,212.59,0.53290,-1,-1,-1
469,79,991.27,642.60,75.33,212.87,0.54863,-1,-1,-1
469,77,448.85,189.48,68.84,188.84,0.56337,-1,-1,-1
469,8,234.89,683.50,90.85,252.19,0.78077,-1,-1,-1
469,34,331.43,710.53,75.85,247.05,0.77753,-1,-1,-1
469,62,1006.70,3.11,54.56,150.24,0.38373,-1,-1,-1
469,38,908.21,623.63,77.67,231.28,0.68739,-1,-1,-1
469,80,816.66,584.95,86.72,248.71,0.72893,-1,-1,-1
469,48,938.13,3.68,51.65,140.82,0.43149,-1,-1,-1
469,97,1806.85,366.57,76.60,211.47,0.49406,-1,-1,-1
469,85,798.64,142.76,54.51,177.23,0.34931,-1,-1,-1
470,3,1026.41,922.45,80.41,156.05,0.72262,-1,-1,-1
470,4,1720.57,455.15,74.18,211.77,0.53122,-1,-1,-1
470,79,990.77,644.40,76.33,215.68,0.47742,-1,-1,-1
470,77,448.83,188.36,69.26,189.53,0.57526,-1,-1,-1
470,8,233.44,685.83,91.60,254.29,0.78799,-1,-1,-1
470,34,330.53,712.20,75.32,245.88,0.79770,-1,-1,-1
470,62,1006.17,1.82,55.09,151.11,0.38388,-1,-1,-1
470,38,910.29,624.72,76.81,228.54,0.64536,-1,-1,-1
470,80,815.48,585.07,89.04,251.84,0.72634,-1,-1,-1
470,48,937.71,2.99,52.11,141.43,0.39425,-1,-1,-1
470,97,1805.51,364.96,76.41,210.22,0.46282,-1,-1,-1
470,85,798.41,142.52,54.37,177.49,0.38960,-1,-1,-1
471,3,1025.64,923.41,80.35,156.05,0.72764,-1,-1,-1
471,4,1720.34,455.19,74.39,212.83,0.53531,-1,-1,-1
471,79,989.79,646.40,78.04,220.24,0.48911,-1,-1,-1
471,77,449.34,185.84,70.10,192.46,0.58102,-1,-1,-1
471,8,231.77,687.83,93.17,258.48,0.78788,-1,-1,-1
471,34,328.92,714.25,75.14,244.98,0.80374,-1,-1,-1
471,62,1005.35,1.64,55.03,150.75,0.40596,-1,-1,-1
471,38,912.76,625.32,75.38,223.23,0.59253,-1,-1,-1
471,80,814.93,585.55,91.33,254.85,0.70811,-1,-1,-1
471,48,938.06,3.09,51.95,140.65,0.40832,-1,-1,-1
471,97,1803.88,364.78,76.41,209.01,0.50820,-1,-1,-1
471,85,798.60,142.61,54.25,177.85,0.36697,-1,-1,-1
472,3,1025.27,924.09,80.06,155.73,0.70471,-1,-1,-1
472,4,1719.96,455.31,74.54,213.36,0.55483,-1,-1,-1
472,79,989.48,647.66,79.07,223.22,0.50383,-1,-1,-1
472,77,449.91,184.20,70.39,194.30,0.59814,-1,-1,-1
472,8,229.81,690.06,94.65,262.86,0.78622,-1,-1,-1
472,34,327.90,716.36,75.47,245.68,0.81638,-1,-1,-1
472,62,1004.33,0.40,55.34,151.64,0.41108,-1,-1,-1
472,38,914.22,626.13,75.03,221.69,0.63291,-1,-1,-1
472,80,813.87,586.41,92.95,256.95,0.72666,-1,-1,-1
472,48,937.61,3.06,52.09,140.30,0.37127,-1,-1,-1
472,97,1802.96,364.55,76.09,207.20,0.49617,-1,-1,-1
472,85,799.09,142.02,54.29,178.28,0.39509,-1,-1,-1
473,3,1024.68,925.15,79.70,154.81,0.72196,-1,-1,-1
473,4,1719.31,454.66,75.26,215.38,0.55035,-1,-1,-1
473,79,989.68,648.89,79.19,223.86,0.53443,-1,-1,-1
473,77,450.84,181.81,69.53,192.15,0.56981,-1,-1,-1
473,8,228.14,693.04,95.22,264.49,0.76592,-1,-1,-1
473,34,326.17,720.01,76.12,247.19,0.80113,-1,-1,-1
473,62,1004.07,0.00,55.73,152.35,0.34006,-1,-1,-1
473,38,914.70,627.26,76.40,225.54,0.68586,-1,-1,-1
473,80,812.36,587.02,93.85,257.78,0.75567,-1,-1,-1
473,48,937.60,3.34,52.08,139.75,0.36395,-1,-1,-1
473,97,1801.07,363.66,76.77,207.50,0.48474,-1,-1,-1
473,85,800.04,144.12,53.32,176.11,0.37498,-1,-1,-1
474,3,1024.62,925.06,79.55,154.62,0.71021,-1,-1,-1
474,4,1718.33,454.93,75.43,215.29,0.53936,-1,-1,-1
474,79,989.88,650.13,79.62,225.87,0.55211,-1,-1,-1
474,77,452.24,179.38,68.79,190.62,0.51788,-1,-1,-1
474,8,226.28,694.74,96.26,267.54,0.76138,-1,-1,-1
474,34,324.45,723.08,77.06,249.86,0.78893,-1,-1,-1
474,62,1003.48,0.00,55.90,152.27,0.37947,-1,-1,-1
474,38,915.36,628.01,76.95,226.31,0.64335,-1,-1,-1
474,80,811.22,587.68,94.26,257.65,0.75837,-1,-1,-1
474,48,937.64,3.19,52.32,139.95,0.36939,-1,-1,-1
474,97,1798.26,363.04,77.39,206.92,0.47574,-1,-1,-1
474,85,799.74,143.47,53.36,177.01,0.39358,-1,-1,-1
475,3,1024.39,925.34,79.24,154.35,0.71034,-1,-1,-1
475,4,1717.99,455.38,75.90,214.84,0.52249,-1,-1,-1
475,79,991.04,652.28,79.21,225.22,0.59890,-1,-1,-1
475,77,453.00,179.90,67.19,186.79,0.51423,-1,-1,-1
475,8,224.31,697.02,96.90,269.81,0.75678,-1,-1,-1
475,34,322.93,726.11,77.59,251.17,0.77981,-1,-1,-1
475,62,1002.77,0.00,55.43,150.89,0.38408,-1,-1,-1
475,38,915.67,629.60,78.42,231.23,0.67318,-1,-1,-1
475,80,810.18,588.50,94.18,256.77,0.75510,-1,-1,-1
475,48,937.19,3.13,52.75,140.93,0.35767,-1,-1,-1
475,97,1795.97,363.08,78.13,206.87,0.48007,-1,-1,-1
475,85,800.40,143.60,53.03,177.00,0.39195,-1,-1,-1
476,3,1024.15,926.19,78.81,153.54,0.72205,-1,-1,-1
476,4,1716.72,455.94,76.47,214.15,0.50039,-1,-1,-1
476,79,993.12,654.35,78.08,223.42,0.56222,-1,-1,-1
476,77,453.25,179.53,66.48,185.08,0.53104,-1,-1,-1
476,8,223.30,699.91,96.65,269.42,0.74500,-1,-1,-1
476,34,321.92,728.23,77.48,250.49,0.77166,-1,-1,-1
476,62,1002.39,0.00,54.57,148.16,0.31188,-1,-1,-1
476,38,916.26,631.18,78.42,231.14,0.60635,-1,-1,-1
476,80,808.66,589.06,94.00,256.45,0.74346,-1,-1,-1
476,48,937.10,3.26,52.94,141.33,0.31967,-1,-1,-1
476,97,1791.82,362.50,79.37,207.88,0.44370,-1,-1,-1
476,85,800.89,142.93,52.72,177.08,0.43475,-1,-1,-1
477,3,1023.83,926.77,78.61,153.15,0.71360,-1,-1,-1
477,4,1716.47,456.83,76.75,212.72,0.51137,-1,-1,-1
477,79,994.43,656.08,77.09,222.27,0.58014,-1,-1,-1
477,77,451.91,176.08,67.62,187.93,0.53879,-1,-1,-1
477,8,222.23,701.94,95.95,267.65,0.74651,-1,-1,-1
477,34,320.31,730.43,77.81,251.65,0.76492,-1,-1,-1
477,38,916.99,633.34,78.47,230.56,0.65644,-1,-1,-1
477,80,807.74,589.83,93.38,255.46,0.77541,-1,-1,-1
477,97,1790.38,361.78,79.81,207.47,0.50295,-1,-1,-1
477,85,801.13,144.69,52.12,175.51,0.46472,-1,-1,-1
478,3,1023.47,928.10,78.02,151.89,0.72472,-1,-1,-1
478,4,1714.90,456.96,77.56,212.05,0.46907,-1,-1,-1
478,79,995.96,656.82,76.12,220.90,0.56117,-1,-1,-1
478,77,453.11,177.04,66.73,185.53,0.53353,-1,-1,-1
478,8,220.66,703.53,95.60,266.48,0.73990,-1,-1,-1
478,34,319.78,732.85,78.05,252.65,0.75876,-1,-1,-1
478,38,916.17,635.22,78.63,229.61,0.67151,-1,-1,-1
478,80,806.19,590.38,92.78,255.15,0.78481,-1,-1,-1
478,97,1790.61,360.30,79.54,206.61,0.46220,-1,-1,-1
478,85,801.49,145.47,51.80,174.84,0.47097,-1,-1,-1
478,62,1001.63,0.78,53.89,146.66,0.30831,-1,-1,-1
478,48,937.47,4.46,52.25,139.65,0.32462,-1,-1,-1
479,3,1022.57,929.30,77.47,150.70,0.71999,-1,-1,-1
479,4,1714.99,457.38,78.08,211.07,0.47489,-1,-1,-1
479,79,995.79,657.20,76.20,222.11,0.63066,-1,-1,-1
479,77,452.73,176.66,66.97,185.87,0.56647,-1,-1,-1
479,8,220.66,704.46,95.36,265.24,0.72956,-1,-1,-1
479,34,318.28,734.80,78.72,254.34,0.75661,-1,-1,-1
479,38,915.70,638.41,79.37,231.51,0.70415,-1,-1,-1
479,80,804.52,591.10,91.85,254.41,0.78519,-1,-1,-1
479,97,1788.56,360.07,79.77,206.35,0.53743,-1,-1,-1
479,85,802.35,145.85,51.57,175.15,0.45617,-1,-1,-1
479,48,936.96,4.42,51.91,139.13,0.33208,-1,-1,-1
480,3,1021.66,931.48,76.61,148.52,0.73710,-1,-1,-1
480,4,1708.94,456.94,80.37,210.43,0.38934,-1,-1,-1
480,79,996.66,658.21,75.22,220.73,0.61098,-1,-1,-1
480,77,449.74,173.45,69.25,190.47,0.52773,-1,-1,-1
480,8,219.38,704.85,94.77,263.80,0.74577,-1,-1,-1
480,34,315.33,736.66,78.99,253.68,0.75070,-1,-1,-1
480,38,914.06,640.86,81.47,237.12,0.67058,-1,-1,-1
480,80,803.26,591.96,91.11,254.02,0.77772,-1,-1,-1
480,97,1786.52,359.42,79.56,206.67,0.52078,-1,-1,-1
480,85,803.18,146.22,51.12,175.20,0.42131,-1,-1,-1
480,48,936.00,2.53,51.89,139.18,0.30274,-1,-1,-1
481,3,1020.64,931.31,76.88,148.69,0.73787,-1,-1,-1
481,4,1710.36,457.71,81.58,210.22,0.39630,-1,-1,-1
481,79,994.51,660.04,75.34,220.83,0.59396,-1,-1,-1
481,77,448.58,171.55,70.50,192.51,0.53551,-1,-1,-1
481,8,218.39,705.11,94.34,263.23,0.76196,-1,-1,-1
481,34,310.57,737.75,80.19,254.75,0.77660,-1,-1,-1
481,38,912.45,643.75,81.80,236.73,0.67855,-1,-1,-1
481,80,802.31,593.17,90.24,253.53,0.79201,-1,-1,-1
481,97,1785.74,358.24,78.46,205.21,0.57129,-1,-1,-1
481,85,803.00,144.59,51.10,176.17,0.43723,-1,-1,-1
481,48,934.74,1.38,51.79,138.54,0.38475,-1,-1,-1
481,99,1730.48,169.72,60.86,170.26,0.41736,-1,-1,-1
481,62,1000.69,0.06,52.99,144.01,0.38164,-1,-1,-1
482,3,1020.49,932.53,76.50,147.47,0.73167,-1,-1,-1
482,4,1710.91,458.51,82.32,210.01,0.43496,-1,-1,-1
482,79,994.84,662.35,75.40,221.62,0.62918,-1,-1,-1
482,77,450.69,174.31,69.16,188.16,0.51065,-1,-1,-1
482,8,218.10,706.43,93.52,261.69,0.75668,-1,-1,-1
482,34,308.70,738.73,81.02,255.74,0.77303,-1,-1,-1
482,38,909.94,645.89,84.76,244.41,0.69611,-1,-1,-1
482,80,801.38,594.12,89.53,253.34,0.78176,-1,-1,-1
482,97,1783.90,356.68,78.09,205.88,0.54556,-1,-1,-1
482,85,803.52,144.28,50.95,176.99,0.48785,-1,-1,-1
482,48,934.34,1.17,51.05,136.00,0.32581,-1,-1,-1
482,99,1730.59,171.46,60.83,170.03,0.41471,-1,-1,-1
482,62,999.76,0.34,52.68,143.16,0.35662,-1,-1,-1
483,3,1020.22,933.05,76.51,146.95,0.73437,-1,-1,-1
483,4,1706.66,458.20,84.33,209.88,0.37267,-1,-1,-1
483,79,996.44,664.32,75.12,221.86,0.62196,-1,-1,-1
483,77,452.38,173.35,69.11,188.49,0.51545,-1,-1,-1
483,8,218.01,707.54,92.76,259.83,0.75621,-1,-1,-1
483,34,305.86,739.73,81.57,255.85,0.77482,-1,-1,-1
483,38,909.57,648.43,85.47,246.19,0.71099,-1,-1,-1
483,80,800.07,595.17,88.78,252.49,0.77507,-1,-1,-1
483,97,1782.31,355.58,77.84,206.50,0.50700,-1,-1,-1
483,85,803.96,143.61,50.55,176.77,0.46965,-1,-1,-1
483,48,934.11,1.35,50.70,134.66,0.33033,-1,-1,-1
483,99,1729.69,170.37,61.40,171.58,0.41319,-1,-1,-1
483,62,999.17,0.01,53.14,144.44,0.38630,-1,-1,-1
484,3,1019.95,933.52,76.65,146.48,0.72142,-1,-1,-1
484,4,1703.77,458.38,86.48,210.37,0.38069,-1,-1,-1
484,79,997.21,667.13,75.27,223.31,0.60570,-1,-1,-1
484,77,453.67,172.85,68.62,188.82,0.51134,-1,-1,-1
484,8,217.82,709.08,91.87,257.67,0.75555,-1,-1,-1
484,34,304.36,740.95,81.64,254.84,0.76631,-1,-1,-1
484,38,909.41,649.50,86.46,249.37,0.70068,-1,-1,-1
484,80,799.64,596.28,88.23,251.38,0.77052,-1,-1,-1
484,97,1781.65,354.03,76.43,205.50,0.51017,-1,-1,-1
484,85,805.20,144.64,49.72,175.49,0.46455,-1,-1,-1
484,48,934.16,2.27,49.79,131.47,0.32724,-1,-1,-1
484,99,1730.38,169.62,61.99,172.99,0.40685,-1,-1,-1
484,62,999.26,0.00,53.19,144.76,0.42155,-1,-1,-1
485,3,1019.91,933.94,76.87,146.06,0.71108,-1,-1,-1
485,4,1696.14,457.90,89.53,209.39,0.37662,-1,-1,-1
485,79,997.67,668.81,75.76,225.66,0.63371,-1,-1,-1
485,77,454.00,171.07,68.57,190.23,0.53303,-1,-1,-1
485,8,217.58,710.87,91.46,256.71,0.76324,-1,-1,-1
485,34,302.74,742.25,81.56,253.16,0.76387,-1,-1,-1
485,38,910.09,650.46,85.77,248.18,0.72428,-1,-1,-1
485,80,799.17,597.09,87.99,250.74,0.78259,-1,-1,-1
485,97,1781.02,353.17,74.08,200.58,0.43632,-1,-1,-1
485,85,805.93,144.91,49.30,175.71,0.47418,-1,-1,-1
485,48,933.45,2.33,49.26,128.95,0.31581,-1,-1,-1
485,99,1730.51,169.81,62.85,174.98,0.38900,-1,-1,-1
485,62,999.23,0.00,52.77,143.83,0.42067,-1,-1,-1
486,3,1019.39,934.34,77.18,145.66,0.71470,-1,-1,-1
486,79,999.21,671.04,74.56,223.11,0.65745,-1,-1,-1
486,77,454.52,164.99,69.68,196.12,0.55359,-1,-1,-1
486,8,216.35,712.66,91.97,258.53,0.77543,-1,-1,-1
486,34,301.64,742.87,81.57,252.03,0.77194,-1,-1,-1
486,38,910.23,651.38,85.01,246.23,0.73276,-1,-1,-1
486,80,799.08,597.57,88.23,251.14,0.78973,-1,-1,-1
486,97,1779.39,351.46,73.44,200.53,0.46076,-1,-1,-1
486,85,806.71,145.43,48.82,175.14,0.48521,-1,-1,-1
486,48,933.26,2.44,49.26,128.33,0.34298,-1,-1,-1
486,99,1731.20,175.56,61.93,171.64,0.36392,-1,-1,-1
486,62,998.89,0.00,52.52,143.58,0.40850,-1,-1,-1
487,3,1019.72,935.00,77.31,145.00,0.70622,-1,-1,-1
487,79,1001.38,673.15,74.08,223.60,0.66283,-1,-1,-1
487,77,455.05,163.42,68.68,196.09,0.52619,-1,-1,-1
487,8,215.95,713.79,93.05,262.29,0.76887,-1,-1,-1
487,34,301.79,744.36,81.20,250.68,0.76368,-1,-1,-1
487,38,911.09,652.19,83.94,242.86,0.73733,-1,-1,-1
487,80,799.52,598.26,88.66,251.10,0.79244,-1,-1,-1
487,97,1778.07,351.23,72.59,199.57,0.39607,-1,-1,-1
487,85,807.06,145.74,48.79,175.59,0.45512,-1,-1,-1
487,99,1730.95,175.86,63.23,175.12,0.30840,-1,-1,-1
487,62,999.00,0.00,52.03,142.68,0.35592,-1,-1,-1
487,96,1629.91,326.20,62.94,188.59,0.44720,-1,-1,-1
487,4,1693.60,456.82,91.78,210.17,0.37968,-1,-1,-1
488,3,1020.03,936.04,77.27,143.96,0.71758,-1,-1,-1
488,79,1003.49,675.42,73.66,224.02,0.69832,-1,-1,-1
488,77,456.45,160.76,67.25,195.64,0.49206,-1,-1,-1
488,8,214.98,715.78,94.84,268.53,0.76771,-1,-1,-1
488,34,300.79,747.69,80.47,247.73,0.76485,-1,-1,-1
488,38,912.22,653.24,83.65,241.27,0.70802,-1,-1,-1
488,80,799.46,599.70,88.81,249.92,0.78080,-1,-1,-1
488,85,807.58,146.25,48.68,175.47,0.45942,-1,-1,-1
488,99,1731.03,176.26,63.71,176.21,0.34721,-1,-1,-1
488,62,999.41,0.00,51.63,141.96,0.38342,-1,-1,-1
488,96,1629.76,328.27,61.14,186.39,0.37774,-1,-1,-1
488,4,1690.12,456.55,94.10,210.59,0.35625,-1,-1,-1
488,48,932.84,2.41,49.65,128.64,0.31525,-1,-1,-1
489,3,1019.95,936.53,77.59,143.47,0.71659,-1,-1,-1
489,79,1005.45,677.09,73.54,225.19,0.68446,-1,-1,-1
489,77,457.65,159.85,64.97,192.39,0.47640,-1,-1,-1
489,8,214.18,717.95,95.39,271.49,0.76804,-1,-1,-1
489,34,299.88,749.94,81.17,249.77,0.76038,-1,-1,-1
489,38,913.43,654.28,83.36,239.20,0.69624,-1,-1,-1
489,80,799.01,600.63,89.68,251.46,0.78809,-1,-1,-1
489,85,808.42,145.21,48.44,175.14,0.44046,-1,-1,-1
489,99,1732.02,177.84,63.37,175.00,0.36443,-1,-1,-1
489,62,1000.20,1.98,50.65,139.90,0.35647,-1,-1,-1
489,96,1630.92,332.49,58.60,182.04,0.37943,-1,-1,-1
489,4,1692.16,455.49,95.42,212.07,0.36525,-1,-1,-1
489,48,932.40,2.33,49.75,128.21,0.34198,-1,-1,-1
489,5,1546.58,608.34,73.97,223.76,0.31593,-1,-1,-1
490,3,1019.05,937.03,78.13,142.97,0.70009,-1,-1,-1
490,79,1007.40,678.23,73.51,226.53,0.72119,-1,-1,-1
490,77,459.76,159.88,62.22,186.99,0.44730,-1,-1,-1
490,8,213.36,720.49,96.24,274.80,0.76412,-1,-1,-1
490,34,298.97,751.81,81.55,251.59,0.75111,-1,-1,-1
490,38,915.71,655.61,82.08,234.49,0.69900,-1,-1,-1
490,80,798.52,601.18,91.10,254.64,0.78890,-1,-1,-1
490,85,809.51,144.71,48.33,175.67,0.37206,-1,-1,-1
490,99,1732.65,179.93,62.26,171.65,0.40940,-1,-1,-1
490,96,1629.87,329.09,59.08,186.56,0.44624,-1,-1,-1
490,4,1695.40,454.99,95.54,212.98,0.36550,-1,-1,-1
490,48,931.98,2.30,49.78,127.57,0.31744,-1,-1,-1
491,3,1019.48,937.71,78.35,142.29,0.69611,-1,-1,-1
491,79,1009.35,679.68,73.13,226.22,0.69048,-1,-1,-1
491,77,460.35,159.69,61.11,184.89,0.40183,-1,-1,-1
491,8,212.42,722.90,96.78,277.37,0.75847,-1,-1,-1
491,34,297.10,753.99,83.28,257.49,0.74723,-1,-1,-1
491,38,918.00,659.57,83.01,238.26,0.70526,-1,-1,-1
491,80,798.48,602.08,92.42,257.78,0.78148,-1,-1,-1
491,85,809.99,145.82,48.23,174.15,0.38131,-1,-1,-1
491,99,1733.25,181.40,61.77,170.20,0.34349,-1,-1,-1
491,96,1629.46,332.12,57.91,183.96,0.34606,-1,-1,-1
491,4,1699.98,455.71,95.11,214.53,0.41631,-1,-1,-1
491,62,1001.65,5.67,48.34,133.51,0.32454,-1,-1,-1
492,3,1019.57,938.10,78.67,141.90,0.70532,-1,-1,-1
492,79,1011.56,681.99,72.64,224.70,0.68222,-1,-1,-1
492,77,461.77,158.49,60.59,185.48,0.31573,-1,-1,-1
492,8,212.01,724.89,97.39,279.45,0.77277,-1,-1,-1
492,34,296.44,756.44,83.13,257.91,0.74125,-1,-1,-1
492,38,918.98,661.48,83.14,239.62,0.72319,-1,-1,-1
492,80,799.20,603.38,92.81,258.26,0.78722,-1,-1,-1
492,85,810.45,146.12,48.21,172.70,0.35280,-1,-1,-1
492,99,1733.91,182.16,61.12,168.32,0.43788,-1,-1,-1
492,96,1628.10,328.67,58.42,186.95,0.40294,-1,-1,-1
492,4,1701.35,457.13,93.35,211.26,0.42986,-1,-1,-1
492,5,1545.44,604.53,76.78,224.24,0.32682,-1,-1,-1
493,3,1019.51,938.27,79.13,141.73,0.68542,-1,-1,-1
493,79,1013.85,682.47,73.11,226.21,0.63765,-1,-1,-1
493,8,211.50,727.83,96.89,278.39,0.77961,-1,-1,-1
493,34,297.61,759.34,82.40,256.01,0.73786,-1,-1,-1
493,38,919.34,663.43,83.60,241.70,0.70488,-1,-1,-1
493,80,800.40,604.55,92.90,258.13,0.76957,-1,-1,-1
493,85,810.09,145.72,48.85,172.85,0.33303,-1,-1,-1
493,99,1734.47,184.24,60.76,167.15,0.48445,-1,-1,-1
493,96,1627.04,325.02,59.06,189.53,0.35197,-1,-1,-1
493,4,1705.09,457.47,92.70,211.87,0.48875,-1,-1,-1
493,103,1811.79,169.89,73.56,183.33,0.36958,-1,-1,-1
493,104,413.65,162.20,54.83,183.13,0.34089,-1,-1,-1
494,3,1019.51,938.63,79.44,141.37,0.67877,-1,-1,-1
494,79,1016.60,684.40,72.26,222.23,0.63145,-1,-1,-1
494,8,211.66,730.07,96.72,278.42,0.77880,-1,-1,-1
494,34,297.59,762.74,81.91,255.39,0.74310,-1,-1,-1
494,38,920.68,665.89,83.01,240.43,0.66997,-1,-1,-1
494,80,801.57,605.82,92.61,256.79,0.75554,-1,-1,-1
494,85,809.72,145.62,49.39,172.04,0.30582,-1,-1,-1
494,99,1735.75,184.75,60.96,167.18,0.46239,-1,-1,-1
494,96,1626.20,323.08,59.37,190.98,0.40047,-1,-1,-1
494,4,1708.47,454.49,92.73,215.91,0.52525,-1,-1,-1
494,103,1814.39,170.47,73.52,183.11,0.32950,-1,-1,-1
495,3,1019.76,938.10,80.15,141.90,0.67117,-1,-1,-1
495,79,1019.13,685.50,72.35,221.55,0.58541,-1,-1,-1
495,8,211.20,732.28,95.97,276.80,0.77529,-1,-1,-1
495,34,296.91,766.45,82.40,258.30,0.73723,-1,-1,-1
495,38,920.62,667.86,83.85,243.62,0.65733,-1,-1,-1
495,80,803.21,606.35,91.76,254.81,0.75325,-1,-1,-1
495,85,809.67,145.29,50.04,172.12,0.33629,-1,-1,-1
495,99,1735.30,186.16,62.44,170.90,0.49058,-1,-1,-1
495,96,1625.71,323.15,59.20,190.61,0.40327,-1,-1,-1
495,4,1712.25,452.13,91.36,217.08,0.60587,-1,-1,-1
495,103,1817.05,172.91,73.35,182.35,0.34553,-1,-1,-1
495,5,1545.07,611.98,77.67,217.07,0.31539,-1,-1,-1
495,104,412.46,164.94,53.79,179.72,0.30212,-1,-1,-1
496,3,1020.74,938.99,79.96,141.01,0.68349,-1,-1,-1
496,79,1020.03,686.87,72.44,221.01,0.59560,-1,-1,-1
496,8,211.09,735.34,95.03,274.13,0.77303,-1,-1,-1
496,34,296.01,768.71,82.49,259.13,0.74885,-1,-1,-1
496,38,922.15,670.71,82.38,239.18,0.69098,-1,-1,-1
496,80,806.06,606.38,89.95,251.15,0.74241,-1,-1,-1
496,85,808.80,144.76,50.63,171.94,0.33139,-1,-1,-1
496,99,1735.21,187.55,63.11,172.19,0.46914,-1,-1,-1
496,96,1624.59,322.13,58.80,189.52,0.43571,-1,-1,-1
496,4,1715.43,451.88,89.64,217.33,0.58357,-1,-1,-1
496,105,1624.34,584.32,116.10,227.69,0.56889,-1,-1,-1
496,5,1543.03,610.76,79.88,218.98,0.40610,-1,-1,-1
496,104,411.79,164.71,54.11,181.08,0.31670,-1,-1,-1
497,3,1021.46,939.12,80.01,140.88,0.67725,-1,-1,-1
497,79,1021.11,687.80,72.54,221.20,0.55703,-1,-1,-1
497,8,211.72,736.90,93.62,270.78,0.74682,-1,-1,-1
497,34,294.58,770.47,82.60,259.26,0.76106,-1,-1,-1
497,38,923.07,673.46,81.89,237.82,0.65513,-1,-1,-1
497,80,809.52,606.57,88.28,248.81,0.71834,-1,-1,-1
497,85,808.24,145.04,51.23,172.43,0.36925,-1,-1,-1
497,99,1735.42,188.28,63.37,172.18,0.49516,-1,-1,-1
497,96,1624.19,321.89,58.73,188.89,0.37490,-1,-1,-1
497,4,1717.36,452.40,87.70,217.19,0.56226,-1,-1,-1
497,5,1542.12,610.04,81.34,220.06,0.42785,-1,-1,-1
497,104,411.23,164.74,54.07,181.23,0.35770,-1,-1,-1
497,62,1003.41,5.65,46.20,127.09,0.30279,-1,-1,-1
497,103,1821.52,175.25,74.39,184.11,0.38193,-1,-1,-1
498,3,1021.45,938.50,80.47,141.50,0.66044,-1,-1,-1
498,79,1022.09,689.34,73.05,221.03,0.51376,-1,-1,-1
498,8,212.00,738.55,92.38,267.63,0.74021,-1,-1,-1
498,34,294.47,772.20,82.24,258.05,0.74958,-1,-1,-1
498,38,924.06,675.53,82.16,239.11,0.64387,-1,-1,-1
498,80,811.92,606.68,86.99,247.31,0.70669,-1,-1,-1
498,85,806.92,145.42,51.76,172.50,0.35230,-1,-1,-1
498,99,1734.95,188.70,63.78,172.39,0.45524,-1,-1,-1
498,96,1623.36,321.35,58.87,189.77,0.36166,-1,-1,-1
498,4,1719.78,453.23,85.53,215.94,0.50680,-1,-1,-1
498,5,1541.86,609.49,82.46,221.10,0.46235,-1,-1,-1
498,104,409.93,165.05,54.18,181.84,0.41290,-1,-1,-1
498,103,1822.13,176.10,75.75,186.91,0.34685,-1,-1,-1
498,105,1631.92,592.42,112.60,221.85,0.43974,-1,-1,-1
499,3,1022.19,937.88,80.66,142.12,0.67359,-1,-1,-1
499,79,1023.92,693.22,72.40,218.98,0.51201,-1,-1,-1
499,8,211.84,740.73,91.72,265.90,0.75186,-1,-1,-1
499,34,294.05,773.33,82.00,257.02,0.74144,-1,-1,-1
499,38,924.97,677.81,81.86,238.38,0.61023,-1,-1,-1
499,80,814.75,607.51,85.65,246.34,0.68445,-1,-1,-1
499,85,804.62,143.59,52.56,173.97,0.33834,-1,-1,-1
499,99,1734.82,188.78,63.57,170.38,0.49129,-1,-1,-1
499,5,1541.50,609.95,82.87,220.26,0.48534,-1,-1,-1
499,104,409.48,165.40,54.41,182.05,0.44585,-1,-1,-1
499,103,1823.21,177.45,76.04,186.83,0.39103,-1,-1,-1
499,105,1633.16,590.82,112.24,223.08,0.36839,-1,-1,-1
499,77,469.64,162.70,57.62,175.54,0.32816,-1,-1,-1
500,3,1023.46,936.49,81.06,143.51,0.67360,-1,-1,-1
500,79,1025.05,696.92,70.64,213.16,0.48157,-1,-1,-1
500,8,210.21,742.16,92.15,266.64,0.77094,-1,-1,-1
500,34,293.53,774.15,81.64,255.90,0.73409,-1,-1,-1
500,38,924.72,679.35,84.33,245.66,0.61738,-1,-1,-1
500,80,816.82,607.90,84.33,245.06,0.69004,-1,-1,-1
500,85,803.70,142.50,53.28,175.76,0.35408,-1,-1,-1
500,99,1734.83,189.33,63.75,169.30,0.49422,-1,-1,-1
500,5,1541.16,610.56,83.25,218.68,0.41196,-1,-1,-1
500,104,409.00,166.10,54.20,180.47,0.47610,-1,-1,-1
500,103,1823.97,178.78,76.89,188.24,0.38600,-1,-1,-1
500,105,1639.18,594.43,109.00,219.66,0.45698,-1,-1,-1
500,77,468.44,164.62,57.18,172.00,0.32890,-1,-1,-1
500,96,1624.80,315.47,55.77,177.86,0.32394,-1,-1,-1
500,4,1720.37,451.03,84.24,217.64,0.48954,-1,-1,-1
501,3,1025.34,935.61,81.00,144.39,0.64354,-1,-1,-1
501,79,1025.49,698.84,70.59,212.12,0.51260,-1,-1,-1
501,8,209.77,743.44,91.43,263.74,0.77912,-1,-1,-1
501,34,292.90,774.98,81.35,255.43,0.72070,-1,-1,-1
501,38,926.08,680.09,85.56,250.56,0.60106,-1,-1,-1
501,80,818.22,608.64,83.41,244.99,0.70208,-1,-1,-1
501,85,803.03,143.73,52.92,174.11,0.35783,-1,-1,-1
501,99,1734.52,189.36,64.50,169.78,0.49487,-1,-1,-1
501,5,1541.14,611.15,82.57,215.12,0.38030,-1,-1,-1
501,104,409.08,167.72,54.11,179.17,0.51196,-1,-1,-1
501,103,1824.57,179.86,78.22,191.14,0.35632,-1,-1,-1
501,105,1642.32,593.39,107.40,220.30,0.52157,-1,-1,-1
501,77,467.74,162.47,58.61,174.36,0.36213,-1,-1,-1
501,96,1623.88,312.95,56.74,180.12,0.36015,-1,-1,-1
501,4,1720.42,449.30,82.87,218.81,0.45660,-1,-1,-1
502,3,1026.80,934.97,80.90,145.03,0.67588,-1,-1,-1
502,79,1027.12,701.18,69.89,208.74,0.58374,-1,-1,-1
502,8,209.40,744.96,91.34,262.68,0.77515,-1,-1,-1
502,34,292.44,775.58,81.02,254.36,0.73332,-1,-1,-1
502,38,926.18,681.72,86.63,254.64,0.63218,-1,-1,-1
502,80,818.75,609.10,82.89,246.00,0.70287,-1,-1,-1
502,85,801.37,144.19,53.15,174.52,0.30972,-1,-1,-1
502,99,1734.70,190.00,64.38,167.87,0.49186,-1,-1,-1
502,5,1540.60,610.17,83.03,215.27,0.39400,-1,-1,-1
502,104,408.71,169.17,53.95,177.47,0.48056,-1,-1,-1
502,103,1825.71,180.47,79.27,194.01,0.30126,-1,-1,-1
502,105,1645.38,595.83,104.95,219.75,0.49458,-1,-1,-1
502,77,469.02,160.76,59.29,175.10,0.33158,-1,-1,-1
502,4,1721.26,449.41,81.17,219.36,0.44343,-1,-1,-1
503,3,1028.16,934.24,80.84,145.76,0.64418,-1,-1,-1
503,79,1028.55,703.71,68.64,203.42,0.58924,-1,-1,-1
503,8,208.96,746.55,91.71,263.50,0.76015,-1,-1,-1
503,34,289.61,776.45,81.06,254.53,0.74994,-1,-1,-1
503,38,927.64,683.15,86.19,253.73,0.61737,-1,-1,-1
503,80,818.96,609.37,82.30,246.45,0.71798,-1,-1,-1
503,85,800.07,145.14,52.98,174.34,0.31915,-1,-1,-1
503,99,1734.86,190.47,64.97,168.34,0.46757,-1,-1,-1
503,5,1539.53,611.61,83.91,215.17,0.47472,-1,-1,-1
503,104,408.31,170.30,54.13,175.93,0.48730,-1,-1,-1
503,103,1826.68,180.15,80.51,197.81,0.30033,-1,-1,-1
503,105,1650.39,600.32,99.90,214.10,0.47202,-1,-1,-1
503,77,470.74,159.86,58.94,173.79,0.30636,-1,-1,-1
503,4,1721.75,446.61,80.30,222.17,0.40183,-1,-1,-1
503,96,1622.35,308.32,57.19,180.83,0.34021,-1,-1,-1
504,3,1029.71,933.44,80.67,146.56,0.63694,-1,-1,-1
504,79,1028.52,705.04,71.03,211.42,0.59088,-1,-1,-1
504,8,208.74,747.92,92.93,268.03,0.75577,-1,-1,-1
504,34,287.05,777.49,80.84,253.53,0.77353,-1,-1,-1
504,38,928.22,684.29,85.89,252.13,0.58497,-1,-1,-1
504,80,818.99,609.70,81.84,247.37,0.69329,-1,-1,-1
504,99,1734.88,191.10,65.66,169.65,0.47976,-1,-1,-1
504,5,1538.54,611.73,84.74,214.86,0.35415,-1,-1,-1
504,104,408.42,170.67,54.59,174.40,0.47462,-1,-1,-1
504,77,472.46,157.41,59.02,173.37,0.31681,-1,-1,-1
504,4,1722.20,446.74,79.05,223.37,0.34126,-1,-1,-1
505,3,1030.80,933.73,80.00,146.27,0.67436,-1,-1,-1
505,79,1029.02,706.52,72.13,215.89,0.60756,-1,-1,-1
505,8,207.26,749.80,93.91,272.61,0.73476,-1,-1,-1
505,34,284.84,778.92,81.31,253.35,0.77314,-1,-1,-1
505,38,928.63,684.81,85.87,251.83,0.55181,-1,-1,-1
505,80,819.17,610.05,81.52,248.72,0.67188,-1,-1,-1
505,99,1736.37,190.80,65.75,170.55,0.49876,-1,-1,-1
505,104,407.73,170.72,55.59,174.40,0.47585,-1,-1,-1
505,77,471.30,152.94,60.26,176.22,0.41560,-1,-1,-1
505,4,1723.31,451.92,75.85,218.00,0.39357,-1,-1,-1
505,96,1621.03,305.31,58.57,184.47,0.32473,-1,-1,-1
506,3,1032.18,932.95,79.86,147.05,0.66611,-1,-1,-1
506,79,1029.59,707.64,73.01,219.44,0.63517,-1,-1,-1
506,8,205.92,751.50,94.69,277.37,0.72766,-1,-1,-1
506,34,282.53,780.44,82.47,254.92,0.75979,-1,-1,-1
506,38,926.01,686.47,86.08,248.63,0.61344,-1,-1,-1
506,80,819.44,610.23,81.39,250.22,0.67994,-1,-1,-1
506,99,1738.03,193.61,64.62,167.93,0.49726,-1,-1,-1
506,104,406.47,170.94,56.91,175.59,0.45467,-1,-1,-1
506,77,470.93,148.33,61.59,180.28,0.38212,-1,-1,-1
506,4,1724.40,456.94,72.93,212.38,0.49774,-1,-1,-1
506,96,1620.28,304.72,58.99,185.69,0.46276,-1,-1,-1
506,85,797.66,147.23,52.75,175.72,0.30072,-1,-1,-1
507,3,1034.18,933.69,79.09,146.31,0.64852,-1,-1,-1
507,79,1029.43,708.85,73.74,222.42,0.61397,-1,-1,-1
507,8,205.15,753.45,94.41,278.94,0.72581,-1,-1,-1
507,34,280.82,782.10,84.39,259.31,0.76223,-1,-1,-1
507,38,929.67,687.47,85.56,246.23,0.60697,-1,-1,-1
507,80,820.17,611.24,80.41,249.56,0.69795,-1,-1,-1
507,99,1738.81,194.29,63.83,166.27,0.46586,-1,-1,-1
507,104,404.40,168.72,59.01,179.66,0.38663,-1,-1,-1
507,77,470.37,151.41,59.83,174.81,0.30471,-1,-1,-1
507,4,1724.37,458.06,71.75,211.40,0.34832,-1,-1,-1
507,96,1619.45,303.07,59.73,187.78,0.43081,-1,-1,-1
508,3,1035.63,933.49,78.89,146.51,0.64935,-1,-1,-1
508,79,1029.67,710.27,73.98,223.71,0.62428,-1,-1,-1
508,8,204.92,755.51,93.86,279.06,0.74302,-1,-1,-1
508,34,279.57,784.01,86.17,263.13,0.76740,-1,-1,-1
508,38,928.35,688.58,86.85,247.49,0.60701,-1,-1,-1
508,80,821.36,611.60,79.51,249.21,0.70101,-1,-1,-1
508,99,1739.90,195.46,63.09,165.12,0.52481,-1,-1,-1
508,4,1724.26,459.85,69.84,208.05,0.37306,-1,-1,-1
508,96,1619.37,303.36,59.78,187.34,0.49226,-1,-1,-1
509,3,1037.16,933.22,78.71,146.78,0.64342,-1,-1,-1
509,79,1030.56,710.71,75.37,228.10,0.62952,-1,-1,-1
509,8,204.02,758.21,92.22,275.87,0.73226,-1,-1,-1
509,34,279.61,787.47,85.64,261.13,0.76762,-1,-1,-1
509,38,931.04,690.32,87.59,248.76,0.62221,-1,-1,-1
509,80,822.27,611.73,78.88,249.62,0.70116,-1,-1,-1
509,99,1741.26,197.60,62.28,164.02,0.47624,-1,-1,-1
509,4,1724.85,459.47,69.00,206.92,0.36088,-1,-1,-1
509,96,1618.42,301.15,59.78,188.18,0.41916,-1,-1,-1
510,3,1038.92,934.08,78.13,145.92,0.63576,-1,-1,-1
510,79,1031.19,711.83,75.98,228.21,0.59733,-1,-1,-1
510,8,202.12,761.30,91.15,275.84,0.73972,-1,-1,-1
510,34,280.11,791.02,84.69,257.65,0.75710,-1,-1,-1
510,38,931.32,691.98,88.50,249.66,0.61899,-1,-1,-1
510,80,822.88,611.81,78.20,249.90,0.70077,-1,-1,-1
510,99,1742.83,199.92,61.58,163.30,0.53525,-1,-1,-1
510,4,1725.26,459.60,67.10,202.53,0.37793,-1,-1,-1
510,96,1617.66,300.61,59.84,189.24,0.45801,-1,-1,-1
510,103,1833.85,187.15,79.67,200.59,0.31322,-1,-1,-1
511,3,1039.86,932.46,78.60,147.54,0.62542,-1,-1,-1
511,79,1033.06,713.64,74.02,220.39,0.58898,-1,-1,-1
511,8,202.06,763.31,91.16,276.78,0.76229,-1,-1,-1
511,34,280.05,795.93,83.79,255.29,0.78132,-1,-1,-1
511,38,933.36,694.82,90.61,255.85,0.63724,-1,-1,-1
511,80,823.64,612.08,77.49,249.75,0.69525,-1,-1,-1
511,99,1745.05,201.99,60.79,162.74,0.51166,-1,-1,-1
511,4,1724.17,459.58,66.78,202.05,0.39564,-1,-1,-1
511,96,1616.14,298.68,60.07,191.25,0.35907,-1,-1,-1
512,3,1040.43,931.77,78.59,148.17,0.63390,-1,-1,-1
512,79,1034.34,715.40,72.89,215.57,0.56913,-1,-1,-1
512,8,202.34,765.91,91.06,276.12,0.76008,-1,-1,-1
512,34,279.07,798.52,84.44,258.43,0.77161,-1,-1,-1
512,38,934.34,697.41,92.13,260.58,0.63133,-1,-1,-1
512,80,824.17,612.25,76.74,249.40,0.69482,-1,-1,-1
512,99,1747.03,203.38,60.15,163.03,0.53593,-1,-1,-1
512,4,1723.35,458.07,67.13,204.10,0.34277,-1,-1,-1
512,96,1615.09,299.32,59.45,190.24,0.33959,-1,-1,-1
513,3,1041.14,932.60,77.81,146.88,0.61029,-1,-1,-1
513,79,1034.93,717.29,75.18,222.86,0.56400,-1,-1,-1
513,8,201.68,767.39,91.05,275.69,0.75783,-1,-1,-1
513,34,277.81,800.59,85.12,262.36,0.77849,-1,-1,-1
513,38,935.39,700.78,91.57,260.52,0.61312,-1,-1,-1
513,80,824.36,611.92,76.28,250.20,0.67883,-1,-1,-1
513,99,1748.06,203.81,60.24,165.42,0.50869,-1,-1,-1
513,4,1722.87,458.19,66.28,202.56,0.34961,-1,-1,-1
513,96,1614.14,299.87,58.98,189.81,0.38538,-1,-1,-1
514,3,1041.50,932.16,77.63,147.03,0.63563,-1,-1,-1
514,79,1035.44,718.74,75.81,225.28,0.57909,-1,-1,-1
514,8,199.68,769.73,91.05,275.01,0.75471,-1,-1,-1
514,34,276.15,801.41,84.89,263.64,0.79844,-1,-1,-1
514,38,938.61,703.85,90.59,260.66,0.62528,-1,-1,-1
514,80,824.50,611.77,75.77,250.44,0.65930,-1,-1,-1
514,99,1749.87,204.27,60.25,167.64,0.45733,-1,-1,-1
514,4,1723.14,460.59,64.84,198.94,0.33928,-1,-1,-1
514,96,1613.49,300.66,58.38,189.51,0.33306,-1,-1,-1
515,3,1042.16,932.27,77.29,146.79,0.64325,-1,-1,-1
515,79,1034.79,719.98,77.18,229.61,0.61877,-1,-1,-1
515,8,198.79,771.20,90.92,273.17,0.75978,-1,-1,-1
515,34,274.46,802.20,84.63,263.85,0.80224,-1,-1,-1
515,38,937.99,706.22,89.63,257.38,0.59855,-1,-1,-1
515,80,824.91,611.91,75.10,250.24,0.65218,-1,-1,-1
515,99,1751.74,205.58,59.61,167.73,0.43179,-1,-1,-1
515,4,1722.77,460.00,64.38,198.73,0.34151,-1,-1,-1
515,96,1611.91,300.94,57.35,187.31,0.31385,-1,-1,-1
516,3,1042.86,932.35,77.03,146.86,0.61394,-1,-1,-1
516,79,1034.39,721.52,79.31,237.86,0.63652,-1,-1,-1
516,8,196.89,772.78,90.82,270.84,0.76410,-1,-1,-1
516,34,272.70,802.66,84.15,263.06,0.81603,-1,-1,-1
516,38,939.26,708.89,88.62,253.87,0.65360,-1,-1,-1
516,80,825.37,612.26,74.31,249.86,0.63862,-1,-1,-1
516,99,1753.43,205.55,58.41,165.75,0.44335,-1,-1,-1
516,4,1721.48,459.38,65.46,202.46,0.40591,-1,-1,-1
517,3,1043.28,931.78,76.93,147.28,0.61820,-1,-1,-1
517,79,1034.96,723.75,78.84,238.72,0.64064,-1,-1,-1
517,8,195.30,775.10,89.73,266.19,0.76003,-1,-1,-1
517,34,271.98,803.73,83.77,262.60,0.81881,-1,-1,-1
517,38,939.58,711.21,88.89,253.89,0.64657,-1,-1,-1
517,80,825.15,611.78,74.06,250.60,0.65027,-1,-1,-1
517,99,1756.75,205.02,55.99,159.50,0.41780,-1,-1,-1
517,4,1721.89,457.54,66.27,206.04,0.31698,-1,-1,-1
518,3,1042.97,930.20,77.16,148.66,0.65078,-1,-1,-1
518,79,1036.93,726.26,76.50,233.34,0.62154,-1,-1,-1
518,8,193.19,776.69,89.20,263.84,0.79426,-1,-1,-1
518,34,271.02,804.18,83.41,261.59,0.82258,-1,-1,-1
518,38,941.11,712.87,90.05,257.46,0.63564,-1,-1,-1
518,80,825.18,611.19,73.63,251.08,0.64023,-1,-1,-1
518,99,1759.42,205.29,54.47,155.57,0.38930,-1,-1,-1
518,4,1721.82,456.91,65.95,205.96,0.36677,-1,-1,-1
519,3,1042.75,929.20,77.10,149.49,0.62729,-1,-1,-1
519,79,1037.45,730.28,74.17,226.48,0.55329,-1,-1,-1
519,8,191.76,778.46,88.96,262.12,0.79207,-1,-1,-1
519,34,270.23,805.38,83.08,260.47,0.81977,-1,-1,-1
519,38,942.23,714.20,90.30,259.02,0.63823,-1,-1,-1
519,80,825.20,610.79,73.04,251.11,0.62157,-1,-1,-1
519,99,1759.11,204.98,57.45,164.41,0.38022,-1,-1,-1
519,4,1722.56,458.92,66.17,206.33,0.33053,-1,-1,-1
519,77,464.56,137.01,61.17,178.03,0.35902,-1,-1,-1
520,3,1042.35,926.98,77.79,151.92,0.64797,-1,-1,-1
520,79,1040.93,733.43,70.15,211.53,0.59672,-1,-1,-1
520,8,190.68,780.00,89.15,261.73,0.78987,-1,-1,-1
520,34,269.42,807.62,82.85,259.08,0.82187,-1,-1,-1
520,38,942.55,715.16,90.10,259.55,0.69305,-1,-1,-1
520,80,825.36,608.68,72.80,251.91,0.58778,-1,-1,-1
520,99,1760.05,205.47,58.56,167.35,0.30549,-1,-1,-1
520,4,1721.20,459.03,67.22,209.33,0.36668,-1,-1,-1
520,106,1730.29,629.42,83.80,222.55,0.44453,-1,-1,-1
520,77,465.86,136.65,59.81,174.52,0.30673,-1,-1,-1
521,3,1042.56,927.30,77.37,152.00,0.65766,-1,-1,-1
521,79,1043.20,735.63,68.41,203.66,0.60160,-1,-1,-1
521,8,189.92,780.75,91.04,266.36,0.79180,-1,-1,-1
521,34,268.18,810.15,82.79,258.16,0.81452,-1,-1,-1
521,38,945.40,717.65,89.02,257.89,0.65977,-1,-1,-1
521,80,825.69,608.00,72.52,253.08,0.60980,-1,-1,-1
521,4,1719.38,460.10,67.67,209.74,0.37065,-1,-1,-1
521,106,1735.27,632.59,81.48,215.96,0.57033,-1,-1,-1
521,77,467.32,143.78,56.12,163.07,0.32964,-1,-1,-1
522,3,1042.70,928.50,76.55,151.15,0.64426,-1,-1,-1
522,79,1044.32,738.72,68.91,202.84,0.62615,-1,-1,-1
522,8,189.54,782.02,92.66,270.29,0.77739,-1,-1,-1
522,34,268.24,812.95,82.40,256.53,0.79772,-1,-1,-1
522,38,946.50,719.20,88.26,256.38,0.68610,-1,-1,-1
522,80,825.60,607.10,72.21,254.10,0.62748,-1,-1,-1
522,4,1718.55,461.67,67.68,208.38,0.32626,-1,-1,-1
522,106,1741.07,635.32,80.88,213.61,0.55154,-1,-1,-1
522,77,467.72,143.76,55.39,161.23,0.35623,-1,-1,-1
522,99,1763.38,207.29,59.67,170.47,0.33664,-1,-1,-1
523,3,1042.83,929.14,75.75,150.27,0.60973,-1,-1,-1
523,79,1045.57,740.25,70.19,206.06,0.61861,-1,-1,-1
523,8,188.92,783.52,94.05,273.63,0.77274,-1,-1,-1
523,34,267.34,816.24,82.44,255.68,0.80095,-1,-1,-1
523,38,948.50,720.04,87.93,256.12,0.63469,-1,-1,-1
523,80,825.90,607.36,71.67,254.14,0.63321,-1,-1,-1
523,4,1718.77,461.29,67.39,207.08,0.38836,-1,-1,-1
523,106,1746.43,637.15,81.31,214.00,0.49062,-1,-1,-1
523,77,466.64,134.79,58.34,170.92,0.34633,-1,-1,-1
523,107,1708.29,312.83,85.76,180.96,0.39262,-1,-1,-1
523,99,1765.49,209.23,58.89,167.84,0.37921,-1,-1,-1
524,3,1042.92,929.95,74.95,149.35,0.58559,-1,-1,-1
524,79,1045.11,742.62,73.55,216.19,0.61732,-1,-1,-1
524,8,187.89,785.13,94.34,275.49,0.76972,-1,-1,-1
524,34,264.84,819.23,83.22,256.53,0.80972,-1,-1,-1
524,38,951.37,720.69,85.98,251.17,0.59850,-1,-1,-1
524,80,825.29,607.95,70.98,253.43,0.62954,-1,-1,-1
524,4,1720.05,461.75,67.09,206.11,0.37527,-1,-1,-1
524,106,1748.21,640.55,82.26,215.16,0.34164,-1,-1,-1
524,107,1703.78,309.71,90.08,190.80,0.43680,-1,-1,-1
524,99,1766.92,210.92,59.91,170.98,0.38820,-1,-1,-1
525,3,1043.25,931.23,74.35,148.46,0.54283,-1,-1,-1
525,79,1045.19,743.68,76.13,224.28,0.62185,-1,-1,-1
525,8,187.44,786.18,95.72,280.03,0.77074,-1,-1,-1
525,34,264.59,822.08,83.50,256.60,0.80997,-1,-1,-1
525,38,956.39,721.35,82.15,240.41,0.50952,-1,-1,-1
525,80,825.20,607.82,70.52,253.29,0.65750,-1,-1,-1
525,4,1718.86,461.50,67.46,205.84,0.46329,-1,-1,-1
525,106,1753.17,643.25,83.70,218.98,0.34943,-1,-1,-1
525,107,1701.74,307.68,89.97,191.62,0.40118,-1,-1,-1
525,99,1767.90,212.30,59.70,170.13,0.46004,-1,-1,-1
526,3,1042.70,929.97,74.76,149.94,0.60229,-1,-1,-1
526,79,1049.29,743.97,73.85,217.10,0.52116,-1,-1,-1
526,8,187.05,788.13,95.68,280.99,0.77147,-1,-1,-1
526,34,263.19,824.73,83.54,254.90,0.80461,-1,-1,-1
526,38,956.50,719.64,82.91,245.35,0.49857,-1,-1,-1
526,80,824.92,606.72,70.52,254.68,0.66826,-1,-1,-1
526,4,1717.69,460.68,68.21,206.09,0.44739,-1,-1,-1
526,107,1699.91,306.10,88.50,189.67,0.39155,-1,-1,-1
526,99,1767.76,212.04,62.13,177.27,0.42729,-1,-1,-1
527,3,1041.80,927.81,75.45,152.18,0.65134,-1,-1,-1
527,79,1053.74,744.60,70.60,205.45,0.52573,-1,-1,-1
527,8,186.92,789.07,96.01,283.05,0.78358,-1,-1,-1
527,34,262.26,827.09,83.37,252.37,0.78711,-1,-1,-1
527,38,957.24,722.69,81.98,244.01,0.43713,-1,-1,-1
527,80,825.01,606.03,69.77,252.94,0.66841,-1,-1,-1
527,4,1717.56,460.56,68.82,206.06,0.46678,-1,-1,-1
527,107,1698.01,305.46,87.29,188.11,0.40341,-1,-1,-1
527,99,1768.38,213.66,62.30,176.75,0.44723,-1,-1,-1
527,85,779.10,140.62,54.48,179.69,0.34484,-1,-1,-1
527,77,464.27,126.13,60.72,179.62,0.30502,-1,-1,-1
528,3,1040.59,924.72,76.26,155.28,0.69710,-1,-1,-1
528,79,1056.66,745.42,69.29,199.45,0.52607,-1,-1,-1
528,8,186.55,790.61,95.36,282.99,0.77869,-1,-1,-1
528,34,260.90,828.54,83.55,250.63,0.79507,-1,-1,-1
528,38,967.49,725.70,64.56,184.16,0.41865,-1,-1,-1
528,80,824.98,605.53,69.44,252.60,0.69305,-1,-1,-1
528,4,1717.91,460.21,69.75,206.56,0.50196,-1,-1,-1
528,107,1695.98,305.38,86.25,186.93,0.41921,-1,-1,-1
528,99,1770.52,214.77,60.92,170.88,0.51706,-1,-1,-1
528,85,778.41,140.52,54.76,179.67,0.31796,-1,-1,-1
528,77,464.91,125.65,60.54,181.17,0.33209,-1,-1,-1
529,3,1039.72,924.81,75.77,155.19,0.70898,-1,-1,-1
529,79,1058.28,746.19,70.40,201.34,0.56724,-1,-1,-1
529,8,187.28,791.92,94.37,282.12,0.77422,-1,-1,-1
529,34,259.96,829.62,83.47,248.55,0.78710,-1,-1,-1
529,38,961.23,728.52,82.26,237.90,0.47312,-1,-1,-1
529,80,824.72,605.51,69.15,252.13,0.71092,-1,-1,-1
529,4,1718.04,460.40,70.53,206.69,0.51431,-1,-1,-1
529,107,1693.73,305.30,85.81,186.81,0.31829,-1,-1,-1
529,99,1769.94,213.91,62.47,173.81,0.52004,-1,-1,-1
529,85,776.84,141.78,55.89,178.94,0.31088,-1,-1,-1
529,77,464.99,125.14,60.49,182.21,0.34147,-1,-1,-1
529,104,387.49,202.07,61.50,188.23,0.33352,-1,-1,-1
530,3,1039.24,926.51,74.75,153.49,0.64115,-1,-1,-1
530,79,1059.43,747.83,70.45,199.51,0.56446,-1,-1,-1
530,8,187.87,793.05,93.56,281.60,0.76357,-1,-1,-1
530,34,259.44,831.55,83.47,246.36,0.78699,-1,-1,-1
530,38,961.38,731.55,84.89,248.09,0.62914,-1,-1,-1
530,80,823.31,604.97,68.91,251.95,0.71320,-1,-1,-1
530,4,1717.57,459.66,71.58,208.09,0.52947,-1,-1,-1
530,107,1692.68,306.53,83.86,183.30,0.36273,-1,-1,-1
530,99,1769.51,214.14,63.39,174.37,0.51376,-1,-1,-1
530,104,386.91,201.87,61.63,189.35,0.34754,-1,-1,-1
531,3,1038.93,928.88,73.52,151.12,0.65401,-1,-1,-1
531,79,1059.92,749.28,72.40,204.51,0.59784,-1,-1,-1
531,8,188.57,794.77,92.51,280.09,0.75213,-1,-1,-1
531,34,259.15,832.96,83.68,245.27,0.78465,-1,-1,-1
531,38,962.19,733.13,85.55,252.34,0.63712,-1,-1,-1
531,80,821.45,604.18,69.07,252.75,0.70818,-1,-1,-1
531,4,1717.59,460.31,71.83,207.29,0.53929,-1,-1,-1
531,107,1691.79,305.77,83.32,183.17,0.37112,-1,-1,-1
531,99,1768.75,214.52,64.04,173.88,0.51972,-1,-1,-1
531,104,380.99,198.55,64.60,193.57,0.41852,-1,-1,-1
531,77,466.98,124.32,58.88,177.96,0.31058,-1,-1,-1
532,3,1039.85,934.47,70.98,145.53,0.60983,-1,-1,-1
532,79,1059.98,750.67,74.04,208.66,0.64079,-1,-1,-1
532,8,189.37,796.56,91.21,277.31,0.77664,-1,-1,-1
532,34,259.06,834.00,84.01,244.57,0.79013,-1,-1,-1
532,38,964.62,735.86,85.98,254.39,0.67450,-1,-1,-1
532,80,819.27,603.32,68.96,251.85,0.71009,-1,-1,-1
532,4,1716.02,459.91,73.06,210.26,0.60164,-1,-1,-1
532,107,1691.94,305.05,83.33,184.76,0.33930,-1,-1,-1
532,99,1768.58,215.38,65.17,174.56,0.51692,-1,-1,-1
532,104,379.28,195.98,66.18,195.26,0.41287,-1,-1,-1
532,77,467.38,122.64,59.26,180.01,0.33294,-1,-1,-1
533,3,1041.11,942.39,67.71,137.61,0.53121,-1,-1,-1
533,79,1061.35,753.02,74.78,210.18,0.60168,-1,-1,-1
533,8,189.96,798.05,90.49,274.97,0.76580,-1,-1,-1
533,34,258.83,835.31,84.26,243.76,0.79166,-1,-1,-1
533,38,968.18,738.73,85.18,251.29,0.69066,-1,-1,-1
533,80,815.01,602.67,69.47,253.63,0.71205,-1,-1,-1
533,4,1715.36,458.93,73.49,211.11,0.60481,-1,-1,-1
533,107,1692.31,304.83,82.30,184.54,0.36827,-1,-1,-1
533,99,1769.11,217.88,65.46,173.11,0.48621,-1,-1,-1
533,104,378.42,196.22,67.05,195.71,0.36823,-1,-1,-1
534,3,1041.30,947.39,66.05,132.61,0.44869,-1,-1,-1
534,79,1062.74,754.93,75.67,213.52,0.55610,-1,-1,-1
534,8,190.72,799.50,89.74,271.70,0.77541,-1,-1,-1
534,34,259.15,836.58,84.30,242.09,0.78311,-1,-1,-1
534,38,969.29,740.66,85.15,249.79,0.68032,-1,-1,-1
534,80,810.98,601.56,70.15,255.92,0.73006,-1,-1,-1
534,4,1714.77,458.85,73.73,210.88,0.58921,-1,-1,-1
534,107,1691.41,303.65,81.52,184.74,0.41748,-1,-1,-1
534,99,1769.98,219.63,65.77,171.45,0.52481,-1,-1,-1
534,104,381.12,197.82,66.50,193.61,0.36722,-1,-1,-1
534,77,467.20,122.69,57.72,175.60,0.36885,-1,-1,-1
535,79,1061.20,757.35,78.81,222.99,0.45173,-1,-1,-1
535,8,191.21,800.01,90.19,271.62,0.79606,-1,-1,-1
535,34,259.42,837.68,84.38,240.49,0.78859,-1,-1,-1
535,38,970.26,742.92,85.02,248.19,0.65998,-1,-1,-1
535,80,807.14,600.25,70.29,255.16,0.74550,-1,-1,-1
535,4,1714.36,457.62,74.32,212.44,0.61773,-1,-1,-1
535,107,1690.14,300.81,81.64,186.81,0.32429,-1,-1,-1
535,99,1769.97,221.79,65.88,169.65,0.47066,-1,-1,-1
535,104,384.84,200.46,65.18,190.23,0.40412,-1,-1,-1
536,79,1061.96,760.66,78.55,222.34,0.46860,-1,-1,-1
536,8,191.19,800.75,91.23,273.98,0.80067,-1,-1,-1
536,34,259.30,838.90,84.41,239.37,0.78907,-1,-1,-1
536,38,972.46,743.53,86.01,251.01,0.64019,-1,-1,-1
536,80,804.34,599.76,70.32,254.08,0.73039,-1,-1,-1
536,4,1714.84,458.41,74.01,211.13,0.62390,-1,-1,-1
536,107,1689.49,299.99,81.02,187.29,0.31247,-1,-1,-1
536,99,1769.68,222.93,66.18,168.36,0.51226,-1,-1,-1
536,104,387.14,199.76,65.04,191.03,0.39487,-1,-1,-1
536,112,139.79,310.19,93.43,189.13,0.43046,-1,-1,-1
537,79,1062.86,762.65,79.49,226.31,0.52602,-1,-1,-1
537,8,191.50,801.60,92.21,276.94,0.78587,-1,-1,-1
537,34,259.01,840.91,84.14,237.76,0.77618,-1,-1,-1
537,38,974.34,745.76,85.95,249.39,0.65610,-1,-1,-1
537,80,801.08,599.67,71.16,254.99,0.72740,-1,-1,-1
537,4,1715.63,459.69,73.77,210.35,0.61867,-1,-1,-1
537,99,1770.61,223.63,66.61,167.82,0.50204,-1,-1,-1
537,104,388.07,200.12,64.52,190.21,0.42646,-1,-1,-1
537,112,140.63,309.64,93.58,189.55,0.44459,-1,-1,-1
538,79,1062.33,764.83,79.46,226.39,0.57252,-1,-1,-1
538,8,192.37,802.95,92.21,277.05,0.79563,-1,-1,-1
538,34,258.33,843.69,83.87,235.78,0.78303,-1,-1,-1
538,38,976.76,747.64,85.69,247.01,0.69926,-1,-1,-1
538,80,799.72,599.99,71.69,254.59,0.73626,-1,-1,-1
538,4,1716.32,460.50,73.32,209.33,0.62586,-1,-1,-1
538,99,1771.78,223.93,66.52,167.39,0.52096,-1,-1,-1
538,104,388.11,197.08,65.19,193.76,0.36304,-1,-1,-1
538,112,142.80,309.53,93.16,188.86,0.38202,-1,-1,-1
538,3,1036.46,944.35,69.03,135.65,0.31063,-1,-1,-1
538,107,1684.71,296.74,80.87,190.03,0.38378,-1,-1,-1
539,79,1061.66,767.25,80.21,228.03,0.60994,-1,-1,-1
539,8,193.13,804.67,91.83,275.33,0.78458,-1,-1,-1
539,34,257.15,846.33,83.61,233.49,0.78344,-1,-1,-1
539,38,977.92,748.97,85.53,245.25,0.70380,-1,-1,-1
539,80,797.58,599.82,72.35,254.92,0.72972,-1,-1,-1
539,4,1716.28,460.42,73.30,209.13,0.61109,-1,-1,-1
539,99,1773.68,224.77,66.01,166.54,0.49440,-1,-1,-1
539,104,387.52,192.75,66.19,198.81,0.41874,-1,-1,-1
539,3,1034.10,941.54,71.62,138.46,0.50093,-1,-1,-1
539,107,1683.29,294.42,81.33,193.70,0.36247,-1,-1,-1
540,79,1063.16,769.32,78.92,223.26,0.54291,-1,-1,-1
540,8,193.42,806.12,91.31,273.88,0.76706,-1,-1,-1
540,34,256.38,848.71,82.87,230.10,0.76832,-1,-1,-1
540,38,979.72,749.46,85.35,243.44,0.67489,-1,-1,-1
540,80,795.61,599.67,72.89,254.39,0.74602,-1,-1,-1
540,4,1716.13,459.65,73.52,209.80,0.63074,-1,-1,-1
540,99,1774.37,225.21,65.73,166.44,0.45119,-1,-1,-1
540,104,387.16,188.15,66.87,203.69,0.44283,-1,-1,-1
540,3,1033.52,943.32,71.91,136.68,0.39726,-1,-1,-1
540,107,1680.26,291.67,81.31,196.04,0.41907,-1,-1,-1
541,79,1060.03,770.29,79.96,223.35,0.63316,-1,-1,-1
541,8,195.61,808.76,90.42,271.24,0.77774,-1,-1,-1
541,34,256.45,850.51,82.67,228.38,0.76801,-1,-1,-1
541,38,982.34,751.02,84.21,239.80,0.68635,-1,-1,-1
541,80,794.63,599.72,72.99,252.59,0.72266,-1,-1,-1
541,4,1716.21,458.97,73.52,209.89,0.64163,-1,-1,-1
541,99,1775.35,225.78,65.44,166.31,0.44859,-1,-1,-1
541,104,386.80,187.17,66.95,206.36,0.46974,-1,-1,-1
541,3,1031.57,940.56,74.26,139.44,0.54088,-1,-1,-1
541,107,1676.56,288.77,81.64,198.12,0.41065,-1,-1,-1
542,79,1065.04,771.63,79.72,223.99,0.56604,-1,-1,-1
542,8,198.43,810.54,89.58,269.46,0.75578,-1,-1,-1
542,34,256.98,852.67,82.23,226.73,0.74695,-1,-1,-1
542,38,984.27,751.48,83.74,239.46,0.67100,-1,-1,-1
542,80,792.91,599.21,73.37,252.08,0.71322,-1,-1,-1
542,4,1715.89,458.18,73.78,210.65,0.59876,-1,-1,-1
542,99,1776.53,227.12,64.79,165.25,0.43328,-1,-1,-1
542,104,387.02,189.33,65.78,205.43,0.39914,-1,-1,-1
542,3,1033.40,946.35,72.07,133.65,0.36124,-1,-1,-1
542,107,1674.29,285.43,82.64,201.35,0.43762,-1,-1,-1
543,79,1067.34,772.55,80.33,227.37,0.59542,-1,-1,-1
543,8,201.01,811.86,88.81,268.14,0.71238,-1,-1,-1
543,34,257.04,856.66,81.06,223.10,0.71372,-1,-1,-1
543,38,988.05,753.13,81.75,233.64,0.63743,-1,-1,-1
543,80,791.20,599.10,73.97,251.67,0.70797,-1,-1,-1
543,4,1715.40,457.07,74.23,211.64,0.57010,-1,-1,-1
543,99,1777.90,227.58,64.61,165.71,0.42054,-1,-1,-1
543,104,388.24,202.80,61.52,193.48,0.30154,-1,-1,-1
543,3,1032.77,945.74,73.03,134.26,0.44031,-1,-1,-1
543,107,1671.91,283.83,83.13,202.57,0.43933,-1,-1,-1
544,79,1069.30,773.13,80.03,227.39,0.59969,-1,-1,-1
544,8,203.72,813.16,87.95,266.84,0.71756,-1,-1,-1
544,34,257.56,861.49,79.48,217.70,0.69745,-1,-1,-1
544,38,990.22,755.18,80.44,227.88,0.65248,-1,-1,-1
544,80,788.37,598.85,74.95,252.13,0.72511,-1,-1,-1
544,4,1714.93,456.92,74.53,212.09,0.56190,-1,-1,-1
544,99,1778.82,228.06,64.39,166.08,0.42218,-1,-1,-1
544,104,388.35,202.16,61.41,194.79,0.31896,-1,-1,-1
544,3,1031.22,944.59,74.44,135.41,0.45289,-1,-1,-1
544,107,1670.16,283.21,83.46,202.84,0.42061,-1,-1,-1
544,115,778.17,87.52,73.17,232.99,0.35964,-1,-1,-1
545,79,1070.11,775.50,79.63,226.11,0.59551,-1,-1,-1
545,8,205.89,814.71,86.95,265.29,0.69804,-1,-1,-1
545,34,256.53,865.45,78.62,213.64,0.72395,-1,-1,-1
545,38,992.70,756.91,79.91,225.46,0.65447,-1,-1,-1
545,80,783.57,598.44,76.68,253.06,0.73669,-1,-1,-1
545,4,1714.64,457.86,74.02,209.86,0.61185,-1,-1,-1
545,99,1780.62,227.94,64.88,169.14,0.41931,-1,-1,-1
545,104,389.25,209.47,59.60,189.84,0.36637,-1,-1,-1
545,3,1026.31,943.10,76.72,136.90,0.54717,-1,-1,-1
545,107,1667.83,282.81,84.09,203.46,0.39048,-1,-1,-1
545,115,777.30,86.82,73.50,234.09,0.35380,-1,-1,-1
546,79,1071.83,776.91,79.99,227.61,0.61056,-1,-1,-1
546,8,207.79,815.87,86.19,264.13,0.67897,-1,-1,-1
546,34,255.08,868.57,78.23,210.98,0.71870,-1,-1,-1
546,38,994.55,759.21,80.31,225.35,0.63047,-1,-1,-1
546,80,779.21,598.32,78.29,253.06,0.74632,-1,-1,-1
546,4,1713.47,457.53,74.78,210.82,0.62338,-1,-1,-1
546,99,1782.80,229.32,64.43,170.12,0.39342,-1,-1,-1
546,3,1025.20,942.83,77.78,137.17,0.56145,-1,-1,-1
546,107,1667.35,283.29,83.94,202.18,0.38955,-1,-1,-1
546,115,777.82,85.45,73.62,234.69,0.43450,-1,-1,-1
547,79,1073.21,779.01,80.50,229.75,0.62906,-1,-1,-1
547,8,209.69,817.35,85.44,262.65,0.68187,-1,-1,-1
547,34,254.96,872.16,77.72,207.76,0.69047,-1,-1,-1
547,38,997.80,761.52,79.37,220.63,0.63585,-1,-1,-1
547,80,777.05,597.95,80.12,254.62,0.76066,-1,-1,-1
547,4,1714.71,457.10,75.73,211.19,0.59286,-1,-1,-1
547,99,1784.99,231.30,64.28,171.36,0.39213,-1,-1,-1
547,3,1027.44,944.09,77.37,135.91,0.53173,-1,-1,-1
547,107,1664.91,284.35,83.54,198.97,0.33970,-1,-1,-1
547,115,777.95,85.17,73.71,235.12,0.45189,-1,-1,-1
548,79,1070.82,781.29,83.08,235.71,0.64220,-1,-1,-1
548,8,211.05,818.57,84.69,261.43,0.64890,-1,-1,-1
548,34,254.16,875.23,77.02,204.77,0.68782,-1,-1,-1
548,38,998.63,765.08,79.07,217.27,0.65998,-1,-1,-1
548,80,775.14,597.97,81.69,255.62,0.74642,-1,-1,-1
548,4,1715.41,458.16,75.45,210.89,0.58867,-1,-1,-1
548,99,1786.78,234.27,64.54,173.09,0.42602,-1,-1,-1
548,3,1026.65,940.24,79.54,139.76,0.54941,-1,-1,-1
548,107,1664.08,284.76,83.75,197.25,0.36231,-1,-1,-1
548,115,777.99,84.07,74.37,237.62,0.43237,-1,-1,-1
548,104,385.79,217.72,59.44,188.13,0.37257,-1,-1,-1
549,79,1069.89,783.29,85.24,241.46,0.64212,-1,-1,-1
549,8,212.59,819.99,84.01,260.01,0.52583,-1,-1,-1
549,34,251.67,874.67,77.55,205.33,0.63096,-1,-1,-1
549,38,1000.00,768.15,77.97,212.61,0.58517,-1,-1,-1
549,80,774.13,598.76,82.52,254.71,0.74880,-1,-1,-1
549,4,1717.69,458.86,74.30,209.34,0.63017,-1,-1,-1
549,99,1788.59,236.29,64.68,174.25,0.39029,-1,-1,-1
549,3,1024.96,936.28,81.80,143.72,0.52564,-1,-1,-1
549,107,1663.27,284.50,85.15,198.20,0.38387,-1,-1,-1
549,115,778.29,84.46,73.91,236.63,0.44204,-1,-1,-1
549,104,386.13,223.98,57.98,183.89,0.42352,-1,-1,-1
550,79,1069.72,786.30,86.51,244.21,0.59676,-1,-1,-1
550,8,214.60,821.85,83.36,258.15,0.41036,-1,-1,-1
550,34,249.30,874.72,77.87,205.28,0.57220,-1,-1,-1
550,38,1002.28,772.23,74.55,201.38,0.51288,-1,-1,-1
550,80,772.60,599.56,83.31,253.45,0.73380,-1,-1,-1
550,4,1717.49,458.61,74.15,209.75,0.61333,-1,-1,-1
550,99,1790.85,236.39,64.43,175.20,0.41788,-1,-1,-1
550,3,1023.94,935.04,82.50,144.96,0.51655,-1,-1,-1
550,107,1662.47,283.85,85.73,197.57,0.40060,-1,-1,-1
550,115,779.96,84.84,73.66,236.54,0.44433,-1,-1,-1
550,104,385.53,228.19,57.18,179.74,0.38159,-1,-1,-1
551,79,1074.18,789.49,86.03,242.92,0.56862,-1,-1,-1
551,8,218.01,823.48,83.13,256.52,0.35305,-1,-1,-1
551,34,245.48,874.97,78.86,205.03,0.57106,-1,-1,-1
551,38,1006.15,773.53,71.50,190.65,0.48943,-1,-1,-1
551,80,770.78,598.85,84.53,254.65,0.72987,-1,-1,-1
551,4,1718.47,459.05,73.49,209.29,0.60598,-1,-1,-1
551,99,1792.73,236.37,64.09,175.95,0.43903,-1,-1,-1
551,3,1021.80,935.83,82.57,144.17,0.57147,-1,-1,-1
551,107,1661.91,282.33,87.75,201.36,0.40922,-1,-1,-1
551,115,780.46,84.78,73.55,236.81,0.47801,-1,-1,-1
551,104,383.74,227.01,58.20,181.34,0.47000,-1,-1,-1
552,79,1075.60,792.61,86.26,241.85,0.57228,-1,-1,-1
552,34,241.57,875.45,80.14,204.55,0.65610,-1,-1,-1
552,38,1011.06,775.59,68.07,178.82,0.47094,-1,-1,-1
552,80,769.67,598.18,85.14,254.31,0.74234,-1,-1,-1
552,4,1720.23,458.57,72.50,208.77,0.60657,-1,-1,-1
552,99,1794.17,236.93,63.70,176.59,0.39502,-1,-1,-1
552,3,1017.57,934.62,84.11,145.38,0.52709,-1,-1,-1
552,107,1660.49,281.08,90.22,207.87,0.39759,-1,-1,-1
552,115,782.27,83.81,73.58,237.67,0.45793,-1,-1,-1
552,104,382.77,226.50,58.96,181.79,0.41618,-1,-1,-1
553,79,1076.61,794.94,87.68,243.42,0.57879,-1,-1,-1
553,34,239.76,876.11,81.00,203.89,0.67359,-1,-1,-1
553,38,1014.68,777.89,64.88,167.81,0.50981,-1,-1,-1
553,80,768.87,596.50,85.80,254.41,0.75214,-1,-1,-1
553,4,1720.24,458.74,71.83,208.25,0.57686,-1,-1,-1
553,99,1796.32,237.23,63.05,176.22,0.37570,-1,-1,-1
553,3,1008.83,930.00,88.78,149.95,0.53677,-1,-1,-1
553,107,1658.96,279.18,93.41,216.61,0.37571,-1,-1,-1
553,115,784.76,84.52,72.81,235.54,0.41881,-1,-1,-1
553,104,382.27,224.28,60.04,183.50,0.41240,-1,-1,-1
554,79,1081.67,797.15,87.83,242.98,0.51626,-1,-1,-1
554,34,233.47,847.66,92.02,232.34,0.63793,-1,-1,-1
554,38,1013.89,781.08,64.76,165.81,0.31010,-1,-1,-1
554,80,767.88,595.85,85.44,252.44,0.75151,-1,-1,-1
554,4,1720.52,458.97,71.23,207.86,0.59885,-1,-1,-1
554,99,1799.40,236.89,62.36,176.16,0.30258,-1,-1,-1
554,107,1660.16,277.08,90.21,210.50,0.41160,-1,-1,-1
554,115,787.41,85.11,72.32,234.07,0.42665,-1,-1,-1
554,104,380.41,221.29,61.38,185.85,0.52808,-1,-1,-1
555,79,1085.96,799.04,86.76,240.28,0.61621,-1,-1,-1
555,34,232.21,838.58,95.56,241.42,0.70102,-1,-1,-1
555,38,1017.39,782.36,63.67,160.68,0.35313,-1,-1,-1
555,80,766.51,595.81,85.47,251.48,0.73438,-1,-1,-1
555,4,1720.62,457.71,71.07,208.94,0.60047,-1,-1,-1
555,107,1663.69,275.83,85.79,201.42,0.46504,-1,-1,-1
555,115,788.22,84.65,72.62,234.48,0.40056,-1,-1,-1
555,104,378.84,219.20,62.47,188.10,0.53190,-1,-1,-1
555,3,1009.01,928.49,90.75,151.40,0.32088,-1,-1,-1
556,79,1091.75,799.77,86.01,239.51,0.57424,-1,-1,-1
556,34,238.01,862.41,87.28,217.47,0.61264,-1,-1,-1
556,38,1016.26,784.54,69.72,176.54,0.30323,-1,-1,-1
556,80,764.40,594.30,85.40,250.55,0.75634,-1,-1,-1
556,4,1720.93,456.49,70.28,208.23,0.61871,-1,-1,-1
556,107,1664.05,274.05,83.02,196.37,0.48801,-1,-1,-1
556,115,789.09,85.52,72.42,233.10,0.41256,-1,-1,-1
556,104,378.60,220.10,63.13,189.24,0.50211,-1,-1,-1
556,3,988.18,831.20,141.75,248.50,0.46358,-1,-1,-1
556,99,1805.72,237.11,61.98,175.29,0.32571,-1,-1,-1
557,79,1097.17,800.98,84.49,236.94,0.55443,-1,-1,-1
557,34,237.59,845.30,93.96,234.67,0.73660,-1,-1,-1
557,80,762.19,593.75,84.79,248.00,0.71613,-1,-1,-1
557,4,1722.70,457.37,69.71,207.24,0.61770,-1,-1,-1
557,107,1665.86,273.45,82.05,194.93,0.51577,-1,-1,-1
557,115,789.79,84.95,72.42,233.21,0.44788,-1,-1,-1
557,104,377.98,222.08,63.06,187.35,0.51200,-1,-1,-1
557,3,982.60,801.39,150.84,277.33,0.45055,-1,-1,-1
557,99,1806.80,237.41,61.64,174.12,0.34574,-1,-1,-1
558,79,1100.36,801.14,83.54,235.07,0.60435,-1,-1,-1
558,34,238.94,839.88,96.35,240.12,0.72019,-1,-1,-1
558,80,759.42,593.84,84.15,245.09,0.71087,-1,-1,-1
558,4,1720.66,456.30,70.00,209.06,0.68350,-1,-1,-1
558,107,1666.30,271.73,81.06,193.90,0.54978,-1,-1,-1
558,115,790.68,84.30,72.65,234.56,0.43433,-1,-1,-1
558,104,377.48,222.96,63.60,187.74,0.54339,-1,-1,-1
558,3,981.85,787.28,151.52,291.42,0.53674,-1,-1,-1
558,99,1810.40,237.35,61.86,174.76,0.36049,-1,-1,-1
559,79,1102.43,801.93,83.34,234.05,0.60680,-1,-1,-1
559,34,244.39,871.06,85.87,208.94,0.72819,-1,-1,-1
559,80,755.52,593.41,83.42,243.20,0.68478,-1,-1,-1
559,4,1722.75,457.57,68.80,206.51,0.65719,-1,-1,-1
559,107,1666.66,271.47,80.43,193.81,0.53682,-1,-1,-1
559,115,790.72,83.26,72.84,236.34,0.39333,-1,-1,-1
559,104,376.96,224.95,63.87,187.30,0.55741,-1,-1,-1
559,99,1813.46,237.35,61.66,174.55,0.36634,-1,-1,-1
559,38,1018.06,786.04,76.53,194.65,0.49969,-1,-1,-1
560,79,1103.96,802.41,83.14,232.97,0.55790,-1,-1,-1
560,34,246.32,885.11,81.66,194.89,0.74152,-1,-1,-1
560,80,751.51,591.47,83.25,243.91,0.69060,-1,-1,-1
560,4,1724.20,458.48,67.59,203.65,0.66070,-1,-1,-1
560,107,1666.05,270.91,79.58,192.93,0.54874,-1,-1,-1
560,115,792.48,90.40,70.19,228.67,0.40492,-1,-1,-1
560,104,375.33,225.69,64.60,188.72,0.54826,-1,-1,-1
560,99,1815.78,237.46,61.63,175.50,0.35817,-1,-1,-1
560,38,1019.45,786.52,78.02,197.88,0.52490,-1,-1,-1
560,77,460.95,92.26,58.61,180.10,0.32902,-1,-1,-1
561,79,1105.14,803.28,82.93,232.47,0.59894,-1,-1,-1
561,34,248.28,892.69,79.79,187.26,0.67493,-1,-1,-1
561,80,747.07,590.94,81.91,242.39,0.69324,-1,-1,-1
561,4,1723.23,458.29,67.10,203.31,0.66927,-1,-1,-1
561,107,1665.19,270.83,79.13,192.72,0.56392,-1,-1,-1
561,115,792.36,84.26,71.37,234.51,0.43701,-1,-1,-1
561,104,374.85,227.59,64.67,188.19,0.57332,-1,-1,-1
561,99,1817.94,237.86,61.92,176.65,0.33498,-1,-1,-1
561,38,1019.40,787.56,78.67,199.43,0.48279,-1,-1,-1
561,77,461.90,92.28,57.43,176.37,0.34590,-1,-1,-1
562,79,1106.64,805.20,83.76,234.14,0.60097,-1,-1,-1
562,34,250.17,897.67,78.94,181.92,0.66260,-1,-1,-1
562,80,743.94,592.32,79.52,237.69,0.69539,-1,-1,-1
562,4,1721.87,457.33,67.37,205.37,0.64529,-1,-1,-1
562,107,1663.65,270.47,78.74,192.12,0.56768,-1,-1,-1
562,115,792.12,80.55,71.84,237.59,0.42671,-1,-1,-1
562,104,374.78,230.26,64.61,186.94,0.59622,-1,-1,-1
562,99,1819.92,238.16,62.71,179.13,0.33420,-1,-1,-1
562,38,1019.58,790.15,78.78,198.78,0.62599,-1,-1,-1
563,79,1108.12,808.56,84.79,235.96,0.58306,-1,-1,-1
563,34,248.52,902.03,77.65,177.79,0.68782,-1,-1,-1
563,80,739.39,591.19,79.78,239.96,0.70253,-1,-1,-1
563,4,1722.37,456.58,68.28,206.81,0.63687,-1,-1,-1
563,107,1662.72,270.19,77.66,189.86,0.50804,-1,-1,-1
563,115,792.71,79.27,71.77,239.21,0.39724,-1,-1,-1
563,104,375.73,233.49,64.35,185.46,0.56223,-1,-1,-1
563,99,1820.84,241.05,62.32,177.78,0.31415,-1,-1,-1
563,38,1017.40,792.62,85.35,216.19,0.54601,-1,-1,-1
563,117,989.89,936.63,105.35,142.35,0.51866,-1,-1,-1
563,8,270.40,841.25,76.47,230.94,0.50924,-1,-1,-1
564,79,1107.44,811.34,86.38,240.42,0.56503,-1,-1,-1
564,34,248.34,905.55,76.51,174.36,0.70427,-1,-1,-1
564,80,735.12,590.02,80.15,241.68,0.69288,-1,-1,-1
564,4,1721.10,454.67,68.73,208.16,0.64539,-1,-1,-1
564,107,1662.26,269.54,77.08,189.07,0.51004,-1,-1,-1
564,115,793.72,77.59,71.93,241.33,0.44488,-1,-1,-1
564,104,375.38,234.47,65.36,188.30,0.61283,-1,-1,-1
564,99,1823.22,242.41,63.02,178.76,0.34551,-1,-1,-1
564,38,1014.76,795.49,93.36,240.83,0.59878,-1,-1,-1
564,117,988.62,936.10,105.69,142.69,0.57639,-1,-1,-1
564,8,273.09,842.71,77.82,229.94,0.59229,-1,-1,-1
565,79,1107.81,813.88,87.30,242.37,0.61660,-1,-1,-1
565,34,249.55,907.29,76.02,172.46,0.71379,-1,-1,-1
565,80,732.67,589.37,80.19,242.11,0.60904,-1,-1,-1
565,4,1721.63,455.94,69.25,207.74,0.63937,-1,-1,-1
565,107,1662.40,268.79,76.85,189.58,0.49201,-1,-1,-1
565,115,794.62,76.15,72.13,243.40,0.44324,-1,-1,-1
565,104,374.78,235.74,65.87,190.36,0.65245,-1,-1,-1
565,99,1825.40,244.70,62.90,177.04,0.38320,-1,-1,-1
565,38,1013.55,797.58,99.00,259.52,0.64211,-1,-1,-1
565,117,986.54,936.60,105.04,141.73,0.44098,-1,-1,-1
565,8,275.16,844.00,80.06,230.71,0.58303,-1,-1,-1
566,79,1106.13,816.79,88.49,243.65,0.62281,-1,-1,-1
566,34,250.41,909.29,75.62,170.63,0.74558,-1,-1,-1
566,80,731.62,590.14,79.48,240.88,0.61216,-1,-1,-1
566,4,1721.00,456.05,70.04,208.21,0.63554,-1,-1,-1
566,107,1664.08,269.33,74.23,184.45,0.51102,-1,-1,-1
566,115,795.53,76.01,71.75,243.29,0.44482,-1,-1,-1
566,104,374.48,235.77,66.00,191.42,0.66374,-1,-1,-1
566,99,1827.59,246.49,62.27,173.41,0.40760,-1,-1,-1
566,38,1014.52,800.35,100.09,266.48,0.59447,-1,-1,-1
566,117,983.31,933.71,107.50,145.25,0.52660,-1,-1,-1
566,8,277.98,846.06,82.74,231.35,0.63982,-1,-1,-1
567,79,1110.53,819.65,87.47,241.63,0.48510,-1,-1,-1
567,34,250.94,911.43,75.11,168.56,0.75401,-1,-1,-1
567,80,729.36,590.36,79.70,242.02,0.56998,-1,-1,-1
567,4,1720.58,456.62,71.32,209.46,0.64703,-1,-1,-1
567,107,1664.75,269.76,72.44,181.90,0.53973,-1,-1,-1
567,115,795.81,76.55,71.48,242.67,0.44489,-1,-1,-1
567,104,374.00,236.55,65.84,191.61,0.66558,-1,-1,-1
567,99,1828.61,248.77,62.15,171.36,0.41261,-1,-1,-1
567,38,1018.31,804.16,97.45,263.49,0.48966,-1,-1,-1
567,117,981.60,931.92,108.22,146.71,0.60418,-1,-1,-1
567,8,279.83,847.88,85.46,231.31,0.64452,-1,-1,-1
567,119,1576.66,591.43,97.28,234.48,0.57129,-1,-1,-1
567,77,471.12,89.80,53.56,168.37,0.30463,-1,-1,-1
568,79,1112.36,821.99,86.95,240.74,0.49641,-1,-1,-1
568,34,251.57,913.32,74.90,166.68,0.76043,-1,-1,-1
568,80,728.09,589.36,79.87,243.69,0.62205,-1,-1,-1
568,4,1719.65,456.58,72.12,210.18,0.69692,-1,-1,-1
568,107,1664.76,270.14,71.36,181.65,0.57390,-1,-1,-1
568,115,795.71,75.81,71.87,243.53,0.47315,-1,-1,-1
568,104,374.39,237.76,65.42,190.85,0.64102,-1,-1,-1
568,99,1828.47,251.36,62.59,171.18,0.38475,-1,-1,-1
568,38,1020.81,807.79,96.09,263.09,0.48197,-1,-1,-1
568,117,981.66,932.74,106.57,144.92,0.38147,-1,-1,-1
568,8,281.45,849.30,87.70,230.28,0.65772,-1,-1,-1
568,119,1573.04,588.73,98.36,236.46,0.40648,-1,-1,-1
569,79,1114.02,824.91,86.39,240.10,0.47614,-1,-1,-1
569,34,251.90,914.84,74.87,165.16,0.75518,-1,-1,-1
569,80,725.70,588.27,80.33,245.29,0.62578,-1,-1,-1
569,4,1718.81,457.17,72.68,209.93,0.69412,-1,-1,-1
569,107,1663.62,267.86,71.04,183.38,0.54816,-1,-1,-1
569,115,796.17,74.80,72.25,244.70,0.44374,-1,-1,-1
569,104,374.62,237.35,65.92,192.34,0.63817,-1,-1,-1
569,99,1828.86,252.96,63.38,172.28,0.38449,-1,-1,-1
569,38,1024.87,809.90,95.53,265.23,0.57227,-1,-1,-1
569,8,285.61,851.14,89.38,228.72,0.64807,-1,-1,-1
569,119,1575.36,593.87,96.90,232.03,0.43770,-1,-1,-1
570,79,1117.14,826.61,86.54,241.36,0.58437,-1,-1,-1
570,34,251.85,916.24,74.83,163.76,0.74411,-1,-1,-1
570,80,723.75,586.84,81.20,248.20,0.61248,-1,-1,-1
570,4,1717.97,457.07,73.19,209.57,0.68447,-1,-1,-1
570,107,1663.14,266.39,69.78,182.20,0.53993,-1,-1,-1
570,115,796.03,73.17,72.99,246.76,0.49255,-1,-1,-1
570,104,375.04,237.49,66.04,192.70,0.63593,-1,-1,-1
570,99,1829.33,254.23,64.28,173.47,0.33438,-1,-1,-1
570,38,1027.53,811.88,94.62,266.39,0.60167,-1,-1,-1
570,8,288.85,852.64,91.07,227.36,0.66368,-1,-1,-1
570,119,1575.02,593.80,97.25,231.89,0.55801,-1,-1,-1
570,117,980.88,932.34,105.79,145.73,0.34358,-1,-1,-1
571,79,1121.93,828.64,85.77,242.35,0.66498,-1,-1,-1
571,34,251.26,918.84,74.40,161.16,0.74741,-1,-1,-1
571,80,721.29,587.23,81.41,247.40,0.55319,-1,-1,-1
571,4,1718.01,456.08,73.89,209.49,0.67175,-1,-1,-1
571,107,1661.62,263.82,68.41,180.31,0.55431,-1,-1,-1
571,115,796.07,71.54,73.70,247.84,0.47297,-1,-1,-1
571,104,375.25,236.93,65.98,192.23,0.62099,-1,-1,-1
571,38,1031.85,813.81,92.84,265.74,0.67013,-1,-1,-1
571,8,290.78,855.07,91.91,224.93,0.67230,-1,-1,-1
571,119,1570.47,589.39,99.68,235.83,0.58355,-1,-1,-1
571,117,981.80,931.37,104.60,146.67,0.40094,-1,-1,-1
572,79,1122.08,829.99,85.10,241.82,0.60744,-1,-1,-1
572,34,252.29,919.58,74.72,160.27,0.74858,-1,-1,-1
572,80,718.01,586.85,82.65,249.17,0.51882,-1,-1,-1
572,4,1717.95,457.19,74.24,208.61,0.63742,-1,-1,-1
572,107,1661.24,261.05,67.97,180.22,0.51127,-1,-1,-1
572,115,795.60,71.58,74.16,247.50,0.44803,-1,-1,-1
572,104,376.61,238.39,64.96,189.28,0.61438,-1,-1,-1
572,38,1035.87,816.57,90.41,262.08,0.63806,-1,-1,-1
572,8,296.48,857.05,91.90,222.95,0.68974,-1,-1,-1
572,119,1571.25,589.91,100.30,235.80,0.51527,-1,-1,-1
572,117,981.18,929.90,104.24,148.70,0.56808,-1,-1,-1
573,79,1122.26,831.66,85.26,244.26,0.64020,-1,-1,-1
573,34,252.15,924.19,73.68,155.76,0.73675,-1,-1,-1
573,80,715.31,586.92,83.30,249.61,0.64369,-1,-1,-1
573,4,1717.89,457.06,75.34,209.86,0.62186,-1,-1,-1
573,107,1658.91,258.84,68.29,182.25,0.52106,-1,-1,-1
573,115,795.57,70.44,75.12,248.79,0.46994,-1,-1,-1
573,104,377.37,240.01,63.87,185.91,0.62033,-1,-1,-1
573,38,1040.06,818.84,88.16,257.66,0.62284,-1,-1,-1
573,8,296.30,859.08,91.31,220.70,0.69141,-1,-1,-1
573,119,1570.02,588.11,101.85,237.33,0.48695,-1,-1,-1
573,117,982.09,929.60,102.69,149.17,0.60020,-1,-1,-1
574,79,1123.05,832.62,85.04,244.89,0.61969,-1,-1,-1
574,34,252.66,927.71,73.08,152.28,0.73634,-1,-1,-1
574,80,712.32,585.78,83.93,249.62,0.69741,-1,-1,-1
574,4,1718.29,457.54,75.42,208.56,0.64307,-1,-1,-1
574,107,1658.64,257.13,68.65,183.76,0.53426,-1,-1,-1
574,115,794.71,69.51,76.31,250.75,0.46528,-1,-1,-1
574,104,377.79,241.06,63.46,184.70,0.64262,-1,-1,-1
574,38,1043.48,819.91,86.58,254.38,0.60113,-1,-1,-1
574,8,299.25,860.82,91.37,219.18,0.69862,-1,-1,-1
574,119,1572.31,594.19,100.77,232.34,0.43222,-1,-1,-1
574,117,983.75,928.96,100.89,149.60,0.60016,-1,-1,-1
575,79,1123.63,834.37,85.29,244.32,0.64319,-1,-1,-1
575,34,252.47,926.82,74.13,153.18,0.73366,-1,-1,-1
575,80,710.62,584.57,84.44,249.52,0.68456,-1,-1,-1
575,4,1718.02,456.77,75.92,208.66,0.64298,-1,-1,-1
575,107,1657.77,255.56,69.15,185.50,0.54815,-1,-1,-1
575,115,798.08,69.74,75.79,249.65,0.43607,-1,-1,-1
575,104,377.81,240.92,64.06,186.49,0.64407,-1,-1,-1
575,38,1045.29,820.76,86.23,254.12,0.61977,-1,-1,-1
575,8,300.49,862.92,90.98,217.08,0.69769,-1,-1,-1
575,119,1571.85,598.59,100.04,228.30,0.54222,-1,-1,-1
575,117,986.29,928.44,98.57,149.62,0.57781,-1,-1,-1
576,79,1125.87,835.47,85.24,242.77,0.59817,-1,-1,-1
576,34,252.96,929.62,73.65,150.38,0.74193,-1,-1,-1
576,80,708.76,583.23,85.34,250.86,0.70619,-1,-1,-1
576,4,1718.18,456.70,76.70,209.53,0.61430,-1,-1,-1
576,107,1657.04,254.05,69.31,185.79,0.56117,-1,-1,-1
576,115,800.91,69.70,75.08,249.06,0.40361,-1,-1,-1
576,104,377.80,243.48,64.29,187.11,0.66215,-1,-1,-1
576,38,1046.35,821.46,85.61,253.35,0.58313,-1,-1,-1
576,8,300.54,865.49,90.29,214.51,0.69804,-1,-1,-1
576,119,1571.72,598.71,100.17,226.93,0.61018,-1,-1,-1
576,117,989.29,927.90,95.70,149.60,0.47984,-1,-1,-1
577,79,1126.65,837.69,85.56,240.14,0.51294,-1,-1,-1
577,34,253.88,934.41,72.52,145.59,0.74328,-1,-1,-1
577,80,706.78,581.32,85.37,249.64,0.70078,-1,-1,-1
577,4,1718.43,457.44,76.87,208.84,0.58837,-1,-1,-1
577,107,1655.89,251.98,69.99,187.16,0.52289,-1,-1,-1
577,115,802.82,70.03,74.35,248.14,0.44714,-1,-1,-1
577,104,378.13,246.61,64.29,187.34,0.62729,-1,-1,-1
577,38,1048.12,823.08,84.29,250.46,0.50211,-1,-1,-1
577,8,302.34,869.43,89.55,210.43,0.69971,-1,-1,-1
577,119,1570.33,600.02,100.96,226.39,0.56657,-1,-1,-1
577,117,991.23,927.15,93.51,150.11,0.57192,-1,-1,-1
578,79,1125.92,839.66,84.64,238.58,0.47540,-1,-1,-1
578,34,254.62,939.59,71.21,140.41,0.73902,-1,-1,-1
578,80,705.04,578.02,84.99,247.35,0.67800,-1,-1,-1
578,4,1718.25,458.22,77.36,209.26,0.55789,-1,-1,-1
578,107,1655.22,250.41,70.81,188.81,0.55954,-1,-1,-1
578,115,804.86,70.11,73.50,247.35,0.43420,-1,-1,-1
578,104,377.66,249.08,64.46,188.09,0.64585,-1,-1,-1
578,38,1050.85,824.20,82.82,247.41,0.48578,-1,-1,-1
578,8,302.21,871.89,89.13,207.61,0.69701,-1,-1,-1
578,119,1568.42,601.24,101.72,225.96,0.57784,-1,-1,-1
578,117,993.61,926.58,91.72,150.67,0.53841,-1,-1,-1
579,79,1129.56,840.13,85.07,237.95,0.57537,-1,-1,-1
579,34,254.72,943.66,70.42,136.34,0.72815,-1,-1,-1
579,80,704.14,575.81,81.66,236.79,0.59149,-1,-1,-1
579,4,1718.26,458.86,77.58,209.12,0.56415,-1,-1,-1
579,107,1653.13,248.68,72.44,191.62,0.54934,-1,-1,-1
579,115,805.64,69.39,73.05,248.07,0.46284,-1,-1,-1
579,104,377.56,250.49,64.35,187.97,0.66825,-1,-1,-1
579,38,1052.65,826.05,83.03,248.19,0.50050,-1,-1,-1
579,8,302.08,873.86,88.84,205.10,0.69869,-1,-1,-1
579,119,1568.14,601.93,102.39,225.33,0.60830,-1,-1,-1
579,117,996.82,925.66,90.22,151.15,0.53764,-1,-1,-1
579,99,1841.30,256.13,64.11,173.73,0.34583,-1,-1,-1
580,79,1129.11,841.55,84.85,237.98,0.55676,-1,-1,-1
580,34,253.74,946.14,70.30,133.48,0.72201,-1,-1,-1
580,80,701.32,575.12,83.87,245.23,0.58006,-1,-1,-1
580,4,1717.81,459.02,78.32,210.81,0.58323,-1,-1,-1
580,107,1651.84,248.12,72.93,191.18,0.55460,-1,-1,-1
580,115,805.14,67.86,73.09,250.01,0.49107,-1,-1,-1
580,104,377.37,252.46,64.06,187.36,0.68689,-1,-1,-1
580,38,1054.34,828.25,82.48,247.11,0.48917,-1,-1,-1
580,8,300.20,874.96,89.40,204.71,0.72389,-1,-1,-1
580,119,1567.28,602.18,103.52,225.39,0.60683,-1,-1,-1
580,117,999.16,925.58,88.96,150.96,0.56721,-1,-1,-1
580,99,1843.96,256.12,64.78,175.40,0.36136,-1,-1,-1
581,79,1134.02,841.96,86.02,238.04,0.52294,-1,-1,-1
581,34,253.88,948.08,70.46,131.60,0.72747,-1,-1,-1
581,80,699.11,573.91,83.86,248.32,0.60011,-1,-1,-1
581,4,1717.69,458.31,78.20,210.76,0.57357,-1,-1,-1
581,107,1650.36,246.78,73.57,191.45,0.49796,-1,-1,-1
581,115,805.22,68.05,72.40,249.48,0.43873,-1,-1,-1
581,104,377.28,254.65,63.50,185.53,0.64971,-1,-1,-1
581,38,1057.70,830.98,81.29,243.51,0.55404,-1,-1,-1
581,8,299.69,876.23,89.99,203.64,0.72513,-1,-1,-1
581,119,1566.95,601.60,104.60,225.72,0.57681,-1,-1,-1
581,117,1000.78,925.29,88.14,151.17,0.59182,-1,-1,-1
581,99,1845.94,255.69,65.45,178.98,0.37994,-1,-1,-1
582,79,1135.28,844.59,86.48,235.41,0.52997,-1,-1,-1
582,34,253.10,949.10,71.04,130.60,0.71158,-1,-1,-1
582,80,698.95,571.74,81.17,242.70,0.47261,-1,-1,-1
582,4,1719.13,458.09,77.40,208.66,0.53379,-1,-1,-1
582,107,1649.12,246.49,74.20,191.74,0.47032,-1,-1,-1
582,115,805.45,67.21,72.05,250.17,0.44795,-1,-1,-1
582,104,376.61,255.77,63.76,186.08,0.64217,-1,-1,-1
582,38,1060.71,834.33,79.43,237.56,0.55496,-1,-1,-1
582,8,301.05,877.76,90.45,202.24,0.73801,-1,-1,-1
582,119,1567.47,602.85,104.68,224.05,0.52738,-1,-1,-1
582,117,1001.94,925.38,88.28,152.07,0.60649,-1,-1,-1
583,79,1140.91,845.83,86.31,234.17,0.65686,-1,-1,-1
583,34,251.91,949.66,71.88,130.20,0.70901,-1,-1,-1
583,80,698.33,570.31,77.47,234.09,0.42898,-1,-1,-1
583,4,1719.39,457.78,77.28,208.65,0.58598,-1,-1,-1
583,107,1648.62,246.36,74.50,190.86,0.49721,-1,-1,-1
583,115,805.54,65.81,71.90,251.54,0.46006,-1,-1,-1
583,104,375.62,256.85,64.54,187.95,0.67378,-1,-1,-1
583,38,1063.31,837.88,79.40,237.80,0.65733,-1,-1,-1
583,8,301.78,879.65,90.41,200.35,0.75127,-1,-1,-1
583,119,1564.02,605.24,105.25,223.90,0.42493,-1,-1,-1
583,117,1001.65,925.96,87.53,152.12,0.57723,-1,-1,-1
583,99,1849.83,257.20,66.16,181.91,0.36342,-1,-1,-1
584,79,1142.23,847.95,86.05,232.05,0.67034,-1,-1,-1
584,34,250.61,950.45,72.40,129.50,0.70068,-1,-1,-1
584,4,1718.80,455.09,78.40,211.58,0.61890,-1,-1,-1
584,107,1648.17,246.67,74.56,189.41,0.51140,-1,-1,-1
584,115,806.78,66.24,71.04,250.91,0.44374,-1,-1,-1
584,104,374.01,257.62,65.20,189.46,0.69737,-1,-1,-1
584,38,1063.28,841.34,79.69,237.72,0.68792,-1,-1,-1
584,8,302.58,881.36,90.27,198.64,0.75553,-1,-1,-1
584,119,1564.04,603.48,106.10,224.47,0.50798,-1,-1,-1
584,117,996.56,926.17,85.43,152.27,0.56374,-1,-1,-1
585,79,1143.41,851.08,85.41,228.92,0.72156,-1,-1,-1
585,34,250.15,951.50,72.63,128.30,0.70893,-1,-1,-1
585,4,1719.37,456.01,77.35,209.08,0.63339,-1,-1,-1
585,107,1647.79,246.85,75.01,188.42,0.53242,-1,-1,-1
585,115,806.85,67.54,70.29,249.88,0.47319,-1,-1,-1
585,104,373.09,258.19,65.27,189.28,0.71231,-1,-1,-1
585,38,1062.80,843.80,79.18,236.12,0.73149,-1,-1,-1
585,8,302.75,883.29,89.98,196.71,0.75375,-1,-1,-1
585,119,1562.65,605.53,106.43,223.98,0.43464,-1,-1,-1
585,117,995.11,926.95,82.89,151.14,0.59015,-1,-1,-1
586,79,1146.79,854.17,84.66,225.83,0.69649,-1,-1,-1
586,34,249.20,952.89,72.92,126.91,0.70453,-1,-1,-1
586,4,1719.03,456.52,76.39,207.01,0.62264,-1,-1,-1
586,107,1648.30,247.23,75.14,187.24,0.53459,-1,-1,-1
586,115,806.91,68.41,69.71,249.60,0.48403,-1,-1,-1
586,104,372.37,258.45,65.38,189.63,0.71988,-1,-1,-1
586,38,1063.76,846.08,78.45,233.16,0.71101,-1,-1,-1
586,8,303.65,885.91,89.34,194.09,0.75950,-1,-1,-1
586,119,1565.28,604.10,107.10,223.99,0.53470,-1,-1,-1
586,117,994.96,927.80,80.40,150.34,0.60184,-1,-1,-1
587,79,1150.76,857.63,83.89,222.37,0.67053,-1,-1,-1
587,34,250.29,954.94,72.73,124.99,0.72376,-1,-1,-1
587,4,1719.60,455.41,76.74,209.07,0.64161,-1,-1,-1
587,107,1648.44,247.07,75.31,186.25,0.50931,-1,-1,-1
587,115,806.58,69.93,69.11,248.88,0.47495,-1,-1,-1
587,104,371.56,258.82,65.37,189.51,0.70146,-1,-1,-1
587,38,1065.93,847.83,77.74,230.72,0.71360,-1,-1,-1
587,8,305.06,888.33,88.78,191.59,0.75853,-1,-1,-1
587,119,1563.20,603.34,108.58,226.45,0.54106,-1,-1,-1
587,117,995.17,928.84,78.28,149.33,0.62998,-1,-1,-1
587,99,1853.53,257.62,66.47,185.39,0.31082,-1,-1,-1
588,79,1153.38,858.41,84.46,221.59,0.66396,-1,-1,-1
588,34,250.99,957.44,72.33,122.54,0.72045,-1,-1,-1
588,4,1717.95,453.62,76.91,212.35,0.62842,-1,-1,-1
588,107,1648.95,245.67,75.75,186.71,0.50032,-1,-1,-1
588,115,806.61,70.01,68.64,248.71,0.45481,-1,-1,-1
588,104,371.31,258.99,65.41,189.57,0.70782,-1,-1,-1
588,38,1067.88,849.97,76.46,226.50,0.70565,-1,-1,-1
588,8,305.68,890.90,88.25,189.09,0.75526,-1,-1,-1
588,119,1564.51,602.98,108.42,225.15,0.53102,-1,-1,-1
588,117,994.90,929.82,76.95,149.48,0.61985,-1,-1,-1
588,99,1855.04,257.18,64.96,185.80,0.32273,-1,-1,-1
589,79,1156.86,858.71,84.95,221.29,0.68505,-1,-1,-1
589,34,251.88,960.57,71.67,119.43,0.72139,-1,-1,-1
589,4,1720.35,455.10,75.36,209.46,0.64387,-1,-1,-1
589,107,1650.86,243.44,74.72,183.73,0.50385,-1,-1,-1
589,115,807.55,74.47,66.82,243.33,0.40868,-1,-1,-1
589,104,370.87,259.96,64.91,187.89,0.70485,-1,-1,-1
589,38,1068.41,851.11,76.64,226.42,0.71519,-1,-1,-1
589,8,306.08,894.31,87.41,185.69,0.76695,-1,-1,-1
589,119,1562.08,603.44,109.22,226.19,0.55060,-1,-1,-1
589,117,995.27,930.51,75.39,149.29,0.62511,-1,-1,-1
589,121,284.59,117.04,58.93,177.32,0.35256,-1,-1,-1
590,79,1159.65,861.40,84.48,218.60,0.69507,-1,-1,-1
590,34,251.77,963.08,71.34,116.92,0.69986,-1,-1,-1
590,4,1721.16,455.57,75.01,209.17,0.60516,-1,-1,-1
590,107,1652.71,241.16,74.54,183.62,0.52528,-1,-1,-1
590,115,807.10,73.27,66.73,244.65,0.37068,-1,-1,-1
590,104,370.42,261.37,64.51,186.46,0.71516,-1,-1,-1
590,38,1069.69,852.53,76.87,225.80,0.73151,-1,-1,-1
590,8,307.54,895.97,87.01,183.66,0.76167,-1,-1,-1
590,119,1561.12,603.83,109.46,226.08,0.54847,-1,-1,-1
590,117,995.33,930.99,73.96,149.00,0.63886,-1,-1,-1
590,121,285.02,118.69,58.69,176.56,0.36044,-1,-1,-1
591,79,1161.75,863.09,84.44,216.91,0.69138,-1,-1,-1
591,34,251.88,966.24,70.68,113.76,0.70187,-1,-1,-1
591,4,1721.90,457.05,74.12,207.33,0.62659,-1,-1,-1
591,107,1654.26,239.81,74.15,183.00,0.58225,-1,-1,-1
591,115,806.54,76.27,65.34,241.32,0.33211,-1,-1,-1
591,104,369.85,262.62,64.35,185.34,0.72170,-1,-1,-1
591,38,1071.24,853.52,77.24,225.27,0.72378,-1,-1,-1
591,8,309.00,898.04,86.07,180.34,0.76110,-1,-1,-1
591,119,1561.32,603.81,109.60,225.82,0.57110,-1,-1,-1
591,117,995.10,931.91,72.22,148.09,0.62847,-1,-1,-1
591,121,284.53,120.47,58.35,175.51,0.35857,-1,-1,-1
592,79,1162.35,865.63,84.45,214.37,0.68644,-1,-1,-1
592,34,253.60,968.83,70.35,111.17,0.72141,-1,-1,-1
592,4,1721.62,457.30,73.73,206.87,0.62581,-1,-1,-1
592,107,1655.28,237.96,74.94,185.36,0.63501,-1,-1,-1
592,115,806.91,81.64,63.31,235.46,0.30704,-1,-1,-1
592,104,369.42,264.26,63.75,182.86,0.71783,-1,-1,-1
592,38,1072.26,854.77,76.93,223.02,0.71577,-1,-1,-1
592,8,310.56,901.42,85.07,177.00,0.73890,-1,-1,-1
592,119,1561.29,603.33,110.15,226.52,0.50720,-1,-1,-1
592,117,995.04,932.74,70.70,147.26,0.58416,-1,-1,-1
592,121,284.34,119.05,58.56,176.28,0.35649,-1,-1,-1
593,79,1164.71,868.16,84.09,211.84,0.67654,-1,-1,-1
593,34,255.06,971.38,70.05,108.62,0.72907,-1,-1,-1
593,4,1719.18,455.48,74.71,211.19,0.65029,-1,-1,-1
593,107,1655.33,235.85,74.80,185.46,0.66587,-1,-1,-1
593,115,807.48,83.36,62.44,233.78,0.31600,-1,-1,-1
593,104,368.67,265.25,64.21,183.62,0.72524,-1,-1,-1
593,38,1073.49,855.78,76.75,221.43,0.72443,-1,-1,-1
593,8,311.95,906.69,83.90,172.76,0.77325,-1,-1,-1
593,119,1561.23,603.40,110.18,226.38,0.47543,-1,-1,-1
593,117,995.54,933.33,69.24,146.45,0.58259,-1,-1,-1
593,121,283.76,118.27,58.94,177.46,0.34240,-1,-1,-1
594,79,1166.24,870.37,83.82,209.63,0.66871,-1,-1,-1
594,34,257.31,974.81,69.60,105.19,0.72174,-1,-1,-1
594,4,1718.48,455.07,74.64,212.47,0.64874,-1,-1,-1
594,107,1655.65,233.41,74.81,186.43,0.63649,-1,-1,-1
594,104,367.67,266.70,64.85,185.42,0.72081,-1,-1,-1
594,38,1074.23,856.90,77.02,221.62,0.71914,-1,-1,-1
594,8,313.87,909.97,83.58,169.86,0.77543,-1,-1,-1
594,119,1561.83,605.09,109.24,224.28,0.48616,-1,-1,-1
594,117,996.16,934.68,67.71,145.28,0.57546,-1,-1,-1
594,121,283.22,117.28,59.41,179.00,0.34290,-1,-1,-1
595,79,1167.90,872.11,83.60,207.89,0.65995,-1,-1,-1
595,34,257.63,978.25,68.83,101.75,0.70201,-1,-1,-1
595,4,1718.75,454.01,74.52,213.30,0.67961,-1,-1,-1
595,107,1655.94,231.25,74.97,188.00,0.62873,-1,-1,-1
595,104,366.50,269.06,65.63,187.65,0.72348,-1,-1,-1
595,38,1075.62,858.73,77.13,220.95,0.71997,-1,-1,-1
595,8,315.54,911.89,83.91,168.07,0.76164,-1,-1,-1
595,119,1562.30,605.33,109.10,223.93,0.44589,-1,-1,-1
595,117,996.08,935.41,66.46,144.59,0.59386,-1,-1,-1
595,121,282.73,115.36,59.83,180.35,0.34299,-1,-1,-1
596,79,1170.35,873.92,82.93,206.08,0.68735,-1,-1,-1
596,34,258.56,981.11,68.50,98.89,0.70255,-1,-1,-1
596,4,1718.08,453.32,74.79,214.52,0.70204,-1,-1,-1
596,107,1655.94,229.71,74.50,187.80,0.61096,-1,-1,-1
596,104,365.24,269.97,66.60,190.70,0.72612,-1,-1,-1
596,38,1076.67,860.86,77.05,219.14,0.72129,-1,-1,-1
596,8,317.03,913.15,84.38,166.85,0.76924,-1,-1,-1
596,119,1562.43,606.04,109.05,223.79,0.45873,-1,-1,-1
596,117,996.24,935.32,65.16,143.36,0.57386,-1,-1,-1
596,121,283.03,116.90,59.34,178.81,0.32631,-1,-1,-1
597,79,1172.41,875.74,82.25,204.26,0.65002,-1,-1,-1
597,34,258.86,982.73,68.94,97.27,0.69618,-1,-1,-1
597,4,1717.70,454.00,74.54,213.66,0.68764,-1,-1,-1
597,107,1656.35,227.72,74.37,188.62,0.59461,-1,-1,-1
597,104,364.42,271.65,66.75,191.17,0.71050,-1,-1,-1
597,38,1077.47,863.22,76.45,216.78,0.67580,-1,-1,-1
597,8,318.52,913.73,85.05,166.27,0.73893,-1,-1,-1
597,119,1562.22,608.13,108.44,221.94,0.41206,-1,-1,-1
597,117,996.57,935.80,64.09,142.12,0.61813,-1,-1,-1
598,79,1172.48,877.67,82.12,202.33,0.66315,-1,-1,-1
598,34,259.23,984.34,69.32,95.66,0.67737,-1,-1,-1
598,4,1716.80,453.86,74.71,213.49,0.70635,-1,-1,-1
598,107,1655.51,226.62,74.14,189.21,0.59196,-1,-1,-1
598,104,363.95,272.69,66.67,190.92,0.70650,-1,-1,-1
598,38,1078.96,865.01,76.21,214.99,0.66299,-1,-1,-1
598,8,319.91,914.26,85.77,165.11,0.73532,-1,-1,-1
598,119,1561.94,610.61,107.80,219.68,0.38549,-1,-1,-1
598,117,997.93,936.42,63.55,141.26,0.62521,-1,-1,-1
599,79,1174.03,880.42,81.54,199.58,0.65892,-1,-1,-1
599,34,258.91,985.49,69.52,94.51,0.65955,-1,-1,-1
599,4,1716.11,453.82,75.07,213.18,0.70317,-1,-1,-1
599,107,1653.53,226.92,73.62,188.60,0.55143,-1,-1,-1
599,104,364.01,273.13,66.82,191.65,0.67173,-1,-1,-1
599,38,1080.99,867.22,76.08,212.78,0.62026,-1,-1,-1
599,8,320.99,916.02,86.23,162.85,0.72663,-1,-1,-1
599,119,1561.45,609.38,108.88,221.22,0.36460,-1,-1,-1
599,117,997.49,936.83,63.09,140.79,0.64658,-1,-1,-1
599,121,281.48,115.04,60.24,181.41,0.31179,-1,-1,-1
600,79,1177.42,883.91,80.16,196.09,0.65928,-1,-1,-1
600,34,259.58,986.50,70.15,93.50,0.64901,-1,-1,-1
600,4,1716.06,453.88,75.12,212.04,0.72022,-1,-1,-1
600,107,1651.85,226.62,72.58,186.10,0.54396,-1,-1,-1
600,104,364.28,274.73,66.83,192.04,0.67662,-1,-1,-1
600,38,1082.73,869.35,75.95,210.65,0.65339,-1,-1,-1
600,8,322.90,918.00,86.71,160.09,0.70428,-1,-1,-1
600,119,1561.87,608.06,109.22,221.27,0.35206,-1,-1,-1
600,117,997.62,938.24,62.32,139.47,0.64099,-1,-1,-1
600,122,429.55,74.26,54.03,160.68,0.37108,-1,-1,-1
601,79,1177.93,886.42,79.60,193.58,0.65602,-1,-1,-1
601,34,259.87,986.85,71.26,93.15,0.62656,-1,-1,-1
601,4,1716.05,453.94,75.88,212.90,0.70152,-1,-1,-1
601,107,1648.98,226.40,72.73,186.36,0.57732,-1,-1,-1
601,104,363.07,274.94,67.80,195.72,0.70209,-1,-1,-1
601,38,1085.11,871.91,76.03,208.09,0.60622,-1,-1,-1
601,8,323.03,919.73,87.49,158.36,0.72120,-1,-1,-1
601,119,1561.85,603.89,110.59,224.17,0.39364,-1,-1,-1
601,117,997.34,939.54,61.44,138.17,0.62136,-1,-1,-1
602,79,1178.31,888.54,79.36,191.46,0.65014,-1,-1,-1
602,34,260.30,988.58,71.38,91.42,0.61029,-1,-1,-1
602,4,1715.23,454.95,76.33,212.21,0.69518,-1,-1,-1
602,107,1648.10,226.88,71.89,184.11,0.59008,-1,-1,-1
602,104,363.18,274.84,67.68,196.60,0.68202,-1,-1,-1
602,38,1085.63,874.88,76.23,205.12,0.67272,-1,-1,-1
602,8,324.25,921.48,88.01,156.11,0.72226,-1,-1,-1
602,119,1563.21,600.56,111.77,225.92,0.59249,-1,-1,-1
602,117,996.11,940.31,61.07,137.52,0.65186,-1,-1,-1
603,79,1178.81,890.86,78.86,189.14,0.60555,-1,-1,-1
603,34,260.98,990.99,70.97,89.01,0.62362,-1,-1,-1
603,4,1714.28,455.19,77.53,213.66,0.71552,-1,-1,-1
603,107,1646.83,227.56,71.34,183.15,0.62241,-1,-1,-1
603,104,363.08,276.30,67.27,195.69,0.69582,-1,-1,-1
603,38,1086.49,877.75,76.38,202.25,0.66058,-1,-1,-1
603,8,324.78,924.23,88.41,153.80,0.73634,-1,-1,-1
603,119,1563.26,600.08,112.16,226.73,0.49014,-1,-1,-1
603,117,995.45,940.92,60.66,136.92,0.66322,-1,-1,-1
604,79,1179.91,893.17,78.07,186.83,0.53203,-1,-1,-1
604,34,261.55,992.81,71.00,87.19,0.62771,-1,-1,-1
604,4,1713.43,454.83,77.90,212.32,0.71356,-1,-1,-1
604,107,1646.86,227.47,70.47,182.24,0.60639,-1,-1,-1
604,104,363.48,276.85,67.18,196.28,0.68179,-1,-1,-1
604,38,1087.38,880.65,76.86,199.35,0.60161,-1,-1,-1
604,8,325.75,926.92,88.65,151.31,0.75456,-1,-1,-1
604,119,1563.24,599.09,112.66,227.82,0.43591,-1,-1,-1
604,117,995.87,942.17,60.18,136.03,0.64007,-1,-1,-1
605,79,1181.42,895.90,76.56,184.10,0.51697,-1,-1,-1
605,34,261.86,994.67,71.04,85.33,0.62789,-1,-1,-1
605,4,1713.43,454.34,78.83,213.23,0.70307,-1,-1,-1
605,107,1646.78,227.93,69.17,179.62,0.55560,-1,-1,-1
605,104,363.22,276.99,67.11,196.04,0.68538,-1,-1,-1
605,38,1090.32,883.08,77.18,196.92,0.55908,-1,-1,-1
605,8,326.63,929.76,88.45,148.69,0.74692,-1,-1,-1
605,119,1563.19,601.42,111.28,225.58,0.35502,-1,-1,-1
605,117,996.09,943.35,59.79,135.32,0.62210,-1,-1,-1
606,79,1181.75,898.17,75.70,181.83,0.51807,-1,-1,-1
606,34,261.75,997.34,70.43,82.66,0.61294,-1,-1,-1
606,4,1713.88,454.71,79.31,213.04,0.69967,-1,-1,-1
606,107,1646.09,228.04,68.41,178.13,0.54793,-1,-1,-1
606,104,362.97,277.44,66.95,195.49,0.69343,-1,-1,-1
606,38,1093.46,885.82,76.94,194.18,0.56298,-1,-1,-1
606,8,327.45,932.88,88.20,146.47,0.75419,-1,-1,-1
606,119,1561.97,605.48,110.30,223.52,0.50270,-1,-1,-1
606,117,995.71,944.55,59.46,134.77,0.59194,-1,-1,-1
607,79,1182.29,898.38,75.66,181.62,0.47261,-1,-1,-1
607,34,261.36,1000.06,69.63,79.94,0.61183,-1,-1,-1
607,4,1713.40,455.07,79.87,212.60,0.71085,-1,-1,-1
607,107,1645.31,227.40,67.98,177.69,0.54936,-1,-1,-1
607,104,363.29,278.18,66.59,194.50,0.69751,-1,-1,-1
607,38,1097.38,887.42,76.97,192.58,0.56389,-1,-1,-1
607,8,327.81,935.69,87.71,144.12,0.73468,-1,-1,-1
607,119,1562.94,608.79,108.97,220.81,0.45016,-1,-1,-1
607,117,995.36,945.33,59.19,134.22,0.59808,-1,-1,-1
607,122,430.53,72.16,57.51,172.46,0.40206,-1,-1,-1
608,79,1183.23,899.34,75.07,180.66,0.50072,-1,-1,-1
608,34,261.10,1002.26,69.37,77.74,0.61985,-1,-1,-1
608,4,1713.00,454.64,80.69,213.15,0.71045,-1,-1,-1
608,107,1643.77,226.36,68.35,180.11,0.53269,-1,-1,-1
608,104,362.61,278.13,66.38,193.74,0.67657,-1,-1,-1
608,38,1100.69,889.37,76.59,190.63,0.58312,-1,-1,-1
608,8,328.64,939.93,86.46,140.05,0.74471,-1,-1,-1
608,119,1562.94,610.28,108.22,219.16,0.45243,-1,-1,-1
608,117,995.24,945.76,59.18,134.13,0.59359,-1,-1,-1
608,122,431.27,71.71,57.56,174.25,0.36221,-1,-1,-1
608,115,811.11,140.68,49.46,176.29,0.31753,-1,-1,-1
609,79,1185.13,900.32,75.31,179.68,0.51914,-1,-1,-1
609,34,261.38,1005.07,68.39,74.76,0.61388,-1,-1,-1
609,4,1713.30,454.49,80.83,212.57,0.74377,-1,-1,-1
609,107,1641.21,223.81,69.86,185.04,0.54894,-1,-1,-1
609,104,362.42,277.71,66.43,193.97,0.68602,-1,-1,-1
609,38,1102.77,890.30,76.62,189.70,0.58774,-1,-1,-1
609,8,327.35,943.45,85.78,136.28,0.73293,-1,-1,-1
609,119,1562.11,608.53,109.16,221.42,0.45034,-1,-1,-1
609,117,994.70,946.57,59.08,133.43,0.61877,-1,-1,-1
609,122,432.00,70.74,57.58,176.01,0.37982,-1,-1,-1
610,79,1185.48,900.74,75.59,179.26,0.51045,-1,-1,-1
610,34,260.98,1008.20,66.64,71.19,0.55515,-1,-1,-1
610,4,1713.35,454.36,81.06,212.25,0.73846,-1,-1,-1
610,107,1639.74,221.96,69.21,183.78,0.53448,-1,-1,-1
610,104,361.90,278.33,66.39,193.80,0.69805,-1,-1,-1
610,38,1103.82,890.64,76.86,189.36,0.56983,-1,-1,-1
610,8,327.71,945.68,84.57,132.12,0.72731,-1,-1,-1
610,119,1563.43,600.98,111.47,226.27,0.39897,-1,-1,-1
610,117,993.61,946.56,59.31,133.44,0.62479,-1,-1,-1
610,122,432.84,72.10,56.75,174.72,0.36250,-1,-1,-1
610,123,594.90,552.95,80.60,228.52,0.50194,-1,-1,-1
611,79,1186.05,902.09,75.66,177.91,0.50870,-1,-1,-1
611,34,260.45,1011.50,64.57,67.65,0.50079,-1,-1,-1
611,4,1712.81,454.56,81.71,212.94,0.74156,-1,-1,-1
611,107,1638.50,219.18,69.04,184.06,0.54424,-1,-1,-1
611,104,361.49,279.95,66.30,193.03,0.70432,-1,-1,-1
611,38,1105.49,891.32,77.18,188.68,0.57752,-1,-1,-1
611,8,325.99,948.24,85.00,130.97,0.73067,-1,-1,-1
611,119,1564.33,596.58,112.68,229.00,0.53599,-1,-1,-1
611,117,992.63,946.39,59.63,133.61,0.63175,-1,-1,-1
611,122,434.20,74.47,55.71,172.47,0.33552,-1,-1,-1
611,123,591.12,549.48,82.30,232.75,0.56431,-1,-1,-1
612,79,1185.39,904.01,75.72,175.99,0.50847,-1,-1,-1
612,34,260.03,1014.58,63.51,65.05,0.47814,-1,-1,-1
612,4,1712.05,453.96,82.26,213.11,0.75455,-1,-1,-1
612,107,1636.87,216.55,69.34,185.42,0.55917,-1,-1,-1
612,104,360.66,282.25,66.25,192.30,0.67124,-1,-1,-1
612,38,1107.44,892.48,76.94,187.52,0.57539,-1,-1,-1
612,8,325.19,949.49,85.68,130.26,0.75910,-1,-1,-1
612,119,1565.29,600.19,110.99,225.83,0.48462,-1,-1,-1
612,117,991.96,946.30,59.93,133.70,0.60872,-1,-1,-1
612,123,587.61,548.22,83.43,234.69,0.62928,-1,-1,-1
612,115,807.43,131.32,53.87,187.27,0.31824,-1,-1,-1
613,79,1187.12,906.66,75.44,173.34,0.33783,-1,-1,-1
613,34,260.14,1017.22,62.56,62.63,0.39597,-1,-1,-1
613,4,1712.19,453.50,82.54,213.43,0.74839,-1,-1,-1
613,107,1635.27,213.78,70.01,187.98,0.57099,-1,-1,-1
613,104,360.01,285.28,66.45,192.96,0.67559,-1,-1,-1
613,38,1108.47,893.61,76.82,186.39,0.51318,-1,-1,-1
613,8,324.96,951.79,85.37,128.16,0.73044,-1,-1,-1
613,119,1563.95,604.60,109.74,223.52,0.52949,-1,-1,-1
613,117,991.15,947.04,59.96,132.96,0.62266,-1,-1,-1
613,123,586.69,547.89,84.29,235.45,0.65701,-1,-1,-1
613,115,807.24,134.65,54.33,184.46,0.37956,-1,-1,-1
614,79,1189.05,909.99,74.63,170.01,0.49128,-1,-1,-1
614,34,260.77,1020.09,61.25,59.87,0.37874,-1,-1,-1
614,4,1712.39,453.13,82.60,213.40,0.73994,-1,-1,-1
614,107,1634.14,212.15,69.24,185.96,0.57814,-1,-1,-1
614,104,358.68,285.84,67.45,196.09,0.67620,-1,-1,-1
614,38,1110.47,896.25,76.46,183.75,0.59183,-1,-1,-1
614,8,324.90,953.12,85.62,126.88,0.72871,-1,-1,-1
614,119,1563.22,607.74,108.88,221.70,0.48437,-1,-1,-1
614,117,989.83,946.51,60.58,133.49,0.64572,-1,-1,-1
614,123,584.70,548.20,85.26,236.09,0.64272,-1,-1,-1
614,115,808.19,137.32,54.21,181.55,0.38501,-1,-1,-1
615,79,1192.29,913.48,73.72,166.52,0.40777,-1,-1,-1
615,34,258.77,1023.68,59.00,56.32,0.35602,-1,-1,-1
615,4,1712.25,452.52,83.07,214.72,0.75233,-1,-1,-1
615,107,1632.48,210.40,69.01,185.12,0.58496,-1,-1,-1
615,104,357.42,286.67,67.88,197.41,0.67114,-1,-1,-1
615,38,1110.53,898.31,76.22,181.69,0.57921,-1,-1,-1
615,8,324.84,955.67,84.95,124.33,0.72341,-1,-1,-1
615,119,1562.49,607.16,109.29,222.52,0.49445,-1,-1,-1
615,117,988.74,946.24,60.99,133.76,0.64797,-1,-1,-1
615,123,583.39,548.09,85.92,235.87,0.62441,-1,-1,-1
615,115,808.14,140.76,54.16,178.97,0.39167,-1,-1,-1
616,79,1196.90,915.65,73.08,164.14,0.48235,-1,-1,-1
616,34,259.93,1023.93,59.66,56.07,0.37916,-1,-1,-1
616,4,1712.52,452.24,83.32,215.75,0.72848,-1,-1,-1
616,107,1631.42,209.69,68.77,183.92,0.54673,-1,-1,-1
616,104,356.59,287.23,68.07,197.47,0.67886,-1,-1,-1
616,38,1112.69,900.96,75.96,179.04,0.61076,-1,-1,-1
616,8,325.12,958.47,84.10,121.53,0.73106,-1,-1,-1
616,119,1561.91,606.12,109.95,223.69,0.52011,-1,-1,-1
616,117,987.07,946.98,60.99,133.02,0.67583,-1,-1,-1
616,123,582.36,547.26,85.59,233.31,0.55575,-1,-1,-1
616,115,807.87,142.74,54.40,177.46,0.38277,-1,-1,-1
617,79,1197.58,918.16,72.73,161.77,0.38752,-1,-1,-1
617,34,258.82,1025.99,58.43,54.01,0.35701,-1,-1,-1
617,4,1712.91,452.59,82.98,214.99,0.70136,-1,-1,-1
617,107,1630.15,208.92,69.49,185.31,0.53260,-1,-1,-1
617,104,355.52,289.89,67.72,196.38,0.65774,-1,-1,-1
617,38,1113.08,902.94,75.70,177.06,0.60967,-1,-1,-1
617,8,325.91,960.69,83.70,119.31,0.72028,-1,-1,-1
617,119,1561.07,602.68,111.57,226.88,0.56971,-1,-1,-1
617,117,984.87,946.12,61.77,133.88,0.69212,-1,-1,-1
617,123,575.58,545.48,84.56,232.64,0.48204,-1,-1,-1
617,115,808.02,144.18,54.69,176.72,0.36730,-1,-1,-1
618,79,1197.45,920.34,72.60,159.64,0.43183,-1,-1,-1
618,34,258.21,1027.32,57.68,52.68,0.33116,-1,-1,-1
618,4,1713.65,453.21,82.02,212.88,0.68802,-1,-1,-1
618,107,1628.81,208.59,69.99,185.73,0.48467,-1,-1,-1
618,104,354.62,291.54,67.60,195.98,0.66544,-1,-1,-1
618,38,1114.11,906.46,74.62,173.54,0.63490,-1,-1,-1
618,8,326.21,963.24,83.21,116.76,0.70081,-1,-1,-1
618,119,1561.53,603.15,111.06,226.11,0.44463,-1,-1,-1
618,117,983.07,945.40,62.43,134.60,0.69724,-1,-1,-1
618,123,569.99,542.15,84.29,234.54,0.57733,-1,-1,-1
618,115,809.17,144.77,54.66,174.99,0.36634,-1,-1,-1
619,79,1198.51,922.09,72.79,157.62,0.53123,-1,-1,-1
619,34,257.19,1028.56,56.60,51.44,0.31973,-1,-1,-1
619,4,1713.90,452.80,82.03,213.54,0.69176,-1,-1,-1
619,107,1626.69,207.99,71.58,188.79,0.44626,-1,-1,-1
619,104,353.31,294.09,67.50,195.70,0.61094,-1,-1,-1
619,38,1115.21,910.34,73.60,169.66,0.66390,-1,-1,-1
619,8,326.83,965.85,82.74,114.15,0.69823,-1,-1,-1
619,119,1561.54,607.63,109.35,222.17,0.37599,-1,-1,-1
619,117,980.16,944.20,63.24,135.80,0.70384,-1,-1,-1
619,123,566.19,540.90,83.96,236.62,0.61554,-1,-1,-1
619,115,808.81,145.97,54.48,173.32,0.36277,-1,-1,-1
620,79,1198.18,922.80,73.75,157.02,0.56579,-1,-1,-1
620,34,256.95,1028.54,55.83,51.02,0.30458,-1,-1,-1
620,4,1714.37,453.09,81.51,212.60,0.69303,-1,-1,-1
620,107,1625.67,208.14,71.92,187.95,0.41566,-1,-1,-1
620,104,352.61,294.78,67.69,196.91,0.56726,-1,-1,-1
620,38,1115.85,913.67,72.66,166.33,0.65999,-1,-1,-1
620,8,328.13,968.63,81.98,110.96,0.69815,-1,-1,-1
620,119,1562.12,606.50,109.70,223.41,0.40667,-1,-1,-1
620,117,977.37,943.70,63.75,136.30,0.69425,-1,-1,-1
620,123,565.01,539.49,83.41,237.49,0.64430,-1,-1,-1
620,115,809.21,145.88,54.87,172.55,0.32540,-1,-1,-1
621,79,1198.23,924.12,74.21,155.38,0.47254,-1,-1,-1
621,34,258.02,1030.20,54.11,49.52,0.30996,-1,-1,-1
621,4,1714.44,452.38,81.47,213.06,0.70869,-1,-1,-1
621,107,1624.71,208.99,71.54,185.07,0.44978,-1,-1,-1
621,104,351.53,294.53,67.84,197.62,0.63390,-1,-1,-1
621,38,1115.62,915.99,71.99,164.00,0.67816,-1,-1,-1
621,8,328.38,971.53,81.88,108.33,0.64852,-1,-1,-1
621,119,1562.43,607.51,108.99,221.96,0.43611,-1,-1,-1
621,117,974.93,943.26,64.15,136.74,0.66592,-1,-1,-1
621,123,562.84,538.25,82.41,237.92,0.65703,-1,-1,-1
621,115,809.08,145.18,55.54,173.12,0.33790,-1,-1,-1
622,79,1198.77,925.05,74.57,153.97,0.35972,-1,-1,-1
622,34,261.06,1035.72,48.99,44.19,0.32515,-1,-1,-1
622,4,1715.15,452.23,80.95,212.61,0.69804,-1,-1,-1
622,107,1624.46,209.47,71.55,183.26,0.47992,-1,-1,-1
622,104,350.68,294.71,67.77,197.67,0.58053,-1,-1,-1
622,38,1115.56,917.70,71.35,162.08,0.67920,-1,-1,-1
622,8,329.19,974.83,81.10,104.95,0.63350,-1,-1,-1
622,119,1563.02,609.83,107.80,219.27,0.38780,-1,-1,-1
622,117,972.04,943.02,64.28,136.98,0.66626,-1,-1,-1
622,123,558.26,537.20,80.91,238.43,0.70194,-1,-1,-1
622,115,808.66,144.60,56.32,174.38,0.34404,-1,-1,-1
623,79,1200.42,926.21,75.28,152.40,0.39000,-1,-1,-1
623,34,262.77,1039.69,45.00,40.07,0.31119,-1,-1,-1
623,4,1715.92,452.35,80.58,212.62,0.69393,-1,-1,-1
623,107,1623.88,209.84,71.61,182.10,0.47249,-1,-1,-1
623,104,348.37,294.09,67.79,197.76,0.58824,-1,-1,-1
623,38,1116.89,919.04,71.16,160.45,0.65475,-1,-1,-1
623,8,329.80,978.68,79.95,101.26,0.68432,-1,-1,-1
623,119,1562.87,612.12,107.05,217.28,0.31584,-1,-1,-1
623,117,969.64,943.44,64.09,136.56,0.67634,-1,-1,-1
623,123,553.64,537.46,80.23,241.72,0.67692,-1,-1,-1
623,115,807.86,145.82,56.30,173.75,0.32458,-1,-1,-1
624,79,1201.64,927.56,75.75,150.55,0.44139,-1,-1,-1
624,4,1716.32,452.11,80.36,212.97,0.68968,-1,-1,-1
624,107,1623.77,208.68,72.06,182.26,0.45577,-1,-1,-1
624,104,346.72,294.44,67.73,196.98,0.57899,-1,-1,-1
624,38,1117.23,920.41,71.23,159.40,0.67410,-1,-1,-1
624,8,330.71,981.89,79.03,98.10,0.69817,-1,-1,-1
624,119,1562.55,610.64,107.97,218.81,0.44328,-1,-1,-1
624,117,965.61,942.57,64.60,137.43,0.67530,-1,-1,-1
624,123,551.22,537.10,78.90,242.41,0.69246,-1,-1,-1
624,115,807.72,144.58,56.97,175.04,0.36486,-1,-1,-1
625,79,1202.71,930.83,75.33,147.18,0.53987,-1,-1,-1
625,4,1716.73,452.17,80.49,214.12,0.69187,-1,-1,-1
625,107,1623.10,207.93,72.90,184.26,0.42539,-1,-1,-1
625,104,345.89,294.36,67.71,196.77,0.56206,-1,-1,-1
625,38,1118.05,922.12,71.08,157.82,0.66863,-1,-1,-1
625,8,331.10,984.85,78.24,95.15,0.69748,-1,-1,-1
625,119,1562.15,608.58,108.93,220.91,0.37577,-1,-1,-1
625,117,962.19,939.88,65.72,140.12,0.67965,-1,-1,-1
625,123,547.70,537.28,77.61,242.41,0.70659,-1,-1,-1
625,115,807.82,143.86,57.23,175.37,0.38638,-1,-1,-1
626,79,1202.54,932.29,76.03,146.08,0.46886,-1,-1,-1
626,4,1717.14,451.95,80.16,213.99,0.68442,-1,-1,-1
626,107,1623.69,206.05,72.15,181.90,0.43872,-1,-1,-1
626,104,344.32,294.69,67.80,196.71,0.61918,-1,-1,-1
626,38,1118.32,922.20,71.78,157.79,0.65468,-1,-1,-1
626,8,331.67,987.85,77.52,92.15,0.68356,-1,-1,-1
626,119,1561.75,606.69,109.72,222.88,0.46723,-1,-1,-1
626,117,958.73,938.63,66.25,141.37,0.67108,-1,-1,-1
626,123,543.15,537.93,76.57,241.25,0.69841,-1,-1,-1
626,115,807.10,143.05,57.85,176.53,0.38949,-1,-1,-1
627,79,1201.55,933.76,77.00,144.72,0.60743,-1,-1,-1
627,4,1717.49,452.80,79.82,213.58,0.68348,-1,-1,-1
627,107,1624.58,205.79,71.86,181.93,0.43358,-1,-1,-1
627,104,343.67,295.45,67.72,196.01,0.62469,-1,-1,-1
627,38,1118.81,923.35,71.87,156.65,0.68826,-1,-1,-1
627,8,333.11,990.85,76.79,89.15,0.65872,-1,-1,-1
627,119,1561.06,605.19,110.14,224.27,0.35643,-1,-1,-1
627,117,956.83,937.55,66.42,142.45,0.68458,-1,-1,-1
627,123,534.02,538.64,78.21,241.80,0.65511,-1,-1,-1
627,115,807.05,142.66,57.90,176.22,0.37690,-1,-1,-1
628,79,1202.02,934.89,77.97,144.08,0.57832,-1,-1,-1
628,4,1717.41,451.90,79.93,214.62,0.66223,-1,-1,-1
628,107,1624.05,202.34,73.30,186.93,0.39212,-1,-1,-1
628,104,343.05,295.64,67.81,195.92,0.64838,-1,-1,-1
628,38,1119.21,924.39,72.31,155.61,0.66733,-1,-1,-1
628,8,333.46,992.38,77.24,87.62,0.63055,-1,-1,-1
628,119,1561.57,604.08,110.15,225.15,0.36660,-1,-1,-1
628,117,954.21,936.30,66.49,143.70,0.68268,-1,-1,-1
628,123,525.08,538.54,80.68,241.37,0.72110,-1,-1,-1
628,115,807.41,142.66,57.79,175.41,0.37404,-1,-1,-1
629,79,1202.28,936.34,79.25,143.21,0.63065,-1,-1,-1
629,4,1717.35,451.63,79.93,215.51,0.69151,-1,-1,-1
629,107,1624.45,202.26,73.10,187.13,0.43880,-1,-1,-1
629,104,342.77,296.45,67.74,195.56,0.65998,-1,-1,-1
629,38,1119.52,924.93,73.03,155.07,0.70760,-1,-1,-1
629,8,333.55,994.83,77.01,85.17,0.67067,-1,-1,-1
629,119,1561.74,601.68,110.84,227.64,0.49087,-1,-1,-1
629,117,951.75,934.96,66.58,145.04,0.67960,-1,-1,-1
629,123,518.63,538.04,83.55,240.65,0.73989,-1,-1,-1
629,115,806.87,142.70,57.88,175.71,0.37125,-1,-1,-1
630,79,1203.30,939.79,79.05,139.54,0.57859,-1,-1,-1
630,4,1717.25,450.93,79.92,215.64,0.69088,-1,-1,-1
630,107,1624.51,201.06,72.58,186.70,0.51355,-1,-1,-1
630,104,341.57,296.78,68.29,196.91,0.66803,-1,-1,-1
630,38,1120.20,926.28,73.57,153.72,0.70389,-1,-1,-1
630,8,333.93,997.73,76.51,82.27,0.68477,-1,-1,-1
630,119,1562.50,603.75,109.34,225.10,0.40760,-1,-1,-1
630,117,949.53,933.59,66.47,146.41,0.68495,-1,-1,-1
630,123,513.83,537.80,86.16,239.31,0.76984,-1,-1,-1
630,115,807.60,143.05,57.41,174.90,0.41587,-1,-1,-1
630,124,1445.47,1005.57,72.96,74.01,0.36559,-1,-1,-1
631,79,1204.36,942.54,78.40,135.74,0.54397,-1,-1,-1
631,4,1716.84,450.91,80.13,216.62,0.68270,-1,-1,-1
631,107,1625.29,199.73,71.31,184.04,0.53430,-1,-1,-1
631,104,340.49,297.77,69.29,199.83,0.67745,-1,-1,-1
631,38,1121.29,927.75,74.24,152.25,0.68914,-1,-1,-1
631,8,333.85,998.96,77.32,81.04,0.66603,-1,-1,-1
631,119,1562.44,603.38,109.12,224.95,0.45543,-1,-1,-1
631,117,947.29,932.19,66.27,147.56,0.68803,-1,-1,-1
631,123,511.62,538.97,88.36,237.38,0.75835,-1,-1,-1
631,115,807.93,142.75,56.95,173.68,0.37888,-1,-1,-1
631,124,1441.38,1002.07,75.64,76.72,0.36415,-1,-1,-1
632,79,1204.50,944.46,78.10,133.01,0.50468,-1,-1,-1
632,4,1717.03,451.35,80.07,216.35,0.70681,-1,-1,-1
632,107,1625.84,197.07,70.35,182.16,0.55594,-1,-1,-1
632,104,339.25,298.16,70.25,202.97,0.69221,-1,-1,-1
632,38,1123.48,930.31,74.91,149.37,0.70125,-1,-1,-1
632,8,333.86,1001.32,77.25,78.68,0.64818,-1,-1,-1
632,119,1562.97,606.35,107.72,222.16,0.38472,-1,-1,-1
632,117,945.29,930.78,66.27,149.13,0.70705,-1,-1,-1
632,123,508.07,539.75,91.52,237.29,0.77625,-1,-1,-1
632,115,807.35,143.69,56.93,173.28,0.41950,-1,-1,-1
632,124,1435.39,995.63,81.64,83.01,0.35520,-1,-1,-1
632,125,1509.93,979.34,99.77,97.93,0.38070,-1,-1,-1
633,79,1206.19,947.79,76.56,128.81,0.33262,-1,-1,-1
633,4,1717.36,451.14,79.97,216.15,0.71362,-1,-1,-1
633,107,1625.81,194.67,69.91,182.25,0.57024,-1,-1,-1
633,104,338.55,299.02,70.48,204.30,0.68287,-1,-1,-1
633,38,1125.61,933.51,75.52,145.78,0.68159,-1,-1,-1
633,8,334.07,1002.24,77.84,77.41,0.63042,-1,-1,-1
633,119,1564.08,603.55,108.36,223.74,0.45802,-1,-1,-1
633,117,943.62,929.65,66.10,150.32,0.66441,-1,-1,-1
633,123,505.26,539.98,94.10,236.99,0.78585,-1,-1,-1
633,115,806.56,144.42,57.16,173.41,0.37699,-1,-1,-1
633,124,1430.13,989.46,88.02,90.05,0.30835,-1,-1,-1
633,125,1505.03,976.09,103.56,101.80,0.45652,-1,-1,-1
634,79,1207.35,950.88,75.39,125.95,0.31702,-1,-1,-1
634,4,1717.20,450.37,79.99,215.98,0.72543,-1,-1,-1
634,107,1625.79,192.69,69.66,182.83,0.56865,-1,-1,-1
634,104,338.07,299.92,70.56,205.17,0.70797,-1,-1,-1
634,38,1126.18,937.48,76.00,141.71,0.70354,-1,-1,-1
634,8,334.50,1004.44,77.23,74.76,0.63332,-1,-1,-1
634,119,1562.45,601.66,109.65,226.88,0.46540,-1,-1,-1
634,117,942.09,928.60,65.80,151.31,0.68449,-1,-1,-1
634,123,503.89,540.01,96.57,236.87,0.77485,-1,-1,-1
634,115,806.93,144.92,57.14,173.29,0.39451,-1,-1,-1
634,125,1498.38,972.14,108.12,106.59,0.37931,-1,-1,-1
635,79,1206.74,954.31,74.58,123.31,0.32782,-1,-1,-1
635,4,1717.06,450.51,79.88,215.42,0.73842,-1,-1,-1
635,107,1625.05,191.86,69.21,182.65,0.56629,-1,-1,-1
635,104,337.77,301.98,70.29,205.38,0.70404,-1,-1,-1
635,38,1126.03,940.11,77.39,139.45,0.69766,-1,-1,-1
635,8,335.04,1007.25,76.18,71.71,0.63472,-1,-1,-1
635,119,1562.24,603.66,108.87,225.56,0.37843,-1,-1,-1
635,117,939.49,928.25,65.65,151.72,0.67570,-1,-1,-1
635,123,502.23,538.81,99.37,238.31,0.77067,-1,-1,-1
635,115,806.93,144.99,57.21,173.22,0.41947,-1,-1,-1
635,125,1493.13,968.22,111.77,110.82,0.47353,-1,-1,-1
636,79,1205.49,956.80,74.29,121.55,0.43217,-1,-1,-1
636,4,1716.92,450.84,80.10,215.62,0.72933,-1,-1,-1
636,107,1624.29,190.58,69.04,183.30,0.54923,-1,-1,-1
636,104,337.66,305.16,69.92,204.70,0.71163,-1,-1,-1
636,38,1125.80,943.02,78.51,136.83,0.68982,-1,-1,-1
636,8,335.63,1010.37,74.94,68.79,0.63119,-1,-1,-1
636,119,1562.24,604.86,108.46,224.62,0.36935,-1,-1,-1
636,117,937.97,928.43,64.91,151.23,0.65545,-1,-1,-1
636,123,501.03,538.78,100.65,237.84,0.76606,-1,-1,-1
636,115,806.88,145.46,57.35,173.77,0.39707,-1,-1,-1
636,125,1488.06,963.86,116.07,115.99,0.50604,-1,-1,-1
636,124,1418.14,979.42,96.54,100.01,0.43494,-1,-1,-1
637,79,1205.03,957.73,74.18,120.57,0.45137,-1,-1,-1
637,4,1716.82,450.67,80.42,216.31,0.73891,-1,-1,-1
637,107,1623.37,189.51,68.93,184.21,0.59602,-1,-1,-1
637,104,338.00,307.26,69.62,204.30,0.70404,-1,-1,-1
637,38,1126.51,946.48,79.42,133.47,0.68746,-1,-1,-1
637,8,336.56,1014.06,73.36,65.65,0.60508,-1,-1,-1
637,117,936.18,928.56,64.29,150.38,0.65024,-1,-1,-1
637,123,501.03,538.76,101.47,236.99,0.73635,-1,-1,-1
637,115,806.75,145.26,57.68,174.84,0.41489,-1,-1,-1
637,125,1483.54,959.25,118.61,119.91,0.56101,-1,-1,-1
637,124,1416.24,978.19,96.29,101.16,0.32443,-1,-1,-1
638,79,1203.48,959.92,73.52,119.15,0.38771,-1,-1,-1
638,4,1716.80,450.89,80.16,215.69,0.72187,-1,-1,-1
638,107,1623.03,190.19,68.02,182.98,0.59122,-1,-1,-1
638,104,337.81,308.69,69.82,205.44,0.70750,-1,-1,-1
638,38,1127.68,949.39,80.68,130.61,0.63735,-1,-1,-1
638,8,337.84,1018.95,70.09,60.97,0.57222,-1,-1,-1
638,117,934.84,928.76,63.93,150.42,0.65240,-1,-1,-1
638,123,498.25,539.13,101.32,236.48,0.72983,-1,-1,-1
638,115,806.81,145.18,57.70,174.79,0.41188,-1,-1,-1
638,125,1481.78,956.21,119.58,122.51,0.56130,-1,-1,-1
638,124,1413.02,977.69,95.27,101.66,0.52823,-1,-1,-1
638,126,207.41,255.24,62.34,172.61,0.34814,-1,-1,-1
639,79,1202.10,961.65,72.94,118.08,0.33433,-1,-1,-1
639,4,1716.83,451.56,80.19,215.94,0.74822,-1,-1,-1
639,107,1622.77,190.48,67.36,182.39,0.61170,-1,-1,-1
639,104,337.64,309.83,69.75,205.88,0.72321,-1,-1,-1
639,38,1130.30,951.57,82.70,128.43,0.52821,-1,-1,-1
639,8,339.15,1023.72,66.45,56.27,0.52884,-1,-1,-1
639,117,932.60,928.38,63.86,151.10,0.64425,-1,-1,-1
639,123,496.57,539.72,100.41,235.85,0.71047,-1,-1,-1
639,115,806.33,144.14,58.17,176.22,0.40224,-1,-1,-1
639,125,1479.06,952.44,121.58,126.40,0.48968,-1,-1,-1
639,124,1410.09,977.85,93.84,101.54,0.57205,-1,-1,-1
639,126,207.89,251.23,63.01,174.52,0.33777,-1,-1,-1
640,79,1200.34,963.10,72.54,116.87,0.34377,-1,-1,-1
640,4,1716.71,451.85,80.01,215.27,0.73898,-1,-1,-1
640,107,1622.70,190.79,66.67,182.12,0.60546,-1,-1,-1
640,104,337.72,310.47,69.87,206.58,0.71813,-1,-1,-1
640,38,1129.62,954.08,83.54,125.92,0.52770,-1,-1,-1
640,8,339.09,1027.72,62.71,52.28,0.42356,-1,-1,-1
640,117,930.58,928.11,63.89,151.70,0.62647,-1,-1,-1
640,123,494.26,539.77,99.15,236.06,0.71652,-1,-1,-1
640,115,806.52,144.51,58.14,176.08,0.41289,-1,-1,-1
640,125,1477.29,950.11,122.05,128.89,0.48887,-1,-1,-1
640,124,1407.04,976.96,93.40,102.49,0.56164,-1,-1,-1
640,126,207.72,248.13,63.90,177.22,0.38073,-1,-1,-1
640,119,1564.82,606.68,106.75,220.75,0.30867,-1,-1,-1
641,79,1198.90,962.96,72.79,116.74,0.44523,-1,-1,-1
641,4,1716.81,452.11,79.85,214.44,0.73812,-1,-1,-1
641,107,1622.33,189.28,66.19,182.19,0.56201,-1,-1,-1
641,104,337.59,311.41,69.42,205.37,0.71363,-1,-1,-1
641,38,1127.59,956.30,83.46,123.70,0.60801,-1,-1,-1
641,117,929.06,927.77,63.86,152.08,0.61512,-1,-1,-1
641,123,492.05,539.52,97.49,236.15,0.71260,-1,-1,-1
641,115,806.49,144.08,58.29,176.38,0.40993,-1,-1,-1
641,125,1474.28,948.02,122.03,130.69,0.54585,-1,-1,-1
641,124,1404.36,975.15,93.63,104.36,0.57832,-1,-1,-1
641,126,208.94,248.64,63.38,175.98,0.38654,-1,-1,-1
641,119,1564.92,604.70,107.66,222.56,0.32094,-1,-1,-1
642,79,1197.17,964.34,72.80,115.61,0.52867,-1,-1,-1
642,4,1716.58,452.50,79.89,214.42,0.72985,-1,-1,-1
642,107,1622.45,189.83,64.92,180.38,0.56095,-1,-1,-1
642,104,337.80,311.66,69.28,204.97,0.71644,-1,-1,-1
642,38,1126.15,957.86,82.86,122.14,0.62933,-1,-1,-1
642,117,926.44,927.56,63.86,152.39,0.61561,-1,-1,-1
642,123,487.42,539.03,95.90,237.35,0.73256,-1,-1,-1
642,115,806.46,144.78,58.17,175.60,0.40894,-1,-1,-1
642,125,1471.84,945.92,121.78,132.77,0.53880,-1,-1,-1
642,124,1401.51,972.73,94.11,106.83,0.60420,-1,-1,-1
642,126,208.58,243.21,64.79,180.87,0.34427,-1,-1,-1
642,8,339.42,1034.00,54.19,46.00,0.32401,-1,-1,-1
643,79,1196.93,966.34,72.07,113.42,0.38139,-1,-1,-1
643,4,1716.26,453.64,79.70,213.47,0.72476,-1,-1,-1
643,107,1621.40,189.61,64.94,182.31,0.56247,-1,-1,-1
643,104,337.97,312.54,68.97,203.89,0.69328,-1,-1,-1
643,38,1125.49,959.01,82.21,120.99,0.59331,-1,-1,-1
643,117,924.75,927.38,63.50,151.90,0.63435,-1,-1,-1
643,123,481.68,539.02,93.14,236.54,0.70552,-1,-1,-1
643,115,806.41,145.32,58.14,175.18,0.42642,-1,-1,-1
643,125,1469.21,943.98,120.84,134.25,0.62037,-1,-1,-1
643,124,1398.70,970.10,94.89,109.50,0.61719,-1,-1,-1
644,79,1198.14,966.82,72.04,113.14,0.36957,-1,-1,-1
644,4,1715.99,452.84,79.97,213.83,0.72032,-1,-1,-1
644,107,1621.08,188.80,63.71,180.59,0.61211,-1,-1,-1
644,104,337.83,313.38,68.77,202.69,0.71021,-1,-1,-1
644,38,1125.30,960.18,81.85,119.82,0.59414,-1,-1,-1
644,117,922.80,927.92,63.17,151.52,0.67936,-1,-1,-1
644,123,474.53,539.25,90.83,237.26,0.75165,-1,-1,-1
644,115,806.21,145.61,58.36,175.72,0.42950,-1,-1,-1
644,125,1467.23,943.19,119.44,135.13,0.58150,-1,-1,-1
644,124,1395.13,966.66,96.29,112.99,0.60787,-1,-1,-1
645,4,1716.21,452.88,80.07,213.85,0.72309,-1,-1,-1
645,107,1620.69,188.16,62.67,179.23,0.62175,-1,-1,-1
645,104,338.05,314.68,68.34,200.74,0.69257,-1,-1,-1
645,38,1126.02,961.13,82.17,118.87,0.49096,-1,-1,-1
645,117,921.16,928.44,62.86,150.85,0.69058,-1,-1,-1
645,123,468.15,539.71,89.15,238.13,0.76775,-1,-1,-1
645,115,806.12,145.63,58.37,175.54,0.47127,-1,-1,-1
645,125,1464.10,942.67,118.30,136.03,0.52696,-1,-1,-1
645,124,1391.67,963.72,97.04,115.97,0.60315,-1,-1,-1
646,4,1716.21,453.80,80.09,213.35,0.73308,-1,-1,-1
646,107,1620.46,186.55,62.03,178.52,0.64089,-1,-1,-1
646,104,337.85,316.91,67.93,198.68,0.70108,-1,-1,-1
646,38,1124.67,962.51,80.98,117.49,0.57781,-1,-1,-1
646,117,919.28,928.33,62.85,150.82,0.67652,-1,-1,-1
646,123,463.45,539.02,88.18,239.06,0.77304,-1,-1,-1
646,115,806.46,145.76,58.11,174.69,0.47372,-1,-1,-1
646,125,1460.02,941.36,117.76,137.51,0.45512,-1,-1,-1
646,124,1387.16,959.86,98.72,119.86,0.67059,-1,-1,-1
646,119,1562.07,605.40,108.40,224.43,0.37798,-1,-1,-1
646,79,1198.02,969.44,71.07,110.56,0.44010,-1,-1,-1
647,4,1716.23,453.32,80.46,213.89,0.73036,-1,-1,-1
647,107,1620.09,184.45,62.36,180.62,0.64741,-1,-1,-1
647,104,337.13,319.60,67.67,197.29,0.71187,-1,-1,-1
647,38,1123.82,963.73,79.55,116.27,0.51501,-1,-1,-1
647,117,916.07,928.49,62.96,150.24,0.67161,-1,-1,-1
647,123,460.62,538.52,87.18,239.45,0.76205,-1,-1,-1
647,115,806.62,145.78,57.94,174.11,0.43365,-1,-1,-1
647,125,1456.61,939.57,117.61,140.07,0.57803,-1,-1,-1
647,124,1383.00,955.70,100.68,123.81,0.70593,-1,-1,-1
647,119,1562.87,610.68,106.52,219.72,0.38513,-1,-1,-1
647,79,1199.14,971.65,70.12,108.35,0.37195,-1,-1,-1
648,4,1716.55,453.16,80.22,213.06,0.72995,-1,-1,-1
648,107,1619.83,182.75,61.24,177.68,0.65647,-1,-1,-1
648,104,336.51,320.51,67.88,197.79,0.71914,-1,-1,-1
648,38,1124.48,965.70,78.10,114.30,0.55259,-1,-1,-1
648,117,913.66,929.10,63.30,149.52,0.68947,-1,-1,-1
648,123,457.70,537.98,86.47,239.62,0.75007,-1,-1,-1
648,115,806.58,145.73,57.87,173.87,0.44824,-1,-1,-1
648,125,1454.55,937.51,116.43,141.56,0.63005,-1,-1,-1
648,124,1380.02,952.28,101.84,126.90,0.70367,-1,-1,-1
648,119,1562.65,608.08,107.39,221.88,0.36466,-1,-1,-1
648,79,1200.05,975.08,68.44,104.92,0.45273,-1,-1,-1
649,4,1717.43,453.56,80.52,213.22,0.73009,-1,-1,-1
649,107,1618.97,181.43,61.35,178.15,0.65991,-1,-1,-1
649,104,335.24,321.41,68.43,199.56,0.72398,-1,-1,-1
649,38,1125.73,967.96,76.96,112.04,0.52889,-1,-1,-1
649,117,910.30,929.45,63.88,149.18,0.70461,-1,-1,-1
649,123,455.85,538.48,85.43,238.32,0.76661,-1,-1,-1
649,115,806.60,145.45,57.96,174.01,0.46785,-1,-1,-1
649,125,1451.03,933.78,116.55,144.32,0.62752,-1,-1,-1
649,124,1376.96,950.48,101.57,128.16,0.69511,-1,-1,-1
649,79,1199.39,977.45,67.64,102.55,0.45285,-1,-1,-1
650,4,1717.37,453.44,80.35,212.92,0.73601,-1,-1,-1
650,107,1618.40,180.10,61.67,178.95,0.62425,-1,-1,-1
650,104,333.97,322.52,69.29,202.98,0.71175,-1,-1,-1
650,38,1125.67,970.78,74.69,108.85,0.48469,-1,-1,-1
650,117,907.79,931.02,63.95,147.55,0.71930,-1,-1,-1
650,123,453.23,537.34,85.29,238.81,0.77791,-1,-1,-1
650,115,806.22,144.62,58.43,175.57,0.46356,-1,-1,-1
650,125,1446.04,929.95,117.49,148.14,0.64918,-1,-1,-1
650,124,1372.10,947.62,102.11,130.76,0.70158,-1,-1,-1
650,79,1198.67,981.10,66.37,98.90,0.41086,-1,-1,-1
650,119,1563.44,606.10,108.04,222.56,0.32687,-1,-1,-1
651,4,1717.49,453.70,80.22,212.54,0.72638,-1,-1,-1
651,107,1617.92,177.92,61.71,178.31,0.62136,-1,-1,-1
651,104,332.96,323.29,69.60,204.64,0.72210,-1,-1,-1
651,38,1126.82,972.68,74.09,107.19,0.52212,-1,-1,-1
651,117,905.47,931.23,64.68,147.65,0.72659,-1,-1,-1
651,123,451.94,537.16,84.98,238.67,0.78048,-1,-1,-1
651,115,805.72,143.80,58.89,176.84,0.45046,-1,-1,-1
651,125,1443.81,927.26,117.85,151.75,0.66401,-1,-1,-1
651,124,1366.47,945.72,102.44,132.78,0.69563,-1,-1,-1
651,79,1197.96,983.01,66.11,96.99,0.43073,-1,-1,-1
651,119,1562.65,603.63,109.42,224.67,0.31770,-1,-1,-1
652,4,1717.15,453.78,80.06,212.42,0.71743,-1,-1,-1
652,107,1617.35,175.39,62.01,178.57,0.65102,-1,-1,-1
652,104,332.16,325.22,69.50,205.26,0.70932,-1,-1,-1
652,38,1124.73,975.56,71.62,104.39,0.48787,-1,-1,-1
652,117,903.19,931.00,65.11,147.25,0.69987,-1,-1,-1
652,123,450.88,536.74,84.86,238.63,0.77281,-1,-1,-1
652,115,806.71,144.00,58.56,176.14,0.47569,-1,-1,-1
652,125,1441.80,923.91,117.55,154.81,0.61303,-1,-1,-1
652,124,1362.78,943.71,102.88,134.83,0.66656,-1,-1,-1
652,79,1194.87,986.79,65.30,93.21,0.45943,-1,-1,-1
652,119,1560.80,602.23,110.28,226.95,0.33025,-1,-1,-1
653,4,1717.63,453.23,80.13,212.95,0.73177,-1,-1,-1
653,107,1617.46,174.61,61.64,176.21,0.68206,-1,-1,-1
653,104,331.77,326.95,69.18,205.52,0.72438,-1,-1,-1
653,38,1125.68,979.53,69.26,100.27,0.56005,-1,-1,-1
653,117,900.86,931.54,65.05,146.25,0.69721,-1,-1,-1
653,123,450.09,536.55,84.87,238.35,0.77840,-1,-1,-1
653,115,806.44,144.79,58.33,175.42,0.52081,-1,-1,-1
653,125,1437.62,918.49,119.15,160.68,0.64868,-1,-1,-1
653,124,1359.64,941.68,103.08,136.54,0.70576,-1,-1,-1
653,79,1196.01,988.99,64.57,90.48,0.57113,-1,-1,-1
653,119,1560.74,599.05,111.39,229.31,0.39828,-1,-1,-1
654,4,1718.18,452.87,79.97,212.84,0.73177,-1,-1,-1
654,107,1617.02,173.67,62.34,176.88,0.64235,-1,-1,-1
654,104,331.48,328.61,68.82,206.13,0.71048,-1,-1,-1
654,38,1124.98,982.78,67.04,96.73,0.51603,-1,-1,-1
654,117,898.89,932.23,64.71,145.50,0.68829,-1,-1,-1
654,123,450.74,536.30,84.87,238.52,0.78145,-1,-1,-1
654,115,806.68,144.63,58.12,174.69,0.50286,-1,-1,-1
654,125,1435.18,914.98,119.06,164.43,0.63145,-1,-1,-1
654,124,1356.09,939.96,102.56,137.27,0.69251,-1,-1,-1
654,79,1199.04,991.36,63.16,87.26,0.54729,-1,-1,-1
654,119,1560.80,598.18,111.54,229.68,0.44151,-1,-1,-1
655,4,1718.02,452.65,80.02,213.23,0.72759,-1,-1,-1
655,107,1616.24,169.43,64.10,180.82,0.59269,-1,-1,-1
655,104,331.07,330.29,68.09,205.29,0.69493,-1,-1,-1
655,38,1127.36,985.90,66.11,93.50,0.58344,-1,-1,-1
655,117,895.95,932.27,64.73,145.29,0.68592,-1,-1,-1
655,123,450.82,536.16,84.66,238.61,0.78394,-1,-1,-1
655,115,806.48,144.94,58.13,174.65,0.48589,-1,-1,-1
655,125,1432.91,914.23,117.33,165.59,0.64611,-1,-1,-1
655,124,1353.81,938.21,102.72,139.05,0.67359,-1,-1,-1
655,79,1202.53,993.66,61.97,84.56,0.57866,-1,-1,-1
655,119,1561.67,598.54,111.46,229.83,0.41350,-1,-1,-1
656,4,1717.99,452.26,80.08,213.89,0.74109,-1,-1,-1
656,107,1615.85,167.11,64.75,181.31,0.59358,-1,-1,-1
656,104,330.29,331.60,68.03,206.04,0.69106,-1,-1,-1
656,38,1126.78,988.33,64.70,90.35,0.55949,-1,-1,-1
656,117,892.89,932.44,64.80,144.94,0.70305,-1,-1,-1
656,123,451.45,535.13,84.46,239.42,0.78819,-1,-1,-1
656,115,806.84,144.89,58.10,174.94,0.47420,-1,-1,-1
656,125,1429.45,911.25,117.18,168.61,0.61383,-1,-1,-1
656,124,1352.17,935.97,103.13,141.31,0.68010,-1,-1,-1
656,79,1204.14,995.28,61.82,83.10,0.57991,-1,-1,-1
656,119,1560.42,596.04,112.20,231.88,0.31930,-1,-1,-1
657,4,1718.16,452.14,80.02,213.92,0.73892,-1,-1,-1
657,107,1615.72,167.76,64.63,178.77,0.60130,-1,-1,-1
657,104,329.07,332.95,67.77,206.01,0.67846,-1,-1,-1
657,38,1124.61,990.11,63.53,88.23,0.53487,-1,-1,-1
657,117,889.51,932.10,65.40,145.61,0.69870,-1,-1,-1
657,123,451.80,535.04,83.97,239.62,0.77621,-1,-1,-1
657,115,805.95,145.30,58.44,175.49,0.44156,-1,-1,-1
657,125,1425.28,907.96,117.10,171.38,0.64195,-1,-1,-1
657,124,1351.22,933.21,103.88,144.41,0.67253,-1,-1,-1
657,79,1203.55,996.70,62.22,81.86,0.56384,-1,-1,-1
657,119,1560.98,593.84,112.73,233.63,0.38769,-1,-1,-1
658,4,1718.09,451.98,80.06,214.69,0.71675,-1,-1,-1
658,107,1615.29,167.48,64.91,177.03,0.59922,-1,-1,-1
658,104,327.70,333.77,67.50,205.80,0.68088,-1,-1,-1
658,38,1122.86,990.72,63.78,87.46,0.54497,-1,-1,-1
658,117,886.92,932.42,65.79,145.72,0.70579,-1,-1,-1
658,123,450.79,534.06,83.77,240.57,0.75801,-1,-1,-1
658,115,806.29,144.45,58.43,175.25,0.42923,-1,-1,-1
658,125,1422.24,905.76,116.26,173.19,0.66590,-1,-1,-1
658,124,1348.20,929.73,104.63,147.52,0.67535,-1,-1,-1
658,79,1203.05,998.19,62.97,80.63,0.59898,-1,-1,-1
658,119,1560.88,595.02,112.13,232.62,0.30675,-1,-1,-1
659,4,1718.08,452.14,80.06,214.68,0.74064,-1,-1,-1
659,107,1615.34,167.10,65.65,176.50,0.60622,-1,-1,-1
659,104,325.65,333.20,67.81,206.41,0.72493,-1,-1,-1
659,38,1123.43,991.88,64.53,86.57,0.60198,-1,-1,-1
659,117,884.13,932.66,65.83,145.24,0.70494,-1,-1,-1
659,123,449.75,531.79,83.72,241.75,0.76631,-1,-1,-1
659,115,806.22,143.96,58.86,176.61,0.43596,-1,-1,-1
659,125,1420.08,904.66,114.66,173.64,0.61590,-1,-1,-1
659,124,1345.40,926.88,105.22,150.47,0.67275,-1,-1,-1
659,79,1203.21,999.54,64.33,80.10,0.62180,-1,-1,-1
660,4,1717.78,451.87,79.93,214.60,0.72822,-1,-1,-1
660,107,1615.74,166.51,66.84,177.89,0.65072,-1,-1,-1
660,104,323.86,333.45,67.83,205.89,0.72309,-1,-1,-1
660,38,1122.26,993.59,64.75,84.95,0.63681,-1,-1,-1
660,117,881.47,932.29,65.98,145.30,0.69794,-1,-1,-1
660,123,447.38,530.61,82.73,240.59,0.75799,-1,-1,-1
660,115,805.93,144.51,58.73,176.05,0.44873,-1,-1,-1
660,125,1418.72,902.64,114.27,175.41,0.62341,-1,-1,-1
660,124,1343.19,923.66,105.46,152.90,0.67542,-1,-1,-1
660,79,1203.36,1001.84,64.80,78.10,0.62085,-1,-1,-1
660,128,431.67,127.44,43.45,152.89,0.32356,-1,-1,-1
661,4,1718.18,451.87,79.60,213.62,0.75243,-1,-1,-1
661,107,1617.12,166.44,66.88,175.88,0.65223,-1,-1,-1
661,104,322.59,333.82,67.67,204.82,0.69325,-1,-1,-1
661,38,1118.28,994.23,65.31,84.49,0.60012,-1,-1,-1
661,117,878.59,931.45,66.58,146.98,0.67246,-1,-1,-1
661,123,443.40,530.48,81.17,239.71,0.76624,-1,-1,-1
661,115,806.42,144.39,58.54,175.48,0.44026,-1,-1,-1
661,125,1417.64,900.84,113.71,176.84,0.63335,-1,-1,-1
661,124,1340.74,920.84,105.44,155.30,0.67606,-1,-1,-1
661,79,1203.20,1004.76,64.88,75.24,0.58275,-1,-1,-1
661,128,431.73,129.93,42.72,150.32,0.31549,-1,-1,-1
661,119,1561.61,601.75,109.27,225.02,0.30936,-1,-1,-1
662,4,1718.08,451.75,79.67,213.68,0.74993,-1,-1,-1
662,107,1617.32,165.84,67.62,175.71,0.63931,-1,-1,-1
662,104,321.51,333.94,67.76,204.62,0.70068,-1,-1,-1
662,38,1116.72,996.13,64.91,82.62,0.60128,-1,-1,-1
662,117,875.37,930.28,67.10,148.72,0.66252,-1,-1,-1
662,123,439.10,530.16,80.22,240.03,0.78305,-1,-1,-1
662,115,806.26,143.37,58.57,175.55,0.46358,-1,-1,-1
662,125,1416.20,898.48,114.02,179.52,0.49209,-1,-1,-1
662,124,1336.63,916.36,106.38,159.85,0.61705,-1,-1,-1
662,79,1203.18,1005.76,65.92,73.95,0.53413,-1,-1,-1
662,128,431.62,133.52,41.78,146.81,0.32880,-1,-1,-1
662,130,473.49,119.13,56.50,169.24,0.32327,-1,-1,-1
662,119,1561.48,597.20,112.03,230.32,0.38557,-1,-1,-1
663,4,1718.67,452.28,79.67,212.98,0.73792,-1,-1,-1
663,107,1618.39,164.91,67.97,175.14,0.61544,-1,-1,-1
663,104,321.02,334.26,67.68,204.16,0.71322,-1,-1,-1
663,38,1113.60,997.78,63.98,80.91,0.53511,-1,-1,-1
663,117,872.96,929.65,66.91,149.21,0.66329,-1,-1,-1
663,123,434.71,529.29,79.01,239.61,0.80564,-1,-1,-1
663,115,806.62,143.30,58.37,175.15,0.44025,-1,-1,-1
663,125,1413.81,895.98,114.59,183.29,0.62859,-1,-1,-1
663,124,1332.22,911.67,107.92,165.62,0.67343,-1,-1,-1
663,79,1202.97,1007.78,65.80,71.50,0.51192,-1,-1,-1
663,128,431.24,133.00,41.90,146.87,0.33167,-1,-1,-1
663,119,1563.30,599.79,110.65,226.99,0.37655,-1,-1,-1
664,4,1718.80,452.56,80.05,213.37,0.72528,-1,-1,-1
664,107,1618.58,163.91,69.45,178.03,0.62655,-1,-1,-1
664,104,320.53,335.08,67.42,203.19,0.70182,-1,-1,-1
664,38,1111.09,1000.27,62.45,78.60,0.52570,-1,-1,-1
664,117,870.87,929.54,66.46,148.67,0.68012,-1,-1,-1
664,123,430.05,528.19,78.23,240.71,0.79569,-1,-1,-1
664,115,805.91,143.10,58.46,175.31,0.43618,-1,-1,-1
664,125,1411.46,892.94,114.63,186.83,0.60752,-1,-1,-1
664,124,1329.21,907.83,108.52,170.35,0.63251,-1,-1,-1
664,79,1202.63,1009.67,66.13,69.87,0.45925,-1,-1,-1
664,128,431.58,130.94,42.51,148.81,0.31032,-1,-1,-1
664,119,1561.76,600.17,110.73,226.12,0.32152,-1,-1,-1
665,4,1718.97,452.42,80.20,213.26,0.72882,-1,-1,-1
665,107,1618.66,162.50,71.11,182.12,0.59795,-1,-1,-1
665,104,318.82,335.04,67.65,203.14,0.69330,-1,-1,-1
665,38,1111.67,1001.95,63.06,77.51,0.56568,-1,-1,-1
665,117,868.45,930.26,66.31,148.48,0.67454,-1,-1,-1
665,123,425.22,526.78,77.44,243.11,0.74243,-1,-1,-1
665,115,806.46,143.19,58.29,175.16,0.46786,-1,-1,-1
665,125,1408.07,886.95,116.41,193.01,0.63293,-1,-1,-1
665,124,1326.06,904.39,108.05,173.88,0.65043,-1,-1,-1
665,79,1200.68,1012.35,64.72,67.52,0.46981,-1,-1,-1
665,128,431.82,129.55,42.88,150.24,0.33579,-1,-1,-1
665,119,1561.47,598.78,111.52,227.48,0.34650,-1,-1,-1
665,130,474.75,121.27,56.09,167.91,0.30146,-1,-1,-1
666,4,1718.58,452.16,80.57,213.97,0.70390,-1,-1,-1
666,107,1619.22,161.12,71.51,182.98,0.60622,-1,-1,-1
666,104,316.16,335.63,68.38,203.67,0.67164,-1,-1,-1
666,38,1111.79,1004.53,62.59,74.74,0.57182,-1,-1,-1
666,117,866.66,930.16,66.20,148.29,0.69188,-1,-1,-1
666,123,421.74,526.48,76.92,246.17,0.74899,-1,-1,-1
666,115,806.92,143.09,57.74,173.87,0.44497,-1,-1,-1
666,125,1405.47,882.98,117.22,197.02,0.64255,-1,-1,-1
666,124,1322.59,902.44,106.65,175.73,0.65503,-1,-1,-1
666,79,1199.28,1014.66,63.41,65.33,0.49340,-1,-1,-1
666,128,432.08,130.35,42.82,149.72,0.31683,-1,-1,-1
666,119,1561.35,599.55,111.90,227.48,0.35180,-1,-1,-1
667,4,1718.12,452.60,80.84,214.11,0.69381,-1,-1,-1
667,107,1619.97,159.66,71.86,183.94,0.61393,-1,-1,-1
667,104,313.37,337.76,69.41,203.51,0.70258,-1,-1,-1
667,38,1109.20,1007.01,61.01,71.60,0.54669,-1,-1,-1
667,117,864.36,929.95,66.26,148.42,0.68266,-1,-1,-1
667,123,419.28,526.17,76.03,247.70,0.74962,-1,-1,-1
667,115,806.86,144.12,57.59,173.48,0.44308,-1,-1,-1
667,125,1400.74,880.20,117.01,199.80,0.68881,-1,-1,-1
667,124,1319.64,899.74,106.07,179.03,0.65847,-1,-1,-1
667,79,1198.93,1017.16,61.58,62.84,0.53592,-1,-1,-1
667,128,432.26,131.49,42.78,149.19,0.33130,-1,-1,-1
667,119,1560.79,598.99,112.11,227.55,0.41579,-1,-1,-1
667,130,477.17,125.60,54.60,163.54,0.31877,-1,-1,-1
668,4,1718.27,452.65,81.12,214.09,0.72136,-1,-1,-1
668,107,1621.72,157.26,71.67,183.28,0.59869,-1,-1,-1
668,104,312.75,340.60,70.23,204.04,0.69663,-1,-1,-1
668,38,1108.99,1009.69,59.28,68.17,0.55780,-1,-1,-1
668,117,862.27,929.65,66.35,148.57,0.68432,-1,-1,-1
668,123,417.38,526.53,74.54,246.28,0.76450,-1,-1,-1
668,115,807.26,143.21,57.47,173.66,0.45128,-1,-1,-1
668,125,1397.61,876.79,117.08,203.21,0.67945,-1,-1,-1
668,124,1318.70,898.38,104.58,180.41,0.65439,-1,-1,-1
668,79,1198.26,1019.94,59.07,59.85,0.54985,-1,-1,-1
668,119,1561.05,600.80,111.82,226.36,0.38913,-1,-1,-1
668,130,477.55,123.58,54.92,165.17,0.33937,-1,-1,-1
669,4,1718.34,452.02,81.69,215.38,0.69339,-1,-1,-1
669,107,1622.57,154.23,72.09,184.27,0.60935,-1,-1,-1
669,104,312.98,344.30,70.70,204.00,0.72235,-1,-1,-1
669,38,1107.40,1012.76,56.28,64.23,0.48265,-1,-1,-1
669,117,859.88,930.01,66.40,148.44,0.66198,-1,-1,-1
669,123,414.59,526.89,74.15,246.50,0.75259,-1,-1,-1
669,115,807.21,144.27,57.30,173.24,0.43073,-1,-1,-1
669,125,1395.42,874.41,116.57,205.59,0.72299,-1,-1,-1
669,124,1317.83,897.38,102.80,181.31,0.69767,-1,-1,-1
669,79,1198.81,1024.41,55.27,55.35,0.47267,-1,-1,-1
669,119,1561.36,601.46,111.86,225.86,0.38681,-1,-1,-1
669,130,478.72,124.45,54.46,163.89,0.34890,-1,-1,-1
670,4,1718.18,452.13,81.84,214.99,0.71235,-1,-1,-1
670,107,1623.77,153.09,72.02,184.15,0.62116,-1,-1,-1
670,104,312.54,346.27,71.31,205.20,0.73178,-1,-1,-1
670,38,1108.58,1016.01,54.23,60.75,0.49660,-1,-1,-1
670,117,857.86,929.64,66.79,149.04,0.67245,-1,-1,-1
670,123,410.75,527.39,74.14,245.74,0.77378,-1,-1,-1
670,115,806.48,144.66,57.62,173.97,0.44274,-1,-1,-1
670,125,1393.69,871.06,116.94,208.94,0.68688,-1,-1,-1
670,124,1316.10,896.00,101.46,182.82,0.71842,-1,-1,-1
670,79,1199.60,1028.08,51.73,51.11,0.43005,-1,-1,-1
670,119,1561.71,599.82,112.13,226.69,0.39771,-1,-1,-1
670,130,478.30,118.19,56.29,169.95,0.34256,-1,-1,-1
671,4,1718.19,452.53,82.03,214.55,0.71900,-1,-1,-1
671,107,1624.91,152.05,71.38,182.71,0.61956,-1,-1,-1
671,104,311.79,347.68,72.23,207.61,0.76097,-1,-1,-1
671,38,1105.78,1019.78,51.44,57.42,0.50692,-1,-1,-1
671,117,856.09,929.95,66.79,148.68,0.68302,-1,-1,-1
671,123,407.38,527.39,74.56,245.69,0.78436,-1,-1,-1
671,115,806.55,144.57,57.60,174.03,0.49366,-1,-1,-1
671,125,1391.99,866.82,117.48,213.06,0.69610,-1,-1,-1
671,124,1314.22,894.96,99.84,183.97,0.70978,-1,-1,-1
671,79,1199.41,1031.74,48.69,47.76,0.39624,-1,-1,-1
671,119,1562.35,601.10,112.03,226.15,0.39954,-1,-1,-1
671,130,478.35,117.54,56.59,170.92,0.37927,-1,-1,-1
672,4,1717.94,451.96,82.35,214.77,0.70430,-1,-1,-1
672,107,1626.72,154.73,69.21,177.15,0.58708,-1,-1,-1
672,104,311.58,348.83,72.25,207.72,0.76500,-1,-1,-1
672,38,1105.97,1024.28,48.37,54.04,0.48427,-1,-1,-1
672,117,854.47,929.31,67.00,149.12,0.67770,-1,-1,-1
672,123,405.18,528.29,74.84,244.48,0.78484,-1,-1,-1
672,115,806.09,143.87,58.02,175.47,0.47409,-1,-1,-1
672,125,1391.14,862.37,118.07,217.61,0.72499,-1,-1,-1
672,124,1311.10,894.05,98.91,185.42,0.73411,-1,-1,-1
672,79,1198.86,1034.40,46.46,45.32,0.37860,-1,-1,-1
672,119,1561.28,599.95,112.76,227.43,0.35908,-1,-1,-1
672,130,479.32,122.97,54.95,166.47,0.32515,-1,-1,-1
672,128,430.71,135.16,43.70,151.83,0.35840,-1,-1,-1
673,4,1717.98,452.49,82.73,214.80,0.72629,-1,-1,-1
673,107,1627.27,155.58,68.66,175.90,0.58267,-1,-1,-1
673,104,311.39,350.76,72.24,207.92,0.77388,-1,-1,-1
673,38,1107.47,1028.91,45.12,50.37,0.43107,-1,-1,-1
673,117,853.12,929.55,67.03,149.42,0.68240,-1,-1,-1
673,123,403.51,529.86,75.30,243.51,0.78565,-1,-1,-1
673,115,806.59,144.02,57.90,175.63,0.47084,-1,-1,-1
673,125,1390.91,860.64,116.71,219.35,0.69465,-1,-1,-1
673,124,1308.38,891.98,98.50,187.87,0.71252,-1,-1,-1
673,79,1197.31,1036.11,44.68,43.69,0.37545,-1,-1,-1
673,119,1560.53,600.28,112.45,226.79,0.34784,-1,-1,-1
673,130,479.96,126.56,54.25,164.69,0.36664,-1,-1,-1
673,128,429.47,134.88,44.22,153.20,0.35604,-1,-1,-1
673,126,227.36,233.58,61.57,173.59,0.35354,-1,-1,-1
674,4,1717.89,452.51,83.32,215.03,0.72741,-1,-1,-1
674,107,1627.84,156.02,67.88,173.99,0.52833,-1,-1,-1
674,104,310.96,351.80,72.52,208.80,0.76313,-1,-1,-1
674,38,1108.41,1031.56,43.18,48.29,0.40710,-1,-1,-1
674,117,850.66,929.19,67.24,150.32,0.68671,-1,-1,-1
674,123,401.40,530.33,76.21,243.58,0.78034,-1,-1,-1
674,115,806.72,144.40,57.65,175.10,0.45138,-1,-1,-1
674,125,1389.04,858.81,115.33,221.19,0.58072,-1,-1,-1
674,124,1305.05,889.14,98.37,190.80,0.72535,-1,-1,-1
674,79,1196.48,1037.33,43.50,42.62,0.32244,-1,-1,-1
674,119,1560.60,599.50,111.83,227.39,0.40245,-1,-1,-1
674,130,479.20,128.35,54.50,165.98,0.42415,-1,-1,-1
674,128,429.33,134.64,44.77,154.86,0.33840,-1,-1,-1
675,4,1717.87,452.49,83.41,214.03,0.70897,-1,-1,-1
675,107,1627.61,155.99,67.83,174.09,0.54988,-1,-1,-1
675,104,311.15,353.03,72.79,209.89,0.75508,-1,-1,-1
675,38,1109.68,1035.51,40.05,44.49,0.35291,-1,-1,-1
675,117,849.32,930.04,66.63,149.83,0.67936,-1,-1,-1
675,123,398.81,529.26,77.74,244.93,0.78116,-1,-1,-1
675,115,806.46,144.40,57.76,175.39,0.48362,-1,-1,-1
675,125,1389.06,860.53,113.89,219.47,0.54746,-1,-1,-1
675,124,1300.14,886.34,98.31,193.31,0.74865,-1,-1,-1
675,79,1197.43,1040.96,40.25,39.04,0.33420,-1,-1,-1
675,119,1562.03,609.49,108.26,218.91,0.41996,-1,-1,-1
675,130,478.55,127.37,55.66,170.19,0.45144,-1,-1,-1
675,128,429.46,134.58,45.54,157.62,0.35043,-1,-1,-1
675,126,230.24,231.28,62.85,176.89,0.30618,-1,-1,-1
676,4,1718.09,453.02,83.39,213.10,0.72115,-1,-1,-1
676,107,1626.64,155.11,69.16,178.52,0.57696,-1,-1,-1
676,104,311.15,354.99,72.45,209.39,0.74536,-1,-1,-1
676,117,847.50,930.48,66.04,149.52,0.66802,-1,-1,-1
676,123,396.26,530.31,78.96,244.42,0.78903,-1,-1,-1
676,115,806.89,144.71,57.51,174.88,0.41525,-1,-1,-1
676,125,1381.07,860.80,113.17,219.20,0.62003,-1,-1,-1
676,124,1295.79,883.37,98.45,196.53,0.76799,-1,-1,-1
676,79,1198.47,1043.20,38.61,36.80,0.32859,-1,-1,-1
676,130,479.56,128.54,55.97,171.41,0.48877,-1,-1,-1
676,128,429.48,138.94,45.07,154.51,0.30699,-1,-1,-1
677,4,1717.84,453.13,83.79,213.21,0.71473,-1,-1,-1
677,107,1626.29,155.93,67.95,175.82,0.55753,-1,-1,-1
677,104,311.21,355.58,72.45,209.41,0.74692,-1,-1,-1
677,117,846.17,930.43,65.68,149.50,0.67358,-1,-1,-1
677,123,392.21,530.73,80.71,244.38,0.79186,-1,-1,-1
677,115,806.56,145.29,57.09,173.47,0.42950,-1,-1,-1
677,125,1372.76,859.29,113.24,220.71,0.67294,-1,-1,-1
677,124,1292.84,879.72,98.44,199.40,0.77897,-1,-1,-1
677,79,1199.97,1045.28,37.47,34.72,0.32554,-1,-1,-1
677,130,479.15,129.41,56.59,173.46,0.48689,-1,-1,-1
677,128,428.07,141.05,45.32,154.20,0.31713,-1,-1,-1
677,126,233.44,229.54,63.32,176.87,0.35728,-1,-1,-1
678,4,1717.73,453.27,84.18,213.41,0.69485,-1,-1,-1
678,107,1625.55,156.32,67.28,174.04,0.54039,-1,-1,-1
678,104,311.23,356.68,72.32,209.23,0.73691,-1,-1,-1
678,117,844.94,929.57,65.68,150.15,0.67655,-1,-1,-1
678,123,388.39,531.33,82.70,243.83,0.78889,-1,-1,-1
678,115,806.62,144.94,57.05,173.32,0.42754,-1,-1,-1
678,125,1368.24,858.98,112.87,221.02,0.64186,-1,-1,-1
678,124,1287.38,876.73,98.93,202.97,0.77917,-1,-1,-1
678,79,1200.99,1047.73,36.29,32.27,0.30376,-1,-1,-1
678,130,479.77,130.45,56.65,173.67,0.48991,-1,-1,-1
678,126,234.27,232.22,61.40,173.01,0.36824,-1,-1,-1
678,119,1561.20,607.26,108.96,220.21,0.33822,-1,-1,-1
679,4,1717.13,452.69,84.22,212.96,0.69502,-1,-1,-1
679,107,1625.05,156.54,67.06,173.57,0.57245,-1,-1,-1
679,104,310.95,356.43,72.18,209.72,0.71512,-1,-1,-1
679,117,843.69,927.79,66.44,152.15,0.69863,-1,-1,-1
679,123,383.84,531.40,85.12,243.90,0.78302,-1,-1,-1
679,115,806.31,145.16,57.04,173.21,0.43588,-1,-1,-1
679,125,1366.15,857.81,112.56,222.19,0.63643,-1,-1,-1
679,124,1283.04,873.95,99.38,205.96,0.79282,-1,-1,-1
679,130,480.17,131.53,56.53,173.76,0.50192,-1,-1,-1
679,126,235.62,233.63,59.67,169.37,0.37483,-1,-1,-1
679,119,1561.05,601.75,111.56,225.76,0.45558,-1,-1,-1
680,4,1717.31,453.03,84.70,213.37,0.73283,-1,-1,-1
680,107,1624.69,155.51,66.78,172.87,0.58802,-1,-1,-1
680,104,310.77,356.91,71.81,208.56,0.72166,-1,-1,-1
680,117,842.62,927.45,66.36,152.55,0.72411,-1,-1,-1
680,123,379.33,530.77,87.77,244.61,0.78447,-1,-1,-1
680,115,805.81,145.27,57.04,173.47,0.45237,-1,-1,-1
680,125,1362.86,856.89,111.88,223.11,0.64687,-1,-1,-1
680,124,1279.61,871.08,99.64,208.92,0.76566,-1,-1,-1
680,130,480.08,132.74,56.60,173.54,0.48871,-1,-1,-1
680,126,236.91,233.29,58.55,167.69,0.32945,-1,-1,-1
680,119,1561.82,613.58,106.93,215.16,0.34766,-1,-1,-1
681,4,1717.67,453.26,84.83,213.29,0.72235,-1,-1,-1
681,107,1623.82,156.36,66.39,171.97,0.61952,-1,-1,-1
681,104,311.19,357.12,71.42,207.57,0.70075,-1,-1,-1
681,117,841.77,926.16,66.89,153.47,0.72120,-1,-1,-1
681,123,373.75,530.64,90.75,244.80,0.80761,-1,-1,-1
681,115,806.86,145.21,56.41,172.41,0.45339,-1,-1,-1
681,125,1360.99,854.43,111.40,225.57,0.67724,-1,-1,-1
681,124,1275.21,868.35,99.72,211.22,0.74005,-1,-1,-1
681,130,479.60,132.64,56.88,174.30,0.47348,-1,-1,-1
681,126,238.32,233.60,57.46,165.41,0.40187,-1,-1,-1
681,119,1562.72,620.96,104.29,208.05,0.33930,-1,-1,-1
682,4,1717.28,453.33,85.08,213.53,0.73556,-1,-1,-1
682,107,1623.29,155.55,66.86,173.38,0.59375,-1,-1,-1
682,104,310.74,357.94,71.40,207.15,0.71657,-1,-1,-1
682,117,840.09,924.66,67.82,154.86,0.73068,-1,-1,-1
682,123,370.59,530.57,93.36,244.35,0.80137,-1,-1,-1
682,115,806.35,144.85,56.43,173.10,0.42737,-1,-1,-1
682,125,1360.11,851.08,110.87,228.92,0.71745,-1,-1,-1
682,124,1272.10,865.49,100.06,214.10,0.75938,-1,-1,-1
682,130,479.69,132.24,57.07,174.58,0.45747,-1,-1,-1
682,126,239.08,232.06,58.82,168.62,0.30683,-1,-1,-1
682,119,1561.23,609.89,108.99,218.16,0.34773,-1,-1,-1
683,4,1717.47,453.78,85.10,213.19,0.72988,-1,-1,-1
683,107,1621.43,155.30,67.52,175.71,0.57712,-1,-1,-1
683,104,310.33,357.60,71.38,207.29,0.72436,-1,-1,-1
683,117,838.48,924.14,68.54,155.36,0.72900,-1,-1,-1
683,123,366.65,530.40,96.30,244.81,0.79942,-1,-1,-1
683,115,807.26,145.09,55.78,171.98,0.42615,-1,-1,-1
683,125,1357.11,846.15,111.11,233.85,0.72059,-1,-1,-1
683,124,1268.51,863.53,100.29,215.99,0.76540,-1,-1,-1
683,130,479.92,131.52,57.26,175.62,0.44359,-1,-1,-1
683,119,1561.52,605.44,111.00,222.52,0.37947,-1,-1,-1
684,4,1716.64,453.45,85.39,213.82,0.72075,-1,-1,-1
684,107,1619.65,155.28,67.78,177.32,0.59484,-1,-1,-1
684,104,309.77,357.86,71.18,207.01,0.72568,-1,-1,-1
684,117,836.71,923.44,69.45,156.09,0.72716,-1,-1,-1
684,123,363.34,528.54,99.23,246.67,0.79203,-1,-1,-1
684,115,806.38,145.11,55.95,173.00,0.43550,-1,-1,-1
684,125,1352.17,841.31,111.54,238.69,0.73109,-1,-1,-1
684,124,1264.88,861.52,100.23,216.81,0.79178,-1,-1,-1
684,130,481.19,134.35,56.28,172.53,0.42796,-1,-1,-1
684,119,1561.50,613.65,107.77,215.41,0.34985,-1,-1,-1
684,128,426.86,142.87,45.26,153.19,0.35040,-1,-1,-1
685,4,1715.88,452.86,85.51,214.23,0.73238,-1,-1,-1
685,107,1618.20,154.24,68.49,180.64,0.57867,-1,-1,-1
685,104,309.48,359.26,70.94,206.70,0.71674,-1,-1,-1
685,117,834.26,923.38,70.42,156.11,0.73843,-1,-1,-1
685,123,360.64,527.82,101.66,248.10,0.79867,-1,-1,-1
685,115,806.58,145.20,55.50,172.37,0.38550,-1,-1,-1
685,125,1349.21,838.23,110.96,241.77,0.74888,-1,-1,-1
685,124,1262.46,859.73,99.91,217.76,0.79367,-1,-1,-1
685,130,481.03,135.38,56.18,171.51,0.43357,-1,-1,-1
685,119,1560.86,606.07,110.80,222.31,0.41410,-1,-1,-1
686,4,1715.70,452.01,85.78,214.80,0.74392,-1,-1,-1
686,107,1617.28,152.39,68.46,181.59,0.52848,-1,-1,-1
686,104,308.54,362.14,70.67,206.66,0.71396,-1,-1,-1
686,117,832.77,922.50,71.52,156.43,0.74618,-1,-1,-1
686,123,358.42,528.40,103.00,248.01,0.80093,-1,-1,-1
686,115,806.36,145.17,55.11,171.89,0.38520,-1,-1,-1
686,125,1346.84,834.43,110.58,245.33,0.74705,-1,-1,-1
686,124,1260.38,857.60,100.39,220.31,0.79922,-1,-1,-1
686,130,480.83,136.29,55.96,170.48,0.47556,-1,-1,-1
686,119,1561.20,612.13,108.57,217.36,0.39307,-1,-1,-1
686,128,425.82,143.60,46.31,155.21,0.34434,-1,-1,-1
687,4,1715.98,451.93,85.69,214.33,0.75250,-1,-1,-1
687,107,1615.94,150.56,68.21,182.16,0.54453,-1,-1,-1
687,104,308.29,365.39,70.33,206.83,0.70489,-1,-1,-1
687,117,831.47,922.58,72.41,156.38,0.73483,-1,-1,-1
687,123,355.73,528.95,103.68,248.32,0.79810,-1,-1,-1
687,115,806.67,144.88,54.57,171.22,0.37553,-1,-1,-1
687,125,1343.64,830.71,110.20,248.89,0.76592,-1,-1,-1
687,124,1257.36,855.92,100.71,223.31,0.77315,-1,-1,-1
687,130,480.67,135.25,56.37,170.90,0.50194,-1,-1,-1
687,119,1559.98,604.52,111.66,223.86,0.41436,-1,-1,-1
687,128,426.33,147.15,45.68,151.99,0.36433,-1,-1,-1
688,4,1716.26,452.61,85.91,214.29,0.76138,-1,-1,-1
688,107,1614.45,148.10,66.54,178.00,0.56200,-1,-1,-1
688,104,308.17,368.14,69.92,206.99,0.70507,-1,-1,-1
688,117,829.67,922.93,73.31,155.95,0.73428,-1,-1,-1
688,123,353.99,528.81,104.09,249.08,0.81455,-1,-1,-1
688,115,806.30,143.94,54.45,171.62,0.38246,-1,-1,-1
688,125,1340.10,829.64,108.99,250.21,0.79352,-1,-1,-1
688,124,1255.12,853.57,100.65,226.17,0.78291,-1,-1,-1
688,130,481.14,135.25,56.47,170.99,0.49259,-1,-1,-1
688,119,1560.75,610.16,109.41,218.93,0.43355,-1,-1,-1
689,4,1715.50,452.06,86.12,214.87,0.75127,-1,-1,-1
689,107,1613.67,145.57,66.35,177.83,0.57139,-1,-1,-1
689,104,308.09,369.55,69.19,206.48,0.70684,-1,-1,-1
689,117,827.88,923.57,74.15,155.34,0.72992,-1,-1,-1
689,123,354.21,529.35,103.73,248.80,0.81437,-1,-1,-1
689,115,806.06,143.40,54.17,171.79,0.33716,-1,-1,-1
689,125,1337.57,827.32,108.56,252.63,0.78976,-1,-1,-1
689,124,1252.64,851.10,100.35,228.83,0.77270,-1,-1,-1
689,130,481.49,134.03,56.89,172.25,0.51037,-1,-1,-1
689,119,1559.19,601.90,112.98,226.26,0.46574,-1,-1,-1
689,128,426.51,146.43,46.80,155.51,0.31692,-1,-1,-1
690,4,1715.74,451.31,86.76,216.38,0.72460,-1,-1,-1
690,107,1612.41,143.79,66.43,178.25,0.59818,-1,-1,-1
690,104,307.54,372.03,68.81,207.25,0.69807,-1,-1,-1
690,117,827.35,924.93,74.55,153.54,0.74431,-1,-1,-1
690,123,354.58,529.23,103.39,249.88,0.81872,-1,-1,-1
690,115,804.73,141.51,53.70,171.42,0.31029,-1,-1,-1
690,125,1333.52,824.39,108.20,255.60,0.77148,-1,-1,-1
690,124,1251.03,848.35,100.16,231.65,0.72425,-1,-1,-1
690,130,481.19,133.64,57.33,173.48,0.49546,-1,-1,-1
690,119,1560.06,598.45,114.10,228.93,0.47676,-1,-1,-1
690,128,426.72,148.54,46.80,155.18,0.36283,-1,-1,-1
691,4,1715.56,451.18,86.81,216.63,0.74198,-1,-1,-1
691,107,1610.46,141.93,66.48,178.76,0.63255,-1,-1,-1
691,104,307.21,374.63,68.42,207.63,0.71251,-1,-1,-1
691,117,827.20,925.73,74.97,152.28,0.73865,-1,-1,-1
691,123,356.97,530.74,101.83,249.44,0.82522,-1,-1,-1
691,115,803.59,140.76,53.41,171.10,0.35583,-1,-1,-1
691,125,1330.08,823.11,107.71,256.89,0.77969,-1,-1,-1
691,124,1249.57,845.49,99.54,233.68,0.78760,-1,-1,-1
691,130,480.23,134.01,58.27,175.90,0.49760,-1,-1,-1
691,119,1561.77,597.90,114.09,229.78,0.50472,-1,-1,-1
691,128,426.37,148.11,47.55,157.77,0.41567,-1,-1,-1
692,4,1716.33,452.20,86.47,215.52,0.73701,-1,-1,-1
692,107,1608.98,140.63,66.59,179.22,0.64973,-1,-1,-1
692,104,306.33,375.03,68.77,210.30,0.72459,-1,-1,-1
692,117,827.13,927.46,74.67,149.63,0.74378,-1,-1,-1
692,123,359.92,532.88,100.08,249.24,0.81183,-1,-1,-1
692,115,803.79,141.23,53.65,172.78,0.36624,-1,-1,-1
692,125,1326.92,822.32,106.92,257.68,0.76238,-1,-1,-1
692,124,1248.10,842.18,98.90,236.11,0.79511,-1,-1,-1
692,130,480.33,135.11,59.06,178.65,0.52343,-1,-1,-1
692,119,1562.13,599.90,113.11,227.73,0.44427,-1,-1,-1
692,128,426.83,150.41,47.40,157.51,0.46459,-1,-1,-1
693,4,1716.10,451.53,86.71,216.21,0.72760,-1,-1,-1
693,107,1607.98,138.79,66.41,178.90,0.65696,-1,-1,-1
693,104,305.02,374.85,69.21,213.41,0.71369,-1,-1,-1
693,117,827.05,927.99,75.14,148.90,0.74177,-1,-1,-1
693,123,362.66,534.06,98.40,250.24,0.81131,-1,-1,-1
693,115,803.66,141.36,53.44,173.00,0.36770,-1,-1,-1
693,125,1323.75,820.59,106.33,259.41,0.76559,-1,-1,-1
693,124,1245.58,838.76,98.93,240.52,0.82018,-1,-1,-1
693,130,480.39,137.62,58.92,178.84,0.49673,-1,-1,-1
693,119,1562.24,600.72,112.67,226.81,0.49694,-1,-1,-1
693,128,427.32,153.88,46.84,155.68,0.44899,-1,-1,-1
694,4,1715.94,451.55,87.02,216.92,0.74220,-1,-1,-1
694,107,1606.56,136.35,66.49,179.18,0.63898,-1,-1,-1
694,104,303.94,375.11,69.32,215.14,0.70290,-1,-1,-1
694,117,827.04,928.50,75.82,148.29,0.76436,-1,-1,-1
694,123,365.98,534.82,96.05,249.81,0.81647,-1,-1,-1
694,115,803.49,140.81,53.21,173.42,0.34476,-1,-1,-1
694,125,1321.51,818.98,105.77,261.02,0.77117,-1,-1,-1
694,124,1243.58,835.22,98.41,243.78,0.81648,-1,-1,-1
694,130,480.38,139.82,58.63,178.40,0.50811,-1,-1,-1
694,119,1562.13,600.45,112.70,227.09,0.51098,-1,-1,-1
694,128,427.38,154.86,46.91,155.84,0.47927,-1,-1,-1
695,4,1716.64,452.11,86.59,215.92,0.72550,-1,-1,-1
695,107,1605.97,135.37,66.32,178.94,0.63042,-1,-1,-1
695,104,303.54,375.07,69.03,215.45,0.66742,-1,-1,-1
695,117,827.03,930.06,76.21,147.11,0.75053,-1,-1,-1
695,123,368.44,535.17,93.86,250.00,0.81112,-1,-1,-1
695,115,802.98,138.60,53.16,174.84,0.36643,-1,-1,-1
695,125,1320.61,817.57,105.01,262.33,0.75053,-1,-1,-1
695,124,1241.28,831.69,97.82,246.70,0.78980,-1,-1,-1
695,130,480.62,142.26,58.39,177.26,0.52635,-1,-1,-1
695,119,1561.66,599.87,112.91,227.84,0.42339,-1,-1,-1
695,128,427.90,155.62,46.59,154.99,0.40028,-1,-1,-1
696,4,1717.07,452.13,86.32,215.14,0.71504,-1,-1,-1
696,107,1604.89,134.58,66.50,179.67,0.60690,-1,-1,-1
696,104,302.62,375.29,68.84,215.06,0.63352,-1,-1,-1
696,117,827.15,931.19,76.79,146.61,0.73687,-1,-1,-1
696,123,370.14,535.43,91.77,250.70,0.80311,-1,-1,-1
696,115,802.76,137.72,52.72,174.96,0.33040,-1,-1,-1
696,125,1319.10,815.47,104.60,264.49,0.75852,-1,-1,-1
696,124,1237.78,829.61,96.90,248.35,0.78604,-1,-1,-1
696,130,481.55,146.30,57.37,173.84,0.54483,-1,-1,-1
696,119,1561.75,600.70,112.32,226.43,0.41417,-1,-1,-1
696,128,428.09,157.53,45.98,152.42,0.40027,-1,-1,-1
697,4,1716.95,452.42,86.34,214.91,0.70767,-1,-1,-1
697,107,1603.36,134.70,66.33,178.66,0.54411,-1,-1,-1
697,104,300.97,375.83,69.04,214.98,0.63427,-1,-1,-1
697,117,827.81,932.44,77.01,145.66,0.74739,-1,-1,-1
697,123,371.77,536.35,89.45,250.30,0.79239,-1,-1,-1
697,115,801.82,138.31,52.62,176.43,0.34704,-1,-1,-1
697,125,1316.60,812.64,104.69,267.35,0.78158,-1,-1,-1
697,124,1235.15,828.05,96.12,250.04,0.76718,-1,-1,-1
697,130,481.30,148.80,57.13,172.50,0.53894,-1,-1,-1
697,119,1561.75,601.17,111.81,225.36,0.41499,-1,-1,-1
697,128,428.56,157.73,46.14,152.51,0.43829,-1,-1,-1
698,4,1717.23,452.49,86.20,214.67,0.73723,-1,-1,-1
698,107,1602.95,134.46,66.33,178.33,0.52033,-1,-1,-1
698,104,300.26,376.31,69.17,214.53,0.62222,-1,-1,-1
698,117,828.38,932.07,77.82,146.34,0.76436,-1,-1,-1
698,123,373.63,537.19,87.08,249.29,0.79561,-1,-1,-1
698,115,801.65,138.71,52.05,176.40,0.37358,-1,-1,-1
698,125,1313.77,809.83,104.85,270.17,0.79073,-1,-1,-1
698,124,1232.27,826.97,95.19,250.98,0.77131,-1,-1,-1
698,130,480.84,150.38,56.85,171.29,0.52170,-1,-1,-1
698,119,1561.69,606.65,110.14,221.08,0.44086,-1,-1,-1
698,128,428.06,156.08,46.80,154.25,0.41698,-1,-1,-1
699,4,1717.22,452.36,86.18,215.09,0.71889,-1,-1,-1
699,107,1601.21,133.78,67.34,180.53,0.40600,-1,-1,-1
699,104,299.69,376.45,69.21,213.58,0.65056,-1,-1,-1
699,117,829.01,932.47,78.15,146.04,0.76533,-1,-1,-1
699,123,374.61,537.66,84.77,248.48,0.78081,-1,-1,-1
699,115,801.67,138.01,51.80,177.70,0.32735,-1,-1,-1
699,125,1310.81,805.88,104.58,273.09,0.80065,-1,-1,-1
699,124,1228.90,824.96,94.96,252.71,0.76741,-1,-1,-1
699,130,480.73,151.14,56.99,170.76,0.55223,-1,-1,-1
699,119,1563.21,602.20,111.69,224.60,0.42488,-1,-1,-1
699,128,427.09,154.58,47.63,156.03,0.45444,-1,-1,-1
700,4,1717.39,452.57,85.73,214.18,0.72388,-1,-1,-1
700,107,1600.00,133.55,67.80,180.77,0.36386,-1,-1,-1
700,104,298.54,376.40,69.42,213.20,0.65642,-1,-1,-1
700,117,830.29,932.76,78.46,145.92,0.76531,-1,-1,-1
700,123,375.80,538.73,82.63,247.67,0.78972,-1,-1,-1
700,115,801.09,135.52,51.87,179.50,0.30992,-1,-1,-1
700,125,1308.27,802.55,103.79,274.60,0.79298,-1,-1,-1
700,124,1226.81,823.06,94.40,253.13,0.76684,-1,-1,-1
700,130,480.51,150.61,57.47,171.54,0.52714,-1,-1,-1
700,119,1562.95,609.40,108.77,217.99,0.44551,-1,-1,-1
700,128,427.63,153.93,47.87,156.60,0.39271,-1,-1,-1
701,4,1717.23,452.44,86.17,215.27,0.72027,-1,-1,-1
701,107,1599.30,134.39,68.15,180.48,0.35464,-1,-1,-1
701,104,298.09,377.28,69.38,211.41,0.65003,-1,-1,-1
701,117,831.93,932.40,79.14,146.07,0.77117,-1,-1,-1
701,123,376.60,539.22,80.46,246.53,0.75709,-1,-1,-1
701,115,801.20,136.22,51.05,177.71,0.34721,-1,-1,-1
701,125,1307.44,798.84,102.74,274.43,0.78683,-1,-1,-1
701,124,1224.33,820.11,94.94,256.03,0.80250,-1,-1,-1
701,130,480.71,150.82,57.53,171.16,0.54299,-1,-1,-1
701,119,1562.20,603.58,111.56,223.45,0.38759,-1,-1,-1
701,128,427.98,153.75,47.80,156.86,0.38024,-1,-1,-1
702,4,1717.25,451.73,86.36,215.67,0.74042,-1,-1,-1
702,107,1599.08,134.68,68.30,180.21,0.38944,-1,-1,-1
702,104,297.62,376.78,69.97,211.97,0.68401,-1,-1,-1
702,117,833.80,933.14,79.19,145.45,0.77094,-1,-1,-1
702,123,377.30,539.81,78.28,245.45,0.74143,-1,-1,-1
702,115,799.97,137.11,50.98,176.89,0.36341,-1,-1,-1
702,125,1307.16,794.04,99.44,266.87,0.77271,-1,-1,-1
702,124,1220.89,817.47,95.47,257.69,0.76337,-1,-1,-1
702,130,480.78,149.90,57.64,171.43,0.54225,-1,-1,-1
702,119,1564.02,618.54,105.35,208.92,0.34607,-1,-1,-1
702,128,428.90,152.20,48.29,159.06,0.32131,-1,-1,-1
703,4,1717.12,451.67,86.64,216.48,0.73736,-1,-1,-1
703,107,1599.34,131.66,69.59,184.30,0.43879,-1,-1,-1
703,104,297.01,377.13,70.73,213.12,0.69059,-1,-1,-1
703,117,835.78,933.69,79.19,144.69,0.77716,-1,-1,-1
703,123,378.34,540.36,76.28,244.84,0.73637,-1,-1,-1
703,115,799.75,137.73,50.79,175.94,0.35989,-1,-1,-1
703,125,1306.51,789.67,97.66,263.08,0.78145,-1,-1,-1
703,124,1218.62,815.67,95.28,258.48,0.77388,-1,-1,-1
703,130,480.56,149.42,57.48,170.42,0.52346,-1,-1,-1
703,119,1561.63,608.10,110.55,219.24,0.38220,-1,-1,-1
703,128,428.55,155.50,46.96,154.14,0.33964,-1,-1,-1
704,4,1717.37,451.47,86.31,215.24,0.73530,-1,-1,-1
704,107,1598.98,132.75,69.10,183.14,0.53965,-1,-1,-1
704,104,296.14,378.51,71.49,214.30,0.69179,-1,-1,-1
704,117,837.91,933.93,79.52,144.40,0.77889,-1,-1,-1
704,123,379.46,540.67,74.91,245.71,0.73369,-1,-1,-1
704,115,799.82,137.96,50.51,174.15,0.36687,-1,-1,-1
704,125,1305.89,786.32,97.21,263.67,0.77904,-1,-1,-1
704,124,1216.71,814.11,95.07,259.78,0.77609,-1,-1,-1
704,130,480.25,149.57,57.42,169.43,0.52834,-1,-1,-1
704,119,1561.24,604.09,112.70,223.33,0.35490,-1,-1,-1
704,128,427.81,156.96,47.42,155.41,0.39224,-1,-1,-1
704,126,254.07,207.40,61.52,186.45,0.31541,-1,-1,-1
705,4,1717.83,452.12,85.74,213.62,0.72702,-1,-1,-1
705,107,1599.96,131.79,69.27,184.25,0.55089,-1,-1,-1
705,104,296.34,379.11,72.95,218.21,0.70329,-1,-1,-1
705,117,839.99,934.10,79.88,144.36,0.77273,-1,-1,-1
705,123,381.06,540.60,73.59,246.48,0.74211,-1,-1,-1
705,115,798.96,137.81,50.77,173.99,0.37097,-1,-1,-1
705,125,1305.75,784.27,96.76,265.15,0.76741,-1,-1,-1
705,124,1214.76,812.17,95.04,262.23,0.78620,-1,-1,-1
705,130,480.05,149.97,58.00,170.00,0.54674,-1,-1,-1
705,119,1561.58,598.19,114.40,227.01,0.60428,-1,-1,-1
705,128,429.06,156.97,48.11,156.74,0.36879,-1,-1,-1
706,4,1717.60,452.26,85.90,213.89,0.71494,-1,-1,-1
706,107,1600.53,130.54,69.07,184.73,0.59926,-1,-1,-1
706,104,295.63,382.39,73.76,219.29,0.71040,-1,-1,-1
706,117,841.27,933.69,80.60,145.16,0.77808,-1,-1,-1
706,123,382.60,540.86,72.05,245.61,0.74650,-1,-1,-1
706,115,798.23,138.66,50.86,173.31,0.36638,-1,-1,-1
706,125,1304.07,782.70,96.00,266.11,0.76900,-1,-1,-1
706,124,1211.98,808.85,95.64,266.34,0.77912,-1,-1,-1
706,130,479.94,151.49,57.64,168.36,0.52882,-1,-1,-1
706,119,1562.24,595.91,115.16,228.86,0.49932,-1,-1,-1
706,128,428.01,158.95,48.53,157.61,0.38985,-1,-1,-1
707,4,1717.88,452.76,85.69,213.42,0.72720,-1,-1,-1
707,107,1601.17,129.29,67.95,182.41,0.62207,-1,-1,-1
707,104,295.63,386.93,73.20,216.75,0.71561,-1,-1,-1
707,117,843.18,934.10,81.13,145.53,0.77894,-1,-1,-1
707,123,383.40,541.27,70.84,245.54,0.76353,-1,-1,-1
707,115,797.08,138.52,51.14,173.41,0.40080,-1,-1,-1
707,125,1301.92,781.73,95.18,266.51,0.76742,-1,-1,-1
707,124,1210.21,806.27,94.10,264.29,0.76177,-1,-1,-1
707,130,479.64,151.90,57.65,168.48,0.51977,-1,-1,-1
707,119,1563.37,596.81,114.77,228.59,0.46059,-1,-1,-1
707,128,426.48,157.86,49.94,161.84,0.42439,-1,-1,-1
707,126,256.31,205.53,59.99,187.19,0.32389,-1,-1,-1
708,4,1717.62,452.71,85.83,213.74,0.72461,-1,-1,-1
708,107,1601.85,128.58,66.11,177.64,0.61014,-1,-1,-1
708,104,295.52,389.85,72.87,215.36,0.71638,-1,-1,-1
708,117,844.61,934.26,81.60,145.66,0.77653,-1,-1,-1
708,123,384.47,541.69,69.73,246.04,0.74976,-1,-1,-1
708,115,796.43,139.10,51.38,173.23,0.39489,-1,-1,-1
708,125,1299.61,780.42,94.31,265.96,0.77237,-1,-1,-1
708,124,1208.22,803.03,93.31,264.17,0.75191,-1,-1,-1
708,130,479.40,153.20,57.40,167.78,0.49241,-1,-1,-1
708,119,1563.47,595.84,114.58,228.72,0.50334,-1,-1,-1
708,128,425.43,156.61,50.98,165.40,0.40163,-1,-1,-1
708,126,257.23,204.06,57.13,183.27,0.33084,-1,-1,-1
709,4,1717.70,451.89,85.97,214.09,0.72006,-1,-1,-1
709,107,1602.41,127.05,64.99,174.42,0.63399,-1,-1,-1
709,104,295.20,392.20,72.61,214.53,0.72340,-1,-1,-1
709,117,845.86,934.38,82.02,145.62,0.78332,-1,-1,-1
709,123,386.13,542.25,68.45,245.02,0.75678,-1,-1,-1
709,115,796.12,139.28,51.62,173.41,0.41945,-1,-1,-1
709,125,1296.62,780.48,93.59,263.95,0.75910,-1,-1,-1
709,124,1205.59,799.88,91.80,261.96,0.76854,-1,-1,-1
709,130,479.88,154.97,57.44,167.30,0.49128,-1,-1,-1
709,119,1562.68,595.27,115.02,230.26,0.44945,-1,-1,-1
709,128,425.36,154.33,52.07,168.91,0.41517,-1,-1,-1
709,126,257.65,202.96,55.94,183.30,0.30356,-1,-1,-1
710,4,1718.20,452.01,85.89,213.93,0.73355,-1,-1,-1
710,107,1602.41,125.76,64.76,173.90,0.65337,-1,-1,-1
710,104,295.15,393.89,72.69,215.11,0.73644,-1,-1,-1
710,117,846.86,935.29,81.90,144.71,0.77156,-1,-1,-1
710,123,387.66,542.65,67.35,243.31,0.74518,-1,-1,-1
710,115,794.86,139.39,51.48,172.58,0.38151,-1,-1,-1
710,125,1291.14,780.26,94.17,264.13,0.75890,-1,-1,-1
710,124,1203.05,796.08,90.72,261.23,0.78459,-1,-1,-1
710,130,479.80,158.02,57.47,167.12,0.50659,-1,-1,-1
710,119,1563.46,593.55,115.15,231.30,0.50429,-1,-1,-1
710,128,424.40,155.09,51.91,169.21,0.37998,-1,-1,-1
710,126,259.10,205.50,55.04,182.00,0.32939,-1,-1,-1
711,4,1718.34,452.38,85.84,213.74,0.71463,-1,-1,-1
711,107,1602.29,123.41,64.71,173.87,0.63187,-1,-1,-1
711,104,294.45,394.50,73.47,218.37,0.73661,-1,-1,-1
711,117,847.32,934.68,82.52,145.32,0.78327,-1,-1,-1
711,123,389.21,543.53,66.78,241.94,0.74517,-1,-1,-1
711,115,793.44,140.15,51.31,172.77,0.37816,-1,-1,-1
711,125,1283.55,780.04,95.72,265.35,0.75162,-1,-1,-1
711,124,1200.53,793.61,89.76,259.98,0.78838,-1,-1,-1
711,130,479.10,158.22,58.25,169.30,0.52255,-1,-1,-1
711,119,1563.60,598.48,112.82,227.32,0.36969,-1,-1,-1
712,4,1717.85,451.70,86.70,215.79,0.70919,-1,-1,-1
712,107,1602.40,122.40,64.76,174.36,0.61906,-1,-1,-1
712,104,295.24,395.68,73.51,219.29,0.71297,-1,-1,-1
712,117,848.37,934.54,82.79,145.46,0.77940,-1,-1,-1
712,123,390.69,544.09,66.53,241.13,0.72358,-1,-1,-1
712,115,793.02,140.22,50.65,171.07,0.31589,-1,-1,-1
712,125,1279.40,779.33,96.55,265.93,0.75139,-1,-1,-1
712,124,1197.62,791.42,88.55,257.98,0.79939,-1,-1,-1
712,130,479.01,159.23,58.61,170.15,0.52500,-1,-1,-1
712,119,1563.89,598.84,112.39,226.95,0.45335,-1,-1,-1
713,4,1717.98,451.73,86.30,214.84,0.69823,-1,-1,-1
713,107,1602.03,121.49,64.67,174.71,0.67381,-1,-1,-1
713,104,295.31,398.84,73.80,221.42,0.68913,-1,-1,-1
713,117,849.59,934.31,83.03,145.69,0.77918,-1,-1,-1
713,123,393.26,544.50,66.61,239.73,0.67471,-1,-1,-1
713,115,791.65,139.53,50.72,172.09,0.37654,-1,-1,-1
713,125,1277.25,778.42,96.00,263.76,0.76246,-1,-1,-1
713,124,1193.50,790.00,88.71,259.06,0.79203,-1,-1,-1
713,130,478.71,161.19,58.73,170.15,0.51962,-1,-1,-1
713,119,1566.28,598.18,111.73,226.51,0.61719,-1,-1,-1
713,128,423.43,165.12,49.26,160.70,0.30239,-1,-1,-1
714,4,1718.14,451.65,86.26,214.69,0.69282,-1,-1,-1
714,107,1601.48,120.49,64.73,175.49,0.65331,-1,-1,-1
714,104,295.81,400.89,73.65,221.59,0.68901,-1,-1,-1
714,117,851.43,934.42,82.91,145.58,0.77922,-1,-1,-1
714,123,394.75,544.91,67.32,239.17,0.68882,-1,-1,-1
714,115,790.78,139.70,50.77,173.17,0.32798,-1,-1,-1
714,125,1275.14,776.54,94.82,259.89,0.73926,-1,-1,-1
714,124,1190.07,787.98,89.44,261.72,0.79018,-1,-1,-1
714,130,477.88,162.45,59.12,171.42,0.53117,-1,-1,-1
714,119,1567.83,597.32,111.15,226.93,0.62448,-1,-1,-1
714,126,260.95,207.48,54.52,181.88,0.32155,-1,-1,-1
715,4,1717.70,451.98,86.24,214.77,0.67475,-1,-1,-1
715,107,1600.66,119.87,65.18,177.24,0.61539,-1,-1,-1
715,104,296.39,401.81,73.32,221.43,0.68235,-1,-1,-1
715,117,852.25,934.80,82.59,145.20,0.77942,-1,-1,-1
715,123,396.65,544.72,68.56,239.56,0.69959,-1,-1,-1
715,115,790.03,139.57,50.67,173.74,0.34333,-1,-1,-1
715,125,1273.15,772.60,93.56,256.87,0.79492,-1,-1,-1
715,124,1187.00,786.54,89.03,262.91,0.79818,-1,-1,-1
715,130,477.72,163.94,59.28,172.14,0.51372,-1,-1,-1
715,119,1569.11,597.68,110.37,226.83,0.61248,-1,-1,-1
715,126,261.40,206.69,53.92,179.90,0.32366,-1,-1,-1
716,4,1717.41,452.29,86.04,214.06,0.66552,-1,-1,-1
716,107,1599.83,119.46,65.49,179.11,0.60944,-1,-1,-1
716,104,296.89,402.24,73.02,221.07,0.67481,-1,-1,-1
716,117,853.02,935.27,82.23,144.73,0.77287,-1,-1,-1
716,123,398.32,545.66,69.92,239.28,0.71253,-1,-1,-1
716,115,789.54,139.85,50.21,172.58,0.38694,-1,-1,-1
716,125,1271.20,769.19,92.87,255.79,0.80127,-1,-1,-1
716,124,1184.83,785.67,88.70,264.23,0.79970,-1,-1,-1
716,130,477.29,164.54,59.42,172.40,0.47629,-1,-1,-1
716,119,1569.24,598.19,109.46,226.23,0.57746,-1,-1,-1
716,126,261.94,206.05,53.96,180.76,0.32042,-1,-1,-1
717,4,1718.05,451.73,86.08,214.25,0.69501,-1,-1,-1
717,107,1599.03,119.11,65.25,179.49,0.54454,-1,-1,-1
717,104,297.91,403.06,72.67,220.06,0.67529,-1,-1,-1
717,117,853.69,935.50,81.89,144.50,0.77988,-1,-1,-1
717,123,398.88,546.00,71.50,239.16,0.70843,-1,-1,-1
717,115,789.10,140.02,49.83,171.55,0.40040,-1,-1,-1
717,125,1268.88,764.10,93.22,257.84,0.78265,-1,-1,-1
717,124,1183.13,784.56,88.28,264.59,0.80372,-1,-1,-1
717,130,475.74,161.92,61.10,176.95,0.47049,-1,-1,-1
717,119,1569.53,598.61,109.12,226.09,0.58144,-1,-1,-1
718,4,1718.24,450.84,86.25,214.87,0.69561,-1,-1,-1
718,107,1598.36,118.77,65.23,180.78,0.55081,-1,-1,-1
718,104,298.38,403.57,72.49,219.42,0.67863,-1,-1,-1
718,117,853.77,935.69,81.69,144.31,0.77481,-1,-1,-1
718,123,398.87,546.45,73.05,239.42,0.71510,-1,-1,-1
718,115,789.03,140.62,49.02,169.16,0.40806,-1,-1,-1
718,125,1265.71,759.96,92.05,255.90,0.74564,-1,-1,-1
718,124,1181.47,783.35,88.11,265.66,0.79789,-1,-1,-1
718,130,474.61,161.59,61.80,178.60,0.50190,-1,-1,-1
718,119,1569.83,599.41,108.33,224.94,0.59389,-1,-1,-1
718,136,553.84,112.67,61.36,175.19,0.32509,-1,-1,-1
719,4,1717.97,451.40,86.14,214.57,0.70218,-1,-1,-1
719,107,1597.97,117.99,64.66,180.88,0.45967,-1,-1,-1
719,104,299.59,403.87,71.05,214.54,0.66529,-1,-1,-1
719,117,853.56,936.09,81.43,143.91,0.78302,-1,-1,-1
719,123,398.96,546.99,74.92,240.68,0.69840,-1,-1,-1
719,115,789.22,140.80,48.68,168.90,0.34214,-1,-1,-1
719,125,1262.90,755.98,91.99,257.39,0.74084,-1,-1,-1
719,124,1180.21,782.61,87.38,264.98,0.79658,-1,-1,-1
719,130,474.84,162.56,61.65,178.41,0.47769,-1,-1,-1
719,119,1568.30,596.86,109.45,227.68,0.52520,-1,-1,-1
719,136,553.31,110.67,61.84,176.65,0.32317,-1,-1,-1
719,128,420.68,160.49,51.20,167.30,0.30462,-1,-1,-1
720,4,1718.06,451.59,86.02,214.45,0.70643,-1,-1,-1
720,107,1597.92,118.09,63.75,179.69,0.46074,-1,-1,-1
720,104,300.48,405.65,70.08,210.69,0.70301,-1,-1,-1
720,117,853.31,937.44,80.79,142.56,0.78543,-1,-1,-1
720,123,398.91,547.81,76.27,240.67,0.69631,-1,-1,-1
720,115,787.94,139.81,48.95,169.52,0.33935,-1,-1,-1
720,125,1260.23,751.42,92.28,260.54,0.73530,-1,-1,-1
720,124,1178.77,781.24,87.16,265.63,0.78446,-1,-1,-1
720,130,475.32,165.00,60.25,174.35,0.47821,-1,-1,-1
720,119,1571.70,600.01,107.26,226.26,0.50196,-1,-1,-1
720,136,553.03,113.86,60.68,173.44,0.33129,-1,-1,-1
720,128,420.06,160.21,52.02,170.39,0.33305,-1,-1,-1
721,4,1718.45,451.23,86.35,215.34,0.69648,-1,-1,-1
721,107,1598.08,118.87,62.48,177.27,0.54789,-1,-1,-1
721,104,300.76,407.61,70.31,210.57,0.72012,-1,-1,-1
721,117,853.03,937.99,80.62,142.01,0.78445,-1,-1,-1
721,123,400.49,548.74,78.07,241.46,0.68410,-1,-1,-1
721,115,788.21,140.18,48.71,169.33,0.31172,-1,-1,-1
721,125,1257.95,748.56,92.66,264.19,0.73414,-1,-1,-1
721,124,1176.86,779.34,86.66,265.90,0.77445,-1,-1,-1
721,130,475.83,166.00,59.71,172.48,0.51088,-1,-1,-1
721,119,1569.33,598.51,107.33,226.67,0.58218,-1,-1,-1
721,136,552.05,111.87,61.31,175.39,0.38951,-1,-1,-1
721,128,419.11,157.16,53.29,174.74,0.41262,-1,-1,-1
722,4,1718.59,451.95,86.01,214.23,0.71780,-1,-1,-1
722,107,1598.24,119.30,61.42,175.49,0.52066,-1,-1,-1
722,104,300.25,409.13,71.11,212.53,0.73620,-1,-1,-1
722,117,852.46,938.50,80.57,141.50,0.78602,-1,-1,-1
722,123,401.76,549.97,79.50,241.25,0.71304,-1,-1,-1
722,125,1254.86,747.18,91.67,262.31,0.76855,-1,-1,-1
722,124,1174.21,774.85,86.46,267.85,0.78623,-1,-1,-1
722,130,475.23,164.94,59.71,172.11,0.51456,-1,-1,-1
722,119,1568.32,596.11,108.26,228.98,0.57696,-1,-1,-1
722,136,551.46,114.15,60.55,173.00,0.44781,-1,-1,-1
722,128,419.59,157.17,53.58,175.46,0.40843,-1,-1,-1
723,4,1718.21,451.39,86.35,215.38,0.71815,-1,-1,-1
723,107,1597.91,118.23,61.18,176.27,0.32520,-1,-1,-1
723,104,299.69,410.27,72.12,215.38,0.75598,-1,-1,-1
723,117,851.87,938.60,80.58,141.40,0.78327,-1,-1,-1
723,123,402.31,551.01,81.16,242.02,0.72186,-1,-1,-1
723,125,1251.37,745.60,92.60,266.47,0.77187,-1,-1,-1
723,124,1172.86,771.30,84.33,262.89,0.77405,-1,-1,-1
723,130,475.39,165.80,59.52,170.91,0.53288,-1,-1,-1
723,119,1566.61,594.75,108.92,230.45,0.55540,-1,-1,-1
723,136,550.26,111.88,61.53,176.06,0.41797,-1,-1,-1
723,128,419.32,160.01,53.20,173.79,0.48829,-1,-1,-1
723,126,264.21,207.59,52.54,177.01,0.33140,-1,-1,-1
723,115,787.89,139.24,49.13,171.52,0.30423,-1,-1,-1
724,4,1718.62,451.68,86.29,215.40,0.69945,-1,-1,-1
724,107,1597.19,117.03,61.17,177.78,0.34645,-1,-1,-1
724,104,299.12,411.84,72.78,217.45,0.76375,-1,-1,-1
724,117,850.75,938.99,80.56,141.01,0.78782,-1,-1,-1
724,123,402.62,551.58,82.49,242.92,0.72469,-1,-1,-1
724,125,1246.91,744.30,92.28,267.30,0.77182,-1,-1,-1
724,124,1171.99,768.17,80.38,251.50,0.77394,-1,-1,-1
724,130,474.29,165.49,59.84,171.26,0.56208,-1,-1,-1
724,119,1565.88,593.17,109.49,231.82,0.51780,-1,-1,-1
724,136,550.12,116.12,59.96,171.57,0.45610,-1,-1,-1
724,128,418.30,162.62,53.49,174.60,0.49760,-1,-1,-1
725,4,1718.43,451.90,86.15,215.02,0.69615,-1,-1,-1
725,107,1596.88,116.31,60.55,177.08,0.38225,-1,-1,-1
725,104,299.35,414.09,72.81,217.48,0.75576,-1,-1,-1
725,117,849.92,940.67,79.93,139.33,0.77853,-1,-1,-1
725,123,405.05,551.56,83.26,242.59,0.71803,-1,-1,-1
725,125,1242.93,744.08,92.26,267.97,0.77034,-1,-1,-1
725,124,1170.17,764.56,79.31,249.07,0.77312,-1,-1,-1
725,130,473.73,167.21,60.15,171.10,0.55961,-1,-1,-1
725,119,1565.87,594.67,108.71,230.01,0.52929,-1,-1,-1
725,136,549.80,116.13,59.80,171.23,0.45113,-1,-1,-1
725,128,417.82,164.51,53.26,174.33,0.48102,-1,-1,-1
726,4,1717.95,452.17,85.91,214.33,0.69994,-1,-1,-1
726,107,1596.45,115.53,59.95,176.57,0.43581,-1,-1,-1
726,104,299.18,415.82,72.80,217.59,0.75920,-1,-1,-1
726,117,848.74,941.99,79.66,138.01,0.78467,-1,-1,-1
726,123,407.43,552.38,84.25,242.71,0.74046,-1,-1,-1
726,125,1239.93,743.33,92.38,269.42,0.79359,-1,-1,-1
726,124,1169.11,760.55,78.68,247.59,0.78179,-1,-1,-1
726,130,473.27,168.92,60.84,172.88,0.57145,-1,-1,-1
726,119,1565.36,593.71,109.18,230.73,0.51697,-1,-1,-1
726,136,549.42,118.63,59.08,169.17,0.44883,-1,-1,-1
726,128,418.05,166.78,53.14,173.98,0.51921,-1,-1,-1
726,126,263.61,213.54,50.63,171.62,0.30363,-1,-1,-1
727,4,1718.50,451.90,85.79,214.41,0.70436,-1,-1,-1
727,107,1596.05,113.68,59.69,177.25,0.45188,-1,-1,-1
727,104,299.44,418.27,72.52,216.84,0.76890,-1,-1,-1
727,117,847.45,942.86,79.62,137.14,0.78664,-1,-1,-1
727,123,407.84,552.71,85.67,244.19,0.76912,-1,-1,-1
727,125,1238.24,742.11,92.22,269.22,0.81737,-1,-1,-1
727,124,1167.58,756.69,77.76,244.42,0.79751,-1,-1,-1
727,130,473.12,170.90,61.10,174.00,0.54332,-1,-1,-1
727,119,1565.13,596.42,108.69,229.16,0.45316,-1,-1,-1
727,136,549.37,119.13,58.91,168.85,0.33987,-1,-1,-1
727,128,417.82,171.87,52.00,169.11,0.53858,-1,-1,-1
728,4,1718.67,452.21,85.45,213.54,0.70596,-1,-1,-1
728,107,1595.76,112.35,59.79,178.81,0.54662,-1,-1,-1
728,104,298.70,419.29,73.43,219.72,0.75573,-1,-1,-1
728,117,845.88,942.70,80.17,137.30,0.78506,-1,-1,-1
728,123,408.17,552.36,86.69,245.05,0.78805,-1,-1,-1
728,125,1236.77,741.72,91.98,268.83,0.82061,-1,-1,-1
728,124,1164.54,753.89,78.68,247.17,0.81156,-1,-1,-1
728,130,472.57,171.29,61.55,176.16,0.52146,-1,-1,-1
728,119,1571.43,600.17,105.72,225.59,0.43847,-1,-1,-1
728,136,548.73,116.27,59.73,171.48,0.33963,-1,-1,-1
728,128,419.15,174.05,52.57,170.34,0.49448,-1,-1,-1
728,126,263.16,214.84,50.05,170.03,0.31591,-1,-1,-1
729,4,1718.41,451.49,85.83,214.51,0.70950,-1,-1,-1
729,107,1595.64,110.34,59.33,178.54,0.56009,-1,-1,-1
729,104,298.09,420.45,73.73,221.28,0.75115,-1,-1,-1
729,117,844.70,943.86,80.12,136.14,0.79271,-1,-1,-1
729,123,407.82,552.68,87.01,244.08,0.77590,-1,-1,-1
729,125,1235.06,740.72,91.53,267.46,0.82774,-1,-1,-1
729,124,1161.70,750.91,79.65,251.02,0.81841,-1,-1,-1
729,130,472.11,171.60,62.17,178.96,0.52802,-1,-1,-1
729,119,1568.61,598.19,107.03,227.68,0.49715,-1,-1,-1
729,136,548.51,115.91,59.72,171.78,0.38311,-1,-1,-1
729,128,420.17,177.88,51.72,167.38,0.45278,-1,-1,-1
730,4,1718.71,451.76,85.88,214.47,0.71143,-1,-1,-1
730,107,1595.82,108.63,58.60,177.32,0.45935,-1,-1,-1
730,104,297.54,421.35,73.88,222.50,0.73428,-1,-1,-1
730,117,843.23,944.09,80.50,135.71,0.78333,-1,-1,-1
730,123,408.41,552.84,87.32,243.78,0.79755,-1,-1,-1
730,125,1232.49,739.35,91.96,268.68,0.81133,-1,-1,-1
730,124,1157.86,749.28,80.79,255.31,0.81881,-1,-1,-1
730,130,470.04,169.13,63.24,182.65,0.42473,-1,-1,-1
730,119,1572.93,598.01,105.73,228.08,0.49662,-1,-1,-1
730,136,548.72,116.56,59.33,170.75,0.41180,-1,-1,-1
730,128,419.68,180.76,51.51,165.54,0.47135,-1,-1,-1
730,126,262.35,213.78,51.26,173.97,0.37657,-1,-1,-1
731,4,1718.84,452.16,85.76,214.17,0.70438,-1,-1,-1
731,107,1596.33,107.02,58.15,176.97,0.46326,-1,-1,-1
731,104,297.11,421.78,73.54,222.03,0.71550,-1,-1,-1
731,117,841.55,944.10,81.11,135.75,0.78300,-1,-1,-1
731,123,409.29,553.21,87.39,243.15,0.81035,-1,-1,-1
731,125,1229.36,737.22,92.07,269.94,0.79963,-1,-1,-1
731,124,1154.63,747.74,81.19,257.50,0.80720,-1,-1,-1
731,130,469.33,168.82,63.56,184.13,0.43019,-1,-1,-1
731,119,1570.04,596.95,106.04,228.03,0.56831,-1,-1,-1
731,136,549.36,118.68,58.42,167.79,0.36843,-1,-1,-1
731,128,418.85,182.83,51.29,163.87,0.47073,-1,-1,-1
731,137,320.98,210.08,58.05,161.60,0.38601,-1,-1,-1
731,126,261.91,212.61,51.28,174.36,0.38749,-1,-1,-1
732,4,1718.30,452.02,86.08,214.61,0.69721,-1,-1,-1
732,107,1597.29,105.50,57.66,176.74,0.51643,-1,-1,-1
732,104,296.97,422.16,73.39,221.76,0.67840,-1,-1,-1
732,117,840.58,944.67,81.23,135.23,0.78244,-1,-1,-1
732,123,411.96,553.33,87.45,243.35,0.80564,-1,-1,-1
732,125,1227.82,734.83,91.57,269.19,0.81543,-1,-1,-1
732,124,1151.85,746.26,81.65,259.70,0.80769,-1,-1,-1
732,130,469.71,172.10,62.92,182.27,0.46706,-1,-1,-1
732,119,1568.23,595.66,106.87,229.37,0.51402,-1,-1,-1
732,136,549.05,115.34,59.62,171.23,0.44935,-1,-1,-1
732,128,418.01,182.36,51.73,164.94,0.46711,-1,-1,-1
732,137,321.53,208.62,59.01,164.25,0.38654,-1,-1,-1
732,126,262.15,213.44,50.71,172.83,0.35903,-1,-1,-1
733,4,1717.86,451.96,86.41,215.08,0.69869,-1,-1,-1
733,107,1598.46,104.69,56.88,175.47,0.49824,-1,-1,-1
733,104,296.61,422.75,73.13,220.92,0.65530,-1,-1,-1
733,117,839.24,944.84,81.50,134.86,0.77188,-1,-1,-1
733,123,413.87,552.97,87.34,243.75,0.78611,-1,-1,-1
733,125,1226.68,730.90,88.68,261.04,0.78563,-1,-1,-1
733,124,1149.01,745.37,82.16,262.26,0.76843,-1,-1,-1
733,130,470.33,172.82,62.87,182.85,0.48305,-1,-1,-1
733,119,1567.29,593.62,107.95,231.25,0.51662,-1,-1,-1
733,136,548.80,114.14,60.05,172.70,0.38232,-1,-1,-1
733,128,417.94,185.15,50.02,158.87,0.46533,-1,-1,-1
733,137,322.13,209.69,58.31,162.39,0.35888,-1,-1,-1
734,4,1717.39,452.04,87.14,216.93,0.70488,-1,-1,-1
734,107,1599.37,103.88,56.59,175.43,0.35627,-1,-1,-1
734,104,296.36,423.36,72.84,219.78,0.64365,-1,-1,-1
734,117,838.30,944.96,81.79,134.62,0.77848,-1,-1,-1
734,123,416.77,553.03,87.11,245.12,0.78921,-1,-1,-1
734,125,1226.33,727.94,85.59,252.24,0.78129,-1,-1,-1
734,124,1147.07,746.11,81.83,261.51,0.77609,-1,-1,-1
734,130,470.71,173.25,62.56,182.61,0.44821,-1,-1,-1
734,119,1571.95,597.37,105.52,228.96,0.45489,-1,-1,-1
734,136,548.41,113.19,60.36,174.13,0.42908,-1,-1,-1
734,128,418.68,184.02,49.94,159.23,0.40352,-1,-1,-1
734,137,323.55,208.57,58.85,163.97,0.40550,-1,-1,-1
734,126,263.01,213.93,49.08,168.09,0.32823,-1,-1,-1
735,4,1718.31,452.32,86.40,215.00,0.68740,-1,-1,-1
735,104,295.88,424.41,72.33,217.67,0.61517,-1,-1,-1
735,117,837.27,945.26,82.14,134.31,0.77840,-1,-1,-1
735,123,420.30,553.60,86.31,245.24,0.78043,-1,-1,-1
735,125,1223.77,722.52,84.45,248.43,0.77499,-1,-1,-1
735,124,1144.21,744.66,82.38,262.82,0.75729,-1,-1,-1
735,130,470.72,174.52,62.25,181.71,0.44373,-1,-1,-1
735,119,1576.36,597.80,103.71,229.18,0.52735,-1,-1,-1
735,136,548.87,114.30,59.77,172.39,0.38222,-1,-1,-1
735,128,418.87,185.15,49.15,156.98,0.43318,-1,-1,-1
735,137,324.47,206.74,59.24,165.26,0.40478,-1,-1,-1
735,126,262.55,213.63,49.05,169.06,0.30070,-1,-1,-1
736,4,1718.46,451.69,86.04,214.02,0.69878,-1,-1,-1
736,104,295.56,425.28,72.15,216.49,0.64228,-1,-1,-1
736,117,836.37,945.25,82.77,134.55,0.77560,-1,-1,-1
736,123,425.12,553.63,85.20,245.83,0.80085,-1,-1,-1
736,125,1221.02,717.48,84.13,247.26,0.77641,-1,-1,-1
736,124,1143.02,741.90,82.26,261.41,0.76655,-1,-1,-1
736,130,471.36,173.70,62.54,183.27,0.46067,-1,-1,-1
736,119,1572.55,596.64,103.85,228.71,0.59104,-1,-1,-1
736,136,548.65,113.01,60.59,174.56,0.41867,-1,-1,-1
736,128,418.87,185.93,48.89,156.24,0.42251,-1,-1,-1
736,137,324.90,207.05,59.42,166.05,0.40493,-1,-1,-1
737,4,1718.58,451.53,86.07,214.03,0.71171,-1,-1,-1
737,104,295.54,426.35,71.69,214.56,0.61787,-1,-1,-1
737,117,836.36,946.21,82.59,133.51,0.78259,-1,-1,-1
737,123,429.36,554.13,83.97,246.09,0.79506,-1,-1,-1
737,125,1219.32,712.49,84.95,250.59,0.76444,-1,-1,-1
737,124,1140.81,739.57,82.49,260.84,0.75131,-1,-1,-1
737,130,471.87,174.53,61.89,181.66,0.41484,-1,-1,-1
737,119,1576.37,596.13,103.09,230.20,0.50075,-1,-1,-1
737,136,548.64,112.61,60.98,175.44,0.41264,-1,-1,-1
737,128,418.64,186.47,48.83,155.91,0.40416,-1,-1,-1
737,137,326.03,208.70,59.13,165.58,0.42273,-1,-1,-1
738,4,1718.44,451.41,85.98,213.78,0.71666,-1,-1,-1
738,104,295.40,427.20,71.83,214.28,0.67408,-1,-1,-1
738,117,836.32,946.26,82.87,133.32,0.77713,-1,-1,-1
738,123,432.81,554.64,83.00,247.46,0.80043,-1,-1,-1
738,125,1217.61,709.59,85.62,254.58,0.76704,-1,-1,-1
738,124,1137.38,737.31,83.29,263.32,0.74972,-1,-1,-1
738,130,470.47,170.56,62.76,185.43,0.36374,-1,-1,-1
738,119,1572.78,595.36,103.28,229.92,0.54072,-1,-1,-1
738,136,548.95,110.63,61.96,177.97,0.42566,-1,-1,-1
738,128,417.20,186.57,49.25,156.92,0.38075,-1,-1,-1
738,137,327.53,211.22,58.18,162.87,0.41637,-1,-1,-1
738,115,788.29,140.46,48.14,169.91,0.33322,-1,-1,-1
739,4,1719.02,450.75,86.01,214.09,0.72081,-1,-1,-1
739,104,295.24,428.00,72.26,215.06,0.65588,-1,-1,-1
739,117,836.11,946.23,83.45,133.61,0.77989,-1,-1,-1
739,123,436.16,555.13,82.20,249.42,0.78804,-1,-1,-1
739,125,1216.04,707.46,86.11,258.25,0.75384,-1,-1,-1
739,124,1135.38,735.43,82.37,260.33,0.77986,-1,-1,-1
739,130,470.46,172.15,62.20,183.87,0.45251,-1,-1,-1
739,119,1571.55,590.87,104.91,233.86,0.60002,-1,-1,-1
739,136,549.52,113.63,61.27,175.12,0.47078,-1,-1,-1
739,128,415.35,186.08,49.67,157.83,0.42722,-1,-1,-1
739,137,328.07,210.93,58.37,163.35,0.42949,-1,-1,-1
739,115,788.04,139.91,48.01,170.33,0.30767,-1,-1,-1
740,4,1718.81,452.05,85.71,213.02,0.73531,-1,-1,-1
740,104,295.27,429.82,73.22,217.18,0.69292,-1,-1,-1
740,117,836.13,946.15,83.85,133.71,0.77573,-1,-1,-1
740,123,439.22,555.06,81.19,250.29,0.76757,-1,-1,-1
740,125,1214.23,706.01,86.39,261.61,0.75354,-1,-1,-1
740,124,1134.14,733.14,81.08,255.06,0.78089,-1,-1,-1
740,130,469.88,170.25,62.69,185.62,0.44645,-1,-1,-1
740,119,1571.30,593.38,103.74,230.95,0.60899,-1,-1,-1
740,136,549.70,112.41,61.79,176.17,0.52042,-1,-1,-1
740,128,414.14,186.90,50.38,159.39,0.42674,-1,-1,-1
740,137,328.46,208.15,59.25,165.98,0.37517,-1,-1,-1
741,4,1718.68,451.98,85.78,213.02,0.72946,-1,-1,-1
741,104,294.94,431.61,74.27,220.00,0.68921,-1,-1,-1
741,117,836.47,946.29,84.13,133.67,0.78213,-1,-1,-1
741,123,441.55,556.33,80.18,251.20,0.75671,-1,-1,-1
741,125,1212.89,705.32,85.67,261.50,0.74523,-1,-1,-1
741,124,1131.78,730.66,79.78,250.41,0.76596,-1,-1,-1
741,130,469.41,170.93,62.38,185.04,0.48122,-1,-1,-1
741,119,1571.63,593.52,103.52,230.89,0.62533,-1,-1,-1
741,136,550.56,111.65,62.12,176.88,0.46022,-1,-1,-1
741,128,412.65,189.46,51.10,160.93,0.41964,-1,-1,-1
741,137,329.68,208.10,58.50,164.08,0.36074,-1,-1,-1
742,4,1718.56,452.38,85.80,213.25,0.70609,-1,-1,-1
742,104,294.78,433.88,74.18,220.11,0.69518,-1,-1,-1
742,117,837.03,946.35,84.43,133.64,0.77618,-1,-1,-1
742,123,444.17,556.39,79.30,252.11,0.76987,-1,-1,-1
742,125,1209.21,704.90,85.76,261.67,0.75625,-1,-1,-1
742,124,1128.22,727.50,79.33,248.82,0.77129,-1,-1,-1
742,130,468.87,171.44,62.18,184.42,0.46079,-1,-1,-1
742,119,1572.08,593.42,103.53,231.25,0.64636,-1,-1,-1
742,136,551.42,111.51,62.08,177.06,0.33231,-1,-1,-1
742,128,411.91,194.23,50.97,158.59,0.51103,-1,-1,-1
742,137,331.49,208.92,57.29,161.11,0.32231,-1,-1,-1
743,4,1718.43,452.18,85.62,213.49,0.71869,-1,-1,-1
743,104,295.06,436.79,74.07,219.96,0.71226,-1,-1,-1
743,117,837.77,946.64,84.51,133.36,0.77220,-1,-1,-1
743,123,449.40,557.16,78.67,251.39,0.75771,-1,-1,-1
743,125,1205.10,704.86,85.79,261.13,0.74930,-1,-1,-1
743,124,1124.87,723.66,79.47,249.08,0.76702,-1,-1,-1
743,130,466.93,169.42,62.81,187.72,0.34511,-1,-1,-1
743,119,1571.53,591.95,104.05,232.53,0.59114,-1,-1,-1
743,136,551.16,106.79,63.41,181.65,0.30881,-1,-1,-1
743,128,411.87,198.69,50.63,156.12,0.53550,-1,-1,-1
744,4,1718.78,453.09,85.39,213.27,0.72873,-1,-1,-1
744,104,295.51,439.78,73.75,219.41,0.70506,-1,-1,-1
744,117,838.68,947.39,84.29,132.61,0.77517,-1,-1,-1
744,123,454.78,558.96,78.40,248.82,0.75170,-1,-1,-1
744,125,1201.28,704.44,85.70,260.66,0.73826,-1,-1,-1
744,124,1122.77,721.19,79.36,248.82,0.76981,-1,-1,-1
744,130,465.83,173.95,61.84,185.30,0.39166,-1,-1,-1
744,119,1571.34,592.93,103.50,231.50,0.63719,-1,-1,-1
744,136,551.98,110.11,62.44,178.94,0.35068,-1,-1,-1
744,128,411.54,200.79,50.95,156.06,0.52246,-1,-1,-1
744,137,332.95,209.53,56.71,159.91,0.34157,-1,-1,-1
745,4,1718.67,452.89,85.41,213.35,0.72637,-1,-1,-1
745,104,296.01,441.91,73.78,220.14,0.69837,-1,-1,-1
745,117,839.81,947.77,84.33,132.23,0.77399,-1,-1,-1
745,123,459.65,560.34,78.70,245.88,0.78840,-1,-1,-1
745,125,1199.06,704.69,85.13,258.45,0.74307,-1,-1,-1
745,124,1121.13,719.06,80.04,251.53,0.76881,-1,-1,-1
745,130,464.27,175.43,62.41,187.61,0.41329,-1,-1,-1
745,119,1571.83,592.88,103.46,231.69,0.64164,-1,-1,-1
745,136,552.23,110.35,62.29,178.83,0.38395,-1,-1,-1
745,128,410.88,202.64,51.51,157.44,0.54852,-1,-1,-1
745,137,333.65,211.26,55.87,158.12,0.34218,-1,-1,-1
746,4,1719.33,453.38,85.19,212.52,0.71084,-1,-1,-1
746,104,296.45,443.99,73.97,221.68,0.69755,-1,-1,-1
746,117,841.15,948.16,84.30,131.84,0.78220,-1,-1,-1
746,123,463.30,561.47,80.06,244.74,0.80449,-1,-1,-1
746,125,1196.14,702.96,85.47,259.02,0.75082,-1,-1,-1
746,124,1119.10,717.84,80.57,253.30,0.76493,-1,-1,-1
746,130,464.53,179.62,62.01,185.16,0.51160,-1,-1,-1
746,119,1573.09,595.12,102.39,229.54,0.66838,-1,-1,-1
746,128,409.16,202.31,52.12,159.92,0.51267,-1,-1,-1
746,137,334.78,213.82,54.68,154.44,0.32576,-1,-1,-1
747,4,1719.26,453.05,85.23,212.71,0.71099,-1,-1,-1
747,104,297.09,445.17,74.19,223.56,0.72364,-1,-1,-1
747,117,842.75,948.33,84.34,131.67,0.78629,-1,-1,-1
747,123,465.16,562.05,82.03,245.46,0.82017,-1,-1,-1
747,125,1191.26,700.93,86.72,262.42,0.75806,-1,-1,-1
747,124,1116.54,715.80,80.87,255.21,0.77624,-1,-1,-1
747,130,464.83,183.16,61.31,182.83,0.56211,-1,-1,-1
747,119,1571.79,592.37,103.73,232.34,0.59815,-1,-1,-1
747,128,409.36,203.70,51.53,157.92,0.54309,-1,-1,-1
747,137,335.05,213.90,54.73,154.38,0.35667,-1,-1,-1
748,4,1718.68,453.75,85.02,212.38,0.69996,-1,-1,-1
748,104,297.76,445.83,73.84,223.16,0.70882,-1,-1,-1
748,117,844.19,948.65,84.23,131.35,0.78996,-1,-1,-1
748,123,466.36,563.34,84.02,245.48,0.82120,-1,-1,-1
748,125,1188.05,698.71,85.98,260.01,0.80996,-1,-1,-1
748,124,1114.40,714.39,80.68,255.73,0.80408,-1,-1,-1
748,130,464.60,186.21,60.84,180.70,0.55057,-1,-1,-1
748,119,1568.68,595.17,103.54,231.17,0.52219,-1,-1,-1
748,128,408.65,203.53,51.72,159.05,0.55406,-1,-1,-1
748,137,334.78,209.84,56.25,158.53,0.42721,-1,-1,-1
749,4,1718.49,454.24,85.15,213.27,0.68390,-1,-1,-1
749,104,298.83,446.11,73.83,223.86,0.69851,-1,-1,-1
749,117,846.18,949.69,83.67,130.31,0.78897,-1,-1,-1
749,123,467.52,564.62,86.24,246.20,0.80974,-1,-1,-1
749,125,1186.02,696.64,83.75,252.10,0.81102,-1,-1,-1
749,124,1112.57,712.37,80.25,255.88,0.82597,-1,-1,-1
749,130,463.72,187.85,60.80,181.17,0.57571,-1,-1,-1
749,119,1569.94,590.55,104.91,234.50,0.58704,-1,-1,-1
749,128,408.09,204.47,51.14,158.01,0.53032,-1,-1,-1
749,137,334.24,209.91,56.49,159.26,0.36733,-1,-1,-1
750,4,1718.35,453.79,85.34,213.80,0.70851,-1,-1,-1
750,104,299.77,446.85,73.45,223.07,0.69830,-1,-1,-1
750,117,848.61,951.21,82.73,128.79,0.76903,-1,-1,-1
750,123,467.97,565.12,88.39,247.11,0.81531,-1,-1,-1
750,125,1183.12,693.69,84.91,255.46,0.78800,-1,-1,-1
750,124,1110.78,711.42,80.18,257.17,0.81726,-1,-1,-1
750,130,462.77,187.23,61.60,184.22,0.50222,-1,-1,-1
750,119,1571.14,591.50,104.13,233.13,0.62276,-1,-1,-1
750,128,408.03,203.76,51.67,159.67,0.55141,-1,-1,-1
750,137,333.76,208.23,56.83,160.67,0.37032,-1,-1,-1
751,4,1717.49,454.65,84.84,212.09,0.68329,-1,-1,-1
751,104,301.28,447.17,73.23,221.95,0.70215,-1,-1,-1
751,117,851.18,952.21,82.18,127.79,0.76634,-1,-1,-1
751,123,468.12,565.71,90.00,246.84,0.81094,-1,-1,-1
751,125,1181.39,689.38,82.58,248.06,0.79940,-1,-1,-1
751,124,1107.79,709.42,78.91,255.20,0.80504,-1,-1,-1
751,130,462.59,193.21,60.56,180.95,0.47524,-1,-1,-1
751,119,1571.64,592.04,103.82,232.36,0.61811,-1,-1,-1
751,128,408.25,203.92,51.03,158.24,0.50340,-1,-1,-1
751,137,333.50,206.48,56.88,161.17,0.38820,-1,-1,-1
751,126,270.37,206.91,50.12,165.16,0.42274,-1,-1,-1
752,4,1716.94,454.05,85.22,213.06,0.69030,-1,-1,-1
752,104,302.07,447.88,73.40,221.76,0.72278,-1,-1,-1
752,117,853.13,952.35,82.18,127.65,0.76925,-1,-1,-1
752,123,470.00,565.97,91.10,246.38,0.78639,-1,-1,-1
752,125,1179.60,685.39,81.30,244.05,0.77071,-1,-1,-1
752,124,1105.29,709.47,78.39,254.84,0.78646,-1,-1,-1
752,130,462.09,194.89,60.70,180.99,0.46957,-1,-1,-1
752,119,1569.43,594.28,103.50,231.48,0.53526,-1,-1,-1
752,128,407.92,204.62,50.76,158.05,0.46996,-1,-1,-1
752,137,333.35,204.99,57.04,162.26,0.36055,-1,-1,-1
752,126,269.82,207.54,51.24,164.71,0.40761,-1,-1,-1
753,4,1716.22,453.18,85.56,214.13,0.67751,-1,-1,-1
753,104,302.79,448.66,73.37,220.40,0.72562,-1,-1,-1
753,117,854.98,952.59,82.12,127.41,0.77321,-1,-1,-1
753,123,471.99,566.31,91.84,246.09,0.75598,-1,-1,-1
753,125,1175.34,680.67,82.67,248.29,0.74735,-1,-1,-1
753,124,1103.30,707.85,78.00,255.64,0.77852,-1,-1,-1
753,130,460.77,194.67,61.04,182.11,0.45598,-1,-1,-1
753,119,1570.76,592.40,103.90,232.20,0.57781,-1,-1,-1
753,128,407.71,205.74,49.79,155.43,0.51170,-1,-1,-1
753,137,332.48,202.02,57.91,165.19,0.35261,-1,-1,-1
753,126,269.93,206.20,52.14,165.90,0.36649,-1,-1,-1
754,4,1716.11,453.73,85.15,212.86,0.67091,-1,-1,-1
754,104,303.38,449.90,73.10,217.67,0.71931,-1,-1,-1
754,117,856.82,952.50,82.16,127.26,0.77834,-1,-1,-1
754,123,474.98,566.48,91.88,246.22,0.72687,-1,-1,-1
754,125,1172.55,676.88,83.50,250.98,0.75081,-1,-1,-1
754,124,1101.00,704.86,78.59,259.67,0.78219,-1,-1,-1
754,130,460.40,193.59,61.44,183.66,0.41684,-1,-1,-1
754,119,1570.29,591.70,104.24,232.92,0.50801,-1,-1,-1
754,128,406.59,205.08,49.94,156.53,0.49982,-1,-1,-1
754,137,331.98,201.82,57.93,165.53,0.31192,-1,-1,-1
754,126,267.83,204.80,52.60,169.05,0.38111,-1,-1,-1
755,4,1715.61,452.64,85.20,213.76,0.67578,-1,-1,-1
755,104,303.82,451.12,73.18,215.98,0.73561,-1,-1,-1
755,117,858.67,952.40,82.38,127.51,0.77872,-1,-1,-1
755,123,477.48,567.40,91.23,246.51,0.72193,-1,-1,-1
755,125,1169.36,673.23,84.72,255.41,0.75748,-1,-1,-1
755,124,1098.97,702.26,78.09,259.69,0.76510,-1,-1,-1
755,130,458.18,192.16,62.56,186.73,0.40076,-1,-1,-1
755,119,1570.98,590.93,104.51,233.94,0.59524,-1,-1,-1
755,128,406.38,207.15,49.45,154.35,0.43001,-1,-1,-1
755,126,269.35,203.72,53.13,169.05,0.31844,-1,-1,-1
756,4,1715.43,453.41,85.06,214.21,0.67319,-1,-1,-1
756,104,304.55,452.60,73.70,215.02,0.73456,-1,-1,-1
756,117,859.99,952.25,82.68,127.56,0.77958,-1,-1,-1
756,123,481.97,567.52,89.91,247.25,0.69937,-1,-1,-1
756,125,1167.25,671.61,85.29,257.94,0.77017,-1,-1,-1
756,124,1098.30,698.30,75.79,252.69,0.76104,-1,-1,-1
756,130,457.71,192.75,62.13,185.06,0.46031,-1,-1,-1
756,119,1570.53,589.87,104.82,234.99,0.57462,-1,-1,-1
756,128,405.15,207.22,49.65,154.48,0.46584,-1,-1,-1
756,126,270.07,202.69,53.51,169.03,0.32639,-1,-1,-1
757,4,1715.74,453.40,84.42,213.65,0.68136,-1,-1,-1
757,104,304.23,454.79,74.88,216.56,0.74460,-1,-1,-1
757,117,861.39,953.16,82.56,126.78,0.78131,-1,-1,-1
757,123,488.87,567.28,87.62,246.05,0.71013,-1,-1,-1
757,125,1166.21,670.59,85.29,258.81,0.77188,-1,-1,-1
757,124,1097.32,694.49,74.65,248.57,0.76030,-1,-1,-1
757,130,455.78,190.82,63.06,186.62,0.50417,-1,-1,-1
757,119,1570.63,593.27,103.71,232.39,0.46182,-1,-1,-1
757,128,404.06,205.39,50.69,157.85,0.44747,-1,-1,-1
758,4,1715.88,453.03,83.82,213.33,0.70964,-1,-1,-1
758,104,303.40,457.71,76.15,218.83,0.74856,-1,-1,-1
758,117,862.66,953.51,82.76,126.47,0.77228,-1,-1,-1
758,123,494.09,566.05,86.41,247.53,0.71832,-1,-1,-1
758,125,1165.19,670.40,85.33,258.94,0.76985,-1,-1,-1
758,124,1096.85,691.01,72.77,240.34,0.76667,-1,-1,-1
758,130,454.73,189.34,64.12,189.42,0.47806,-1,-1,-1
758,119,1570.51,591.29,104.42,233.37,0.43888,-1,-1,-1
758,128,403.28,205.08,51.49,161.19,0.47070,-1,-1,-1
758,126,271.40,201.08,53.86,170.21,0.31739,-1,-1,-1
759,4,1716.01,452.87,83.27,213.24,0.69152,-1,-1,-1
759,104,302.66,459.12,77.54,221.95,0.75011,-1,-1,-1
759,117,864.78,954.37,82.74,125.62,0.75563,-1,-1,-1
759,123,499.00,565.54,85.08,248.78,0.71540,-1,-1,-1
759,125,1163.50,670.16,85.96,259.79,0.75837,-1,-1,-1
759,124,1095.12,688.12,73.04,240.19,0.75035,-1,-1,-1
759,130,454.00,188.89,64.40,189.36,0.47701,-1,-1,-1
759,119,1570.80,593.10,103.73,231.11,0.54896,-1,-1,-1
759,128,403.16,205.71,51.64,162.54,0.51502,-1,-1,-1
760,4,1716.12,452.92,82.66,212.96,0.69947,-1,-1,-1
760,104,302.38,461.94,78.32,223.50,0.73420,-1,-1,-1
760,117,866.90,954.69,83.20,125.31,0.75620,-1,-1,-1
760,123,504.09,565.20,83.86,249.52,0.72485,-1,-1,-1
760,125,1161.92,669.13,86.23,259.61,0.76477,-1,-1,-1
760,124,1092.98,686.48,74.10,242.86,0.74664,-1,-1,-1
760,130,452.97,187.32,64.79,189.26,0.47865,-1,-1,-1
760,119,1571.47,593.81,103.44,230.27,0.63392,-1,-1,-1
760,128,403.49,206.93,52.47,165.71,0.49176,-1,-1,-1
760,126,273.52,204.31,52.51,166.94,0.37412,-1,-1,-1
761,4,1715.36,453.10,82.07,212.12,0.71505,-1,-1,-1
761,104,302.22,464.43,78.47,223.19,0.71341,-1,-1,-1
761,117,868.63,954.77,83.87,125.23,0.77265,-1,-1,-1
761,123,508.91,565.39,82.51,248.88,0.74892,-1,-1,-1
761,125,1159.47,667.86,86.96,260.95,0.76545,-1,-1,-1
761,124,1090.72,685.11,74.48,243.41,0.74192,-1,-1,-1
761,130,452.63,189.26,64.52,186.54,0.49938,-1,-1,-1
761,119,1571.18,594.46,103.33,229.57,0.60889,-1,-1,-1
761,128,403.61,207.90,52.94,167.56,0.41289,-1,-1,-1
762,4,1715.80,453.67,81.33,210.87,0.70458,-1,-1,-1
762,104,302.05,466.81,78.56,223.06,0.72766,-1,-1,-1
762,117,869.69,955.19,84.11,124.81,0.77732,-1,-1,-1
762,123,513.55,566.84,81.29,247.35,0.77143,-1,-1,-1
762,125,1157.17,666.81,87.44,261.89,0.75258,-1,-1,-1
762,124,1088.44,683.19,74.94,244.94,0.74476,-1,-1,-1
762,130,452.93,191.47,64.70,185.86,0.50337,-1,-1,-1
762,119,1571.29,594.25,103.70,230.26,0.62674,-1,-1,-1
762,128,404.25,208.90,53.49,169.40,0.50952,-1,-1,-1
762,126,274.55,204.31,51.68,165.88,0.38491,-1,-1,-1
763,4,1716.75,454.46,81.30,211.54,0.71124,-1,-1,-1
763,104,301.14,468.68,78.80,224.06,0.74220,-1,-1,-1
763,117,870.27,955.65,84.33,124.35,0.77770,-1,-1,-1
763,123,517.21,567.62,80.42,246.26,0.76414,-1,-1,-1
763,125,1154.65,664.69,87.04,261.05,0.75031,-1,-1,-1
763,124,1084.54,682.20,75.90,246.67,0.74749,-1,-1,-1
763,130,453.91,199.05,62.76,179.98,0.48452,-1,-1,-1
763,119,1570.86,594.34,103.74,230.21,0.60350,-1,-1,-1
763,128,404.49,209.43,53.62,170.29,0.52476,-1,-1,-1
763,126,275.22,201.14,51.96,168.55,0.41901,-1,-1,-1
763,137,330.50,202.27,57.44,164.86,0.30361,-1,-1,-1
764,4,1717.09,454.01,81.22,211.94,0.72144,-1,-1,-1
764,104,299.25,469.32,79.46,226.65,0.74134,-1,-1,-1
764,117,870.72,956.27,84.38,123.73,0.77326,-1,-1,-1
764,123,519.97,568.24,79.90,245.50,0.75663,-1,-1,-1
764,125,1152.12,661.01,87.20,261.66,0.75670,-1,-1,-1
764,124,1081.79,680.01,77.10,250.79,0.74604,-1,-1,-1
764,130,454.06,202.86,62.31,178.90,0.53026,-1,-1,-1
764,119,1570.68,593.41,104.11,231.08,0.53722,-1,-1,-1
764,128,403.78,208.94,54.18,172.57,0.52552,-1,-1,-1
764,126,275.29,197.29,52.39,172.37,0.39557,-1,-1,-1
765,4,1717.21,453.46,81.26,213.03,0.71332,-1,-1,-1
765,104,297.79,469.95,79.82,228.92,0.71247,-1,-1,-1
765,117,870.88,956.90,84.35,123.10,0.76918,-1,-1,-1
765,123,523.18,568.47,80.42,245.70,0.74791,-1,-1,-1
765,125,1149.98,659.82,86.60,259.86,0.74239,-1,-1,-1
765,124,1079.05,678.19,77.72,253.15,0.73386,-1,-1,-1
765,130,454.09,204.96,62.30,179.31,0.54566,-1,-1,-1
765,119,1570.92,593.01,104.18,231.22,0.55252,-1,-1,-1
765,128,402.31,209.23,54.60,173.64,0.50266,-1,-1,-1
765,126,275.67,191.46,53.40,178.30,0.34533,-1,-1,-1
765,136,543.99,107.92,65.51,181.82,0.35359,-1,-1,-1
766,4,1717.46,454.85,80.16,210.74,0.74098,-1,-1,-1
766,104,295.93,470.68,79.27,228.87,0.63553,-1,-1,-1
766,117,871.15,957.00,84.55,123.00,0.75828,-1,-1,-1
766,123,527.60,569.38,81.50,245.53,0.74855,-1,-1,-1
766,125,1147.93,657.14,86.19,257.55,0.72263,-1,-1,-1
766,124,1076.85,677.25,78.52,255.10,0.72157,-1,-1,-1
766,130,452.99,204.11,63.35,183.48,0.48578,-1,-1,-1
766,119,1570.43,591.68,104.80,232.80,0.60365,-1,-1,-1
766,128,401.33,210.56,54.37,172.40,0.48791,-1,-1,-1
766,126,277.59,196.41,51.73,173.16,0.38046,-1,-1,-1
766,137,325.81,194.64,59.06,171.11,0.36174,-1,-1,-1
767,4,1717.46,455.24,80.08,211.20,0.72808,-1,-1,-1
767,104,294.54,471.86,78.55,228.02,0.59713,-1,-1,-1
767,117,871.08,957.36,84.66,122.64,0.75936,-1,-1,-1
767,123,528.68,569.70,82.51,246.37,0.75639,-1,-1,-1
767,125,1145.82,653.91,85.14,253.96,0.71626,-1,-1,-1
767,124,1074.94,675.49,78.80,255.52,0.73597,-1,-1,-1
767,130,452.27,203.52,63.69,185.70,0.47845,-1,-1,-1
767,119,1574.87,596.00,102.15,229.80,0.50432,-1,-1,-1
767,128,400.97,211.00,54.51,172.53,0.45353,-1,-1,-1
767,126,278.55,196.95,51.08,171.01,0.38174,-1,-1,-1
767,137,326.72,193.44,58.88,171.89,0.37983,-1,-1,-1
768,4,1717.96,453.71,80.24,212.77,0.71285,-1,-1,-1
768,104,293.30,472.82,77.85,226.99,0.60110,-1,-1,-1
768,117,871.26,957.51,84.88,122.49,0.77040,-1,-1,-1
768,123,528.89,569.87,83.38,246.86,0.76211,-1,-1,-1
768,125,1143.53,650.82,83.72,249.06,0.74933,-1,-1,-1
768,124,1073.82,673.70,78.90,255.75,0.74192,-1,-1,-1
768,130,450.76,200.29,65.24,191.53,0.50781,-1,-1,-1
768,119,1572.34,592.33,103.46,232.65,0.54866,-1,-1,-1
768,128,401.24,209.77,54.81,174.05,0.39836,-1,-1,-1
768,126,279.10,193.96,51.67,173.31,0.36312,-1,-1,-1
768,137,326.29,192.99,58.11,169.86,0.36534,-1,-1,-1
769,4,1718.44,454.03,79.32,211.14,0.72656,-1,-1,-1
769,104,292.93,473.33,77.58,226.77,0.65444,-1,-1,-1
769,117,871.53,958.13,84.93,121.87,0.77552,-1,-1,-1
769,123,529.44,571.51,83.65,245.08,0.75934,-1,-1,-1
769,125,1141.31,648.05,82.32,244.99,0.79153,-1,-1,-1
769,124,1071.17,670.96,78.67,254.42,0.78259,-1,-1,-1
769,130,450.17,196.73,66.07,195.77,0.40544,-1,-1,-1
769,119,1570.95,593.91,102.29,232.26,0.38875,-1,-1,-1
769,128,401.50,206.47,55.71,177.52,0.35920,-1,-1,-1
769,126,279.83,196.00,50.73,170.44,0.33530,-1,-1,-1
769,137,327.79,193.21,57.27,168.13,0.33480,-1,-1,-1
770,4,1719.19,454.88,78.61,209.96,0.72696,-1,-1,-1
770,104,292.99,474.18,76.97,225.31,0.63631,-1,-1,-1
770,117,871.84,957.66,85.69,122.34,0.78767,-1,-1,-1
770,123,529.74,571.88,84.45,244.79,0.76968,-1,-1,-1
770,125,1139.46,646.07,81.03,241.55,0.81723,-1,-1,-1
770,124,1067.92,669.33,78.13,251.75,0.79797,-1,-1,-1
770,130,450.12,197.40,65.42,195.02,0.38839,-1,-1,-1
770,119,1573.72,594.89,101.12,231.37,0.42536,-1,-1,-1
770,128,402.02,207.55,55.40,177.72,0.36169,-1,-1,-1
770,126,280.31,198.38,49.89,167.39,0.33158,-1,-1,-1
770,137,327.46,192.81,56.72,166.93,0.30996,-1,-1,-1
771,4,1719.97,453.40,79.08,212.51,0.72575,-1,-1,-1
771,104,292.01,474.51,76.55,224.58,0.66939,-1,-1,-1
771,117,872.07,957.74,86.06,122.26,0.79108,-1,-1,-1
771,123,529.92,572.18,84.94,244.09,0.76072,-1,-1,-1
771,125,1137.29,644.30,80.93,241.91,0.80685,-1,-1,-1
771,124,1066.07,667.18,76.56,244.71,0.80503,-1,-1,-1
771,130,449.97,199.64,64.65,194.20,0.51522,-1,-1,-1
771,119,1569.32,598.41,100.80,228.54,0.43554,-1,-1,-1
771,128,402.02,207.55,55.14,178.04,0.34535,-1,-1,-1
771,126,280.92,200.40,48.97,164.15,0.33383,-1,-1,-1
771,137,330.51,194.71,56.91,166.45,0.30720,-1,-1,-1
772,4,1720.71,453.35,78.60,212.23,0.72560,-1,-1,-1
772,104,291.70,475.64,75.98,223.40,0.66683,-1,-1,-1
772,117,872.65,957.98,86.42,122.02,0.79369,-1,-1,-1
772,123,530.92,571.64,85.30,243.54,0.74936,-1,-1,-1
772,125,1135.23,642.05,81.56,244.60,0.78545,-1,-1,-1
772,124,1064.56,664.70,76.33,241.81,0.80029,-1,-1,-1
772,130,450.45,201.77,63.58,192.02,0.51928,-1,-1,-1
772,119,1569.47,590.54,103.70,234.70,0.54116,-1,-1,-1
772,128,402.32,211.24,53.81,174.50,0.40291,-1,-1,-1
773,4,1720.36,452.29,78.06,212.01,0.73181,-1,-1,-1
773,104,291.76,476.51,75.72,222.77,0.68139,-1,-1,-1
773,117,872.83,958.06,86.75,121.94,0.80293,-1,-1,-1
773,123,533.95,570.64,85.43,243.61,0.72827,-1,-1,-1
773,125,1133.46,640.66,81.54,245.60,0.76592,-1,-1,-1
773,124,1062.37,661.50,75.73,239.11,0.81135,-1,-1,-1
773,130,450.88,205.24,62.15,188.04,0.44612,-1,-1,-1
773,119,1571.14,597.34,100.99,228.64,0.48849,-1,-1,-1
773,128,402.60,213.02,52.46,170.57,0.41758,-1,-1,-1
774,4,1720.98,452.10,77.53,212.01,0.71909,-1,-1,-1
774,104,291.85,477.60,75.71,222.13,0.71738,-1,-1,-1
774,117,873.06,958.01,87.21,121.99,0.79874,-1,-1,-1
774,123,536.34,569.96,85.29,244.09,0.72122,-1,-1,-1
774,125,1131.84,639.56,81.56,245.94,0.76099,-1,-1,-1
774,124,1059.72,660.17,75.22,237.55,0.77591,-1,-1,-1
774,130,450.96,204.56,61.81,187.76,0.38160,-1,-1,-1
774,119,1571.94,599.18,100.27,227.21,0.51075,-1,-1,-1
774,128,401.64,213.21,52.50,171.47,0.39811,-1,-1,-1
775,4,1721.42,452.80,76.55,210.45,0.73018,-1,-1,-1
775,104,291.28,478.63,75.86,222.21,0.74143,-1,-1,-1
775,117,873.17,957.92,87.65,122.08,0.80512,-1,-1,-1
775,123,539.85,570.12,84.60,243.76,0.70061,-1,-1,-1
775,125,1128.28,638.64,82.80,249.01,0.77548,-1,-1,-1
775,124,1056.61,658.13,75.25,237.98,0.75514,-1,-1,-1
775,130,450.43,203.63,61.66,187.99,0.43517,-1,-1,-1
775,119,1569.24,597.45,101.43,229.20,0.48502,-1,-1,-1
775,128,401.59,217.46,51.75,168.80,0.44847,-1,-1,-1
776,4,1721.34,452.51,76.28,210.87,0.73795,-1,-1,-1
776,104,290.47,479.92,76.11,222.68,0.74950,-1,-1,-1
776,117,873.20,958.59,87.53,121.41,0.79183,-1,-1,-1
776,123,543.53,570.95,83.32,242.97,0.69320,-1,-1,-1
776,125,1126.69,636.96,83.41,251.68,0.77884,-1,-1,-1
776,124,1053.55,654.91,75.52,239.86,0.76325,-1,-1,-1
776,130,449.83,201.91,61.96,189.46,0.39558,-1,-1,-1
776,119,1569.83,597.87,101.25,228.65,0.55073,-1,-1,-1
776,128,400.63,216.44,52.10,170.76,0.42949,-1,-1,-1
777,4,1721.88,452.37,75.70,210.38,0.73626,-1,-1,-1
777,104,289.44,480.98,76.96,225.34,0.76800,-1,-1,-1
777,117,873.82,959.22,87.38,120.78,0.78703,-1,-1,-1
777,123,547.02,571.44,82.43,243.89,0.70992,-1,-1,-1
777,125,1124.51,635.46,83.72,253.57,0.71376,-1,-1,-1
777,124,1050.87,652.12,76.47,243.62,0.75168,-1,-1,-1
777,119,1569.89,595.94,101.95,229.95,0.49486,-1,-1,-1
777,128,401.09,218.13,51.56,169.58,0.34613,-1,-1,-1
778,4,1722.03,452.46,75.39,210.38,0.74919,-1,-1,-1
778,104,289.32,483.47,76.77,225.06,0.75823,-1,-1,-1
778,117,874.10,959.26,87.66,120.74,0.78876,-1,-1,-1
778,123,551.77,571.75,81.05,244.92,0.71703,-1,-1,-1
778,125,1123.70,633.86,83.28,253.44,0.73131,-1,-1,-1
778,124,1049.10,649.72,77.02,246.49,0.75827,-1,-1,-1
778,119,1570.17,592.63,103.12,232.22,0.59830,-1,-1,-1
778,136,546.40,119.16,61.80,170.41,0.33467,-1,-1,-1
778,130,448.52,203.16,61.41,187.62,0.31575,-1,-1,-1
779,4,1721.69,452.21,75.36,210.88,0.74519,-1,-1,-1
779,104,288.80,486.32,76.46,224.57,0.75768,-1,-1,-1
779,117,874.40,959.21,87.92,120.79,0.79025,-1,-1,-1
779,123,556.49,571.97,80.40,248.23,0.72024,-1,-1,-1
779,125,1119.76,632.01,83.64,254.22,0.72656,-1,-1,-1
779,124,1047.19,646.90,77.57,249.62,0.75583,-1,-1,-1
779,119,1570.76,589.40,104.20,234.97,0.60099,-1,-1,-1
779,128,399.36,222.22,52.02,170.75,0.35144,-1,-1,-1
780,4,1721.94,452.14,75.30,211.39,0.74516,-1,-1,-1
780,104,288.59,489.14,76.39,225.00,0.75329,-1,-1,-1
780,117,874.30,959.34,88.04,120.66,0.78248,-1,-1,-1
780,123,560.64,572.52,78.48,247.32,0.70347,-1,-1,-1
780,125,1117.26,629.64,84.00,255.51,0.74277,-1,-1,-1
780,124,1045.75,645.61,77.62,250.85,0.75341,-1,-1,-1
780,119,1570.44,588.16,104.57,235.81,0.61502,-1,-1,-1
780,128,399.29,224.64,51.93,170.32,0.38898,-1,-1,-1
781,4,1722.23,451.69,74.99,211.38,0.73917,-1,-1,-1
781,104,288.20,490.98,76.57,226.28,0.76405,-1,-1,-1
781,117,874.35,959.14,88.25,120.86,0.78051,-1,-1,-1
781,123,563.18,571.26,78.40,252.16,0.68562,-1,-1,-1
781,125,1113.78,627.31,84.02,255.53,0.76370,-1,-1,-1
781,124,1045.05,647.30,76.15,245.37,0.75011,-1,-1,-1
781,119,1571.43,589.93,103.58,233.70,0.66075,-1,-1,-1
781,128,399.89,224.63,52.15,171.12,0.36632,-1,-1,-1
781,130,447.77,214.31,59.75,184.50,0.33564,-1,-1,-1
782,4,1722.07,451.32,74.78,211.17,0.73881,-1,-1,-1
782,104,288.00,492.54,77.28,229.56,0.77188,-1,-1,-1
782,117,874.41,958.79,88.44,121.21,0.77251,-1,-1,-1
782,123,564.76,572.02,78.33,256.04,0.63479,-1,-1,-1
782,125,1111.43,624.96,82.00,249.08,0.77573,-1,-1,-1
782,124,1043.14,645.49,76.53,247.52,0.74346,-1,-1,-1
782,119,1571.01,591.37,103.14,232.42,0.58656,-1,-1,-1
782,128,400.43,226.47,51.75,169.16,0.38250,-1,-1,-1
782,130,446.70,215.30,59.90,185.83,0.32429,-1,-1,-1
783,4,1722.59,451.92,74.71,210.98,0.71928,-1,-1,-1
783,104,287.82,493.79,77.90,232.84,0.77494,-1,-1,-1
783,117,874.64,958.36,88.55,121.64,0.76776,-1,-1,-1
783,123,567.27,572.56,77.96,258.43,0.63899,-1,-1,-1
783,125,1109.92,622.38,80.32,243.99,0.75658,-1,-1,-1
783,124,1042.05,644.54,76.42,248.19,0.73844,-1,-1,-1
783,119,1571.84,592.54,102.74,231.32,0.65128,-1,-1,-1
783,128,399.03,224.47,52.02,170.00,0.38152,-1,-1,-1
783,130,445.34,216.43,60.45,188.03,0.38021,-1,-1,-1
784,4,1722.39,451.92,74.97,211.96,0.71114,-1,-1,-1
784,104,287.93,494.82,77.93,234.14,0.76500,-1,-1,-1
784,117,874.86,958.21,88.33,121.79,0.75276,-1,-1,-1
784,123,571.41,572.99,74.58,249.36,0.55886,-1,-1,-1
784,125,1107.52,619.24,79.00,239.60,0.76949,-1,-1,-1
784,124,1040.91,643.37,75.28,246.10,0.74397,-1,-1,-1
784,119,1572.74,595.83,101.35,228.15,0.69701,-1,-1,-1
784,128,399.53,226.86,51.64,168.99,0.46611,-1,-1,-1
784,130,445.91,217.47,60.88,188.79,0.36490,-1,-1,-1
785,4,1722.51,452.00,74.86,211.66,0.72478,-1,-1,-1
785,104,288.38,495.78,77.54,234.11,0.76638,-1,-1,-1
785,117,875.14,957.07,88.54,122.93,0.76303,-1,-1,-1
785,123,575.71,573.41,72.53,245.32,0.57978,-1,-1,-1
785,125,1105.13,616.19,78.97,239.32,0.75058,-1,-1,-1
785,124,1039.87,642.02,74.89,246.07,0.74865,-1,-1,-1
785,119,1572.12,594.33,102.06,229.78,0.62800,-1,-1,-1
785,128,399.15,227.31,51.56,169.04,0.46349,-1,-1,-1
785,130,445.50,218.29,61.51,190.10,0.41706,-1,-1,-1
786,4,1722.22,451.45,74.72,211.79,0.72751,-1,-1,-1
786,104,288.72,496.90,77.04,233.31,0.76632,-1,-1,-1
786,117,875.25,956.47,88.24,123.53,0.75669,-1,-1,-1
786,123,579.91,575.10,70.88,241.40,0.58349,-1,-1,-1
786,125,1102.18,614.89,78.40,238.26,0.75060,-1,-1,-1
786,124,1038.64,639.95,74.24,245.09,0.73168,-1,-1,-1
786,119,1571.38,594.08,102.23,230.23,0.64922,-1,-1,-1
786,128,399.10,229.04,50.96,167.06,0.47284,-1,-1,-1
786,130,445.15,220.12,61.49,189.74,0.43891,-1,-1,-1
786,138,470.47,72.15,60.82,174.62,0.38198,-1,-1,-1
787,4,1722.79,452.25,74.55,211.31,0.72412,-1,-1,-1
787,104,289.50,497.96,76.55,231.85,0.74924,-1,-1,-1
787,117,875.54,955.81,87.82,124.19,0.76948,-1,-1,-1
787,123,585.70,577.07,70.65,238.61,0.59388,-1,-1,-1
787,125,1099.99,612.08,79.05,241.89,0.78279,-1,-1,-1
787,124,1036.74,636.95,73.73,244.36,0.74275,-1,-1,-1
787,119,1571.77,594.87,101.99,229.45,0.65982,-1,-1,-1
787,128,398.94,231.77,50.28,164.56,0.48537,-1,-1,-1
787,130,444.58,221.33,61.24,187.34,0.42686,-1,-1,-1
787,138,469.92,71.93,61.97,177.83,0.42604,-1,-1,-1
787,126,280.96,191.03,50.79,174.28,0.30798,-1,-1,-1
788,4,1722.71,452.53,74.56,211.61,0.70827,-1,-1,-1
788,104,289.73,499.14,76.22,230.27,0.74043,-1,-1,-1
788,117,875.36,955.39,87.34,124.61,0.77288,-1,-1,-1
788,123,589.15,578.78,70.88,238.01,0.54031,-1,-1,-1
788,125,1097.76,610.50,79.45,244.61,0.76469,-1,-1,-1
788,124,1035.07,634.18,72.34,239.87,0.73801,-1,-1,-1
788,119,1572.95,594.49,102.03,229.67,0.67767,-1,-1,-1
788,128,396.77,226.50,51.68,169.05,0.46344,-1,-1,-1
788,130,443.97,222.33,61.25,187.16,0.49953,-1,-1,-1
788,138,469.61,72.85,62.59,179.58,0.44614,-1,-1,-1
788,136,544.80,112.13,64.36,179.07,0.31720,-1,-1,-1
789,4,1722.98,452.82,74.81,212.73,0.72238,-1,-1,-1
789,104,289.73,500.58,75.97,228.38,0.74582,-1,-1,-1
789,117,875.43,955.48,86.56,124.52,0.76877,-1,-1,-1
789,123,592.03,580.59,70.99,236.41,0.59195,-1,-1,-1
789,125,1094.90,608.78,80.42,248.66,0.79166,-1,-1,-1
789,124,1033.12,631.24,71.46,235.86,0.72653,-1,-1,-1
789,119,1571.82,594.43,102.32,229.98,0.66589,-1,-1,-1
789,128,397.23,228.11,51.90,168.65,0.45611,-1,-1,-1
789,130,443.38,223.04,60.82,186.50,0.48259,-1,-1,-1
789,138,468.95,73.85,64.13,183.94,0.46253,-1,-1,-1
789,136,544.74,114.35,63.52,178.07,0.32078,-1,-1,-1
790,4,1722.57,452.32,74.46,212.53,0.72822,-1,-1,-1
790,104,290.18,501.72,75.46,225.63,0.74428,-1,-1,-1
790,117,875.29,954.18,86.73,125.82,0.77390,-1,-1,-1
790,123,594.17,582.08,71.15,235.49,0.59516,-1,-1,-1
790,125,1093.44,607.29,80.83,250.70,0.78090,-1,-1,-1
790,124,1032.75,629.24,68.88,225.09,0.71821,-1,-1,-1
790,119,1571.62,594.11,102.38,229.96,0.67145,-1,-1,-1
790,128,398.49,230.79,52.03,168.51,0.41612,-1,-1,-1
790,130,443.57,224.65,60.28,185.37,0.41691,-1,-1,-1
790,138,470.23,73.73,64.06,183.91,0.46154,-1,-1,-1
790,136,545.36,114.33,63.16,177.71,0.30383,-1,-1,-1
791,4,1722.49,452.78,74.56,212.92,0.73289,-1,-1,-1
791,104,290.00,502.54,75.63,225.07,0.73949,-1,-1,-1
791,117,875.81,953.85,86.00,126.15,0.75724,-1,-1,-1
791,123,596.95,583.20,71.21,234.06,0.60742,-1,-1,-1
791,125,1092.23,606.47,81.48,252.74,0.76857,-1,-1,-1
791,124,1031.16,626.84,69.36,224.93,0.73017,-1,-1,-1
791,119,1570.77,593.58,102.70,230.68,0.70266,-1,-1,-1
791,128,397.79,231.50,52.37,169.01,0.41325,-1,-1,-1
791,130,442.83,223.68,60.45,185.59,0.45862,-1,-1,-1
791,138,470.76,72.87,63.77,183.24,0.42889,-1,-1,-1
791,136,545.58,112.75,63.30,178.81,0.33676,-1,-1,-1
792,4,1722.26,452.59,74.40,212.61,0.74889,-1,-1,-1
792,104,289.70,503.60,75.80,224.55,0.74397,-1,-1,-1
792,117,876.15,953.33,85.17,126.67,0.75796,-1,-1,-1
792,123,598.68,584.10,71.43,233.10,0.59162,-1,-1,-1
792,125,1091.54,606.07,82.26,254.87,0.76642,-1,-1,-1
792,124,1028.46,624.11,71.56,231.46,0.74431,-1,-1,-1
792,119,1569.62,591.07,103.82,233.23,0.67794,-1,-1,-1
792,128,396.95,232.94,53.04,170.16,0.42764,-1,-1,-1
792,130,442.43,224.87,60.42,185.30,0.44891,-1,-1,-1
792,138,470.25,72.39,64.78,186.53,0.39908,-1,-1,-1
792,136,546.14,112.72,62.93,179.08,0.32247,-1,-1,-1
793,4,1722.34,452.47,74.11,212.22,0.73729,-1,-1,-1
793,104,289.57,506.12,76.32,225.34,0.72072,-1,-1,-1
793,117,876.26,952.59,84.47,127.41,0.75870,-1,-1,-1
793,123,601.04,585.32,70.84,229.92,0.59720,-1,-1,-1
793,125,1090.76,605.43,82.62,255.73,0.78046,-1,-1,-1
793,124,1025.69,620.83,73.56,237.81,0.75964,-1,-1,-1
793,119,1569.74,591.69,103.47,232.34,0.70062,-1,-1,-1
793,128,395.97,235.43,53.19,169.99,0.44243,-1,-1,-1
793,130,441.92,225.90,60.16,184.62,0.44097,-1,-1,-1
793,138,469.48,72.41,66.29,191.33,0.38968,-1,-1,-1
793,136,546.37,113.50,62.12,177.69,0.32159,-1,-1,-1
793,126,281.56,182.86,51.55,181.78,0.40802,-1,-1,-1
794,4,1722.54,452.59,74.31,212.59,0.75538,-1,-1,-1
794,104,289.26,508.87,77.28,227.74,0.70384,-1,-1,-1
794,117,875.52,951.23,83.84,128.77,0.75075,-1,-1,-1
794,123,602.15,585.10,72.55,235.71,0.52922,-1,-1,-1
794,125,1090.11,605.54,82.92,255.60,0.74463,-1,-1,-1
794,124,1023.91,618.69,74.82,241.72,0.76038,-1,-1,-1
794,119,1569.49,590.27,104.00,233.71,0.68421,-1,-1,-1
794,128,396.18,239.06,52.43,167.31,0.45527,-1,-1,-1
794,130,441.10,226.94,60.30,184.59,0.47732,-1,-1,-1
794,138,469.13,73.04,66.55,192.07,0.41902,-1,-1,-1
794,126,282.21,183.68,50.52,180.92,0.38227,-1,-1,-1
795,4,1722.22,452.68,73.93,211.49,0.75765,-1,-1,-1
795,104,288.35,510.94,78.17,230.75,0.71407,-1,-1,-1
795,117,875.05,949.96,82.94,130.04,0.73278,-1,-1,-1
795,123,601.84,584.34,77.06,252.86,0.47037,-1,-1,-1
795,125,1088.65,604.20,83.52,256.26,0.76745,-1,-1,-1
795,124,1021.56,616.22,75.67,244.27,0.78298,-1,-1,-1
795,119,1569.30,589.75,104.40,234.56,0.68600,-1,-1,-1
795,128,395.38,235.89,54.27,172.89,0.42993,-1,-1,-1
795,130,439.93,225.75,61.08,186.42,0.45878,-1,-1,-1
795,138,469.55,73.66,66.66,192.57,0.43373,-1,-1,-1
795,126,282.70,183.22,50.17,181.71,0.38291,-1,-1,-1
796,4,1722.64,452.22,73.94,211.76,0.75790,-1,-1,-1
796,104,287.74,513.18,78.86,233.24,0.74021,-1,-1,-1
796,117,874.72,949.29,81.66,130.71,0.75164,-1,-1,-1
796,123,602.27,584.84,81.60,271.97,0.48681,-1,-1,-1
796,125,1086.87,602.83,83.23,254.95,0.78974,-1,-1,-1
796,124,1019.09,615.51,75.83,245.06,0.80247,-1,-1,-1
796,119,1569.47,588.52,104.92,236.20,0.62331,-1,-1,-1
796,128,394.47,238.56,53.87,171.78,0.48436,-1,-1,-1
796,130,440.26,226.92,61.01,186.20,0.49757,-1,-1,-1
796,138,470.05,74.85,65.97,189.86,0.38378,-1,-1,-1
796,126,283.15,184.24,49.67,180.98,0.34592,-1,-1,-1
796,137,338.49,186.09,56.04,172.04,0.35922,-1,-1,-1
797,4,1722.80,451.61,74.29,213.26,0.74510,-1,-1,-1
797,104,287.10,515.42,78.64,233.33,0.73556,-1,-1,-1
797,117,874.43,948.25,80.67,131.75,0.74625,-1,-1,-1
797,123,604.03,584.78,82.24,278.60,0.45129,-1,-1,-1
797,125,1085.12,600.71,83.29,255.43,0.80174,-1,-1,-1
797,124,1016.72,614.53,76.19,246.83,0.81284,-1,-1,-1
797,119,1568.60,590.24,104.58,236.04,0.59790,-1,-1,-1
797,128,394.80,240.60,53.36,170.46,0.48318,-1,-1,-1
797,130,441.32,232.96,59.03,181.92,0.51637,-1,-1,-1
797,138,471.62,75.89,64.13,183.62,0.31072,-1,-1,-1
797,126,283.63,185.56,48.49,176.87,0.30845,-1,-1,-1
797,137,339.61,186.84,53.99,171.22,0.36161,-1,-1,-1
798,4,1722.82,451.75,74.02,212.81,0.74946,-1,-1,-1
798,104,286.25,516.56,79.10,235.51,0.75716,-1,-1,-1
798,117,874.09,946.87,79.77,133.13,0.72975,-1,-1,-1
798,123,606.11,585.54,80.14,275.69,0.44256,-1,-1,-1
798,125,1083.53,598.71,83.14,254.97,0.80444,-1,-1,-1
798,124,1015.41,613.62,76.13,247.13,0.80792,-1,-1,-1
798,119,1570.29,590.54,103.91,234.83,0.68159,-1,-1,-1
798,128,395.00,238.87,54.38,173.81,0.48149,-1,-1,-1
798,130,441.60,234.90,58.85,182.98,0.50931,-1,-1,-1
798,126,283.59,185.04,48.57,177.95,0.32360,-1,-1,-1
798,137,340.14,186.89,52.90,171.09,0.35519,-1,-1,-1
799,4,1723.07,451.87,73.64,212.38,0.74348,-1,-1,-1
799,104,285.77,519.13,78.57,234.42,0.76873,-1,-1,-1
799,117,873.93,945.58,78.76,134.42,0.71125,-1,-1,-1
799,125,1082.15,595.32,82.53,253.21,0.77632,-1,-1,-1
799,124,1013.37,615.05,75.48,245.84,0.77647,-1,-1,-1
799,119,1569.70,586.87,105.07,238.01,0.61016,-1,-1,-1
799,128,394.87,239.79,54.34,173.77,0.52073,-1,-1,-1
799,130,442.11,237.02,58.78,183.74,0.56380,-1,-1,-1
799,126,283.51,185.85,48.40,177.34,0.31288,-1,-1,-1
800,4,1722.96,452.05,73.31,211.59,0.73890,-1,-1,-1
800,104,284.40,521.94,78.94,236.22,0.77646,-1,-1,-1
800,117,874.16,944.42,77.69,135.58,0.69740,-1,-1,-1
800,125,1082.52,591.68,80.27,245.16,0.73491,-1,-1,-1
800,124,1011.61,614.92,75.16,245.08,0.78370,-1,-1,-1
800,119,1570.10,587.41,104.75,237.65,0.61671,-1,-1,-1
800,128,394.96,239.27,54.52,174.46,0.51392,-1,-1,-1
800,130,440.86,236.23,59.51,186.85,0.54980,-1,-1,-1
800,138,474.57,79.45,61.35,175.14,0.31319,-1,-1,-1
800,137,342.23,187.90,51.14,167.54,0.33452,-1,-1,-1
801,4,1722.52,452.38,73.45,212.15,0.73409,-1,-1,-1
801,104,282.99,523.20,78.92,236.70,0.80356,-1,-1,-1
801,117,874.02,943.06,76.86,136.94,0.66476,-1,-1,-1
801,125,1080.88,588.49,78.51,238.27,0.75936,-1,-1,-1
801,124,1009.04,613.26,74.95,244.37,0.77250,-1,-1,-1
801,119,1569.99,592.63,103.36,234.65,0.58336,-1,-1,-1
801,128,395.89,240.66,53.57,171.84,0.52085,-1,-1,-1
801,130,440.72,236.82,59.71,188.30,0.52068,-1,-1,-1
801,138,475.24,81.23,61.49,176.02,0.30172,-1,-1,-1
802,4,1722.53,451.99,73.29,211.78,0.74443,-1,-1,-1
802,104,281.76,524.46,78.37,235.64,0.80383,-1,-1,-1
802,117,874.10,941.88,75.83,138.12,0.64600,-1,-1,-1
802,125,1078.91,585.27,77.14,233.09,0.74855,-1,-1,-1
802,124,1007.75,611.73,74.95,245.24,0.76469,-1,-1,-1
802,119,1568.90,594.25,103.16,233.98,0.57871,-1,-1,-1
802,128,395.84,239.86,54.06,173.21,0.48984,-1,-1,-1
802,130,440.74,236.98,59.83,189.69,0.56939,-1,-1,-1
803,4,1722.40,452.54,73.30,211.97,0.74073,-1,-1,-1
803,104,281.04,525.47,78.06,234.99,0.79982,-1,-1,-1
803,117,873.96,942.14,74.15,137.86,0.67038,-1,-1,-1
803,125,1076.81,582.72,77.38,234.26,0.75976,-1,-1,-1
803,124,1005.99,609.26,75.26,246.63,0.75892,-1,-1,-1
803,119,1568.81,596.33,102.31,231.46,0.50465,-1,-1,-1
803,128,395.54,239.12,54.27,174.12,0.49615,-1,-1,-1
803,130,440.77,238.31,59.41,189.40,0.54807,-1,-1,-1
803,138,473.97,83.66,63.39,182.56,0.31226,-1,-1,-1
804,4,1722.26,452.54,73.35,212.21,0.74673,-1,-1,-1
804,104,280.04,526.78,77.36,233.45,0.79561,-1,-1,-1
804,117,873.96,941.32,73.24,138.68,0.67402,-1,-1,-1
804,125,1074.98,579.75,77.82,236.81,0.75735,-1,-1,-1
804,124,1003.91,606.26,74.95,245.84,0.73674,-1,-1,-1
804,119,1568.36,596.26,102.55,231.41,0.58094,-1,-1,-1
804,128,395.47,239.68,53.94,173.32,0.53533,-1,-1,-1
804,130,440.96,239.30,59.08,189.33,0.55992,-1,-1,-1
804,138,473.73,84.13,63.64,184.93,0.40840,-1,-1,-1
805,4,1721.92,452.98,73.49,212.35,0.73625,-1,-1,-1
805,104,278.91,527.58,77.08,232.69,0.80179,-1,-1,-1
805,117,874.18,939.72,72.78,140.28,0.66381,-1,-1,-1
805,125,1073.29,577.41,78.54,240.77,0.77109,-1,-1,-1
805,124,1001.89,602.87,73.60,241.71,0.75701,-1,-1,-1
805,119,1568.20,595.28,103.09,232.16,0.60228,-1,-1,-1
805,128,395.02,241.62,53.28,171.57,0.52975,-1,-1,-1
805,130,441.76,240.30,58.62,188.29,0.61130,-1,-1,-1
805,138,473.31,83.59,63.64,186.20,0.39276,-1,-1,-1
806,4,1721.93,452.72,73.56,212.36,0.74660,-1,-1,-1
806,104,277.99,528.43,76.87,231.82,0.80286,-1,-1,-1
806,117,874.42,938.55,72.19,141.45,0.66587,-1,-1,-1
806,125,1072.41,575.12,78.82,244.04,0.77572,-1,-1,-1
806,124,999.84,599.96,72.70,238.96,0.76637,-1,-1,-1
806,119,1569.06,595.71,103.00,232.14,0.60612,-1,-1,-1
806,128,394.22,238.30,54.49,175.87,0.48327,-1,-1,-1
806,130,442.46,239.69,58.40,188.51,0.49461,-1,-1,-1
806,138,472.91,83.42,63.71,187.34,0.40260,-1,-1,-1
806,137,346.02,192.27,47.64,158.55,0.32020,-1,-1,-1
807,4,1722.31,453.74,73.86,212.79,0.72618,-1,-1,-1
807,104,277.63,529.28,76.56,230.53,0.79199,-1,-1,-1
807,117,874.46,937.51,71.50,142.49,0.63630,-1,-1,-1
807,125,1071.61,573.81,78.47,245.00,0.77589,-1,-1,-1
807,124,998.01,597.41,71.82,235.98,0.76692,-1,-1,-1
807,119,1569.57,597.49,102.23,230.32,0.60528,-1,-1,-1
807,128,393.65,238.38,55.13,178.06,0.48630,-1,-1,-1
807,130,442.75,239.27,58.00,188.06,0.49092,-1,-1,-1
807,138,474.19,83.37,63.65,188.34,0.35167,-1,-1,-1
807,126,283.58,186.61,48.47,176.49,0.31141,-1,-1,-1
808,4,1722.55,453.90,73.91,212.54,0.72547,-1,-1,-1
808,104,277.25,530.30,76.25,229.38,0.79480,-1,-1,-1
808,117,874.54,936.59,70.79,143.41,0.63719,-1,-1,-1
808,125,1070.18,572.93,78.12,245.06,0.77350,-1,-1,-1
808,124,997.03,595.28,70.72,232.54,0.76936,-1,-1,-1
808,119,1570.66,594.23,102.97,231.71,0.65231,-1,-1,-1
808,128,393.58,243.98,53.97,173.89,0.49679,-1,-1,-1
808,130,442.77,240.95,57.69,186.59,0.56592,-1,-1,-1
808,138,474.18,84.67,64.27,190.73,0.34457,-1,-1,-1
808,126,283.72,186.78,48.29,174.58,0.30177,-1,-1,-1
809,4,1722.57,455.12,73.46,210.71,0.73031,-1,-1,-1
809,104,276.69,531.60,76.15,228.64,0.80093,-1,-1,-1
809,117,875.14,936.61,69.62,143.21,0.63726,-1,-1,-1
809,125,1068.50,572.56,78.15,245.76,0.78297,-1,-1,-1
809,124,995.19,593.52,70.72,233.53,0.77004,-1,-1,-1
809,119,1570.77,594.90,102.45,230.15,0.68292,-1,-1,-1
809,128,392.44,247.07,54.13,174.21,0.44080,-1,-1,-1
809,130,441.67,240.79,58.10,186.57,0.52624,-1,-1,-1
809,126,283.55,187.10,48.88,176.50,0.31365,-1,-1,-1
810,4,1722.20,453.27,74.06,212.73,0.73418,-1,-1,-1
810,104,276.10,533.12,76.29,228.78,0.79149,-1,-1,-1
810,117,875.49,936.07,68.68,143.06,0.65115,-1,-1,-1
810,125,1066.62,572.54,77.80,244.73,0.76905,-1,-1,-1
810,124,993.74,592.18,71.12,235.61,0.76293,-1,-1,-1
810,119,1570.97,595.75,102.24,229.23,0.68966,-1,-1,-1
810,128,390.16,250.18,54.48,174.07,0.43804,-1,-1,-1
810,130,441.52,243.72,57.75,183.88,0.58440,-1,-1,-1
810,138,473.49,84.87,63.91,189.47,0.32525,-1,-1,-1
811,4,1722.18,452.62,73.80,212.21,0.73170,-1,-1,-1
811,104,275.54,535.03,76.97,230.56,0.79939,-1,-1,-1
811,117,875.95,935.53,68.32,143.38,0.66383,-1,-1,-1
811,125,1065.24,571.42,77.97,245.53,0.77179,-1,-1,-1
811,124,991.41,591.45,71.10,236.36,0.76568,-1,-1,-1
811,119,1571.79,597.98,101.25,226.49,0.70076,-1,-1,-1
811,128,390.75,252.05,54.82,175.00,0.40318,-1,-1,-1
811,130,441.53,244.40,58.12,183.81,0.52593,-1,-1,-1
811,138,473.41,84.59,65.34,193.43,0.31037,-1,-1,-1
812,4,1722.62,452.11,73.95,213.04,0.72834,-1,-1,-1
812,104,274.89,536.69,77.63,232.61,0.79888,-1,-1,-1
812,117,875.97,935.31,67.90,143.60,0.67402,-1,-1,-1
812,125,1063.10,570.59,77.69,245.33,0.75998,-1,-1,-1
812,124,989.67,590.50,71.13,238.02,0.75717,-1,-1,-1
812,119,1571.38,595.42,102.19,228.80,0.66697,-1,-1,-1
812,128,390.27,254.39,54.12,172.90,0.44896,-1,-1,-1
812,130,442.01,244.50,58.00,182.74,0.54859,-1,-1,-1
813,4,1722.72,452.02,73.85,213.12,0.73486,-1,-1,-1
813,104,273.66,538.17,78.70,236.12,0.79249,-1,-1,-1
813,117,875.92,935.36,67.52,143.56,0.67335,-1,-1,-1
813,125,1061.48,569.24,77.74,246.88,0.75105,-1,-1,-1
813,124,987.46,590.12,71.07,238.93,0.77020,-1,-1,-1
813,119,1571.65,596.79,101.86,227.51,0.66684,-1,-1,-1
813,128,389.32,256.00,54.22,173.53,0.49410,-1,-1,-1
813,130,441.38,242.78,58.68,184.28,0.47124,-1,-1,-1
814,4,1723.14,452.41,73.54,212.51,0.72346,-1,-1,-1
814,104,273.04,539.92,78.58,235.59,0.78525,-1,-1,-1
814,117,875.66,935.17,67.18,143.57,0.65118,-1,-1,-1
814,125,1060.57,567.33,76.48,243.70,0.72529,-1,-1,-1
814,124,985.48,589.36,70.18,236.89,0.76896,-1,-1,-1
814,119,1571.74,597.18,101.97,227.48,0.68210,-1,-1,-1
814,128,388.01,257.52,54.71,175.98,0.47301,-1,-1,-1
814,130,440.96,244.70,58.60,182.88,0.54709,-1,-1,-1
814,138,473.64,89.11,63.08,185.51,0.31294,-1,-1,-1
815,4,1723.35,452.74,73.18,211.68,0.73592,-1,-1,-1
815,104,272.46,542.01,78.55,235.46,0.79984,-1,-1,-1
815,117,875.62,934.88,67.11,144.14,0.66044,-1,-1,-1
815,125,1060.06,565.51,73.79,235.71,0.74958,-1,-1,-1
815,124,984.60,589.21,68.94,233.18,0.76696,-1,-1,-1
815,119,1572.08,596.41,102.36,227.99,0.67907,-1,-1,-1
815,128,387.36,259.86,54.18,174.88,0.48300,-1,-1,-1
815,130,439.96,244.52,59.73,185.45,0.49676,-1,-1,-1
815,138,472.92,89.89,62.92,184.59,0.38594,-1,-1,-1
815,126,285.82,185.27,48.82,174.15,0.33702,-1,-1,-1
816,4,1723.41,452.29,73.31,212.66,0.73092,-1,-1,-1
816,104,271.56,544.86,79.28,237.57,0.80648,-1,-1,-1
816,117,875.08,934.28,67.12,144.82,0.68833,-1,-1,-1
816,125,1059.03,564.12,72.03,230.85,0.77859,-1,-1,-1
816,124,983.65,588.40,67.59,228.00,0.75791,-1,-1,-1
816,119,1572.20,596.54,102.38,227.96,0.68596,-1,-1,-1
816,128,386.87,261.61,54.05,174.15,0.48676,-1,-1,-1
816,130,438.68,247.79,60.27,186.04,0.52212,-1,-1,-1
816,138,472.52,90.11,62.47,183.38,0.38281,-1,-1,-1
816,126,286.32,185.32,49.25,173.33,0.31391,-1,-1,-1
817,4,1723.72,454.18,72.56,210.21,0.73595,-1,-1,-1
817,104,271.39,547.78,79.07,236.47,0.81177,-1,-1,-1
817,117,874.39,934.01,66.80,144.91,0.69473,-1,-1,-1
817,125,1056.75,561.39,71.22,229.63,0.80244,-1,-1,-1
817,124,982.28,586.83,66.44,223.44,0.76379,-1,-1,-1
817,119,1571.86,597.18,102.27,227.28,0.68383,-1,-1,-1
817,128,386.97,264.14,53.20,170.58,0.53157,-1,-1,-1
817,130,438.53,250.81,60.08,184.90,0.58817,-1,-1,-1
817,138,472.25,91.57,62.43,183.75,0.44451,-1,-1,-1
817,140,1628.78,3.43,48.93,134.29,0.37987,-1,-1,-1
818,4,1722.79,452.75,73.36,212.75,0.72950,-1,-1,-1
818,104,271.40,550.17,79.71,238.47,0.80961,-1,-1,-1
818,117,873.54,933.62,66.86,145.55,0.71910,-1,-1,-1
818,125,1054.41,558.79,70.96,229.84,0.79940,-1,-1,-1
818,124,981.63,585.60,65.16,218.30,0.77902,-1,-1,-1
818,119,1570.36,594.56,103.68,230.33,0.68276,-1,-1,-1
818,128,386.25,266.40,52.35,167.63,0.50937,-1,-1,-1
818,130,438.46,254.72,59.94,184.13,0.56047,-1,-1,-1
818,138,472.28,93.34,61.86,183.35,0.37754,-1,-1,-1
818,126,287.50,185.13,49.77,172.72,0.31635,-1,-1,-1
819,4,1722.89,452.75,73.22,212.54,0.72567,-1,-1,-1
819,104,271.56,551.73,79.77,238.93,0.79069,-1,-1,-1
819,117,873.20,934.14,66.69,145.20,0.72035,-1,-1,-1
819,125,1051.38,555.04,72.00,233.34,0.81777,-1,-1,-1
819,124,979.78,583.99,64.62,216.57,0.81964,-1,-1,-1
819,119,1570.71,596.31,102.90,228.55,0.71017,-1,-1,-1
819,128,385.41,265.60,52.49,167.54,0.52153,-1,-1,-1
819,130,437.22,255.97,60.56,185.94,0.60751,-1,-1,-1
819,138,471.41,94.84,62.38,186.19,0.40164,-1,-1,-1
819,141,789.18,131.55,65.26,179.06,0.34282,-1,-1,-1
819,136,558.12,123.58,58.85,163.99,0.31991,-1,-1,-1
820,4,1723.26,454.88,72.63,210.35,0.72471,-1,-1,-1
820,104,271.96,552.59,79.78,239.58,0.80134,-1,-1,-1
820,117,872.41,934.64,66.50,145.14,0.71229,-1,-1,-1
820,125,1048.07,553.23,72.80,235.00,0.81845,-1,-1,-1
820,124,977.58,580.58,65.05,217.91,0.83380,-1,-1,-1
820,119,1570.98,596.18,102.92,228.40,0.70618,-1,-1,-1
820,128,384.49,265.73,52.95,168.37,0.53745,-1,-1,-1
820,130,437.27,259.59,60.28,184.50,0.66104,-1,-1,-1
820,138,470.71,94.11,63.27,190.73,0.50411,-1,-1,-1
820,141,788.72,131.15,65.68,180.27,0.34635,-1,-1,-1
821,4,1723.15,453.28,73.12,212.11,0.71616,-1,-1,-1
821,104,272.30,553.13,79.44,238.83,0.78317,-1,-1,-1
821,117,872.26,934.63,66.43,145.31,0.72175,-1,-1,-1
821,125,1046.04,551.60,73.56,235.82,0.83730,-1,-1,-1
821,124,975.59,577.31,65.60,219.50,0.83533,-1,-1,-1
821,119,1570.96,596.84,102.73,227.82,0.69872,-1,-1,-1
821,128,383.03,265.32,53.62,169.95,0.53435,-1,-1,-1
821,130,436.27,260.62,61.31,187.11,0.64426,-1,-1,-1
821,138,469.86,90.60,65.06,198.30,0.48930,-1,-1,-1
821,141,788.74,132.55,65.37,179.45,0.32363,-1,-1,-1
822,4,1722.99,453.24,73.24,212.31,0.72233,-1,-1,-1
822,104,272.74,554.29,79.24,238.13,0.76777,-1,-1,-1
822,117,872.11,935.22,66.16,144.78,0.72001,-1,-1,-1
822,125,1044.37,550.30,74.56,236.90,0.83277,-1,-1,-1
822,124,974.41,574.19,64.95,216.18,0.81176,-1,-1,-1
822,119,1571.60,596.37,102.78,228.08,0.71248,-1,-1,-1
822,128,383.06,264.78,53.77,170.66,0.48722,-1,-1,-1
822,130,436.38,261.58,61.46,187.23,0.60869,-1,-1,-1
822,138,469.52,90.14,65.30,201.30,0.47596,-1,-1,-1
822,141,788.76,133.66,64.72,177.57,0.37493,-1,-1,-1
823,4,1722.68,453.27,73.30,212.46,0.73287,-1,-1,-1
823,104,273.19,555.12,78.98,237.17,0.78006,-1,-1,-1
823,117,871.72,936.03,65.73,143.97,0.71392,-1,-1,-1
823,125,1043.54,549.20,76.06,239.57,0.82197,-1,-1,-1
823,124,972.26,570.27,66.98,222.83,0.81253,-1,-1,-1
823,119,1571.24,595.68,103.01,228.59,0.69020,-1,-1,-1
823,128,382.60,267.42,53.43,168.59,0.56386,-1,-1,-1
823,130,436.95,262.16,61.38,187.20,0.63381,-1,-1,-1
823,138,469.43,91.11,64.89,201.46,0.46203,-1,-1,-1
823,141,788.86,134.13,64.72,177.44,0.35283,-1,-1,-1
824,4,1723.08,453.74,73.49,212.78,0.71248,-1,-1,-1
824,104,273.36,555.82,78.96,236.57,0.76983,-1,-1,-1
824,117,871.52,936.49,65.29,142.70,0.72638,-1,-1,-1
824,125,1041.54,547.86,77.96,242.38,0.79780,-1,-1,-1
824,124,968.29,568.29,68.69,228.60,0.77333,-1,-1,-1
824,119,1571.24,596.19,103.03,228.32,0.67858,-1,-1,-1
824,128,382.85,270.01,53.15,167.27,0.54981,-1,-1,-1
824,130,436.81,262.57,61.38,187.36,0.66751,-1,-1,-1
824,138,469.70,92.15,64.29,201.31,0.48035,-1,-1,-1
824,141,788.86,133.51,65.06,178.18,0.38094,-1,-1,-1
825,4,1722.69,454.07,73.56,212.37,0.71545,-1,-1,-1
825,104,273.44,557.24,78.65,234.77,0.77429,-1,-1,-1
825,117,870.78,937.17,65.16,142.25,0.69870,-1,-1,-1
825,125,1041.24,547.67,79.74,244.07,0.79361,-1,-1,-1
825,124,965.80,566.58,69.38,231.51,0.77447,-1,-1,-1
825,119,1571.77,598.40,101.99,225.96,0.69489,-1,-1,-1
825,128,382.37,271.34,53.45,168.07,0.56058,-1,-1,-1
825,130,436.52,263.03,61.40,187.44,0.65572,-1,-1,-1
825,138,469.94,93.76,63.64,200.34,0.43506,-1,-1,-1
825,141,789.94,133.89,64.94,178.01,0.38894,-1,-1,-1
825,126,292.40,180.78,52.21,178.71,0.32825,-1,-1,-1
826,4,1722.22,455.27,73.21,210.16,0.73474,-1,-1,-1
826,104,273.57,558.95,78.36,232.82,0.78890,-1,-1,-1
826,117,869.77,937.65,65.33,142.15,0.70435,-1,-1,-1
826,125,1040.79,547.15,80.55,242.76,0.77297,-1,-1,-1
826,124,963.33,565.02,69.83,233.61,0.77119,-1,-1,-1
826,119,1572.07,597.27,102.31,226.76,0.68434,-1,-1,-1
826,128,382.12,272.09,53.32,167.60,0.52812,-1,-1,-1
826,130,435.87,263.91,61.34,186.86,0.69019,-1,-1,-1
826,138,470.23,93.28,63.25,199.89,0.43547,-1,-1,-1
826,141,791.55,133.95,64.84,178.87,0.33713,-1,-1,-1
827,4,1722.18,454.71,73.71,210.92,0.73040,-1,-1,-1
827,104,273.51,560.11,78.31,231.56,0.78964,-1,-1,-1
827,117,869.77,938.71,65.16,141.24,0.71176,-1,-1,-1
827,125,1039.50,546.41,81.55,242.14,0.76946,-1,-1,-1
827,124,962.04,563.57,69.29,232.40,0.76638,-1,-1,-1
827,119,1571.87,596.95,102.60,227.18,0.67045,-1,-1,-1
827,128,381.10,271.74,54.07,169.15,0.51552,-1,-1,-1
827,130,436.03,264.62,61.01,185.74,0.67110,-1,-1,-1
827,138,470.70,95.47,62.28,196.93,0.40923,-1,-1,-1
827,141,791.11,132.48,65.20,179.82,0.34224,-1,-1,-1
828,4,1721.59,453.76,74.02,211.70,0.74151,-1,-1,-1
828,104,273.39,561.61,78.45,231.06,0.78956,-1,-1,-1
828,117,869.42,939.22,65.17,140.78,0.70634,-1,-1,-1
828,125,1038.62,544.82,83.04,243.31,0.79152,-1,-1,-1
828,124,960.13,562.83,69.03,231.36,0.76068,-1,-1,-1
828,119,1572.31,596.19,102.91,228.05,0.67312,-1,-1,-1
828,128,378.32,271.99,55.32,172.14,0.52648,-1,-1,-1
828,130,436.20,264.58,60.84,185.29,0.68031,-1,-1,-1
828,138,471.02,96.53,61.69,195.23,0.43381,-1,-1,-1
828,141,791.32,132.68,65.04,179.28,0.33490,-1,-1,-1
829,4,1721.70,453.12,74.18,212.29,0.73600,-1,-1,-1
829,104,272.92,562.59,79.32,233.04,0.79473,-1,-1,-1
829,117,869.86,939.46,65.08,140.54,0.71571,-1,-1,-1
829,125,1036.62,543.21,84.07,243.92,0.77429,-1,-1,-1
829,124,958.73,561.53,69.31,232.39,0.77801,-1,-1,-1
829,119,1572.16,596.22,102.82,227.70,0.68283,-1,-1,-1
829,128,377.96,272.60,56.17,174.68,0.54694,-1,-1,-1
829,130,436.34,264.70,60.79,185.19,0.69796,-1,-1,-1
829,138,471.37,98.47,61.71,195.78,0.43536,-1,-1,-1
829,141,792.85,133.26,64.82,178.77,0.31888,-1,-1,-1
830,4,1721.53,452.77,74.30,212.64,0.74588,-1,-1,-1
830,104,272.45,563.71,80.51,236.83,0.79912,-1,-1,-1
830,117,869.46,940.62,64.87,139.38,0.70417,-1,-1,-1
830,125,1035.85,541.11,85.25,245.27,0.79648,-1,-1,-1
830,124,957.59,561.45,69.19,232.49,0.80026,-1,-1,-1
830,119,1571.75,594.51,103.41,229.39,0.68416,-1,-1,-1
830,128,374.89,272.73,57.20,176.65,0.55896,-1,-1,-1
830,130,436.11,265.92,60.49,183.94,0.66823,-1,-1,-1
830,138,472.09,101.61,61.11,194.24,0.36749,-1,-1,-1
830,141,794.26,133.89,64.52,178.70,0.31730,-1,-1,-1
831,4,1722.16,454.90,73.86,210.85,0.73151,-1,-1,-1
831,104,271.71,565.73,81.67,240.96,0.80937,-1,-1,-1
831,117,869.64,941.26,64.72,138.74,0.71193,-1,-1,-1
831,125,1034.45,538.69,86.23,246.61,0.79887,-1,-1,-1
831,124,956.38,561.80,69.15,232.78,0.80181,-1,-1,-1
831,119,1571.87,593.94,103.49,230.18,0.70041,-1,-1,-1
831,128,372.89,273.58,58.29,179.52,0.52996,-1,-1,-1
831,130,435.86,266.64,60.56,183.87,0.62058,-1,-1,-1
831,138,472.51,103.31,61.45,194.52,0.35776,-1,-1,-1
831,141,795.56,134.20,64.23,179.54,0.33909,-1,-1,-1
832,4,1721.46,453.56,74.35,212.20,0.74985,-1,-1,-1
832,104,271.33,568.52,81.99,242.29,0.82217,-1,-1,-1
832,117,870.08,942.14,64.58,137.86,0.68564,-1,-1,-1
832,125,1032.18,535.92,86.06,245.88,0.78056,-1,-1,-1
832,124,954.96,561.86,68.83,231.84,0.77275,-1,-1,-1
832,119,1572.13,592.79,103.73,231.26,0.69357,-1,-1,-1
832,128,371.98,273.82,59.01,181.18,0.51622,-1,-1,-1
832,130,436.39,267.62,60.80,183.91,0.62279,-1,-1,-1
832,141,796.53,134.35,63.94,179.46,0.33993,-1,-1,-1
833,4,1720.99,453.09,74.68,212.96,0.75127,-1,-1,-1
833,104,270.45,571.18,82.34,243.67,0.81972,-1,-1,-1
833,117,870.46,943.19,64.40,136.81,0.70440,-1,-1,-1
833,125,1031.96,533.38,83.19,236.57,0.79278,-1,-1,-1
833,124,953.23,560.37,68.90,232.20,0.77140,-1,-1,-1
833,119,1571.62,591.34,104.14,232.73,0.66460,-1,-1,-1
833,128,370.69,272.60,60.03,183.69,0.43656,-1,-1,-1
833,130,435.96,267.68,61.71,186.38,0.61940,-1,-1,-1
833,141,797.24,134.90,63.28,178.22,0.35870,-1,-1,-1
834,4,1721.03,454.58,74.42,211.02,0.75454,-1,-1,-1
834,104,269.70,573.67,82.29,243.90,0.81611,-1,-1,-1
834,117,870.90,943.86,64.61,136.14,0.71421,-1,-1,-1
834,125,1031.47,529.42,82.01,233.00,0.80113,-1,-1,-1
834,124,950.94,555.65,70.20,237.24,0.75673,-1,-1,-1
834,119,1571.43,590.44,104.48,233.74,0.68312,-1,-1,-1
834,128,369.29,272.68,60.24,183.59,0.38959,-1,-1,-1
834,130,435.60,268.00,62.50,189.04,0.58496,-1,-1,-1
834,141,798.20,135.16,63.15,178.39,0.34727,-1,-1,-1
835,4,1720.77,453.57,75.42,213.24,0.74514,-1,-1,-1
835,104,268.83,576.06,82.33,245.01,0.82625,-1,-1,-1
835,117,870.74,943.59,65.42,136.41,0.69901,-1,-1,-1
835,125,1030.44,526.34,81.40,231.75,0.79569,-1,-1,-1
835,124,948.82,552.95,70.39,238.29,0.75899,-1,-1,-1
835,119,1570.65,589.12,104.97,234.98,0.64621,-1,-1,-1
835,128,371.46,277.90,57.89,176.32,0.43405,-1,-1,-1
835,130,436.58,270.40,62.37,189.28,0.65078,-1,-1,-1
835,141,800.41,135.32,62.11,176.98,0.35578,-1,-1,-1
836,4,1720.42,455.44,75.06,211.05,0.74105,-1,-1,-1
836,104,268.27,578.64,82.13,245.10,0.81579,-1,-1,-1
836,117,869.95,943.33,66.70,136.67,0.73070,-1,-1,-1
836,125,1029.69,523.41,81.12,232.70,0.79159,-1,-1,-1
836,124,948.54,550.41,68.26,230.86,0.77736,-1,-1,-1
836,119,1570.53,590.31,104.54,234.00,0.66812,-1,-1,-1
836,128,372.15,279.50,57.25,174.30,0.46807,-1,-1,-1
836,130,437.09,272.98,62.02,189.51,0.62994,-1,-1,-1
836,141,801.61,135.75,61.46,176.38,0.38831,-1,-1,-1
837,4,1720.60,454.44,75.79,212.83,0.74992,-1,-1,-1
837,104,267.57,580.29,81.79,244.72,0.80301,-1,-1,-1
837,117,869.72,943.40,67.62,136.60,0.72755,-1,-1,-1
837,125,1028.98,520.65,80.52,233.54,0.77354,-1,-1,-1
837,124,947.21,547.97,67.47,227.88,0.77462,-1,-1,-1
837,119,1570.03,589.71,105.12,234.84,0.62563,-1,-1,-1
837,128,371.89,280.14,57.08,173.29,0.41085,-1,-1,-1
837,130,437.94,276.59,61.06,188.01,0.62775,-1,-1,-1
837,141,801.14,135.22,62.06,177.68,0.36560,-1,-1,-1
838,4,1720.47,455.56,75.06,209.41,0.75835,-1,-1,-1
838,104,267.08,581.82,81.10,243.17,0.78599,-1,-1,-1
838,117,869.43,943.47,68.45,136.49,0.72080,-1,-1,-1
838,125,1028.84,519.13,79.77,234.26,0.77559,-1,-1,-1
838,124,945.05,545.92,67.33,227.53,0.78406,-1,-1,-1
838,119,1570.99,591.18,104.36,233.01,0.67940,-1,-1,-1
838,128,364.69,278.02,59.36,176.22,0.45332,-1,-1,-1
838,130,435.99,274.50,62.32,191.92,0.63854,-1,-1,-1
838,141,802.59,135.53,61.63,177.30,0.36584,-1,-1,-1
839,4,1720.00,453.56,75.77,211.48,0.75740,-1,-1,-1
839,104,266.36,583.08,80.48,241.30,0.76584,-1,-1,-1
839,117,869.16,942.78,69.51,136.96,0.71688,-1,-1,-1
839,125,1029.33,518.62,78.93,234.63,0.76863,-1,-1,-1
839,124,943.85,543.49,67.50,228.55,0.77759,-1,-1,-1
839,119,1571.10,591.33,104.34,232.62,0.61424,-1,-1,-1
839,128,368.04,280.20,58.27,173.45,0.44137,-1,-1,-1
839,130,435.78,276.29,62.09,191.45,0.61980,-1,-1,-1
839,141,803.75,136.57,61.27,176.49,0.38275,-1,-1,-1
840,4,1720.15,453.03,75.90,211.86,0.75621,-1,-1,-1
840,104,264.73,584.22,80.14,239.91,0.73977,-1,-1,-1
840,117,869.19,943.45,69.91,136.14,0.71493,-1,-1,-1
840,125,1029.47,518.26,77.81,233.88,0.76313,-1,-1,-1
840,124,942.41,541.52,67.50,228.99,0.76907,-1,-1,-1
840,119,1571.23,593.23,103.95,231.03,0.64653,-1,-1,-1
840,128,361.96,277.17,60.51,176.57,0.50650,-1,-1,-1
840,130,434.91,275.19,62.58,192.80,0.65649,-1,-1,-1
840,141,805.09,137.15,60.73,175.59,0.44995,-1,-1,-1
841,4,1720.01,452.45,76.14,212.44,0.74500,-1,-1,-1
841,104,264.06,585.45,79.74,237.91,0.76095,-1,-1,-1
841,117,870.36,943.61,70.62,135.94,0.72957,-1,-1,-1
841,125,1028.69,517.91,76.85,233.36,0.74842,-1,-1,-1
841,124,940.87,539.94,67.75,230.34,0.77228,-1,-1,-1
841,119,1571.69,593.73,104.00,230.84,0.67819,-1,-1,-1
841,128,359.90,276.24,62.00,178.69,0.50647,-1,-1,-1
841,130,435.37,278.16,61.69,191.31,0.65314,-1,-1,-1
841,141,805.24,136.51,61.03,175.48,0.38971,-1,-1,-1
841,138,472.53,111.87,62.26,197.60,0.34507,-1,-1,-1
842,4,1720.39,454.86,75.61,210.25,0.72746,-1,-1,-1
842,104,263.64,586.08,79.79,237.14,0.77467,-1,-1,-1
842,117,870.26,943.58,71.49,136.08,0.71548,-1,-1,-1
842,125,1026.51,516.93,76.36,232.93,0.73738,-1,-1,-1
842,124,938.85,538.98,67.95,231.84,0.77180,-1,-1,-1
842,119,1572.60,594.37,103.72,230.06,0.65215,-1,-1,-1
842,128,364.79,281.00,60.11,174.58,0.51333,-1,-1,-1
842,130,436.19,278.82,61.05,190.28,0.64228,-1,-1,-1
842,141,805.46,136.65,61.03,175.05,0.41383,-1,-1,-1
843,4,1720.36,455.63,75.58,209.04,0.73284,-1,-1,-1
843,104,262.91,586.86,79.90,236.10,0.78893,-1,-1,-1
843,117,870.67,943.74,72.19,135.80,0.72098,-1,-1,-1
843,125,1024.16,516.45,76.40,233.20,0.75327,-1,-1,-1
843,124,937.49,538.28,67.83,232.12,0.78387,-1,-1,-1
843,119,1571.68,593.48,104.40,231.39,0.62878,-1,-1,-1
843,128,365.74,282.71,60.18,175.22,0.55385,-1,-1,-1
843,130,437.05,280.50,60.32,188.47,0.67362,-1,-1,-1
843,141,806.45,137.11,61.07,174.93,0.35834,-1,-1,-1
843,138,469.92,111.25,63.50,201.24,0.30118,-1,-1,-1
844,4,1720.11,454.19,76.51,211.23,0.74141,-1,-1,-1
844,104,262.78,587.80,80.02,235.43,0.79743,-1,-1,-1
844,117,870.61,943.44,73.04,136.14,0.72092,-1,-1,-1
844,125,1021.89,516.17,76.00,232.11,0.77950,-1,-1,-1
844,124,936.49,536.68,67.89,233.27,0.78933,-1,-1,-1
844,119,1571.15,592.69,104.55,232.06,0.63243,-1,-1,-1
844,128,362.54,281.28,62.18,180.12,0.52853,-1,-1,-1
844,130,437.47,281.67,59.87,187.41,0.67149,-1,-1,-1
844,141,806.81,137.12,61.10,174.56,0.38295,-1,-1,-1
844,138,469.69,111.79,63.22,200.13,0.30648,-1,-1,-1
845,4,1719.71,455.82,76.00,208.83,0.75186,-1,-1,-1
845,104,262.57,588.60,80.35,235.42,0.79940,-1,-1,-1
845,117,870.21,943.56,73.71,136.02,0.71208,-1,-1,-1
845,125,1020.73,516.20,75.05,229.81,0.77463,-1,-1,-1
845,124,935.53,535.89,67.92,233.84,0.77508,-1,-1,-1
845,119,1570.63,592.75,104.32,231.65,0.64256,-1,-1,-1
845,128,361.54,282.58,62.74,181.46,0.55472,-1,-1,-1
845,130,437.44,281.45,59.82,188.04,0.67067,-1,-1,-1
845,141,806.80,137.44,61.26,174.30,0.35000,-1,-1,-1
846,4,1719.60,455.90,76.16,208.41,0.74339,-1,-1,-1
846,104,262.29,589.60,81.01,236.42,0.79369,-1,-1,-1
846,117,870.07,944.28,74.00,135.14,0.71981,-1,-1,-1
846,125,1019.74,515.43,74.76,229.17,0.77445,-1,-1,-1
846,124,934.32,535.08,67.60,232.86,0.78386,-1,-1,-1
846,119,1570.61,594.48,103.66,229.90,0.66316,-1,-1,-1
846,128,360.40,283.94,63.19,181.93,0.56902,-1,-1,-1
846,130,437.61,282.23,59.30,187.08,0.65844,-1,-1,-1
846,141,806.82,137.38,61.62,174.90,0.36660,-1,-1,-1
847,4,1719.18,454.65,77.08,210.12,0.74551,-1,-1,-1
847,104,262.21,592.55,81.36,236.41,0.77886,-1,-1,-1
847,117,870.32,944.57,74.66,134.95,0.69390,-1,-1,-1
847,125,1017.76,513.27,75.49,232.39,0.75486,-1,-1,-1
847,124,933.45,534.17,67.12,231.17,0.76245,-1,-1,-1
847,119,1570.27,594.05,103.81,230.07,0.65525,-1,-1,-1
847,128,360.22,287.21,62.96,180.47,0.56014,-1,-1,-1
847,130,437.83,281.93,58.83,186.51,0.63588,-1,-1,-1
847,141,806.09,137.94,62.27,174.67,0.37496,-1,-1,-1
848,4,1718.49,453.42,77.58,211.21,0.75238,-1,-1,-1
848,104,262.37,595.09,81.86,237.43,0.79832,-1,-1,-1
848,117,870.00,944.62,75.27,134.75,0.70641,-1,-1,-1
848,125,1016.53,511.19,74.11,228.82,0.75281,-1,-1,-1
848,124,932.52,532.69,66.88,230.52,0.76536,-1,-1,-1
848,119,1570.53,593.78,103.87,230.03,0.64055,-1,-1,-1
848,128,359.15,288.30,63.22,180.50,0.56852,-1,-1,-1
848,130,436.82,281.07,59.05,187.76,0.63488,-1,-1,-1
848,141,806.71,138.84,62.50,173.51,0.35728,-1,-1,-1
849,4,1718.63,453.47,77.74,211.13,0.75233,-1,-1,-1
849,104,261.99,597.30,83.11,240.94,0.79303,-1,-1,-1
849,117,870.02,945.17,75.73,134.18,0.68715,-1,-1,-1
849,125,1014.34,509.39,72.24,224.13,0.74461,-1,-1,-1
849,124,931.29,530.54,66.85,230.99,0.76932,-1,-1,-1
849,119,1571.64,594.38,103.64,229.88,0.67569,-1,-1,-1
849,128,358.16,292.58,63.01,178.27,0.60800,-1,-1,-1
849,130,436.03,280.20,59.15,188.85,0.64282,-1,-1,-1
849,141,807.32,138.07,62.86,174.03,0.37045,-1,-1,-1
850,4,1718.59,453.31,78.30,212.63,0.74850,-1,-1,-1
850,104,262.17,599.32,83.38,241.41,0.79880,-1,-1,-1
850,117,870.27,945.14,76.20,133.81,0.69772,-1,-1,-1
850,125,1011.91,506.70,71.77,224.08,0.80294,-1,-1,-1
850,124,930.15,527.99,66.78,231.94,0.78576,-1,-1,-1
850,119,1572.26,594.83,103.42,229.47,0.67683,-1,-1,-1
850,128,356.91,295.96,63.23,176.66,0.59936,-1,-1,-1
850,130,436.88,277.78,60.70,194.12,0.63144,-1,-1,-1
850,141,807.93,137.77,63.08,174.27,0.37186,-1,-1,-1
851,4,1718.11,452.91,77.97,211.53,0.74070,-1,-1,-1
851,104,262.21,600.90,83.87,242.65,0.80857,-1,-1,-1
851,117,870.92,945.14,76.86,133.74,0.70242,-1,-1,-1
851,125,1008.50,504.03,71.76,224.64,0.81564,-1,-1,-1
851,124,928.37,525.80,67.16,234.25,0.79684,-1,-1,-1
851,119,1572.13,593.91,103.77,230.40,0.65902,-1,-1,-1
851,128,355.53,298.28,63.45,174.86,0.56393,-1,-1,-1
851,130,437.02,282.98,59.77,191.86,0.62755,-1,-1,-1
851,141,807.26,138.73,63.25,172.93,0.38062,-1,-1,-1
851,138,470.13,123.52,60.55,190.32,0.32840,-1,-1,-1
852,4,1718.46,455.30,77.47,209.40,0.73677,-1,-1,-1
852,104,263.24,603.32,84.05,243.52,0.80393,-1,-1,-1
852,117,871.46,945.18,77.51,133.81,0.70135,-1,-1,-1
852,125,1006.11,502.03,71.81,225.66,0.80669,-1,-1,-1
852,124,928.55,523.28,63.94,222.50,0.74262,-1,-1,-1
852,119,1571.66,593.77,103.92,230.43,0.64281,-1,-1,-1
852,128,353.84,298.96,64.48,175.28,0.53363,-1,-1,-1
852,130,436.47,287.27,58.71,189.46,0.58870,-1,-1,-1
852,141,808.24,138.07,63.41,173.46,0.35822,-1,-1,-1
852,138,469.45,124.28,60.64,188.48,0.40512,-1,-1,-1
853,4,1719.05,454.03,77.98,210.69,0.72364,-1,-1,-1
853,104,264.30,605.90,84.18,243.93,0.80047,-1,-1,-1
853,117,871.31,945.21,78.13,134.00,0.70020,-1,-1,-1
853,125,1003.09,500.42,72.15,226.73,0.82308,-1,-1,-1
853,124,928.55,520.81,61.99,213.87,0.77802,-1,-1,-1
853,119,1570.92,593.32,104.15,230.98,0.60100,-1,-1,-1
853,128,351.74,298.46,65.80,176.59,0.48303,-1,-1,-1
853,130,436.62,290.44,58.54,188.93,0.59416,-1,-1,-1
853,141,807.76,137.88,63.82,174.52,0.38840,-1,-1,-1
853,138,467.24,124.05,62.40,191.97,0.45401,-1,-1,-1
854,4,1718.77,456.04,77.50,208.46,0.72648,-1,-1,-1
854,104,264.60,607.11,84.68,245.38,0.81743,-1,-1,-1
854,117,871.31,944.99,78.67,134.02,0.70229,-1,-1,-1
854,125,999.68,498.76,73.15,228.67,0.82313,-1,-1,-1
854,124,927.66,518.22,63.22,217.48,0.79689,-1,-1,-1
854,119,1570.14,593.96,104.16,230.31,0.60081,-1,-1,-1
854,128,350.39,297.47,66.83,177.72,0.47693,-1,-1,-1
854,130,436.25,289.73,59.47,192.76,0.60799,-1,-1,-1
854,141,807.84,137.80,63.92,174.61,0.37382,-1,-1,-1
854,138,465.03,122.90,64.22,195.72,0.48655,-1,-1,-1
855,4,1718.64,456.52,77.54,207.81,0.73400,-1,-1,-1
855,104,265.71,608.73,84.79,246.03,0.82138,-1,-1,-1
855,117,871.62,944.68,79.17,134.26,0.72001,-1,-1,-1
855,125,998.09,496.89,74.10,230.79,0.79662,-1,-1,-1
855,124,926.56,515.57,63.98,219.98,0.79061,-1,-1,-1
855,119,1570.34,593.12,104.56,231.17,0.62276,-1,-1,-1
855,128,348.37,299.99,66.96,175.62,0.49156,-1,-1,-1
855,130,435.60,290.74,59.77,194.11,0.63624,-1,-1,-1
855,141,807.45,137.66,64.44,175.87,0.35713,-1,-1,-1
855,138,465.44,124.15,64.62,196.78,0.50176,-1,-1,-1
856,4,1718.51,457.01,78.11,208.73,0.74308,-1,-1,-1
856,104,266.87,610.35,84.21,244.33,0.80495,-1,-1,-1
856,117,872.79,944.60,79.33,134.18,0.72869,-1,-1,-1
856,125,997.12,495.35,75.21,232.79,0.82038,-1,-1,-1
856,124,925.40,512.70,64.67,222.28,0.80386,-1,-1,-1
856,119,1570.96,592.35,104.97,232.17,0.63874,-1,-1,-1
856,128,347.10,299.92,67.95,176.75,0.48265,-1,-1,-1
856,130,434.94,292.33,59.93,195.18,0.60151,-1,-1,-1
856,141,807.28,137.35,64.35,175.56,0.35978,-1,-1,-1
856,138,466.35,125.33,64.16,195.89,0.46087,-1,-1,-1
857,4,1717.77,454.93,79.00,211.71,0.72937,-1,-1,-1
857,104,268.32,611.12,83.55,242.56,0.78735,-1,-1,-1
857,117,873.16,943.97,79.65,134.69,0.71739,-1,-1,-1
857,125,996.80,494.59,76.14,234.27,0.80380,-1,-1,-1
857,124,922.71,510.93,65.49,224.69,0.78187,-1,-1,-1
857,119,1571.59,592.42,104.93,232.17,0.62883,-1,-1,-1
857,128,349.09,303.36,66.10,171.62,0.50907,-1,-1,-1
857,130,434.70,293.88,59.90,195.21,0.60668,-1,-1,-1
857,141,807.61,137.48,64.02,174.75,0.33546,-1,-1,-1
857,138,467.14,127.87,63.95,196.12,0.41682,-1,-1,-1
858,4,1717.84,456.76,78.46,209.53,0.73453,-1,-1,-1
858,104,269.50,611.88,83.42,242.41,0.79632,-1,-1,-1
858,117,873.65,943.62,79.95,135.19,0.72584,-1,-1,-1
858,125,994.85,493.90,77.24,235.13,0.79986,-1,-1,-1
858,124,921.14,509.76,65.50,224.28,0.76692,-1,-1,-1
858,119,1572.41,594.04,104.06,230.50,0.68046,-1,-1,-1
858,128,348.40,304.19,67.07,172.62,0.53535,-1,-1,-1
858,130,434.75,294.19,60.35,194.79,0.57142,-1,-1,-1
858,141,807.11,137.42,63.86,173.74,0.33837,-1,-1,-1
858,138,467.50,130.06,63.64,195.54,0.39826,-1,-1,-1
859,4,1717.04,457.33,78.85,209.65,0.73108,-1,-1,-1
859,104,269.87,611.71,83.85,243.36,0.80058,-1,-1,-1
859,117,874.52,943.81,79.93,135.24,0.73812,-1,-1,-1
859,125,994.65,493.96,77.76,234.69,0.79295,-1,-1,-1
859,124,918.86,507.31,66.25,226.85,0.76973,-1,-1,-1
859,119,1572.71,593.89,104.10,230.71,0.64655,-1,-1,-1
859,128,348.10,303.92,68.00,173.63,0.52096,-1,-1,-1
859,130,435.45,298.27,59.08,190.28,0.59698,-1,-1,-1
859,141,807.37,137.28,63.88,173.82,0.34491,-1,-1,-1
859,138,468.83,132.43,63.20,194.66,0.31440,-1,-1,-1
859,145,1078.60,0.00,56.26,122.49,0.31300,-1,-1,-1
859,146,1406.47,1019.69,62.02,59.54,0.44356,-1,-1,-1
860,4,1716.73,456.66,79.16,209.90,0.74245,-1,-1,-1
860,104,270.57,612.10,83.65,242.33,0.81063,-1,-1,-1
860,117,874.90,942.77,80.59,136.60,0.72476,-1,-1,-1
860,125,993.09,493.47,78.76,234.96,0.77265,-1,-1,-1
860,124,916.87,505.49,66.71,228.51,0.76819,-1,-1,-1
860,119,1572.76,593.51,104.14,230.69,0.60565,-1,-1,-1
860,128,347.37,302.02,69.64,177.02,0.53358,-1,-1,-1
860,130,434.80,300.15,58.80,189.10,0.61023,-1,-1,-1
860,141,807.06,137.62,63.72,172.90,0.33656,-1,-1,-1
860,138,468.79,133.00,63.33,194.94,0.41326,-1,-1,-1
860,145,1079.84,0.00,56.30,122.58,0.32901,-1,-1,-1
860,146,1405.37,1017.67,64.80,62.14,0.50237,-1,-1,-1
861,4,1716.51,456.50,79.43,209.72,0.75048,-1,-1,-1
861,104,271.22,613.08,83.54,241.17,0.81419,-1,-1,-1
861,117,876.07,942.88,80.71,136.91,0.74586,-1,-1,-1
861,125,992.33,492.69,79.58,234.78,0.78233,-1,-1,-1
861,124,914.90,503.26,67.37,231.25,0.77940,-1,-1,-1
861,119,1572.66,597.00,102.69,227.24,0.65457,-1,-1,-1
861,128,346.93,302.42,69.72,178.06,0.53161,-1,-1,-1
861,130,433.99,300.37,59.19,188.54,0.58896,-1,-1,-1
861,141,806.75,137.57,63.89,173.11,0.31539,-1,-1,-1
861,138,469.12,132.84,63.56,195.60,0.41858,-1,-1,-1
861,146,1403.77,1015.44,67.56,64.56,0.58558,-1,-1,-1
862,4,1716.75,456.62,79.84,210.24,0.73600,-1,-1,-1
862,104,271.18,613.19,83.51,240.50,0.81345,-1,-1,-1
862,117,877.03,943.48,80.28,136.47,0.72822,-1,-1,-1
862,125,991.14,491.30,79.97,234.50,0.77881,-1,-1,-1
862,124,913.69,501.88,67.72,233.23,0.76484,-1,-1,-1
862,119,1572.66,596.98,102.78,226.98,0.63823,-1,-1,-1
862,128,346.56,303.14,70.26,180.37,0.49184,-1,-1,-1
862,130,433.91,300.05,58.94,187.54,0.58155,-1,-1,-1
862,141,806.79,137.42,64.14,174.08,0.31756,-1,-1,-1
862,138,470.46,133.14,63.78,196.13,0.42738,-1,-1,-1
862,146,1399.25,1012.82,70.75,67.18,0.61697,-1,-1,-1
862,145,1082.26,0.00,56.81,123.58,0.32650,-1,-1,-1
863,4,1716.91,456.58,80.00,210.31,0.74133,-1,-1,-1
863,104,271.33,613.71,83.76,240.63,0.81606,-1,-1,-1
863,117,878.30,942.77,80.33,136.98,0.73219,-1,-1,-1
863,125,990.94,489.37,80.58,234.99,0.79907,-1,-1,-1
863,124,912.42,500.83,67.51,232.97,0.77316,-1,-1,-1
863,119,1572.25,595.26,103.59,228.55,0.64014,-1,-1,-1
863,128,345.96,306.73,70.10,180.41,0.56962,-1,-1,-1
863,130,433.50,301.11,59.02,187.34,0.59492,-1,-1,-1
863,138,472.12,134.20,63.27,193.69,0.37934,-1,-1,-1
863,146,1394.98,1009.80,74.30,70.20,0.63249,-1,-1,-1
863,145,1083.21,0.00,57.05,124.08,0.34354,-1,-1,-1
864,4,1717.17,457.12,80.11,209.96,0.73939,-1,-1,-1
864,104,271.88,614.86,83.76,240.06,0.81341,-1,-1,-1
864,117,879.65,942.51,80.20,137.08,0.74243,-1,-1,-1
864,125,988.51,486.70,81.25,235.97,0.80321,-1,-1,-1
864,124,911.78,500.13,67.22,232.60,0.76345,-1,-1,-1
864,119,1572.65,594.51,103.91,229.19,0.63423,-1,-1,-1
864,128,345.70,309.20,69.44,179.28,0.54576,-1,-1,-1
864,130,433.66,302.36,59.22,187.06,0.56665,-1,-1,-1
864,138,473.53,136.52,62.25,189.65,0.30415,-1,-1,-1
864,146,1390.67,1005.83,78.79,74.17,0.66315,-1,-1,-1
864,145,1083.69,0.01,58.05,126.38,0.39491,-1,-1,-1
865,4,1717.72,456.85,79.76,208.68,0.73017,-1,-1,-1
865,104,272.33,617.27,84.70,243.12,0.83403,-1,-1,-1
865,117,881.15,942.61,80.16,137.26,0.72988,-1,-1,-1
865,125,987.26,484.42,81.46,235.92,0.79966,-1,-1,-1
865,124,910.80,498.86,66.33,229.67,0.76194,-1,-1,-1
865,119,1572.40,594.23,104.21,229.65,0.64713,-1,-1,-1
865,128,346.43,311.76,69.44,179.09,0.59389,-1,-1,-1
865,130,433.65,303.03,59.52,186.96,0.58087,-1,-1,-1
865,146,1387.36,1001.92,83.24,78.08,0.68242,-1,-1,-1
865,145,1084.36,0.96,58.58,127.68,0.38459,-1,-1,-1
866,4,1718.14,456.96,79.83,208.86,0.71981,-1,-1,-1
866,104,272.51,619.47,85.68,246.75,0.82948,-1,-1,-1
866,117,882.88,942.60,80.21,137.38,0.73541,-1,-1,-1
866,125,986.19,481.82,81.27,234.57,0.79258,-1,-1,-1
866,124,909.81,497.37,65.77,227.40,0.78794,-1,-1,-1
866,119,1572.59,594.29,104.15,229.34,0.61338,-1,-1,-1
866,128,346.09,313.64,69.37,178.20,0.57196,-1,-1,-1
866,130,433.74,303.93,59.65,186.37,0.53951,-1,-1,-1
866,146,1384.07,998.31,87.31,81.69,0.68043,-1,-1,-1
866,145,1084.62,1.20,59.80,130.77,0.30887,-1,-1,-1
866,141,805.96,137.51,63.73,172.47,0.30556,-1,-1,-1
866,138,473.44,138.34,61.55,186.44,0.32096,-1,-1,-1
867,4,1718.15,456.95,80.15,209.75,0.71313,-1,-1,-1
867,104,272.72,620.80,86.47,249.86,0.82609,-1,-1,-1
867,117,884.97,941.98,80.41,138.02,0.73706,-1,-1,-1
867,125,985.67,478.77,80.19,230.53,0.77368,-1,-1,-1
867,124,908.62,496.18,64.96,223.04,0.77939,-1,-1,-1
867,119,1572.45,593.29,104.57,230.34,0.61631,-1,-1,-1
867,128,345.90,317.52,68.58,175.69,0.55816,-1,-1,-1
867,130,432.45,301.77,60.51,189.57,0.54622,-1,-1,-1
867,146,1381.26,994.35,91.56,85.65,0.67541,-1,-1,-1
867,145,1084.67,0.46,60.62,133.14,0.31608,-1,-1,-1
867,141,805.28,137.44,63.76,172.39,0.32520,-1,-1,-1
867,138,472.74,137.94,61.53,185.98,0.31461,-1,-1,-1
868,4,1718.05,456.91,79.84,209.15,0.70160,-1,-1,-1
868,104,272.35,622.10,87.20,252.44,0.83582,-1,-1,-1
868,117,887.16,941.56,80.46,138.44,0.74249,-1,-1,-1
868,125,986.35,475.98,78.08,224.42,0.77954,-1,-1,-1
868,124,907.08,494.73,64.55,219.70,0.76524,-1,-1,-1
868,119,1572.58,592.66,104.49,230.71,0.65261,-1,-1,-1
868,128,345.47,318.33,68.47,175.12,0.53149,-1,-1,-1
868,130,431.30,300.94,61.74,194.95,0.55879,-1,-1,-1
868,146,1377.96,989.02,96.86,90.98,0.65731,-1,-1,-1
868,145,1084.46,0.17,60.91,135.02,0.35731,-1,-1,-1
869,4,1718.34,457.24,79.76,208.82,0.70902,-1,-1,-1
869,104,273.12,624.64,86.44,250.29,0.83117,-1,-1,-1
869,117,890.27,941.01,80.46,138.99,0.72933,-1,-1,-1
869,125,986.20,473.38,77.58,223.99,0.75926,-1,-1,-1
869,124,906.37,492.76,63.92,214.84,0.77064,-1,-1,-1
869,119,1572.92,593.77,104.01,229.70,0.63617,-1,-1,-1
869,128,345.92,316.09,69.04,176.95,0.48860,-1,-1,-1
869,130,431.13,301.77,62.53,198.05,0.49852,-1,-1,-1
869,146,1375.73,984.89,100.53,95.11,0.68414,-1,-1,-1
869,145,1084.70,0.45,60.33,134.95,0.33757,-1,-1,-1
870,4,1718.56,457.81,79.13,206.72,0.71875,-1,-1,-1
870,104,273.51,627.32,86.67,251.24,0.83345,-1,-1,-1
870,117,892.42,940.75,80.22,139.25,0.73520,-1,-1,-1
870,125,986.16,472.04,76.61,223.30,0.74821,-1,-1,-1
870,124,904.39,490.98,64.51,214.85,0.72929,-1,-1,-1
870,119,1573.40,594.44,103.69,229.33,0.65130,-1,-1,-1
870,128,352.07,318.32,66.72,173.20,0.50958,-1,-1,-1
870,130,432.34,311.28,60.68,193.36,0.56252,-1,-1,-1
870,146,1374.47,982.44,102.30,97.56,0.71848,-1,-1,-1
870,145,1084.54,0.17,59.82,135.26,0.32035,-1,-1,-1
871,4,1718.11,457.60,79.66,207.86,0.70245,-1,-1,-1
871,104,274.26,630.05,87.30,253.67,0.83296,-1,-1,-1
871,117,894.63,941.37,79.43,138.63,0.73832,-1,-1,-1
871,125,985.53,469.84,76.17,224.66,0.75337,-1,-1,-1
871,124,902.55,488.68,65.14,215.19,0.73495,-1,-1,-1
871,119,1573.08,594.58,103.71,229.76,0.61554,-1,-1,-1
871,128,352.07,316.79,66.74,175.45,0.49409,-1,-1,-1
871,130,432.81,314.77,59.63,191.42,0.57907,-1,-1,-1
871,146,1372.55,979.74,104.20,100.26,0.71372,-1,-1,-1
871,145,1084.64,0.06,59.01,134.90,0.30045,-1,-1,-1
872,4,1717.79,457.95,79.87,208.12,0.71053,-1,-1,-1
872,104,275.07,632.60,87.24,254.93,0.83448,-1,-1,-1
872,117,896.59,941.48,79.09,138.52,0.73196,-1,-1,-1
872,125,984.76,468.32,75.68,225.85,0.74801,-1,-1,-1
872,124,900.77,487.34,65.99,216.44,0.74030,-1,-1,-1
872,119,1572.37,595.51,103.44,228.85,0.61001,-1,-1,-1
872,128,351.73,314.58,66.88,178.34,0.49686,-1,-1,-1
872,130,432.39,317.29,59.26,191.70,0.58322,-1,-1,-1
872,146,1370.29,976.63,106.46,103.37,0.71173,-1,-1,-1
872,145,1084.28,0.02,59.22,136.84,0.37314,-1,-1,-1
872,147,415.34,158.57,53.17,161.43,0.31621,-1,-1,-1
873,4,1717.56,458.14,79.86,207.89,0.70815,-1,-1,-1
873,104,275.51,634.09,87.09,255.44,0.83466,-1,-1,-1
873,117,898.84,941.51,78.82,138.49,0.73333,-1,-1,-1
873,125,985.03,467.61,74.58,225.22,0.74152,-1,-1,-1
873,124,899.62,486.36,67.08,219.08,0.73449,-1,-1,-1
873,119,1572.06,596.05,103.33,228.14,0.58701,-1,-1,-1
873,128,352.12,314.87,65.84,177.64,0.51656,-1,-1,-1
873,130,432.48,317.28,59.59,193.39,0.60333,-1,-1,-1
873,146,1368.11,974.55,107.61,105.45,0.72097,-1,-1,-1
873,145,1083.92,1.52,60.23,140.77,0.35047,-1,-1,-1
873,147,413.89,159.05,53.39,162.33,0.30955,-1,-1,-1
874,4,1718.06,458.34,79.86,208.02,0.69242,-1,-1,-1
874,104,276.38,635.25,86.87,255.11,0.83040,-1,-1,-1
874,117,899.73,941.04,78.91,138.96,0.73675,-1,-1,-1
874,125,985.58,467.20,73.69,224.96,0.73026,-1,-1,-1
874,124,898.77,484.17,67.82,221.02,0.71780,-1,-1,-1
874,119,1572.83,596.95,103.08,227.27,0.63019,-1,-1,-1
874,128,351.53,315.34,65.00,177.68,0.53345,-1,-1,-1
874,130,431.50,315.10,60.25,195.82,0.61563,-1,-1,-1
874,146,1366.39,973.50,107.75,106.50,0.72774,-1,-1,-1
874,145,1084.55,1.23,60.06,141.47,0.34017,-1,-1,-1
874,148,1404.56,11.19,61.35,152.23,0.32516,-1,-1,-1
875,4,1717.96,458.48,79.57,207.25,0.68825,-1,-1,-1
875,104,277.95,635.86,86.17,253.95,0.82132,-1,-1,-1
875,117,901.02,940.32,79.03,139.68,0.72698,-1,-1,-1
875,125,985.98,466.85,72.97,225.15,0.72840,-1,-1,-1
875,124,897.13,482.95,67.95,221.00,0.72880,-1,-1,-1
875,119,1573.16,597.26,102.89,226.57,0.62498,-1,-1,-1
875,128,352.19,317.88,63.75,175.67,0.51850,-1,-1,-1
875,130,431.28,313.43,60.81,197.90,0.57091,-1,-1,-1
875,146,1364.65,971.94,108.23,108.06,0.70745,-1,-1,-1
875,148,1405.26,10.01,61.82,153.45,0.30879,-1,-1,-1
876,4,1718.37,458.08,79.62,207.55,0.68978,-1,-1,-1
876,104,279.17,636.39,86.03,253.77,0.81368,-1,-1,-1
876,117,901.91,940.06,79.16,139.94,0.74602,-1,-1,-1
876,125,985.70,466.92,72.49,226.00,0.72772,-1,-1,-1
876,124,895.94,482.29,68.35,222.40,0.73027,-1,-1,-1
876,119,1573.13,598.19,102.42,225.61,0.62032,-1,-1,-1
876,128,352.26,319.14,63.72,175.94,0.48570,-1,-1,-1
876,130,431.54,313.97,60.43,196.78,0.57411,-1,-1,-1
876,146,1362.48,970.65,108.47,109.35,0.70506,-1,-1,-1
876,147,410.33,160.85,53.16,162.67,0.31112,-1,-1,-1
876,145,1084.81,0.47,61.50,145.91,0.30645,-1,-1,-1
877,4,1718.48,458.06,79.62,207.58,0.67259,-1,-1,-1
877,104,279.89,637.54,85.48,253.11,0.79876,-1,-1,-1
877,117,902.47,939.45,79.38,140.55,0.73001,-1,-1,-1
877,125,984.72,466.14,72.23,226.90,0.71801,-1,-1,-1
877,124,895.44,482.16,68.57,223.13,0.72149,-1,-1,-1
877,119,1573.33,597.76,102.72,226.20,0.60165,-1,-1,-1
877,128,351.94,321.05,63.88,177.47,0.51626,-1,-1,-1
877,130,431.54,314.34,60.29,195.77,0.55029,-1,-1,-1
877,146,1360.15,968.46,109.53,111.54,0.69954,-1,-1,-1
877,145,1084.84,0.36,62.05,148.08,0.34105,-1,-1,-1
878,4,1718.68,457.67,79.44,207.51,0.63524,-1,-1,-1
878,104,281.85,638.90,85.10,251.99,0.78499,-1,-1,-1
878,117,903.83,939.21,79.57,140.79,0.73488,-1,-1,-1
878,125,984.32,465.15,71.60,226.77,0.71062,-1,-1,-1
878,124,894.62,480.76,68.70,224.08,0.71721,-1,-1,-1
878,119,1573.49,597.29,102.98,227.02,0.57652,-1,-1,-1
878,128,352.04,321.56,64.47,181.14,0.48557,-1,-1,-1
878,130,430.66,316.29,60.03,194.33,0.55113,-1,-1,-1
878,146,1357.43,966.21,110.85,113.79,0.71815,-1,-1,-1
878,145,1084.88,0.31,62.28,149.12,0.44402,-1,-1,-1
878,149,1777.08,684.22,59.73,222.34,0.36784,-1,-1,-1
879,4,1718.75,457.24,79.48,207.94,0.62774,-1,-1,-1
879,104,283.37,640.35,84.76,250.58,0.78081,-1,-1,-1
879,117,904.16,938.98,79.82,141.02,0.73654,-1,-1,-1
879,125,982.94,464.43,71.09,226.48,0.68508,-1,-1,-1
879,124,893.79,480.37,68.35,223.55,0.71940,-1,-1,-1
879,119,1573.41,599.01,102.24,225.64,0.59114,-1,-1,-1
879,128,351.07,323.02,64.74,182.89,0.41313,-1,-1,-1
879,130,429.61,314.39,60.80,196.61,0.50491,-1,-1,-1
879,146,1355.83,963.70,112.13,116.30,0.73217,-1,-1,-1
879,145,1084.75,0.27,63.01,151.59,0.43821,-1,-1,-1
879,149,1772.40,681.47,65.98,245.68,0.39808,-1,-1,-1
880,4,1719.08,457.30,79.23,207.86,0.63632,-1,-1,-1
880,104,284.17,641.44,84.34,249.59,0.75494,-1,-1,-1
880,117,904.82,938.17,80.21,141.83,0.74042,-1,-1,-1
880,125,982.16,462.73,70.47,225.62,0.69473,-1,-1,-1
880,124,893.47,478.61,68.16,223.42,0.69679,-1,-1,-1
880,119,1573.53,597.60,102.44,226.49,0.61102,-1,-1,-1
880,128,345.21,323.44,66.50,184.71,0.42528,-1,-1,-1
880,130,429.62,317.81,59.75,191.96,0.57429,-1,-1,-1
880,146,1354.72,960.46,113.82,119.54,0.73087,-1,-1,-1
880,145,1084.93,0.24,63.57,153.60,0.39413,-1,-1,-1
880,149,1767.98,680.12,69.74,259.96,0.40281,-1,-1,-1
881,4,1719.28,457.47,79.21,207.99,0.62807,-1,-1,-1
881,104,285.44,642.48,84.16,248.56,0.77547,-1,-1,-1
881,117,905.17,937.77,80.48,142.23,0.74813,-1,-1,-1
881,125,980.79,460.32,69.60,224.17,0.70388,-1,-1,-1
881,124,893.41,477.11,67.47,221.64,0.66188,-1,-1,-1
881,119,1573.55,598.48,102.21,225.82,0.56450,-1,-1,-1
881,128,342.26,324.65,68.04,187.15,0.40090,-1,-1,-1
881,130,429.40,319.93,59.20,189.50,0.52649,-1,-1,-1
881,146,1352.74,957.26,115.21,122.74,0.74376,-1,-1,-1
881,145,1085.54,0.21,63.81,155.37,0.34014,-1,-1,-1
881,149,1767.09,680.56,70.01,260.69,0.39603,-1,-1,-1
882,4,1719.43,457.75,78.99,208.12,0.64177,-1,-1,-1
882,104,286.45,643.68,84.01,247.38,0.76408,-1,-1,-1
882,117,905.64,937.28,80.85,142.72,0.75350,-1,-1,-1
882,125,979.30,457.16,68.74,222.47,0.69571,-1,-1,-1
882,124,892.47,474.73,68.06,224.81,0.66657,-1,-1,-1
882,119,1573.84,597.74,102.35,226.59,0.60318,-1,-1,-1
882,128,341.07,328.02,68.00,185.22,0.34384,-1,-1,-1
882,130,429.52,321.13,58.86,187.85,0.53026,-1,-1,-1
882,146,1350.22,952.90,117.32,127.10,0.74540,-1,-1,-1
882,149,1765.40,680.93,68.99,256.11,0.43641,-1,-1,-1
882,141,804.43,137.83,63.18,175.36,0.30341,-1,-1,-1
883,4,1720.15,457.84,78.62,207.83,0.64342,-1,-1,-1
883,104,287.51,645.14,83.96,246.16,0.78405,-1,-1,-1
883,117,905.41,937.01,81.07,142.99,0.74359,-1,-1,-1
883,125,978.41,454.67,67.77,219.66,0.72912,-1,-1,-1
883,124,893.15,471.54,64.52,212.73,0.67420,-1,-1,-1
883,119,1573.70,597.10,102.24,227.17,0.57896,-1,-1,-1
883,128,340.02,330.92,68.11,183.23,0.40430,-1,-1,-1
883,130,428.62,320.48,59.20,187.98,0.54840,-1,-1,-1
883,146,1348.42,949.15,118.18,130.36,0.78929,-1,-1,-1
883,149,1765.59,682.55,67.44,248.79,0.47679,-1,-1,-1
884,4,1720.60,457.76,78.25,207.79,0.62226,-1,-1,-1
884,104,288.31,647.80,83.60,244.32,0.78218,-1,-1,-1
884,117,906.32,937.70,80.80,142.30,0.73433,-1,-1,-1
884,125,976.42,452.08,67.66,219.38,0.68776,-1,-1,-1
884,124,891.07,467.76,65.48,217.18,0.65145,-1,-1,-1
884,119,1574.41,597.86,101.62,226.54,0.55711,-1,-1,-1
884,128,338.22,334.13,68.16,180.48,0.39674,-1,-1,-1
884,130,427.95,320.07,59.88,190.27,0.54862,-1,-1,-1
884,146,1345.62,944.40,119.54,134.63,0.79839,-1,-1,-1
884,149,1766.19,683.50,64.08,233.89,0.54591,-1,-1,-1
885,4,1720.95,457.83,77.82,207.25,0.60555,-1,-1,-1
885,104,288.37,649.71,83.80,244.34,0.76827,-1,-1,-1
885,117,907.09,937.42,80.93,142.58,0.72178,-1,-1,-1
885,125,974.81,449.55,67.79,219.47,0.70319,-1,-1,-1
885,124,890.13,465.01,65.79,219.59,0.69239,-1,-1,-1
885,119,1574.32,599.09,100.96,225.33,0.54732,-1,-1,-1
885,128,338.65,333.23,69.13,181.59,0.36739,-1,-1,-1
885,130,427.23,319.62,61.16,194.76,0.53470,-1,-1,-1
885,146,1343.62,939.92,121.13,139.70,0.80623,-1,-1,-1
885,149,1765.93,684.26,62.53,224.55,0.51757,-1,-1,-1
886,4,1720.67,457.61,77.64,207.48,0.61478,-1,-1,-1
886,104,288.61,651.86,84.24,245.67,0.74858,-1,-1,-1
886,117,907.16,936.88,81.27,143.12,0.72826,-1,-1,-1
886,125,972.32,446.63,68.73,221.55,0.70133,-1,-1,-1
886,124,889.75,461.56,65.55,219.87,0.68705,-1,-1,-1
886,119,1574.80,598.49,101.25,226.12,0.56568,-1,-1,-1
886,128,337.52,335.47,69.22,179.12,0.37563,-1,-1,-1
886,130,426.42,320.41,61.65,197.28,0.48241,-1,-1,-1
886,146,1341.80,935.73,121.71,143.90,0.80769,-1,-1,-1
886,149,1765.17,684.55,63.69,224.59,0.47718,-1,-1,-1
887,4,1720.68,457.21,77.51,207.77,0.61781,-1,-1,-1
887,104,288.58,653.97,84.40,246.43,0.75906,-1,-1,-1
887,117,908.13,937.10,81.14,142.90,0.71815,-1,-1,-1
887,125,971.23,444.74,69.49,223.25,0.71857,-1,-1,-1
887,124,889.88,461.34,64.30,215.99,0.72731,-1,-1,-1
887,119,1574.94,599.40,100.74,225.04,0.55106,-1,-1,-1
887,128,335.42,337.20,69.54,177.00,0.35818,-1,-1,-1
887,130,426.07,322.67,62.13,199.00,0.48125,-1,-1,-1
887,146,1340.81,931.65,121.40,146.74,0.76669,-1,-1,-1
887,149,1763.98,684.67,64.15,223.06,0.51295,-1,-1,-1
887,138,469.57,160.29,66.13,196.77,0.30012,-1,-1,-1
888,4,1720.55,457.95,77.14,206.93,0.62899,-1,-1,-1
888,104,288.97,655.74,84.58,247.80,0.74478,-1,-1,-1
888,117,908.48,937.00,81.10,143.00,0.70990,-1,-1,-1
888,125,970.65,443.84,69.87,223.07,0.73589,-1,-1,-1
888,124,889.44,458.33,65.10,219.57,0.73335,-1,-1,-1
888,119,1575.29,599.29,100.96,225.58,0.55321,-1,-1,-1
888,128,334.17,338.54,69.93,175.56,0.42689,-1,-1,-1
888,130,426.24,325.29,62.24,199.73,0.50738,-1,-1,-1
888,146,1340.08,929.55,121.07,149.82,0.77151,-1,-1,-1
888,149,1762.50,685.24,65.22,223.32,0.55294,-1,-1,-1
888,138,470.29,160.61,67.24,199.17,0.33367,-1,-1,-1
889,4,1720.41,457.20,77.48,207.90,0.64369,-1,-1,-1
889,104,289.92,658.43,84.05,247.44,0.72961,-1,-1,-1
889,117,909.41,937.32,80.88,142.68,0.72662,-1,-1,-1
889,125,970.16,443.23,70.69,224.04,0.74172,-1,-1,-1
889,124,889.13,456.43,65.33,221.32,0.73489,-1,-1,-1
889,119,1574.97,599.64,100.48,224.92,0.53957,-1,-1,-1
889,128,334.10,340.05,69.87,173.56,0.41961,-1,-1,-1
889,130,426.37,324.98,62.14,199.98,0.50568,-1,-1,-1
889,146,1338.30,926.14,121.43,153.35,0.77143,-1,-1,-1
889,149,1761.62,684.02,67.28,227.74,0.51212,-1,-1,-1
889,138,469.43,162.19,67.73,199.06,0.30364,-1,-1,-1
889,145,1098.18,0.87,64.79,160.17,0.33994,-1,-1,-1
890,4,1720.19,456.65,78.00,209.25,0.66584,-1,-1,-1
890,104,289.94,659.83,84.47,249.95,0.71206,-1,-1,-1
890,117,910.32,937.26,80.64,142.74,0.73837,-1,-1,-1
890,125,968.68,442.84,71.45,224.59,0.72707,-1,-1,-1
890,124,888.92,456.38,64.60,219.60,0.71610,-1,-1,-1
890,119,1574.71,599.82,100.39,224.97,0.53107,-1,-1,-1
890,128,334.59,341.60,69.38,171.56,0.48890,-1,-1,-1
890,130,424.40,328.07,62.50,201.03,0.50938,-1,-1,-1
890,146,1336.32,924.56,120.74,155.25,0.75630,-1,-1,-1
890,149,1759.59,683.13,69.79,234.01,0.49704,-1,-1,-1
890,138,468.31,162.99,68.50,199.22,0.34635,-1,-1,-1
890,145,1100.22,4.37,63.07,156.90,0.35913,-1,-1,-1
891,4,1720.41,456.87,77.72,209.08,0.64583,-1,-1,-1
891,104,290.91,661.96,84.49,251.79,0.70118,-1,-1,-1
891,117,910.49,937.59,80.33,142.41,0.73484,-1,-1,-1
891,125,967.50,442.79,72.70,225.56,0.72303,-1,-1,-1
891,124,888.40,455.07,64.28,219.17,0.73339,-1,-1,-1
891,119,1574.94,598.05,100.94,226.70,0.54088,-1,-1,-1
891,128,335.85,341.11,69.58,172.89,0.48125,-1,-1,-1
891,130,423.33,329.46,62.67,201.36,0.51628,-1,-1,-1
891,146,1335.81,924.56,118.90,155.38,0.79181,-1,-1,-1
891,149,1758.08,683.05,71.11,235.97,0.53879,-1,-1,-1
891,138,469.72,165.21,67.75,196.51,0.37061,-1,-1,-1
891,145,1101.65,5.39,62.56,156.52,0.38809,-1,-1,-1
892,4,1720.48,456.61,77.68,209.18,0.64568,-1,-1,-1
892,104,292.03,664.06,84.31,253.09,0.76190,-1,-1,-1
892,117,910.57,937.65,80.09,142.35,0.72947,-1,-1,-1
892,125,966.46,442.96,73.98,226.40,0.72995,-1,-1,-1
892,124,887.38,455.42,64.24,219.64,0.69660,-1,-1,-1
892,119,1573.88,596.77,101.43,227.98,0.53549,-1,-1,-1
892,128,336.39,342.13,68.92,172.22,0.50264,-1,-1,-1
892,130,422.40,331.32,62.64,200.47,0.54396,-1,-1,-1
892,146,1334.51,923.46,118.34,156.53,0.77917,-1,-1,-1
892,149,1757.33,682.55,71.70,235.44,0.53987,-1,-1,-1
892,138,469.70,165.77,68.24,197.28,0.41257,-1,-1,-1
892,145,1103.08,7.21,61.93,156.11,0.46662,-1,-1,-1
893,4,1720.92,456.93,77.42,208.80,0.63854,-1,-1,-1
893,104,293.79,664.79,84.22,254.87,0.77723,-1,-1,-1
893,117,911.46,937.83,79.74,142.17,0.73328,-1,-1,-1
893,125,965.68,441.96,75.02,226.77,0.74441,-1,-1,-1
893,124,885.70,455.09,64.08,219.37,0.72009,-1,-1,-1
893,119,1573.98,595.74,101.60,228.78,0.53514,-1,-1,-1
893,128,337.58,344.57,68.35,171.32,0.52571,-1,-1,-1
893,130,422.84,333.33,62.17,198.07,0.54627,-1,-1,-1
893,146,1332.11,920.94,118.95,159.06,0.78066,-1,-1,-1
893,149,1756.46,682.00,73.05,237.27,0.56080,-1,-1,-1
893,138,474.01,170.55,65.82,192.20,0.41379,-1,-1,-1
893,145,1103.78,8.43,61.69,156.24,0.39344,-1,-1,-1
894,4,1720.60,457.17,77.32,208.41,0.63826,-1,-1,-1
894,104,294.97,666.60,83.76,254.95,0.75521,-1,-1,-1
894,117,911.74,937.90,79.35,142.10,0.73825,-1,-1,-1
894,125,965.35,441.11,75.94,226.86,0.74831,-1,-1,-1
894,124,885.05,455.05,63.76,218.83,0.69685,-1,-1,-1
894,119,1573.21,593.75,102.50,231.15,0.50207,-1,-1,-1
894,128,338.61,345.45,68.46,172.53,0.44283,-1,-1,-1
894,130,422.12,333.61,62.56,198.31,0.51323,-1,-1,-1
894,146,1328.69,917.69,119.95,162.31,0.78742,-1,-1,-1
894,149,1755.32,680.77,75.01,241.29,0.56899,-1,-1,-1
894,138,472.77,169.86,66.14,192.20,0.42822,-1,-1,-1
895,4,1720.25,456.88,77.40,208.66,0.63085,-1,-1,-1
895,104,296.30,668.14,83.05,253.75,0.72568,-1,-1,-1
895,117,912.26,938.18,78.96,141.82,0.74129,-1,-1,-1
895,125,965.50,440.67,76.55,226.24,0.74407,-1,-1,-1
895,124,883.38,454.88,63.60,218.76,0.71462,-1,-1,-1
895,119,1573.14,595.32,101.75,229.46,0.52506,-1,-1,-1
895,128,337.62,346.01,69.64,177.18,0.49614,-1,-1,-1
895,130,421.35,333.82,62.74,198.07,0.51843,-1,-1,-1
895,146,1325.95,916.44,119.52,163.56,0.78632,-1,-1,-1
895,149,1754.83,681.37,75.23,239.44,0.58076,-1,-1,-1
895,138,474.32,170.96,65.78,191.49,0.48718,-1,-1,-1
895,145,1105.68,13.32,60.78,154.46,0.37389,-1,-1,-1
896,4,1719.90,457.14,77.40,208.59,0.63111,-1,-1,-1
896,104,297.93,668.62,82.63,252.69,0.73842,-1,-1,-1
896,117,912.18,938.51,78.46,141.49,0.71370,-1,-1,-1
896,125,965.16,439.00,77.34,226.44,0.73947,-1,-1,-1
896,124,883.33,455.03,62.78,216.79,0.69461,-1,-1,-1
896,119,1573.20,596.93,101.10,227.83,0.57766,-1,-1,-1
896,128,337.35,346.86,69.54,178.38,0.51287,-1,-1,-1
896,130,421.11,334.04,62.83,197.74,0.50741,-1,-1,-1
896,146,1323.80,913.59,119.73,166.41,0.77265,-1,-1,-1
896,149,1753.98,681.78,76.00,239.24,0.58398,-1,-1,-1
896,138,474.73,170.69,65.85,191.46,0.48649,-1,-1,-1
896,145,1106.94,15.55,59.91,152.66,0.41328,-1,-1,-1
897,4,1719.98,457.13,77.19,207.90,0.64226,-1,-1,-1
897,104,299.00,669.15,83.12,253.24,0.74806,-1,-1,-1
897,117,912.34,938.89,78.05,141.11,0.73493,-1,-1,-1
897,125,964.96,436.57,77.98,227.08,0.74091,-1,-1,-1
897,124,882.20,452.64,63.21,218.63,0.70887,-1,-1,-1
897,119,1573.43,598.06,100.63,226.66,0.57323,-1,-1,-1
897,128,337.54,348.73,69.70,179.95,0.48573,-1,-1,-1
897,130,421.09,335.16,62.54,195.67,0.48652,-1,-1,-1
897,146,1321.21,909.21,120.69,170.79,0.77789,-1,-1,-1
897,149,1753.16,680.88,76.52,239.06,0.57323,-1,-1,-1
897,138,472.70,170.76,66.56,192.27,0.44534,-1,-1,-1
897,145,1107.34,16.44,59.82,153.11,0.33802,-1,-1,-1
898,4,1719.93,457.08,77.31,208.36,0.64394,-1,-1,-1
898,104,300.36,670.17,83.50,252.12,0.76320,-1,-1,-1
898,117,911.46,939.66,77.42,140.28,0.73471,-1,-1,-1
898,125,964.35,434.25,78.02,226.23,0.72773,-1,-1,-1
898,124,881.02,450.80,63.11,218.60,0.67641,-1,-1,-1
898,119,1574.28,597.38,100.88,227.02,0.58498,-1,-1,-1
898,128,337.06,353.13,68.96,179.70,0.49064,-1,-1,-1
898,130,420.20,335.05,62.61,194.93,0.50647,-1,-1,-1
898,146,1318.18,904.65,121.50,175.35,0.78723,-1,-1,-1
898,149,1752.83,680.69,77.02,239.46,0.54260,-1,-1,-1
898,138,472.23,171.72,66.87,190.84,0.43491,-1,-1,-1
898,145,1107.53,17.16,59.09,152.35,0.30312,-1,-1,-1
899,4,1719.69,457.05,77.29,208.80,0.63780,-1,-1,-1
899,104,301.38,670.52,84.32,252.30,0.76839,-1,-1,-1
899,117,911.27,940.61,76.62,139.33,0.74174,-1,-1,-1
899,125,963.91,431.94,77.46,223.64,0.72795,-1,-1,-1
899,124,880.14,447.78,61.96,214.17,0.66500,-1,-1,-1
899,119,1575.18,599.45,100.06,224.76,0.57777,-1,-1,-1
899,128,337.13,356.10,68.27,178.51,0.53380,-1,-1,-1
899,130,419.74,336.12,62.56,193.60,0.50850,-1,-1,-1
899,146,1315.74,900.26,121.83,179.74,0.79471,-1,-1,-1
899,149,1752.20,680.25,77.50,240.30,0.51087,-1,-1,-1
899,138,471.69,171.32,67.99,192.12,0.43909,-1,-1,-1
899,145,1107.66,17.32,58.40,152.24,0.35996,-1,-1,-1
900,4,1719.80,456.21,77.37,209.47,0.61997,-1,-1,-1
900,104,302.58,671.25,85.39,252.33,0.77043,-1,-1,-1
900,117,911.53,942.13,75.36,137.52,0.72541,-1,-1,-1
900,125,963.30,428.92,77.33,222.82,0.72338,-1,-1,-1
900,124,878.37,445.58,61.81,213.70,0.67255,-1,-1,-1
900,119,1575.14,600.41,99.68,223.80,0.57473,-1,-1,-1
900,128,335.92,356.34,68.56,180.26,0.53869,-1,-1,-1
900,130,418.89,336.16,63.53,195.87,0.51825,-1,-1,-1
900,146,1314.33,895.92,122.14,184.08,0.79934,-1,-1,-1
900,149,1752.18,680.75,77.22,239.18,0.53962,-1,-1,-1
900,138,471.87,171.57,68.42,190.97,0.40614,-1,-1,-1
900,145,1107.72,16.06,58.38,154.24,0.37656,-1,-1,-1
901,4,1720.81,456.96,76.71,207.87,0.60390,-1,-1,-1
901,104,303.53,672.61,85.99,250.30,0.78653,-1,-1,-1
901,117,911.81,943.10,74.42,136.24,0.73758,-1,-1,-1
901,125,963.39,425.37,77.05,222.59,0.71546,-1,-1,-1
901,124,877.41,442.79,61.43,211.63,0.66318,-1,-1,-1
901,119,1575.90,599.37,100.35,225.05,0.58018,-1,-1,-1
901,128,335.30,354.13,69.01,181.27,0.49039,-1,-1,-1
901,130,417.55,337.64,64.24,196.95,0.52490,-1,-1,-1
901,146,1312.73,892.36,121.90,187.64,0.81287,-1,-1,-1
901,149,1750.77,682.20,76.93,237.78,0.56019,-1,-1,-1
901,138,472.57,172.76,68.95,189.70,0.34429,-1,-1,-1
901,145,1107.61,15.61,58.63,156.75,0.33439,-1,-1,-1
902,4,1720.87,456.81,76.61,207.98,0.60847,-1,-1,-1
902,104,303.77,674.64,87.14,249.88,0.81239,-1,-1,-1
902,117,911.90,944.09,73.38,135.11,0.72620,-1,-1,-1
902,125,964.13,422.84,75.58,219.16,0.73008,-1,-1,-1
902,124,876.09,440.57,61.39,210.80,0.69533,-1,-1,-1
902,119,1576.61,599.16,100.17,224.96,0.58158,-1,-1,-1
902,128,334.99,353.18,69.34,181.42,0.42540,-1,-1,-1
902,130,417.67,338.20,65.36,200.39,0.51603,-1,-1,-1
902,146,1310.68,889.03,121.38,190.97,0.80606,-1,-1,-1
902,149,1750.24,682.15,77.28,238.57,0.54978,-1,-1,-1
902,138,473.78,173.79,68.32,185.49,0.31782,-1,-1,-1
902,145,1107.75,16.85,58.37,157.93,0.30914,-1,-1,-1
903,4,1720.52,457.23,76.62,208.25,0.59565,-1,-1,-1
903,104,303.18,676.46,89.12,252.89,0.82228,-1,-1,-1
903,117,911.71,945.16,72.74,134.54,0.73502,-1,-1,-1
903,125,964.35,420.94,74.68,217.91,0.71626,-1,-1,-1
903,124,875.26,438.42,61.49,210.59,0.69142,-1,-1,-1
903,119,1577.15,598.95,100.11,225.35,0.59330,-1,-1,-1
903,128,334.04,352.38,69.92,181.92,0.36731,-1,-1,-1
903,130,416.74,340.26,65.99,201.79,0.55078,-1,-1,-1
903,146,1308.59,885.15,121.20,194.85,0.78151,-1,-1,-1
903,149,1750.80,680.95,78.11,241.08,0.56570,-1,-1,-1
903,138,474.32,174.33,68.31,183.17,0.30984,-1,-1,-1
903,145,1108.10,18.14,58.18,159.22,0.30075,-1,-1,-1
904,4,1721.24,457.19,76.24,207.71,0.62773,-1,-1,-1
904,104,303.05,678.56,90.17,253.70,0.83735,-1,-1,-1
904,117,912.04,946.18,71.93,133.72,0.72077,-1,-1,-1
904,125,964.62,420.06,73.90,217.17,0.71004,-1,-1,-1
904,124,874.22,436.93,62.30,213.14,0.71046,-1,-1,-1
904,119,1577.00,599.28,99.81,224.78,0.54810,-1,-1,-1
904,128,331.22,353.37,70.26,180.41,0.38033,-1,-1,-1
904,130,417.93,343.05,66.00,202.47,0.49458,-1,-1,-1
904,146,1305.85,881.23,120.88,198.77,0.77120,-1,-1,-1
904,149,1751.85,681.87,78.20,240.66,0.58761,-1,-1,-1
904,138,471.38,174.01,69.90,188.03,0.31382,-1,-1,-1
904,145,1108.86,19.69,57.61,158.87,0.37810,-1,-1,-1
905,4,1721.38,456.91,76.20,208.04,0.64107,-1,-1,-1
905,104,303.14,680.33,91.90,257.46,0.83727,-1,-1,-1
905,117,912.13,947.36,71.12,132.61,0.72717,-1,-1,-1
905,125,964.41,418.58,73.88,218.33,0.73069,-1,-1,-1
905,124,873.74,435.17,62.25,213.29,0.71809,-1,-1,-1
905,119,1576.64,598.76,100.11,225.66,0.57732,-1,-1,-1
905,128,338.12,354.60,68.46,179.47,0.41788,-1,-1,-1
905,130,417.77,347.39,65.23,200.29,0.47953,-1,-1,-1
905,146,1304.14,877.99,119.71,201.14,0.74831,-1,-1,-1
905,149,1752.25,682.35,78.95,243.17,0.57651,-1,-1,-1
905,145,1109.33,21.25,57.56,159.69,0.34919,-1,-1,-1
906,4,1720.72,456.69,76.31,208.74,0.63480,-1,-1,-1
906,104,303.74,682.37,92.97,260.27,0.84110,-1,-1,-1
906,117,912.32,948.97,70.17,131.03,0.72577,-1,-1,-1
906,125,964.23,417.65,73.25,217.82,0.73353,-1,-1,-1
906,124,872.57,434.43,62.38,214.23,0.73902,-1,-1,-1
906,119,1577.30,598.96,99.83,225.38,0.59466,-1,-1,-1
906,128,341.33,354.37,67.33,180.59,0.43341,-1,-1,-1
906,130,415.66,348.87,65.58,201.36,0.58894,-1,-1,-1
906,146,1302.57,875.86,118.23,203.22,0.75850,-1,-1,-1
906,149,1753.04,682.82,78.23,240.36,0.60988,-1,-1,-1
906,145,1109.38,22.55,57.42,159.69,0.33703,-1,-1,-1
906,138,468.43,170.95,73.34,198.78,0.31077,-1,-1,-1
907,4,1720.76,457.14,75.94,207.96,0.62070,-1,-1,-1
907,104,305.17,684.75,91.94,257.33,0.83874,-1,-1,-1
907,117,910.86,949.32,70.34,130.68,0.74615,-1,-1,-1
907,125,964.41,417.25,73.32,219.41,0.68338,-1,-1,-1
907,124,871.77,432.79,62.55,214.73,0.73086,-1,-1,-1
907,119,1578.24,599.25,99.25,224.88,0.56225,-1,-1,-1
907,128,342.50,357.94,64.93,177.36,0.41773,-1,-1,-1
907,130,414.60,346.42,67.18,205.50,0.58555,-1,-1,-1
907,146,1301.73,875.51,116.50,204.14,0.73256,-1,-1,-1
907,149,1753.65,682.98,78.45,240.65,0.62425,-1,-1,-1
907,145,1109.24,24.78,57.73,160.21,0.32821,-1,-1,-1
907,138,467.59,170.07,74.29,202.05,0.33315,-1,-1,-1
908,4,1721.09,457.40,75.52,207.10,0.62498,-1,-1,-1
908,104,306.33,687.28,91.81,257.53,0.83911,-1,-1,-1
908,117,911.35,950.67,69.81,129.33,0.72724,-1,-1,-1
908,125,964.20,417.11,72.79,219.56,0.72356,-1,-1,-1
908,124,870.55,431.86,63.23,217.52,0.72454,-1,-1,-1
908,119,1576.96,598.50,99.55,226.02,0.60388,-1,-1,-1
908,128,332.75,356.70,66.64,178.19,0.43505,-1,-1,-1
908,130,413.95,346.65,67.76,206.55,0.58874,-1,-1,-1
908,146,1300.21,875.13,114.88,204.74,0.73364,-1,-1,-1
908,149,1754.65,683.83,78.51,240.79,0.62951,-1,-1,-1
908,138,467.21,171.33,75.16,205.36,0.35088,-1,-1,-1
909,4,1720.99,457.16,75.33,207.21,0.60605,-1,-1,-1
909,104,306.76,689.61,92.18,259.42,0.84182,-1,-1,-1
909,117,910.22,950.58,70.17,129.42,0.73849,-1,-1,-1
909,125,963.61,416.74,72.97,222.02,0.71491,-1,-1,-1
909,124,869.79,431.46,63.41,218.77,0.72649,-1,-1,-1
909,119,1577.30,597.67,99.40,226.53,0.59394,-1,-1,-1
909,128,328.53,358.32,67.90,179.06,0.54014,-1,-1,-1
909,130,414.39,352.71,65.71,200.73,0.59766,-1,-1,-1
909,146,1298.43,873.75,113.62,206.22,0.73565,-1,-1,-1
909,149,1755.49,684.27,78.16,239.44,0.62761,-1,-1,-1
910,4,1721.12,456.75,75.58,208.30,0.62976,-1,-1,-1
910,104,306.66,691.80,92.69,261.78,0.83914,-1,-1,-1
910,117,909.80,951.15,70.32,128.85,0.73493,-1,-1,-1
910,125,962.78,416.66,72.68,222.43,0.71564,-1,-1,-1
910,124,869.66,430.99,63.46,219.28,0.71383,-1,-1,-1
910,119,1576.06,598.13,99.44,226.16,0.57582,-1,-1,-1
910,128,326.43,358.59,69.97,182.36,0.57454,-1,-1,-1
910,130,413.78,351.78,65.89,201.24,0.61793,-1,-1,-1
910,146,1297.11,871.98,112.50,208.01,0.75604,-1,-1,-1
910,149,1756.02,683.74,78.19,239.91,0.61100,-1,-1,-1
910,138,473.45,176.59,74.60,198.94,0.38741,-1,-1,-1
911,4,1721.64,457.35,75.34,207.23,0.62989,-1,-1,-1
911,104,306.53,693.69,92.46,262.15,0.83713,-1,-1,-1
911,117,909.72,951.74,70.39,128.26,0.74326,-1,-1,-1
911,125,962.68,415.73,72.42,223.37,0.70711,-1,-1,-1
911,124,869.19,430.24,63.61,220.28,0.71093,-1,-1,-1
911,119,1575.65,598.87,99.27,225.46,0.55218,-1,-1,-1
911,128,326.62,362.64,70.54,182.05,0.56491,-1,-1,-1
911,130,413.83,355.33,64.57,197.89,0.62276,-1,-1,-1
911,146,1294.81,869.41,111.69,210.59,0.77140,-1,-1,-1
911,149,1756.51,683.65,78.09,240.01,0.60923,-1,-1,-1
911,138,472.86,177.86,75.56,199.73,0.30488,-1,-1,-1
912,4,1721.76,456.79,75.45,207.53,0.62914,-1,-1,-1
912,104,306.36,695.33,92.39,263.17,0.83439,-1,-1,-1
912,117,910.53,952.86,70.11,127.14,0.74070,-1,-1,-1
912,125,962.28,414.90,71.27,221.20,0.70136,-1,-1,-1
912,124,869.15,429.13,63.23,219.12,0.69136,-1,-1,-1
912,119,1574.88,598.05,99.78,226.21,0.53833,-1,-1,-1
912,128,326.66,365.90,70.75,181.55,0.57045,-1,-1,-1
912,130,412.58,353.66,65.22,200.39,0.62164,-1,-1,-1
912,146,1292.97,866.60,111.01,213.39,0.76576,-1,-1,-1
912,149,1756.98,683.63,78.10,240.53,0.61822,-1,-1,-1
913,4,1721.60,456.19,75.66,208.14,0.59537,-1,-1,-1
913,104,306.25,696.55,91.78,262.53,0.82776,-1,-1,-1
913,117,910.60,953.04,70.28,126.96,0.74054,-1,-1,-1
913,125,961.67,412.96,70.19,218.79,0.68559,-1,-1,-1
913,124,868.37,426.92,63.76,221.25,0.70511,-1,-1,-1
913,119,1575.27,598.35,99.58,225.92,0.54817,-1,-1,-1
913,128,327.73,367.51,71.51,182.70,0.51692,-1,-1,-1
913,130,411.98,352.82,65.57,201.45,0.60223,-1,-1,-1
913,146,1291.16,862.10,111.06,217.90,0.77182,-1,-1,-1
913,149,1757.14,682.39,78.35,241.69,0.61820,-1,-1,-1
913,141,806.32,137.73,60.47,173.39,0.30238,-1,-1,-1
914,4,1721.91,456.09,75.56,208.26,0.62069,-1,-1,-1
914,104,306.36,697.24,91.20,261.75,0.82157,-1,-1,-1
914,117,910.25,953.35,70.53,126.65,0.74621,-1,-1,-1
914,125,961.10,410.70,68.61,214.28,0.69793,-1,-1,-1
914,124,867.81,425.85,62.93,218.59,0.67693,-1,-1,-1
914,119,1574.99,597.84,99.96,226.30,0.46530,-1,-1,-1
914,128,327.99,367.48,72.46,184.66,0.53775,-1,-1,-1
914,130,412.03,355.08,64.65,198.56,0.55537,-1,-1,-1
914,146,1288.93,857.95,111.04,222.05,0.77240,-1,-1,-1
914,149,1757.58,681.06,78.68,243.58,0.59358,-1,-1,-1
914,150,1718.51,92.95,53.13,165.56,0.36756,-1,-1,-1
915,4,1721.64,456.44,75.13,207.63,0.61380,-1,-1,-1
915,104,306.35,698.14,90.57,260.77,0.81607,-1,-1,-1
915,117,909.60,953.77,70.76,126.23,0.74703,-1,-1,-1
915,125,960.28,408.78,67.37,210.83,0.70210,-1,-1,-1
915,124,868.23,422.74,60.36,209.00,0.66264,-1,-1,-1
915,119,1574.80,598.42,99.88,225.87,0.53208,-1,-1,-1
915,128,328.62,368.72,72.61,185.22,0.53860,-1,-1,-1
915,130,411.70,355.67,64.39,197.47,0.54014,-1,-1,-1
915,146,1288.30,854.01,111.00,225.99,0.77339,-1,-1,-1
915,149,1757.10,678.66,78.99,245.55,0.58408,-1,-1,-1
915,150,1719.57,92.74,53.01,165.43,0.36349,-1,-1,-1
915,141,807.75,137.48,58.71,172.12,0.31026,-1,-1,-1
916,4,1721.54,456.20,75.18,207.98,0.60233,-1,-1,-1
916,104,306.19,699.54,89.77,259.16,0.79913,-1,-1,-1
916,117,909.19,953.97,71.10,126.03,0.74377,-1,-1,-1
916,125,959.06,406.80,66.30,207.84,0.70809,-1,-1,-1
916,124,868.03,420.38,59.88,207.16,0.67022,-1,-1,-1
916,119,1574.33,599.57,99.34,224.38,0.54664,-1,-1,-1
916,128,328.14,370.90,72.13,184.19,0.52923,-1,-1,-1
916,130,409.12,350.28,66.58,203.15,0.49988,-1,-1,-1
916,146,1286.80,850.15,111.01,229.85,0.76969,-1,-1,-1
916,149,1756.00,677.02,80.05,250.28,0.55821,-1,-1,-1
916,150,1721.09,92.37,52.83,165.44,0.43499,-1,-1,-1
916,141,806.48,137.83,59.62,175.53,0.30835,-1,-1,-1
916,138,465.65,181.89,73.10,194.52,0.30045,-1,-1,-1
917,4,1721.05,456.37,75.06,207.91,0.63472,-1,-1,-1
917,104,305.98,701.68,88.83,256.98,0.80849,-1,-1,-1
917,117,908.72,953.96,71.52,126.04,0.74490,-1,-1,-1
917,125,957.31,404.31,66.20,208.15,0.73807,-1,-1,-1
917,124,867.00,416.79,60.67,210.45,0.69139,-1,-1,-1
917,119,1574.36,599.69,99.46,224.32,0.45572,-1,-1,-1
917,128,328.05,371.61,72.08,183.97,0.55237,-1,-1,-1
917,130,409.58,353.77,65.19,199.11,0.53480,-1,-1,-1
917,146,1285.75,845.82,111.30,234.18,0.77384,-1,-1,-1
917,149,1756.43,675.94,80.02,251.37,0.54950,-1,-1,-1
917,150,1722.18,93.71,51.93,163.42,0.44071,-1,-1,-1
917,141,806.42,137.48,59.44,175.87,0.31179,-1,-1,-1
917,138,461.62,182.98,72.93,195.63,0.40372,-1,-1,-1
917,145,1116.03,33.88,58.80,164.33,0.31990,-1,-1,-1
918,4,1720.88,455.88,75.20,208.87,0.61275,-1,-1,-1
918,104,306.06,702.76,87.98,254.99,0.79954,-1,-1,-1
918,117,908.71,954.51,71.61,125.49,0.74961,-1,-1,-1
918,125,954.65,401.46,66.59,209.62,0.71462,-1,-1,-1
918,124,866.25,414.75,60.86,211.58,0.70053,-1,-1,-1
918,119,1574.52,600.48,99.20,223.62,0.57102,-1,-1,-1
918,128,328.05,371.88,72.07,183.83,0.52781,-1,-1,-1
918,130,409.18,351.72,66.44,201.90,0.55853,-1,-1,-1
918,146,1283.12,841.99,111.36,238.01,0.76545,-1,-1,-1
918,149,1755.58,674.59,80.16,252.73,0.54967,-1,-1,-1
918,150,1722.85,93.89,52.15,165.37,0.40604,-1,-1,-1
918,138,458.95,181.73,74.13,201.24,0.42371,-1,-1,-1
918,145,1116.68,34.64,59.18,166.55,0.34177,-1,-1,-1
919,4,1720.96,455.57,75.45,209.99,0.60442,-1,-1,-1
919,104,306.51,703.68,87.25,253.08,0.78886,-1,-1,-1
919,117,908.76,954.82,71.89,125.18,0.74190,-1,-1,-1
919,125,953.13,399.01,67.23,211.64,0.71589,-1,-1,-1
919,124,865.79,413.09,61.30,213.16,0.72168,-1,-1,-1
919,119,1574.38,599.32,99.56,224.54,0.54523,-1,-1,-1
919,128,327.61,373.28,71.84,182.57,0.49279,-1,-1,-1
919,130,408.15,351.75,67.82,205.25,0.56970,-1,-1,-1
919,146,1282.27,838.97,111.09,241.03,0.76521,-1,-1,-1
919,149,1756.66,676.02,79.43,251.79,0.56046,-1,-1,-1
919,150,1723.10,95.13,51.92,165.93,0.31805,-1,-1,-1
919,138,456.75,183.30,74.70,203.88,0.46407,-1,-1,-1
919,145,1118.77,35.15,58.92,165.89,0.30711,-1,-1,-1
920,4,1720.77,455.81,75.24,209.35,0.60906,-1,-1,-1
920,104,306.62,705.35,87.42,253.38,0.79225,-1,-1,-1
920,117,908.62,955.50,71.98,124.50,0.74221,-1,-1,-1
920,125,951.40,396.58,68.05,214.17,0.74519,-1,-1,-1
920,124,865.62,409.27,61.44,213.90,0.74642,-1,-1,-1
920,119,1574.74,599.68,99.30,224.18,0.54420,-1,-1,-1
920,128,328.34,373.94,71.97,182.37,0.45690,-1,-1,-1
920,130,408.03,353.55,67.95,205.64,0.54723,-1,-1,-1
920,146,1280.16,835.65,111.02,244.35,0.77431,-1,-1,-1
920,149,1757.58,677.60,78.95,251.25,0.55333,-1,-1,-1
920,138,456.15,184.75,74.62,204.89,0.38066,-1,-1,-1
920,145,1119.45,35.78,59.36,167.06,0.36862,-1,-1,-1
921,4,1720.66,455.45,75.51,210.27,0.60153,-1,-1,-1
921,104,306.47,706.81,87.58,253.94,0.78870,-1,-1,-1
921,117,907.89,955.30,72.34,124.61,0.71984,-1,-1,-1
921,125,949.67,394.84,68.99,216.06,0.74226,-1,-1,-1
921,124,865.19,407.63,61.96,216.16,0.76147,-1,-1,-1
921,119,1575.00,600.74,99.02,223.29,0.54069,-1,-1,-1
921,128,328.27,374.22,71.91,181.64,0.47503,-1,-1,-1
921,130,407.21,355.32,68.47,207.10,0.55308,-1,-1,-1
921,146,1279.23,833.39,110.26,246.61,0.77062,-1,-1,-1
921,149,1758.02,678.34,78.52,250.65,0.56039,-1,-1,-1
921,138,455.53,185.72,75.05,207.91,0.34527,-1,-1,-1
921,145,1120.34,37.96,59.40,167.25,0.39818,-1,-1,-1
922,4,1720.46,455.38,75.33,209.90,0.60981,-1,-1,-1
922,104,306.12,708.34,88.30,256.48,0.77258,-1,-1,-1
922,117,907.46,955.32,72.74,124.65,0.73074,-1,-1,-1
922,125,948.48,393.37,69.83,217.52,0.73559,-1,-1,-1
922,124,865.08,406.72,61.86,216.38,0.76432,-1,-1,-1
922,119,1575.22,600.04,99.15,223.80,0.49952,-1,-1,-1
922,128,327.93,374.63,72.29,181.39,0.49341,-1,-1,-1
922,130,406.40,358.14,68.08,205.66,0.54299,-1,-1,-1
922,146,1277.66,831.44,109.38,248.34,0.78470,-1,-1,-1
922,149,1758.25,677.71,78.38,251.06,0.53912,-1,-1,-1
922,138,455.77,189.11,73.62,204.35,0.41198,-1,-1,-1
922,145,1121.49,40.80,58.81,165.31,0.46187,-1,-1,-1
922,141,806.14,136.33,59.45,177.09,0.31084,-1,-1,-1
923,4,1719.99,455.73,75.41,210.02,0.62258,-1,-1,-1
923,104,305.98,710.06,88.57,257.78,0.76993,-1,-1,-1
923,117,907.77,955.66,72.95,124.33,0.73300,-1,-1,-1
923,125,947.72,392.53,70.92,219.24,0.73793,-1,-1,-1
923,124,864.73,406.17,61.86,217.28,0.76555,-1,-1,-1
923,119,1574.51,598.97,99.87,225.04,0.51519,-1,-1,-1
923,128,327.81,374.91,72.37,181.22,0.47214,-1,-1,-1
923,130,405.60,360.25,68.07,205.35,0.52366,-1,-1,-1
923,146,1277.05,829.68,108.55,250.08,0.78791,-1,-1,-1
923,149,1757.74,677.66,77.82,250.44,0.58005,-1,-1,-1
923,138,455.11,191.52,72.64,201.09,0.45910,-1,-1,-1
923,145,1121.79,42.12,59.44,167.39,0.41792,-1,-1,-1
924,4,1719.87,455.57,75.54,209.92,0.62835,-1,-1,-1
924,104,305.64,711.62,89.28,260.99,0.75272,-1,-1,-1
924,117,907.78,955.85,73.21,124.15,0.73526,-1,-1,-1
924,125,946.75,391.75,72.24,221.21,0.75644,-1,-1,-1
924,124,864.81,405.81,61.37,215.97,0.75137,-1,-1,-1
924,119,1574.36,598.70,100.01,225.43,0.47088,-1,-1,-1
924,128,328.06,376.15,71.96,180.38,0.50650,-1,-1,-1
924,130,404.55,361.79,69.21,208.19,0.54921,-1,-1,-1
924,146,1276.37,828.71,107.24,249.78,0.78988,-1,-1,-1
924,149,1755.94,676.06,77.36,249.34,0.55694,-1,-1,-1
924,138,455.80,193.70,71.95,199.30,0.44084,-1,-1,-1
924,145,1123.06,44.39,58.76,165.36,0.40141,-1,-1,-1
924,150,1725.66,98.75,55.35,178.69,0.32007,-1,-1,-1
924,141,806.02,137.12,58.91,175.80,0.33184,-1,-1,-1
925,4,1719.29,455.38,75.83,210.40,0.60665,-1,-1,-1
925,104,306.08,714.17,89.03,261.41,0.74402,-1,-1,-1
925,117,907.42,955.25,73.73,124.75,0.72326,-1,-1,-1
925,125,945.34,391.55,73.08,221.87,0.75798,-1,-1,-1
925,124,864.43,405.61,61.22,215.59,0.75869,-1,-1,-1
925,119,1574.65,598.12,100.48,227.74,0.35502,-1,-1,-1
925,128,327.65,377.22,71.77,180.25,0.56450,-1,-1,-1
925,130,402.84,363.20,70.19,210.79,0.57786,-1,-1,-1
925,146,1275.38,828.30,106.05,248.97,0.77768,-1,-1,-1
925,149,1755.79,676.31,77.11,248.62,0.53630,-1,-1,-1
925,138,455.70,195.79,71.96,199.06,0.36853,-1,-1,-1
925,145,1123.21,46.31,58.23,163.77,0.42533,-1,-1,-1
926,4,1719.48,455.83,75.70,209.73,0.58190,-1,-1,-1
926,104,306.84,717.06,88.79,261.36,0.74551,-1,-1,-1
926,117,908.09,955.43,73.93,124.57,0.73051,-1,-1,-1
926,125,944.02,391.44,73.91,222.09,0.76106,-1,-1,-1
926,124,864.00,405.28,61.12,215.46,0.70606,-1,-1,-1
926,119,1574.96,598.21,100.20,228.45,0.32170,-1,-1,-1
926,128,327.82,378.89,71.47,180.18,0.53656,-1,-1,-1
926,130,401.57,363.79,70.90,212.23,0.50231,-1,-1,-1
926,146,1273.69,826.94,105.59,250.91,0.79127,-1,-1,-1
926,149,1756.18,676.81,77.44,249.80,0.59024,-1,-1,-1
926,138,455.10,199.08,72.31,200.05,0.40802,-1,-1,-1
926,145,1123.75,46.83,58.45,164.29,0.41816,-1,-1,-1
926,141,805.87,136.84,58.84,176.02,0.32268,-1,-1,-1
927,4,1719.43,456.02,75.67,209.43,0.61058,-1,-1,-1
927,104,307.10,720.00,89.12,263.40,0.74880,-1,-1,-1
927,117,907.85,955.12,74.17,124.88,0.73885,-1,-1,-1
927,125,943.57,390.91,74.31,221.08,0.77281,-1,-1,-1
927,124,863.52,404.71,60.77,214.18,0.74086,-1,-1,-1
927,119,1574.53,597.88,99.74,227.09,0.43041,-1,-1,-1
927,128,327.74,381.93,71.28,180.77,0.57155,-1,-1,-1
927,130,401.51,364.91,70.91,212.10,0.49610,-1,-1,-1
927,146,1271.39,825.19,105.12,252.54,0.80274,-1,-1,-1
927,149,1756.35,676.69,78.09,252.27,0.58673,-1,-1,-1
927,138,455.25,201.31,72.28,200.29,0.38745,-1,-1,-1
927,145,1124.36,47.31,58.30,164.12,0.41671,-1,-1,-1
927,141,805.97,137.01,58.55,175.51,0.34142,-1,-1,-1
928,4,1719.22,456.25,75.61,209.00,0.60383,-1,-1,-1
928,104,308.54,724.39,88.78,264.09,0.77332,-1,-1,-1
928,117,907.66,954.90,74.47,125.10,0.72153,-1,-1,-1
928,125,943.37,389.86,74.85,221.07,0.76775,-1,-1,-1
928,124,862.81,403.97,60.86,214.49,0.73602,-1,-1,-1
928,119,1575.65,597.99,99.64,228.23,0.41341,-1,-1,-1
928,128,327.49,383.89,71.98,183.81,0.52108,-1,-1,-1
928,130,400.46,364.39,71.29,212.55,0.51304,-1,-1,-1
928,146,1268.62,822.59,105.09,255.73,0.77773,-1,-1,-1
928,149,1756.13,676.02,78.28,252.93,0.58770,-1,-1,-1
928,138,455.33,203.93,71.54,198.88,0.36326,-1,-1,-1
928,145,1124.86,47.07,58.76,165.88,0.49928,-1,-1,-1
928,141,805.36,136.96,58.60,175.26,0.32103,-1,-1,-1
929,4,1718.91,456.20,75.78,209.25,0.60839,-1,-1,-1
929,104,310.06,726.80,88.60,265.03,0.79403,-1,-1,-1
929,117,907.94,955.01,74.56,124.99,0.73106,-1,-1,-1
929,125,942.65,388.43,75.34,221.40,0.76919,-1,-1,-1
929,124,861.68,402.00,61.39,215.93,0.74454,-1,-1,-1
929,119,1576.94,598.44,98.79,227.97,0.36737,-1,-1,-1
929,128,327.90,385.44,72.68,186.38,0.53446,-1,-1,-1
929,130,399.72,364.63,71.51,212.35,0.57271,-1,-1,-1
929,146,1266.53,818.12,105.25,259.78,0.77755,-1,-1,-1
929,149,1756.03,676.47,78.18,252.13,0.59309,-1,-1,-1
929,138,455.21,204.85,71.93,199.39,0.33086,-1,-1,-1
929,145,1125.65,46.79,58.19,164.63,0.50151,-1,-1,-1
929,141,806.29,136.88,58.45,175.91,0.32638,-1,-1,-1
929,150,1727.53,101.41,54.43,179.58,0.30871,-1,-1,-1
930,4,1719.25,456.32,75.74,209.17,0.59824,-1,-1,-1
930,104,311.78,728.90,87.42,262.60,0.77513,-1,-1,-1
930,117,907.02,954.62,74.90,125.29,0.71987,-1,-1,-1
930,125,942.01,386.25,75.95,222.43,0.77030,-1,-1,-1
930,124,861.46,399.75,61.25,214.81,0.71651,-1,-1,-1
930,119,1577.50,598.30,98.08,227.97,0.37568,-1,-1,-1
930,128,328.56,387.10,73.03,187.58,0.49995,-1,-1,-1
930,130,399.10,364.96,70.95,209.90,0.51296,-1,-1,-1
930,146,1264.75,814.32,105.84,264.90,0.79600,-1,-1,-1
930,149,1754.98,676.93,78.61,251.64,0.58546,-1,-1,-1
930,145,1125.87,46.21,57.82,163.94,0.49657,-1,-1,-1
930,141,806.74,137.22,58.06,175.21,0.33514,-1,-1,-1
930,155,1618.36,78.22,53.21,159.19,0.38472,-1,-1,-1
930,150,1729.68,105.07,53.55,179.06,0.36911,-1,-1,-1
931,4,1719.32,456.33,75.71,208.91,0.56581,-1,-1,-1
931,104,313.85,730.71,86.28,259.77,0.78586,-1,-1,-1
931,117,907.65,954.94,75.00,125.03,0.73122,-1,-1,-1
931,125,941.80,384.12,75.60,220.93,0.75920,-1,-1,-1
931,124,861.87,399.08,59.11,205.78,0.69882,-1,-1,-1
931,119,1576.60,597.80,97.68,227.02,0.52258,-1,-1,-1
931,128,328.26,388.33,73.44,189.04,0.50582,-1,-1,-1
931,130,398.53,366.98,70.18,206.13,0.50011,-1,-1,-1
931,146,1263.11,810.17,106.05,269.57,0.78484,-1,-1,-1
931,149,1753.41,675.97,79.36,252.51,0.62321,-1,-1,-1
931,145,1125.87,46.56,57.75,164.08,0.44667,-1,-1,-1
931,141,807.28,137.45,57.54,174.01,0.31629,-1,-1,-1
931,155,1619.62,78.58,52.93,158.44,0.35475,-1,-1,-1
931,150,1731.11,106.76,52.68,178.14,0.30784,-1,-1,-1
932,4,1719.56,456.09,75.82,209.45,0.57734,-1,-1,-1
932,104,315.87,731.91,85.26,257.25,0.77895,-1,-1,-1
932,117,907.96,954.61,75.32,125.37,0.73122,-1,-1,-1
932,125,942.56,381.57,74.97,218.65,0.74285,-1,-1,-1
932,124,861.49,396.82,58.59,202.51,0.65029,-1,-1,-1
932,119,1576.54,597.98,97.37,226.40,0.55646,-1,-1,-1
932,128,328.18,388.96,72.92,188.13,0.46410,-1,-1,-1
932,130,397.87,365.85,71.11,208.37,0.47819,-1,-1,-1
932,146,1261.74,805.67,106.23,274.27,0.79110,-1,-1,-1
932,149,1752.56,675.63,79.89,252.22,0.61763,-1,-1,-1
932,145,1125.79,47.55,58.18,165.38,0.40817,-1,-1,-1
932,141,807.49,137.07,57.66,174.95,0.31398,-1,-1,-1
932,155,1620.01,79.40,53.11,159.16,0.34973,-1,-1,-1
932,150,1732.70,107.79,51.85,176.83,0.30867,-1,-1,-1
933,4,1719.53,455.95,75.81,209.75,0.55476,-1,-1,-1
933,104,317.23,733.32,85.14,256.99,0.79493,-1,-1,-1
933,117,908.20,954.55,75.54,125.45,0.74194,-1,-1,-1
933,125,942.84,379.18,74.04,214.95,0.73674,-1,-1,-1
933,124,861.07,395.09,58.17,199.34,0.64922,-1,-1,-1
933,119,1575.70,596.15,98.22,228.21,0.52878,-1,-1,-1
933,128,328.11,389.97,72.46,187.59,0.42726,-1,-1,-1
933,130,396.53,366.29,71.33,207.76,0.52058,-1,-1,-1
933,146,1261.36,802.21,105.15,275.63,0.77596,-1,-1,-1
933,149,1751.25,674.94,80.71,253.64,0.63183,-1,-1,-1
933,145,1126.09,49.55,58.15,165.52,0.37740,-1,-1,-1
933,141,807.92,137.11,57.44,175.15,0.30024,-1,-1,-1
933,155,1620.99,80.70,53.11,159.55,0.32016,-1,-1,-1
933,150,1734.19,107.31,51.63,176.57,0.30525,-1,-1,-1
934,4,1719.54,455.90,75.78,210.02,0.57833,-1,-1,-1
934,104,318.44,734.56,85.03,256.28,0.80496,-1,-1,-1
934,117,908.27,954.05,75.99,125.95,0.75324,-1,-1,-1
934,125,943.12,376.69,73.79,213.95,0.72352,-1,-1,-1
934,124,860.20,393.17,58.99,200.79,0.66386,-1,-1,-1
934,119,1575.96,595.98,98.28,228.51,0.55605,-1,-1,-1
934,128,329.00,391.34,71.98,186.86,0.34313,-1,-1,-1
934,130,395.43,367.75,71.39,206.73,0.55123,-1,-1,-1
934,146,1261.07,799.14,103.28,274.52,0.77778,-1,-1,-1
934,149,1751.04,675.23,80.88,252.57,0.61156,-1,-1,-1
934,145,1127.22,52.73,57.34,163.14,0.37172,-1,-1,-1
934,141,807.56,137.31,57.39,175.59,0.31213,-1,-1,-1
934,150,1735.96,106.89,51.00,174.63,0.33321,-1,-1,-1
935,4,1719.96,456.23,75.54,209.56,0.57522,-1,-1,-1
935,104,319.90,736.07,85.39,256.16,0.82698,-1,-1,-1
935,117,908.01,953.69,76.32,126.31,0.74095,-1,-1,-1
935,125,943.43,374.37,72.74,211.55,0.73549,-1,-1,-1
935,124,859.88,391.06,59.43,201.08,0.67257,-1,-1,-1
935,119,1575.91,595.94,98.46,228.90,0.58204,-1,-1,-1
935,128,335.51,394.29,69.43,183.27,0.33298,-1,-1,-1
935,130,394.33,368.98,71.76,205.98,0.53717,-1,-1,-1
935,146,1261.27,796.18,101.79,273.87,0.76875,-1,-1,-1
935,149,1751.01,674.52,82.01,254.55,0.62171,-1,-1,-1
935,145,1127.57,55.25,57.48,163.56,0.42283,-1,-1,-1
935,141,807.60,137.24,57.28,175.65,0.30496,-1,-1,-1
935,150,1736.69,108.82,50.43,171.92,0.30764,-1,-1,-1
935,155,1621.28,84.26,52.63,157.63,0.32456,-1,-1,-1
936,4,1720.14,456.00,75.13,209.02,0.56281,-1,-1,-1
936,104,321.13,736.99,85.52,254.88,0.82153,-1,-1,-1
936,117,907.86,952.39,76.82,127.20,0.72633,-1,-1,-1
936,125,943.11,373.47,72.03,210.47,0.70782,-1,-1,-1
936,124,859.38,389.06,60.90,205.84,0.67001,-1,-1,-1
936,119,1576.60,596.32,98.08,227.97,0.56674,-1,-1,-1
936,128,337.49,395.09,67.88,181.58,0.37188,-1,-1,-1
936,130,392.41,368.94,74.07,211.48,0.60080,-1,-1,-1
936,146,1260.71,793.04,101.92,277.51,0.76850,-1,-1,-1
936,149,1751.09,674.32,82.33,254.17,0.60101,-1,-1,-1
936,145,1127.83,57.33,57.83,164.04,0.43721,-1,-1,-1
937,4,1720.44,456.34,74.91,208.96,0.55393,-1,-1,-1
937,104,322.49,738.08,85.97,253.76,0.83614,-1,-1,-1
937,117,908.08,952.42,76.98,127.43,0.74375,-1,-1,-1
937,125,942.78,372.76,71.61,210.69,0.69333,-1,-1,-1
937,124,858.83,388.18,61.63,208.26,0.69094,-1,-1,-1
937,119,1576.28,595.96,98.38,228.27,0.53961,-1,-1,-1
937,128,338.55,395.15,66.91,181.59,0.37693,-1,-1,-1
937,130,390.66,369.06,76.08,216.45,0.61303,-1,-1,-1
937,146,1259.88,790.62,101.70,279.71,0.77707,-1,-1,-1
937,149,1750.65,674.08,82.96,255.05,0.61896,-1,-1,-1
937,145,1127.24,58.84,58.74,166.11,0.42106,-1,-1,-1
938,4,1720.17,456.63,74.85,208.90,0.57502,-1,-1,-1
938,104,323.17,738.76,87.06,254.52,0.83225,-1,-1,-1
938,117,908.54,951.67,77.32,128.28,0.75350,-1,-1,-1
938,125,941.77,370.85,71.73,213.15,0.70027,-1,-1,-1
938,124,858.27,386.46,61.91,209.18,0.68187,-1,-1,-1
938,119,1576.36,596.68,98.16,227.68,0.56265,-1,-1,-1
938,128,339.60,394.50,66.22,181.99,0.39382,-1,-1,-1
938,130,390.57,370.67,76.76,217.87,0.56597,-1,-1,-1
938,146,1258.23,788.06,101.84,283.21,0.78557,-1,-1,-1
938,149,1749.98,673.73,83.36,254.98,0.62432,-1,-1,-1
938,145,1127.90,60.74,58.75,165.59,0.44364,-1,-1,-1
939,4,1720.10,456.52,74.93,209.70,0.55665,-1,-1,-1
939,104,322.96,739.86,88.51,257.08,0.83069,-1,-1,-1
939,117,909.95,950.79,77.55,129.19,0.72392,-1,-1,-1
939,125,941.70,369.81,71.41,214.12,0.67186,-1,-1,-1
939,124,858.00,386.21,62.17,210.24,0.66522,-1,-1,-1
939,119,1575.35,595.17,98.80,229.18,0.51959,-1,-1,-1
939,128,339.96,393.92,65.73,182.93,0.39621,-1,-1,-1
939,130,391.55,376.95,75.95,214.72,0.59886,-1,-1,-1
939,146,1257.30,785.88,101.41,285.05,0.78980,-1,-1,-1
939,149,1748.80,674.56,83.45,254.42,0.62738,-1,-1,-1
939,145,1127.82,61.97,59.34,166.54,0.45584,-1,-1,-1
940,4,1720.11,456.25,74.84,209.88,0.56034,-1,-1,-1
940,104,322.65,740.90,90.10,260.94,0.82543,-1,-1,-1
940,117,910.42,949.70,77.85,130.30,0.76243,-1,-1,-1
940,125,941.23,369.36,71.02,214.53,0.69386,-1,-1,-1
940,124,858.23,386.08,62.20,210.80,0.67603,-1,-1,-1
940,119,1575.07,595.34,98.70,228.91,0.53424,-1,-1,-1
940,128,339.50,393.68,65.16,183.45,0.40632,-1,-1,-1
940,130,391.80,381.66,75.02,211.62,0.59639,-1,-1,-1
940,146,1255.70,784.30,100.53,285.76,0.78547,-1,-1,-1
940,149,1747.91,674.00,83.59,253.92,0.63650,-1,-1,-1
940,145,1128.11,63.62,60.02,167.43,0.45113,-1,-1,-1
941,4,1719.72,456.44,74.58,209.08,0.57991,-1,-1,-1
941,104,322.56,742.94,92.12,266.64,0.81847,-1,-1,-1
941,117,910.82,948.66,78.17,131.34,0.75091,-1,-1,-1
941,125,940.08,368.52,70.88,215.88,0.71712,-1,-1,-1
941,124,858.13,385.70,62.37,211.61,0.70998,-1,-1,-1
941,119,1574.74,595.30,98.88,229.38,0.56612,-1,-1,-1
941,128,338.89,394.12,64.27,183.54,0.37753,-1,-1,-1
941,130,390.84,383.23,75.43,212.43,0.62174,-1,-1,-1
941,146,1253.98,783.00,100.12,287.80,0.78426,-1,-1,-1
941,149,1748.29,674.04,84.05,254.24,0.66354,-1,-1,-1
941,145,1129.09,65.18,60.28,167.50,0.44816,-1,-1,-1
942,4,1719.65,456.23,74.76,209.86,0.55635,-1,-1,-1
942,104,322.83,746.42,92.78,268.59,0.81732,-1,-1,-1
942,117,911.27,947.49,78.41,132.51,0.76298,-1,-1,-1
942,125,939.59,368.15,70.38,215.82,0.71331,-1,-1,-1
942,124,858.11,384.92,62.53,212.41,0.70019,-1,-1,-1
942,119,1574.52,594.89,99.08,229.89,0.54216,-1,-1,-1
942,128,338.68,393.84,64.18,185.12,0.37926,-1,-1,-1
942,130,391.25,385.47,75.38,212.12,0.59246,-1,-1,-1
942,146,1252.54,782.60,99.06,287.36,0.77728,-1,-1,-1
942,149,1748.29,672.79,84.38,253.91,0.65748,-1,-1,-1
942,145,1130.01,66.36,60.81,168.35,0.46668,-1,-1,-1
943,4,1719.64,456.30,74.54,209.48,0.56787,-1,-1,-1
943,104,323.52,750.02,92.47,267.43,0.81848,-1,-1,-1
943,117,911.78,945.99,78.75,134.01,0.75525,-1,-1,-1
943,125,938.77,366.92,70.35,216.82,0.71388,-1,-1,-1
943,124,858.09,383.73,62.51,212.34,0.68331,-1,-1,-1
943,119,1574.81,595.37,98.72,229.05,0.54991,-1,-1,-1
943,128,336.95,395.74,63.82,185.79,0.34225,-1,-1,-1
943,130,392.19,387.27,75.04,211.10,0.57232,-1,-1,-1
943,146,1251.38,781.75,98.05,287.09,0.77482,-1,-1,-1
943,149,1747.42,671.69,84.96,254.81,0.66669,-1,-1,-1
943,145,1130.52,66.81,60.65,167.34,0.42278,-1,-1,-1
944,4,1719.49,456.42,74.57,210.11,0.56501,-1,-1,-1
944,104,324.18,753.61,91.55,264.43,0.82216,-1,-1,-1
944,117,912.89,944.63,79.00,135.37,0.73458,-1,-1,-1
944,125,937.49,366.02,70.02,216.83,0.69722,-1,-1,-1
944,124,857.74,382.04,62.80,213.59,0.69192,-1,-1,-1
944,119,1574.56,594.67,98.88,229.71,0.55000,-1,-1,-1
944,128,336.17,400.47,63.50,186.43,0.32849,-1,-1,-1
944,130,392.46,388.19,74.71,209.90,0.54449,-1,-1,-1
944,146,1249.90,779.76,97.40,287.22,0.77331,-1,-1,-1
944,149,1746.84,672.79,85.02,254.29,0.67622,-1,-1,-1
944,145,1131.91,65.94,60.39,166.26,0.41771,-1,-1,-1
945,4,1719.19,456.06,74.78,211.01,0.54232,-1,-1,-1
945,104,324.20,756.31,91.40,264.05,0.82397,-1,-1,-1
945,117,913.59,943.78,78.98,136.22,0.75629,-1,-1,-1
945,125,937.52,364.43,69.36,216.72,0.69223,-1,-1,-1
945,124,857.54,379.64,62.65,212.89,0.69451,-1,-1,-1
945,119,1575.14,595.60,98.50,228.88,0.56212,-1,-1,-1
945,128,337.05,408.52,62.78,184.66,0.37362,-1,-1,-1
945,130,392.87,388.81,74.64,209.47,0.54500,-1,-1,-1
945,146,1248.79,777.38,97.06,288.67,0.76463,-1,-1,-1
945,149,1746.29,673.39,85.00,253.51,0.67933,-1,-1,-1
945,145,1133.01,66.10,59.85,164.70,0.41595,-1,-1,-1
946,4,1719.50,456.95,74.16,209.18,0.56974,-1,-1,-1
946,104,324.36,759.40,91.49,264.51,0.82116,-1,-1,-1
946,117,915.10,943.43,78.52,136.57,0.75753,-1,-1,-1
946,125,936.58,362.67,68.60,216.19,0.64670,-1,-1,-1
946,124,857.40,377.20,63.13,214.06,0.65059,-1,-1,-1
946,119,1576.02,596.89,97.56,226.82,0.56487,-1,-1,-1
946,128,331.77,409.42,64.22,187.33,0.46987,-1,-1,-1
946,130,391.69,388.88,74.81,209.70,0.59285,-1,-1,-1
946,146,1247.84,774.87,95.24,284.69,0.77541,-1,-1,-1
946,149,1745.14,673.15,85.36,253.14,0.66298,-1,-1,-1
946,145,1134.30,66.39,59.74,164.68,0.44139,-1,-1,-1
946,160,476.57,215.19,60.16,185.08,0.34043,-1,-1,-1
946,141,807.08,135.65,57.45,177.44,0.31110,-1,-1,-1
947,4,1719.49,457.53,73.98,208.90,0.57169,-1,-1,-1
947,104,323.81,760.81,92.21,266.96,0.82336,-1,-1,-1
947,117,915.64,941.87,78.68,138.13,0.75460,-1,-1,-1
947,125,935.83,360.96,66.90,212.12,0.65006,-1,-1,-1
947,124,857.24,374.65,62.76,212.03,0.66304,-1,-1,-1
947,119,1576.52,597.12,97.64,226.96,0.58431,-1,-1,-1
947,128,330.63,411.54,64.60,187.61,0.47915,-1,-1,-1
947,130,391.78,388.73,74.84,210.03,0.59175,-1,-1,-1
947,146,1246.96,771.80,93.88,281.95,0.76366,-1,-1,-1
947,149,1744.97,670.00,86.05,254.37,0.69239,-1,-1,-1
947,145,1136.18,67.22,58.70,162.75,0.39511,-1,-1,-1
947,160,476.55,215.51,60.20,185.19,0.32068,-1,-1,-1
948,4,1719.41,457.34,73.90,208.98,0.57387,-1,-1,-1
948,104,322.80,762.72,92.57,268.75,0.82715,-1,-1,-1
948,117,916.37,940.39,78.84,139.61,0.75337,-1,-1,-1
948,125,935.07,358.14,65.51,209.03,0.65158,-1,-1,-1
948,124,856.82,371.44,62.84,211.79,0.66362,-1,-1,-1
948,119,1576.20,595.86,98.17,228.19,0.59285,-1,-1,-1
948,128,329.75,412.97,64.83,188.10,0.47429,-1,-1,-1
948,130,391.60,388.72,74.78,209.94,0.55676,-1,-1,-1
948,146,1245.55,768.90,92.28,278.88,0.77384,-1,-1,-1
948,149,1743.67,669.57,87.08,255.09,0.68171,-1,-1,-1
948,145,1138.18,68.09,58.68,163.04,0.42639,-1,-1,-1
948,160,477.05,215.40,60.07,184.73,0.31967,-1,-1,-1
949,4,1719.31,456.94,73.77,208.92,0.57761,-1,-1,-1
949,104,322.91,764.13,92.36,268.57,0.82157,-1,-1,-1
949,117,917.40,939.27,78.77,140.73,0.73849,-1,-1,-1
949,125,933.62,355.84,65.35,209.37,0.63998,-1,-1,-1
949,124,856.33,368.91,62.97,211.65,0.66657,-1,-1,-1
949,119,1576.42,594.93,98.60,229.49,0.57666,-1,-1,-1
949,128,326.42,413.46,65.83,190.19,0.55549,-1,-1,-1
949,130,391.74,390.04,74.26,208.60,0.56305,-1,-1,-1
949,146,1245.18,764.59,90.62,275.36,0.76474,-1,-1,-1
949,149,1744.06,670.03,86.24,251.79,0.67719,-1,-1,-1
949,145,1139.97,68.80,59.32,165.03,0.39033,-1,-1,-1
949,160,476.77,216.15,59.41,182.41,0.31420,-1,-1,-1
950,4,1719.35,456.37,74.00,209.86,0.57218,-1,-1,-1
950,104,322.29,765.27,91.90,267.69,0.82298,-1,-1,-1
950,117,918.31,937.66,78.75,142.34,0.75501,-1,-1,-1
950,125,931.28,352.69,65.32,209.27,0.64653,-1,-1,-1
950,124,857.14,366.77,61.86,206.74,0.65368,-1,-1,-1
950,119,1576.05,594.95,98.46,229.04,0.56982,-1,-1,-1
950,128,326.27,414.29,65.95,190.13,0.50881,-1,-1,-1
950,130,390.88,390.09,74.42,209.02,0.58279,-1,-1,-1
950,146,1244.92,759.83,88.23,268.78,0.76938,-1,-1,-1
950,149,1743.51,667.87,87.64,255.50,0.67860,-1,-1,-1
950,145,1142.71,68.70,60.10,166.95,0.35798,-1,-1,-1
950,160,476.13,216.59,59.03,180.86,0.33105,-1,-1,-1
951,4,1719.27,456.15,74.21,210.75,0.57275,-1,-1,-1
951,104,322.08,766.77,91.34,266.12,0.81621,-1,-1,-1
951,117,918.75,936.75,78.49,143.25,0.76215,-1,-1,-1
951,125,930.09,349.80,65.57,210.10,0.65263,-1,-1,-1
951,124,856.77,365.08,61.99,205.90,0.66859,-1,-1,-1
951,119,1576.08,594.74,98.66,229.35,0.58207,-1,-1,-1
951,128,325.04,414.75,66.51,189.93,0.49911,-1,-1,-1
951,130,390.99,390.61,73.98,207.52,0.50505,-1,-1,-1
951,146,1243.89,754.91,87.35,266.77,0.76793,-1,-1,-1
951,149,1743.55,667.50,87.67,255.21,0.65561,-1,-1,-1
951,145,1144.87,70.54,59.54,164.52,0.38039,-1,-1,-1
951,160,476.53,217.91,58.75,179.34,0.33987,-1,-1,-1
952,4,1719.07,456.29,74.19,210.95,0.57266,-1,-1,-1
952,104,321.98,768.27,90.87,264.98,0.80439,-1,-1,-1
952,117,919.82,935.90,78.19,144.10,0.77274,-1,-1,-1
952,125,929.24,347.29,66.02,211.80,0.69332,-1,-1,-1
952,124,856.27,363.64,62.36,205.79,0.69241,-1,-1,-1
952,119,1576.12,595.62,98.50,228.41,0.57351,-1,-1,-1
952,128,325.36,415.01,66.72,189.54,0.43019,-1,-1,-1
952,130,391.73,390.78,73.70,206.91,0.51902,-1,-1,-1
952,146,1242.08,751.49,87.31,266.90,0.76321,-1,-1,-1
952,149,1743.30,667.76,88.29,256.23,0.66788,-1,-1,-1
952,145,1146.53,72.96,59.26,163.78,0.34746,-1,-1,-1
952,160,476.94,219.90,58.29,176.88,0.32054,-1,-1,-1
953,4,1719.23,456.79,73.88,209.98,0.56903,-1,-1,-1
953,104,321.42,769.84,90.31,263.54,0.81398,-1,-1,-1
953,117,921.04,935.22,77.82,144.78,0.77947,-1,-1,-1
953,125,927.89,345.93,66.10,211.71,0.70920,-1,-1,-1
953,124,855.39,362.25,63.17,206.64,0.68495,-1,-1,-1
953,119,1576.34,594.85,98.83,229.04,0.60860,-1,-1,-1
953,128,324.17,414.40,67.56,190.51,0.43194,-1,-1,-1
953,130,391.52,393.36,74.08,207.68,0.55681,-1,-1,-1
953,146,1240.95,749.87,86.95,265.98,0.78084,-1,-1,-1
953,149,1743.15,668.17,88.42,255.80,0.67212,-1,-1,-1
953,145,1146.75,74.31,59.71,165.30,0.38981,-1,-1,-1
953,160,477.90,220.48,58.32,176.14,0.36897,-1,-1,-1
954,4,1719.66,456.64,73.80,209.76,0.57990,-1,-1,-1
954,104,321.89,771.37,89.74,262.14,0.81792,-1,-1,-1
954,117,921.87,934.51,77.44,145.49,0.76478,-1,-1,-1
954,125,926.65,344.94,66.35,211.75,0.70757,-1,-1,-1
954,124,854.37,360.79,63.86,207.66,0.67206,-1,-1,-1
954,119,1576.49,596.05,98.51,228.27,0.57950,-1,-1,-1
954,128,322.98,414.72,67.47,189.75,0.45933,-1,-1,-1
954,130,390.03,394.14,75.11,210.13,0.61178,-1,-1,-1
954,146,1238.75,748.28,87.23,266.28,0.77819,-1,-1,-1
954,149,1743.16,669.10,88.47,255.16,0.68370,-1,-1,-1
954,145,1147.35,76.64,59.81,165.73,0.39784,-1,-1,-1
954,160,478.76,221.43,58.45,175.51,0.37984,-1,-1,-1
954,141,807.46,136.41,56.37,175.26,0.30451,-1,-1,-1
955,4,1719.41,456.17,74.05,210.25,0.57484,-1,-1,-1
955,104,322.07,773.00,89.09,260.38,0.81895,-1,-1,-1
955,117,922.58,934.16,76.80,145.84,0.77763,-1,-1,-1
955,125,926.45,343.78,66.66,211.88,0.68830,-1,-1,-1
955,124,853.84,360.17,64.38,208.49,0.66660,-1,-1,-1
955,119,1576.31,594.38,99.10,229.67,0.58889,-1,-1,-1
955,128,322.86,417.13,65.49,182.28,0.41511,-1,-1,-1
955,130,389.87,396.34,76.00,212.14,0.58117,-1,-1,-1
955,146,1237.18,746.10,87.68,267.80,0.78864,-1,-1,-1
955,149,1743.13,668.65,88.42,254.32,0.67399,-1,-1,-1
955,145,1148.75,79.01,59.63,164.83,0.37700,-1,-1,-1
955,160,479.40,222.67,59.09,176.06,0.38361,-1,-1,-1
956,4,1719.66,456.42,74.00,210.20,0.58397,-1,-1,-1
956,104,321.88,773.47,88.81,259.50,0.82894,-1,-1,-1
956,117,923.02,933.49,76.48,146.51,0.78149,-1,-1,-1
956,125,925.59,343.52,67.75,214.22,0.69333,-1,-1,-1
956,124,852.86,360.05,65.04,209.83,0.65917,-1,-1,-1
956,119,1577.60,594.61,98.72,229.37,0.55505,-1,-1,-1
956,128,322.71,418.36,65.40,180.95,0.45335,-1,-1,-1
956,130,389.81,399.68,76.26,212.58,0.60610,-1,-1,-1
956,146,1235.09,744.01,87.99,268.96,0.79032,-1,-1,-1
956,149,1742.88,668.00,88.62,254.17,0.65937,-1,-1,-1
956,145,1150.22,80.58,59.40,163.64,0.30152,-1,-1,-1
956,160,480.45,222.21,60.36,178.81,0.40537,-1,-1,-1
957,4,1719.37,456.24,74.03,210.17,0.56976,-1,-1,-1
957,104,321.72,774.15,88.70,259.41,0.83439,-1,-1,-1
957,117,923.56,933.08,76.17,146.92,0.77835,-1,-1,-1
957,125,923.98,343.42,68.52,214.83,0.69174,-1,-1,-1
957,124,852.18,360.40,64.81,208.20,0.67479,-1,-1,-1
957,119,1579.08,593.69,98.56,230.25,0.56855,-1,-1,-1
957,128,322.91,419.00,65.59,181.31,0.42949,-1,-1,-1
957,130,388.93,403.30,76.60,213.20,0.61477,-1,-1,-1
957,146,1234.73,742.76,85.91,260.29,0.75156,-1,-1,-1
957,149,1742.21,669.10,88.49,251.89,0.67096,-1,-1,-1
957,160,480.88,224.44,60.64,177.75,0.43453,-1,-1,-1
957,161,425.07,235.10,59.15,189.78,0.40798,-1,-1,-1
958,4,1719.28,455.97,74.18,210.50,0.58048,-1,-1,-1
958,104,321.33,775.11,89.36,261.99,0.82824,-1,-1,-1
958,117,924.31,932.67,75.86,147.33,0.78471,-1,-1,-1
958,125,924.41,343.21,69.08,215.39,0.69374,-1,-1,-1
958,124,851.59,359.95,65.03,207.88,0.67914,-1,-1,-1
958,119,1579.28,594.91,97.75,228.78,0.54463,-1,-1,-1
958,128,323.38,419.51,66.18,183.06,0.44877,-1,-1,-1
958,130,387.77,405.01,77.28,215.09,0.60002,-1,-1,-1
958,146,1233.36,741.50,86.21,259.72,0.75629,-1,-1,-1
958,149,1741.60,668.11,89.56,253.52,0.66210,-1,-1,-1
958,160,482.49,227.50,60.80,176.95,0.37034,-1,-1,-1
958,161,424.06,236.37,60.20,193.17,0.46028,-1,-1,-1
958,145,1151.29,80.53,59.26,163.08,0.31550,-1,-1,-1
959,4,1719.35,456.34,73.90,209.50,0.57901,-1,-1,-1
959,104,320.93,777.08,89.42,262.88,0.79665,-1,-1,-1
959,117,924.92,932.61,75.41,147.39,0.78516,-1,-1,-1
959,125,924.73,342.85,69.46,216.02,0.68457,-1,-1,-1
959,124,851.72,359.14,64.80,206.02,0.67918,-1,-1,-1
959,119,1579.63,596.08,97.13,228.07,0.56469,-1,-1,-1
959,128,322.11,420.80,67.17,185.72,0.52374,-1,-1,-1
959,130,386.83,408.20,77.00,214.15,0.60659,-1,-1,-1
959,146,1232.13,740.39,85.03,253.17,0.75719,-1,-1,-1
959,149,1741.71,668.44,89.13,252.32,0.64742,-1,-1,-1
959,160,485.38,231.04,60.74,176.54,0.36448,-1,-1,-1
959,161,423.38,236.99,60.56,194.29,0.49624,-1,-1,-1
959,145,1151.64,80.58,59.72,164.46,0.37355,-1,-1,-1
960,4,1719.26,455.74,74.25,210.34,0.59033,-1,-1,-1
960,104,320.73,779.39,89.21,262.98,0.80382,-1,-1,-1
960,117,925.41,932.20,75.20,147.80,0.78917,-1,-1,-1
960,125,924.80,341.50,69.69,216.26,0.69728,-1,-1,-1
960,124,851.03,356.24,65.25,206.89,0.68971,-1,-1,-1
960,119,1579.14,593.39,98.08,230.57,0.57839,-1,-1,-1
960,128,321.93,420.42,67.50,187.76,0.49782,-1,-1,-1
960,130,389.48,411.83,76.06,211.99,0.53377,-1,-1,-1
960,146,1228.83,738.80,86.65,255.95,0.79219,-1,-1,-1
960,149,1742.18,668.69,89.27,252.21,0.68325,-1,-1,-1
960,160,486.98,232.34,61.22,177.81,0.38064,-1,-1,-1
960,161,422.77,237.23,61.18,196.24,0.52444,-1,-1,-1
960,145,1151.81,80.74,60.15,165.89,0.42559,-1,-1,-1
961,4,1719.49,455.58,74.36,210.53,0.59745,-1,-1,-1
961,104,321.27,783.48,88.51,261.58,0.81826,-1,-1,-1
961,117,925.93,931.83,74.95,148.17,0.77925,-1,-1,-1
961,125,924.94,340.32,70.09,217.03,0.69186,-1,-1,-1
961,124,849.90,353.02,65.04,205.86,0.68698,-1,-1,-1
961,119,1578.04,593.44,98.15,230.39,0.54442,-1,-1,-1
961,128,320.12,421.78,68.15,190.48,0.57990,-1,-1,-1
961,130,390.22,412.99,75.74,211.42,0.57057,-1,-1,-1
961,146,1225.89,736.59,87.48,256.03,0.77666,-1,-1,-1
961,149,1742.22,669.57,89.48,252.35,0.67760,-1,-1,-1
961,160,487.66,230.65,62.34,181.29,0.37345,-1,-1,-1
961,161,422.61,238.73,61.42,196.92,0.48020,-1,-1,-1
961,145,1152.01,79.54,60.46,167.62,0.47980,-1,-1,-1
962,4,1719.40,455.47,74.12,209.87,0.59515,-1,-1,-1
962,104,321.51,786.33,87.95,260.57,0.82953,-1,-1,-1
962,117,926.42,931.80,74.62,148.20,0.78783,-1,-1,-1
962,125,925.66,338.59,70.11,216.74,0.68761,-1,-1,-1
962,124,849.39,350.04,64.64,203.87,0.68345,-1,-1,-1
962,119,1577.37,591.15,99.24,232.65,0.54770,-1,-1,-1
962,128,318.36,421.20,69.44,195.22,0.57359,-1,-1,-1
962,130,391.48,415.08,74.99,209.58,0.53315,-1,-1,-1
962,146,1223.52,733.24,88.01,255.99,0.76503,-1,-1,-1
962,149,1741.76,666.95,91.40,257.73,0.67252,-1,-1,-1
962,160,488.82,231.71,62.39,181.78,0.35794,-1,-1,-1
962,161,421.92,241.63,61.44,196.54,0.49426,-1,-1,-1
962,145,1152.81,80.92,60.37,167.98,0.40822,-1,-1,-1
963,4,1719.46,455.35,74.11,209.81,0.57600,-1,-1,-1
963,104,322.06,789.26,88.45,262.82,0.81847,-1,-1,-1
963,117,926.91,931.64,74.35,148.36,0.77723,-1,-1,-1
963,125,924.83,336.33,70.50,218.01,0.68278,-1,-1,-1
963,124,848.87,348.07,64.39,203.12,0.67668,-1,-1,-1
963,119,1576.61,591.44,99.67,232.52,0.55312,-1,-1,-1
963,128,317.58,420.40,70.46,199.60,0.58238,-1,-1,-1
963,130,391.81,415.69,74.77,209.15,0.55536,-1,-1,-1
963,146,1220.75,730.35,89.29,259.28,0.76733,-1,-1,-1
963,149,1742.00,667.79,90.75,255.41,0.66427,-1,-1,-1
963,160,489.50,232.02,62.41,181.69,0.38101,-1,-1,-1
963,161,421.31,242.17,61.67,196.78,0.49824,-1,-1,-1
964,4,1719.13,455.61,74.18,210.09,0.56986,-1,-1,-1
964,104,322.45,792.18,89.20,266.63,0.82680,-1,-1,-1
964,117,927.07,931.83,74.00,148.17,0.78441,-1,-1,-1
964,125,923.94,333.98,70.45,217.54,0.66211,-1,-1,-1
964,124,847.87,346.59,64.09,202.49,0.65489,-1,-1,-1
964,119,1575.67,589.52,100.67,234.85,0.54356,-1,-1,-1
964,128,317.59,420.90,70.98,202.27,0.60543,-1,-1,-1
964,130,391.91,416.78,74.33,207.99,0.56642,-1,-1,-1
964,146,1217.88,727.45,91.12,265.77,0.77863,-1,-1,-1
964,149,1741.67,665.77,91.54,257.56,0.67206,-1,-1,-1
964,160,490.32,231.63,62.37,181.68,0.38768,-1,-1,-1
964,161,420.22,242.82,62.49,199.64,0.46939,-1,-1,-1
964,145,1152.69,85.48,60.18,166.91,0.30986,-1,-1,-1
965,4,1719.48,455.74,74.00,209.44,0.59229,-1,-1,-1
965,104,322.94,795.07,90.12,271.36,0.82573,-1,-1,-1
965,117,927.32,931.76,73.75,148.15,0.77822,-1,-1,-1
965,125,924.50,331.57,69.82,214.93,0.68285,-1,-1,-1
965,124,847.86,344.27,63.38,201.19,0.65811,-1,-1,-1
965,119,1575.49,589.39,100.73,235.00,0.59848,-1,-1,-1
965,128,317.62,426.35,69.14,197.20,0.61254,-1,-1,-1
965,130,392.01,417.48,73.86,206.82,0.56584,-1,-1,-1
965,146,1216.16,723.42,91.11,266.29,0.79014,-1,-1,-1
965,149,1742.37,668.20,91.00,255.43,0.68723,-1,-1,-1
965,160,490.94,231.11,62.84,182.96,0.43129,-1,-1,-1
965,161,419.40,243.78,62.44,199.75,0.45313,-1,-1,-1
965,145,1154.10,88.28,59.92,165.00,0.32458,-1,-1,-1
966,4,1719.19,455.86,74.09,209.74,0.57464,-1,-1,-1
966,104,323.59,797.83,90.54,275.20,0.83022,-1,-1,-1
966,117,927.42,932.00,73.54,147.97,0.77373,-1,-1,-1
966,125,925.44,330.09,68.38,209.60,0.70182,-1,-1,-1
966,124,847.98,342.70,62.90,200.40,0.67451,-1,-1,-1
966,119,1575.67,590.30,100.49,233.89,0.60605,-1,-1,-1
966,128,318.51,432.00,67.09,191.48,0.60908,-1,-1,-1
966,130,389.78,415.63,74.66,208.71,0.55262,-1,-1,-1
966,146,1215.85,719.75,89.79,262.25,0.78291,-1,-1,-1
966,149,1742.85,669.02,91.05,255.16,0.68896,-1,-1,-1
966,160,491.65,231.01,62.84,182.77,0.42916,-1,-1,-1
966,161,418.89,244.19,62.36,199.98,0.43054,-1,-1,-1
966,145,1154.41,90.66,60.44,165.21,0.36449,-1,-1,-1
967,4,1719.08,455.82,74.19,210.06,0.58200,-1,-1,-1
967,104,324.94,799.41,89.63,274.69,0.79793,-1,-1,-1
967,117,927.45,931.99,73.47,148.00,0.77704,-1,-1,-1
967,125,926.44,328.34,67.91,207.85,0.70832,-1,-1,-1
967,124,848.43,340.85,63.02,201.66,0.68390,-1,-1,-1
967,119,1575.23,590.26,100.86,233.84,0.59166,-1,-1,-1
967,128,316.70,433.05,67.50,191.66,0.58672,-1,-1,-1
967,130,391.48,417.91,73.49,205.69,0.54802,-1,-1,-1
967,146,1215.65,715.95,89.16,260.97,0.78594,-1,-1,-1
967,149,1742.44,669.77,90.86,254.37,0.71238,-1,-1,-1
967,160,492.49,231.15,62.88,183.02,0.44108,-1,-1,-1
967,161,418.63,245.21,62.09,198.43,0.39799,-1,-1,-1
968,4,1718.83,455.94,74.25,210.43,0.58368,-1,-1,-1
968,104,326.54,800.53,89.26,275.23,0.79657,-1,-1,-1
968,117,927.16,931.64,73.54,148.35,0.78097,-1,-1,-1
968,125,926.90,325.75,68.01,207.93,0.72352,-1,-1,-1
968,124,847.59,339.53,63.41,203.54,0.69436,-1,-1,-1
968,119,1575.20,589.55,101.37,234.63,0.61503,-1,-1,-1
968,128,314.97,433.53,67.95,191.74,0.58485,-1,-1,-1
968,130,392.67,418.84,72.79,203.98,0.55293,-1,-1,-1
968,146,1214.41,712.62,89.29,261.76,0.78412,-1,-1,-1
968,149,1741.95,669.01,91.51,255.51,0.69557,-1,-1,-1
968,160,492.94,231.37,62.95,183.54,0.50451,-1,-1,-1
968,161,417.79,245.62,62.18,197.37,0.36378,-1,-1,-1
968,145,1154.29,93.16,62.56,170.12,0.32055,-1,-1,-1
969,4,1718.74,456.28,74.19,210.46,0.58919,-1,-1,-1
969,104,328.40,802.10,88.58,274.10,0.78324,-1,-1,-1
969,117,926.99,931.92,73.24,148.08,0.78176,-1,-1,-1
969,125,927.23,324.01,67.91,207.52,0.72827,-1,-1,-1
969,124,847.33,338.60,63.59,205.20,0.69577,-1,-1,-1
969,119,1575.73,590.27,101.47,233.85,0.61884,-1,-1,-1
969,128,312.19,433.52,69.21,192.14,0.56947,-1,-1,-1
969,130,393.17,420.57,72.33,202.91,0.52137,-1,-1,-1
969,146,1213.17,709.52,89.93,263.66,0.78182,-1,-1,-1
969,149,1741.32,668.48,91.40,254.65,0.69772,-1,-1,-1
969,160,493.19,232.91,63.11,184.05,0.46800,-1,-1,-1
970,4,1718.83,455.94,74.07,210.19,0.58856,-1,-1,-1
970,104,330.10,803.61,88.02,272.85,0.79355,-1,-1,-1
970,117,926.61,931.93,73.10,148.07,0.78103,-1,-1,-1
970,125,927.04,323.01,67.81,207.86,0.70332,-1,-1,-1
970,124,847.19,338.12,63.56,206.08,0.69956,-1,-1,-1
970,119,1576.20,591.19,101.39,233.15,0.61925,-1,-1,-1
970,128,309.53,435.70,69.98,189.84,0.45634,-1,-1,-1
970,130,390.78,418.29,74.50,208.82,0.51958,-1,-1,-1
970,146,1211.79,707.45,90.68,265.92,0.78114,-1,-1,-1
970,149,1741.11,668.35,91.29,253.58,0.69450,-1,-1,-1
970,160,494.08,234.61,63.42,184.87,0.47689,-1,-1,-1
970,164,1648.60,125.21,58.29,164.73,0.32176,-1,-1,-1
971,4,1719.12,456.08,74.20,210.48,0.58685,-1,-1,-1
971,104,330.89,804.13,87.98,272.00,0.78727,-1,-1,-1
971,117,926.37,932.21,72.81,147.79,0.77945,-1,-1,-1
971,125,927.09,322.44,67.56,207.67,0.71198,-1,-1,-1
971,124,846.96,337.68,63.62,207.45,0.70544,-1,-1,-1
971,119,1576.14,590.64,101.83,233.68,0.58578,-1,-1,-1
971,128,308.02,435.49,71.51,190.25,0.38188,-1,-1,-1
971,130,391.18,421.63,75.59,212.43,0.51948,-1,-1,-1
971,146,1210.11,706.39,91.27,267.90,0.79335,-1,-1,-1
971,149,1740.86,669.81,90.99,252.39,0.68531,-1,-1,-1
971,160,494.24,235.95,63.94,186.41,0.46270,-1,-1,-1
971,164,1649.00,126.19,58.12,164.31,0.32167,-1,-1,-1
972,4,1719.39,455.93,73.98,209.99,0.58718,-1,-1,-1
972,104,331.84,804.90,88.07,270.54,0.77048,-1,-1,-1
972,117,925.92,932.45,72.41,147.55,0.76388,-1,-1,-1
972,125,926.95,321.83,67.25,207.23,0.69503,-1,-1,-1
972,124,846.81,337.56,63.51,208.22,0.67670,-1,-1,-1
972,119,1575.95,590.35,102.04,233.78,0.57457,-1,-1,-1
972,128,316.90,437.38,69.82,188.34,0.35690,-1,-1,-1
972,130,388.68,419.82,76.95,215.89,0.52872,-1,-1,-1
972,146,1208.30,705.96,91.62,268.66,0.78987,-1,-1,-1
972,149,1740.66,669.19,91.76,254.48,0.69675,-1,-1,-1
972,160,494.38,238.30,63.80,185.59,0.40463,-1,-1,-1
973,4,1719.04,455.85,74.13,210.45,0.57513,-1,-1,-1
973,104,332.87,806.35,88.16,268.17,0.77379,-1,-1,-1
973,117,925.73,933.22,71.92,146.78,0.77761,-1,-1,-1
973,125,926.87,321.30,67.04,207.27,0.69883,-1,-1,-1
973,124,846.53,336.37,63.36,208.25,0.68604,-1,-1,-1
973,119,1575.75,590.80,102.09,233.46,0.60734,-1,-1,-1
973,128,320.33,436.07,69.52,190.80,0.46847,-1,-1,-1
973,130,387.77,419.70,77.80,218.48,0.54813,-1,-1,-1
973,146,1206.29,704.75,91.48,268.84,0.79406,-1,-1,-1
973,149,1740.18,668.94,92.34,254.73,0.69431,-1,-1,-1
973,160,494.77,240.28,63.53,184.97,0.44799,-1,-1,-1
973,161,415.73,250.10,60.90,191.69,0.30663,-1,-1,-1
974,4,1718.94,455.51,73.89,210.08,0.54860,-1,-1,-1
974,104,333.18,807.41,88.76,266.94,0.76850,-1,-1,-1
974,117,925.09,932.93,71.78,147.07,0.76944,-1,-1,-1
974,125,926.40,321.20,66.78,207.05,0.71077,-1,-1,-1
974,124,846.50,335.36,63.26,208.58,0.66646,-1,-1,-1
974,119,1576.36,589.58,102.47,234.50,0.63002,-1,-1,-1
974,128,321.96,436.35,68.50,190.80,0.47579,-1,-1,-1
974,130,387.09,421.40,77.84,219.05,0.56764,-1,-1,-1
974,146,1204.93,703.04,91.79,270.05,0.79623,-1,-1,-1
974,149,1740.34,670.15,91.98,253.61,0.68870,-1,-1,-1
974,160,495.58,242.51,63.34,184.87,0.44984,-1,-1,-1
974,161,415.58,250.80,60.80,189.63,0.32315,-1,-1,-1
975,4,1718.70,455.24,74.06,210.64,0.58470,-1,-1,-1
975,104,333.38,808.89,89.29,265.19,0.78025,-1,-1,-1
975,117,924.24,933.47,71.38,146.53,0.75953,-1,-1,-1
975,125,925.79,320.68,66.95,208.48,0.69094,-1,-1,-1
975,124,846.24,333.61,63.11,208.62,0.66442,-1,-1,-1
975,119,1577.16,589.67,102.37,234.48,0.60494,-1,-1,-1
975,128,322.50,437.34,67.64,191.04,0.49746,-1,-1,-1
975,130,387.06,423.44,77.64,218.68,0.57059,-1,-1,-1
975,146,1202.91,702.09,91.61,270.38,0.79145,-1,-1,-1
975,149,1739.57,669.47,92.66,254.38,0.69186,-1,-1,-1
975,160,495.83,244.18,63.85,186.56,0.46482,-1,-1,-1
975,161,414.51,251.53,61.91,190.43,0.42910,-1,-1,-1
975,164,1652.29,127.42,57.65,162.77,0.32899,-1,-1,-1
976,4,1719.16,456.69,73.55,209.16,0.57012,-1,-1,-1
976,104,333.58,811.01,90.16,264.54,0.77457,-1,-1,-1
976,117,923.42,933.85,70.95,146.15,0.73384,-1,-1,-1
976,125,924.48,320.11,67.37,210.60,0.69256,-1,-1,-1
976,124,846.20,332.31,62.29,205.93,0.67280,-1,-1,-1
976,119,1577.81,588.94,102.48,235.09,0.60435,-1,-1,-1
976,128,322.12,437.20,66.97,191.26,0.50883,-1,-1,-1
976,130,387.16,425.75,77.48,218.78,0.57486,-1,-1,-1
976,146,1200.75,700.57,91.47,270.51,0.80423,-1,-1,-1
976,149,1739.54,670.72,92.53,252.73,0.71145,-1,-1,-1
976,160,495.89,245.59,64.43,188.63,0.45586,-1,-1,-1
976,161,413.76,252.40,62.60,190.58,0.43668,-1,-1,-1
976,164,1655.23,127.68,56.17,158.86,0.34535,-1,-1,-1
976,145,1168.70,100.34,62.46,169.22,0.32712,-1,-1,-1
977,4,1719.10,456.63,73.75,209.86,0.55758,-1,-1,-1
977,104,333.61,813.20,91.48,265.29,0.78456,-1,-1,-1
977,117,922.09,933.75,70.92,146.25,0.74068,-1,-1,-1
977,125,922.20,317.88,67.83,213.07,0.68050,-1,-1,-1
977,124,846.24,330.52,61.64,203.72,0.66704,-1,-1,-1
977,119,1577.53,588.39,102.87,235.93,0.61135,-1,-1,-1
977,128,321.59,436.87,67.49,193.95,0.48664,-1,-1,-1
977,130,386.74,428.08,76.92,217.51,0.57128,-1,-1,-1
977,146,1198.98,698.54,91.64,272.74,0.79053,-1,-1,-1
977,149,1738.97,669.82,92.88,252.69,0.71388,-1,-1,-1
977,160,495.59,247.50,64.37,188.37,0.43948,-1,-1,-1
977,161,411.84,254.92,62.95,188.78,0.41458,-1,-1,-1
977,164,1657.04,128.94,56.01,158.59,0.45723,-1,-1,-1
978,4,1719.29,457.25,73.52,209.16,0.54439,-1,-1,-1
978,104,333.59,815.90,91.93,264.08,0.79182,-1,-1,-1
978,117,921.49,934.18,70.49,145.82,0.73631,-1,-1,-1
978,125,921.82,316.89,67.28,212.03,0.67982,-1,-1,-1
978,124,846.17,328.37,60.95,200.72,0.66690,-1,-1,-1
978,119,1577.53,589.04,102.59,235.26,0.61003,-1,-1,-1
978,128,320.97,438.43,67.95,195.65,0.43606,-1,-1,-1
978,130,386.65,429.63,76.40,216.76,0.54773,-1,-1,-1
978,146,1197.14,696.02,91.44,273.91,0.78828,-1,-1,-1
978,149,1738.40,669.82,93.13,252.75,0.71043,-1,-1,-1
978,160,495.82,249.18,64.13,187.48,0.45522,-1,-1,-1
978,161,411.14,258.67,62.96,186.45,0.41408,-1,-1,-1
978,164,1657.87,130.59,56.12,159.30,0.40463,-1,-1,-1
978,165,1780.71,163.85,55.41,171.53,0.31279,-1,-1,-1
979,4,1718.88,456.87,73.67,209.68,0.53133,-1,-1,-1
979,104,334.05,818.44,92.01,261.56,0.80780,-1,-1,-1
979,117,920.98,934.79,69.96,145.21,0.74008,-1,-1,-1
979,125,921.42,315.99,66.36,209.87,0.68076,-1,-1,-1
979,124,846.03,325.62,60.65,199.01,0.65046,-1,-1,-1
979,119,1576.87,589.98,102.27,234.00,0.61504,-1,-1,-1
979,128,315.50,439.12,70.43,199.66,0.51610,-1,-1,-1
979,130,387.30,431.69,75.89,215.53,0.59796,-1,-1,-1
979,146,1196.38,692.51,91.39,275.60,0.78963,-1,-1,-1
979,149,1738.25,669.34,93.44,252.82,0.70581,-1,-1,-1
979,160,496.11,249.77,63.96,187.18,0.49064,-1,-1,-1
979,161,409.27,260.61,63.41,185.30,0.45484,-1,-1,-1
979,164,1659.20,132.15,55.88,159.06,0.37277,-1,-1,-1
980,4,1719.36,456.81,73.44,209.28,0.54682,-1,-1,-1
980,104,333.86,821.62,91.69,258.38,0.82070,-1,-1,-1
980,117,920.20,935.59,69.29,144.41,0.75159,-1,-1,-1
980,125,920.89,314.83,65.73,208.68,0.68631,-1,-1,-1
980,124,845.44,324.44,60.45,198.36,0.62988,-1,-1,-1
980,119,1576.42,590.51,102.50,233.71,0.62632,-1,-1,-1
980,128,312.43,438.60,73.19,205.72,0.60502,-1,-1,-1
980,130,387.57,432.07,76.03,216.23,0.63791,-1,-1,-1
980,146,1196.71,688.65,90.22,273.18,0.77342,-1,-1,-1
980,149,1738.54,668.16,94.25,254.24,0.69684,-1,-1,-1
980,160,495.83,249.45,64.37,187.98,0.44564,-1,-1,-1
980,161,408.07,258.94,65.05,187.49,0.44402,-1,-1,-1
980,164,1660.46,133.42,55.99,159.99,0.40124,-1,-1,-1
980,145,1176.80,110.24,60.97,164.90,0.37330,-1,-1,-1
981,4,1719.32,456.74,73.63,209.60,0.54756,-1,-1,-1
981,104,333.96,825.37,91.16,254.63,0.82423,-1,-1,-1
981,117,919.63,936.32,68.73,143.68,0.74391,-1,-1,-1
981,125,919.76,313.23,65.24,207.62,0.66318,-1,-1,-1
981,124,844.51,322.60,60.64,199.30,0.61450,-1,-1,-1
981,119,1576.21,590.32,102.84,234.07,0.62780,-1,-1,-1
981,128,311.87,440.05,74.06,206.69,0.51532,-1,-1,-1
981,130,387.11,433.08,75.71,215.90,0.53094,-1,-1,-1
981,146,1196.58,684.89,88.40,268.24,0.77873,-1,-1,-1
981,149,1738.79,669.14,93.60,253.05,0.69933,-1,-1,-1
981,160,495.81,249.15,64.11,187.12,0.45704,-1,-1,-1
981,161,406.88,257.78,66.91,190.43,0.43571,-1,-1,-1
981,164,1661.45,135.60,55.64,159.12,0.39222,-1,-1,-1
981,145,1178.33,112.17,60.70,163.92,0.37609,-1,-1,-1
982,4,1719.53,457.06,73.53,209.24,0.54058,-1,-1,-1
982,104,333.93,828.77,90.63,251.23,0.82107,-1,-1,-1
982,117,918.70,937.04,68.32,142.96,0.74228,-1,-1,-1
982,125,920.37,311.13,64.14,204.84,0.65349,-1,-1,-1
982,124,843.20,319.93,60.84,198.48,0.60281,-1,-1,-1
982,119,1576.49,590.03,103.10,233.94,0.62483,-1,-1,-1
982,128,312.22,442.37,74.69,207.44,0.48452,-1,-1,-1
982,130,389.37,439.34,73.41,209.75,0.50952,-1,-1,-1
982,146,1196.04,681.13,87.23,264.97,0.77007,-1,-1,-1
982,149,1738.52,668.47,94.32,254.15,0.70364,-1,-1,-1
982,160,495.93,249.29,63.64,185.39,0.46094,-1,-1,-1
982,161,404.81,259.33,68.21,191.27,0.44629,-1,-1,-1
982,164,1661.95,138.30,55.18,157.40,0.40215,-1,-1,-1
982,145,1180.09,114.19,60.77,163.93,0.36103,-1,-1,-1
983,4,1719.76,456.88,73.77,209.98,0.53363,-1,-1,-1
983,104,333.31,832.23,89.91,247.77,0.82593,-1,-1,-1
983,117,917.39,937.64,68.02,142.36,0.73907,-1,-1,-1
983,125,920.92,309.13,63.75,204.55,0.67131,-1,-1,-1
983,124,841.53,317.85,62.33,202.76,0.64890,-1,-1,-1
983,119,1576.26,589.19,103.67,234.84,0.60716,-1,-1,-1
983,128,310.82,445.28,74.54,206.67,0.50774,-1,-1,-1
983,130,388.07,437.08,74.08,212.58,0.50516,-1,-1,-1
983,146,1195.44,677.85,85.61,259.22,0.76375,-1,-1,-1
983,149,1738.49,670.12,93.15,251.81,0.67930,-1,-1,-1
983,160,495.57,249.46,63.68,184.86,0.48118,-1,-1,-1
983,161,402.56,259.47,69.93,192.82,0.44484,-1,-1,-1
983,164,1662.32,139.76,55.30,156.97,0.37531,-1,-1,-1
983,145,1181.02,114.87,61.32,165.27,0.32350,-1,-1,-1
984,4,1719.67,457.36,73.94,210.15,0.54088,-1,-1,-1
984,104,332.78,834.66,89.64,245.34,0.82568,-1,-1,-1
984,117,917.22,938.52,67.56,141.48,0.73694,-1,-1,-1
984,125,920.80,308.08,63.36,203.77,0.67895,-1,-1,-1
984,124,841.35,316.88,62.64,201.97,0.65391,-1,-1,-1
984,119,1575.94,586.98,104.69,236.84,0.62240,-1,-1,-1
984,128,310.79,449.43,73.73,204.37,0.46292,-1,-1,-1
984,130,390.49,441.91,72.06,207.36,0.52215,-1,-1,-1
984,146,1194.99,674.19,85.08,256.46,0.75532,-1,-1,-1
984,149,1739.10,669.45,93.25,252.35,0.69430,-1,-1,-1
984,160,495.30,250.37,63.72,184.30,0.50960,-1,-1,-1
984,161,402.84,259.49,70.98,192.60,0.39575,-1,-1,-1
984,164,1662.85,140.95,55.74,157.73,0.36291,-1,-1,-1
984,145,1182.06,117.07,60.74,163.81,0.31995,-1,-1,-1
984,166,321.08,260.42,57.26,185.22,0.39165,-1,-1,-1
985,4,1719.96,457.98,73.75,209.22,0.51778,-1,-1,-1
985,104,332.21,836.51,89.55,243.49,0.81581,-1,-1,-1
985,117,915.91,939.69,67.09,140.31,0.72947,-1,-1,-1
985,125,920.22,306.02,63.41,204.40,0.66080,-1,-1,-1
985,124,840.48,316.05,63.35,201.94,0.62940,-1,-1,-1
985,119,1576.10,587.23,104.87,236.67,0.61062,-1,-1,-1
985,128,308.38,454.69,71.63,196.96,0.43531,-1,-1,-1
985,130,390.73,443.85,71.45,205.73,0.53209,-1,-1,-1
985,146,1193.35,670.93,86.11,258.59,0.76604,-1,-1,-1
985,149,1738.89,670.41,92.59,251.32,0.67486,-1,-1,-1
985,160,495.17,251.10,64.27,185.18,0.54073,-1,-1,-1
985,161,402.15,260.30,71.51,191.75,0.33058,-1,-1,-1
985,164,1663.76,141.95,56.21,159.06,0.36142,-1,-1,-1
985,145,1183.30,118.41,60.36,162.62,0.32055,-1,-1,-1
985,166,319.56,261.99,57.23,185.22,0.37959,-1,-1,-1
986,4,1720.33,457.73,73.67,208.97,0.49648,-1,-1,-1
986,104,331.89,837.68,89.61,242.32,0.79856,-1,-1,-1
986,117,915.35,940.42,66.80,139.58,0.71397,-1,-1,-1
986,125,919.85,304.02,63.73,205.57,0.66429,-1,-1,-1
986,124,839.58,316.22,64.39,204.69,0.64184,-1,-1,-1
986,119,1575.65,585.12,105.99,238.93,0.61490,-1,-1,-1
986,128,306.21,457.85,71.26,193.90,0.44326,-1,-1,-1
986,130,391.00,444.96,71.17,205.26,0.54165,-1,-1,-1
986,146,1191.81,667.96,86.10,257.84,0.75453,-1,-1,-1
986,149,1739.03,670.27,92.65,252.00,0.68578,-1,-1,-1
986,160,495.03,252.78,64.55,185.06,0.52008,-1,-1,-1
986,161,400.50,259.32,73.29,193.99,0.39246,-1,-1,-1
986,164,1665.37,142.94,55.52,157.13,0.36847,-1,-1,-1
986,166,319.07,263.62,57.25,185.53,0.35184,-1,-1,-1
987,4,1720.06,457.55,73.88,209.25,0.50697,-1,-1,-1
987,104,331.65,839.00,89.48,241.00,0.78354,-1,-1,-1
987,117,913.76,940.80,66.82,139.20,0.71416,-1,-1,-1
987,125,919.78,302.38,63.88,205.51,0.67642,-1,-1,-1
987,124,838.50,315.44,64.81,203.76,0.63280,-1,-1,-1
987,119,1575.20,585.34,106.11,239.03,0.62567,-1,-1,-1
987,128,304.77,458.16,72.13,194.42,0.46644,-1,-1,-1
987,130,390.90,445.45,71.19,205.56,0.54538,-1,-1,-1
987,146,1191.48,666.01,86.21,257.76,0.75186,-1,-1,-1
987,149,1739.39,670.40,92.44,251.84,0.67757,-1,-1,-1
987,160,494.83,253.84,65.39,187.09,0.50812,-1,-1,-1
987,161,398.47,257.41,74.53,196.11,0.37404,-1,-1,-1
987,164,1667.47,144.31,54.91,155.51,0.39822,-1,-1,-1
987,166,317.36,265.08,57.63,187.06,0.36947,-1,-1,-1
988,4,1720.44,457.73,74.07,209.73,0.51330,-1,-1,-1
988,104,331.17,840.29,89.40,239.71,0.77638,-1,-1,-1
988,117,913.22,941.27,66.62,138.73,0.71792,-1,-1,-1
988,125,919.87,301.03,64.60,207.32,0.65098,-1,-1,-1
988,124,837.83,314.66,65.55,204.34,0.62542,-1,-1,-1
988,119,1575.15,585.80,105.88,238.55,0.62467,-1,-1,-1
988,128,303.26,459.30,72.71,194.19,0.46998,-1,-1,-1
988,130,388.34,442.51,73.24,211.69,0.57032,-1,-1,-1
988,146,1190.44,664.48,86.50,258.13,0.72593,-1,-1,-1
988,149,1739.39,669.44,92.52,252.43,0.68027,-1,-1,-1
988,160,495.07,255.23,65.79,187.59,0.49623,-1,-1,-1
988,161,398.17,256.77,74.85,197.05,0.44280,-1,-1,-1
988,164,1669.80,144.64,54.48,154.75,0.40224,-1,-1,-1
988,166,315.13,269.40,56.66,183.92,0.39782,-1,-1,-1
989,4,1721.10,458.53,73.95,208.87,0.49034,-1,-1,-1
989,104,330.85,841.94,89.32,238.06,0.77039,-1,-1,-1
989,117,912.08,941.63,66.43,138.37,0.70604,-1,-1,-1
989,125,920.00,300.34,65.02,207.86,0.62177,-1,-1,-1
989,124,837.30,313.58,65.97,204.12,0.62155,-1,-1,-1
989,119,1575.13,584.99,106.10,239.44,0.64656,-1,-1,-1
989,128,302.09,460.19,73.15,193.90,0.48450,-1,-1,-1
989,130,387.12,442.90,74.47,216.06,0.61510,-1,-1,-1
989,146,1190.26,663.88,84.04,248.76,0.72336,-1,-1,-1
989,149,1739.73,669.54,92.45,252.57,0.68450,-1,-1,-1
989,160,495.12,256.75,65.72,187.12,0.48803,-1,-1,-1
989,161,397.49,257.65,75.23,198.97,0.46694,-1,-1,-1
989,164,1671.04,145.48,54.81,156.37,0.43465,-1,-1,-1
989,166,314.67,273.96,55.00,178.21,0.38181,-1,-1,-1
989,145,1185.43,123.41,60.36,165.99,0.33034,-1,-1,-1
990,4,1721.81,457.92,73.99,208.50,0.51649,-1,-1,-1
990,104,330.46,843.62,89.24,236.38,0.77715,-1,-1,-1
990,117,910.59,941.82,66.39,138.18,0.70766,-1,-1,-1
990,125,920.68,300.07,64.96,207.09,0.60976,-1,-1,-1
990,124,837.04,312.59,66.58,204.63,0.63562,-1,-1,-1
990,119,1574.45,584.99,106.07,239.43,0.64195,-1,-1,-1
990,128,300.98,460.35,73.78,194.43,0.48394,-1,-1,-1
990,130,386.99,444.32,74.79,217.59,0.63173,-1,-1,-1
990,146,1189.42,663.11,82.34,242.10,0.70896,-1,-1,-1
990,149,1739.52,668.85,92.38,252.97,0.67269,-1,-1,-1
990,160,496.50,258.90,65.28,186.30,0.46049,-1,-1,-1
990,161,399.72,260.93,73.98,199.28,0.44074,-1,-1,-1
990,164,1672.14,145.37,55.44,158.87,0.43699,-1,-1,-1
990,166,315.03,275.95,54.24,175.57,0.31334,-1,-1,-1
990,145,1186.72,122.49,59.70,167.76,0.40032,-1,-1,-1
991,4,1721.67,458.02,74.47,208.64,0.51657,-1,-1,-1
991,104,330.07,845.18,89.17,234.82,0.77938,-1,-1,-1
991,117,910.14,942.67,66.06,137.33,0.72953,-1,-1,-1
991,125,920.35,299.38,65.91,210.30,0.56736,-1,-1,-1
991,124,836.93,311.80,66.56,203.54,0.61657,-1,-1,-1
991,119,1574.97,585.38,106.14,239.14,0.66297,-1,-1,-1
991,128,300.39,459.47,74.31,194.94,0.43326,-1,-1,-1
991,130,386.03,445.10,75.32,219.76,0.59145,-1,-1,-1
991,146,1187.39,661.20,85.21,250.40,0.73724,-1,-1,-1
991,149,1738.60,668.12,92.55,254.09,0.69129,-1,-1,-1
991,160,497.06,260.45,65.08,186.72,0.54219,-1,-1,-1
991,161,398.10,262.48,73.99,201.76,0.47003,-1,-1,-1
991,164,1673.04,145.69,56.05,160.88,0.43514,-1,-1,-1
991,166,315.42,275.08,54.86,177.32,0.30399,-1,-1,-1
992,4,1721.44,458.04,74.92,208.52,0.54643,-1,-1,-1
992,104,329.71,846.67,89.02,233.33,0.78366,-1,-1,-1
992,117,909.29,943.12,65.91,136.88,0.72907,-1,-1,-1
992,125,920.05,299.54,66.18,210.98,0.61099,-1,-1,-1
992,124,837.03,310.99,65.50,199.06,0.61771,-1,-1,-1
992,119,1575.36,585.08,106.31,239.36,0.67978,-1,-1,-1
992,128,300.51,457.93,75.10,196.31,0.47655,-1,-1,-1
992,130,385.12,447.72,74.99,219.06,0.61309,-1,-1,-1
992,146,1184.64,659.69,86.98,255.78,0.72365,-1,-1,-1
992,149,1738.46,668.46,92.30,254.28,0.67949,-1,-1,-1
992,160,496.33,261.76,65.25,187.46,0.56800,-1,-1,-1
992,161,396.97,263.11,74.54,205.11,0.50119,-1,-1,-1
992,164,1673.60,146.63,56.52,161.64,0.44569,-1,-1,-1
992,145,1189.82,120.17,61.17,172.57,0.32719,-1,-1,-1
993,4,1721.00,457.42,75.62,209.80,0.52454,-1,-1,-1
993,104,329.46,847.95,88.91,232.05,0.78167,-1,-1,-1
993,117,909.08,943.85,65.75,136.15,0.73992,-1,-1,-1
993,125,920.51,298.92,66.01,211.16,0.58718,-1,-1,-1
993,124,837.38,310.33,65.29,197.98,0.61298,-1,-1,-1
993,119,1575.24,585.25,106.21,238.94,0.68257,-1,-1,-1
993,128,302.31,460.61,74.59,194.54,0.51245,-1,-1,-1
993,130,383.88,451.27,75.01,219.00,0.61428,-1,-1,-1
993,146,1183.40,658.27,86.72,254.44,0.70735,-1,-1,-1
993,149,1739.16,667.78,92.53,255.29,0.68304,-1,-1,-1
993,160,496.75,263.10,64.90,186.68,0.54575,-1,-1,-1
993,161,398.80,265.48,72.39,201.78,0.50047,-1,-1,-1
993,164,1673.72,147.65,57.56,163.86,0.38780,-1,-1,-1
993,145,1191.33,120.54,61.54,173.83,0.35198,-1,-1,-1
993,166,314.21,278.14,55.05,177.26,0.32705,-1,-1,-1
994,4,1720.72,457.87,75.94,209.52,0.54253,-1,-1,-1
994,104,329.56,849.84,88.37,230.16,0.78483,-1,-1,-1
994,117,908.31,944.05,66.05,135.95,0.73458,-1,-1,-1
994,125,921.89,297.63,65.84,210.53,0.59076,-1,-1,-1
994,124,837.63,307.99,65.53,199.64,0.62811,-1,-1,-1
994,119,1575.43,585.27,106.15,238.96,0.67766,-1,-1,-1
994,128,303.80,462.54,74.34,194.33,0.53248,-1,-1,-1
994,130,382.46,453.88,74.79,217.84,0.62016,-1,-1,-1
994,146,1181.34,656.13,87.93,258.21,0.71743,-1,-1,-1
994,149,1739.70,669.83,92.67,254.02,0.67716,-1,-1,-1
994,160,498.19,264.55,64.17,184.99,0.52464,-1,-1,-1
994,161,398.44,266.00,72.18,203.18,0.51586,-1,-1,-1
994,164,1673.24,149.53,57.87,162.96,0.34329,-1,-1,-1
994,145,1192.05,121.95,62.10,176.03,0.30237,-1,-1,-1
994,166,316.35,279.58,54.68,174.83,0.35765,-1,-1,-1
995,4,1720.87,458.17,76.08,208.98,0.54946,-1,-1,-1
995,104,330.36,852.24,87.75,227.76,0.77788,-1,-1,-1
995,117,907.94,944.63,66.09,135.37,0.73330,-1,-1,-1
995,125,922.12,295.74,65.91,210.53,0.58608,-1,-1,-1
995,124,838.54,306.18,64.58,197.32,0.58379,-1,-1,-1
995,119,1575.85,586.10,105.61,238.12,0.66374,-1,-1,-1
995,128,304.13,463.40,74.82,196.48,0.56136,-1,-1,-1
995,130,381.81,455.39,74.83,217.92,0.61623,-1,-1,-1
995,146,1178.55,654.27,86.68,254.37,0.73715,-1,-1,-1
995,149,1739.58,670.20,93.21,254.43,0.67990,-1,-1,-1
995,160,499.02,265.80,63.83,184.35,0.49569,-1,-1,-1
995,161,398.13,265.89,72.35,206.33,0.50754,-1,-1,-1
995,164,1673.12,152.27,58.34,162.03,0.34636,-1,-1,-1
995,166,315.03,279.67,55.89,177.89,0.35265,-1,-1,-1
996,4,1721.08,458.36,76.04,208.31,0.55648,-1,-1,-1
996,104,330.73,853.74,87.48,226.26,0.78344,-1,-1,-1
996,117,907.66,945.20,66.01,134.80,0.73164,-1,-1,-1
996,125,923.01,293.96,66.04,210.00,0.56932,-1,-1,-1
996,124,839.25,304.40,63.92,195.86,0.63347,-1,-1,-1
996,119,1575.58,586.02,105.46,238.05,0.65644,-1,-1,-1
996,128,304.00,463.53,76.16,202.15,0.57584,-1,-1,-1
996,130,381.00,456.38,74.80,217.39,0.62646,-1,-1,-1
996,146,1176.56,651.70,87.39,257.13,0.76367,-1,-1,-1
996,149,1739.49,670.05,92.55,253.27,0.67860,-1,-1,-1
996,160,499.40,265.96,63.96,184.95,0.48501,-1,-1,-1
996,161,398.20,267.80,71.91,207.83,0.52824,-1,-1,-1
996,164,1672.87,153.72,59.38,163.63,0.33636,-1,-1,-1
996,166,313.25,279.18,56.34,178.92,0.36182,-1,-1,-1
997,4,1721.23,458.14,76.38,208.61,0.53562,-1,-1,-1
997,104,331.26,856.86,86.83,223.14,0.77947,-1,-1,-1
997,117,907.27,945.58,66.09,134.42,0.73501,-1,-1,-1
997,125,922.75,291.42,66.26,210.99,0.58538,-1,-1,-1
997,124,839.96,302.43,63.29,194.94,0.61026,-1,-1,-1
997,119,1575.52,586.40,105.03,237.49,0.65577,-1,-1,-1
997,128,304.30,464.81,76.28,204.20,0.59354,-1,-1,-1
997,130,381.21,457.11,74.79,216.95,0.62996,-1,-1,-1
997,146,1174.93,648.45,86.99,256.83,0.75911,-1,-1,-1
997,149,1739.64,670.27,91.82,252.24,0.67601,-1,-1,-1
997,160,501.13,264.88,63.87,185.60,0.50510,-1,-1,-1
997,161,397.37,267.54,71.56,209.06,0.47385,-1,-1,-1
997,164,1673.04,155.84,59.78,162.90,0.34384,-1,-1,-1
997,166,311.25,278.53,57.50,182.73,0.35180,-1,-1,-1
998,4,1721.62,458.28,76.48,208.91,0.57696,-1,-1,-1
998,104,331.80,860.09,86.14,219.91,0.76891,-1,-1,-1
998,117,906.65,945.68,66.34,134.32,0.73147,-1,-1,-1
998,125,923.31,288.98,66.25,210.66,0.57970,-1,-1,-1
998,124,840.85,299.32,63.34,195.96,0.57249,-1,-1,-1
998,119,1575.90,586.56,105.05,237.80,0.67395,-1,-1,-1
998,128,305.09,467.82,75.51,203.24,0.58134,-1,-1,-1
998,130,381.20,457.78,75.00,216.56,0.58582,-1,-1,-1
998,146,1174.29,643.43,86.61,256.69,0.76252,-1,-1,-1
998,149,1739.36,670.06,92.00,254.04,0.68402,-1,-1,-1
998,160,502.25,264.62,63.72,186.07,0.53185,-1,-1,-1
998,161,397.04,268.77,70.37,207.55,0.40035,-1,-1,-1
998,164,1673.50,158.84,59.63,160.32,0.40533,-1,-1,-1
998,166,311.63,278.95,57.80,183.17,0.39103,-1,-1,-1
999,4,1721.31,458.23,76.62,209.30,0.54882,-1,-1,-1
999,104,332.67,863.77,85.40,216.23,0.78040,-1,-1,-1
999,117,906.42,945.99,66.43,134.01,0.72276,-1,-1,-1
999,125,924.85,286.59,66.55,210.70,0.57775,-1,-1,-1
999,124,841.44,296.91,63.38,197.07,0.56395,-1,-1,-1
999,119,1576.81,586.76,104.62,237.33,0.64786,-1,-1,-1
999,128,305.16,467.84,75.70,205.31,0.59043,-1,-1,-1
999,130,380.85,457.75,75.53,216.76,0.53341,-1,-1,-1
999,146,1173.93,639.34,85.77,255.18,0.75332,-1,-1,-1
999,149,1739.73,669.52,91.76,254.26,0.67890,-1,-1,-1
999,160,502.82,264.64,63.46,185.87,0.50972,-1,-1,-1
999,161,397.65,269.75,69.08,205.89,0.42619,-1,-1,-1
999,164,1673.96,161.43,60.18,160.44,0.41949,-1,-1,-1
1000,4,1721.04,457.78,76.62,209.63,0.54869,-1,-1,-1
1000,104,333.61,867.25,84.76,212.75,0.79498,-1,-1,-1
1000,117,906.34,946.22,66.49,133.78,0.73102,-1,-1,-1
1000,125,925.79,284.67,65.54,207.41,0.54894,-1,-1,-1
1000,124,841.44,295.16,63.82,199.52,0.53207,-1,-1,-1
1000,119,1576.20,586.32,104.56,237.73,0.65330,-1,-1,-1
1000,128,305.34,470.23,75.00,204.24,0.62464,-1,-1,-1
1000,130,380.57,458.07,76.32,216.80,0.53804,-1,-1,-1
1000,146,1173.55,636.81,85.16,253.45,0.75174,-1,-1,-1
1000,149,1740.70,671.24,91.01,252.70,0.66210,-1,-1,-1
1000,160,503.02,264.87,63.32,185.85,0.47035,-1,-1,-1
1000,161,398.26,269.73,69.20,207.21,0.33925,-1,-1,-1
1000,164,1674.27,163.03,60.73,161.39,0.37067,-1,-1,-1
1000,166,310.20,279.88,58.69,185.80,0.30161,-1,-1,-1
1001,4,1720.45,458.34,76.39,209.23,0.56112,-1,-1,-1
1001,104,335.40,870.15,84.30,209.85,0.79639,-1,-1,-1
1001,117,906.28,946.62,66.57,133.38,0.73195,-1,-1,-1
1001,125,926.83,283.03,64.53,203.74,0.55812,-1,-1,-1
1001,124,841.69,294.26,63.79,200.61,0.55137,-1,-1,-1
1001,119,1575.19,586.21,104.68,237.79,0.65666,-1,-1,-1
1001,128,305.66,471.84,74.33,202.77,0.57142,-1,-1,-1
1001,130,379.42,458.19,76.71,216.66,0.52581,-1,-1,-1
1001,146,1173.90,634.63,85.20,253.88,0.76344,-1,-1,-1
1001,149,1739.71,669.09,91.22,254.90,0.64030,-1,-1,-1
1001,160,502.76,266.70,63.30,186.23,0.48023,-1,-1,-1
1001,161,398.53,269.83,68.91,206.41,0.38737,-1,-1,-1
1001,164,1674.60,164.13,60.74,161.21,0.37926,-1,-1,-1
1001,166,309.27,280.42,58.95,186.02,0.32034,-1,-1,-1
1002,4,1720.02,458.26,76.39,210.02,0.55304,-1,-1,-1
1002,104,337.40,873.36,83.77,206.64,0.78967,-1,-1,-1
1002,117,905.58,946.80,66.77,133.20,0.74135,-1,-1,-1
1002,125,926.87,281.87,64.25,203.46,0.56445,-1,-1,-1
1002,124,841.47,293.86,63.93,202.41,0.54584,-1,-1,-1
1002,119,1574.51,586.60,104.86,237.59,0.66177,-1,-1,-1
1002,128,305.57,475.43,73.36,199.58,0.53435,-1,-1,-1
1002,130,380.24,458.49,76.94,216.28,0.55241,-1,-1,-1
1002,146,1174.12,632.71,85.59,255.64,0.76929,-1,-1,-1
1002,149,1739.85,670.69,90.06,253.61,0.65231,-1,-1,-1
1002,160,502.23,268.01,63.70,187.63,0.50433,-1,-1,-1
1002,164,1675.03,164.57,60.63,160.87,0.32301,-1,-1,-1
1002,166,308.19,280.72,59.85,187.83,0.30984,-1,-1,-1
1003,4,1719.64,459.30,75.92,209.45,0.55678,-1,-1,-1
1003,104,339.06,875.89,83.35,204.11,0.79216,-1,-1,-1
1003,117,905.91,947.44,66.65,132.56,0.74867,-1,-1,-1
1003,125,927.28,279.96,64.14,202.88,0.58027,-1,-1,-1
1003,124,841.56,293.42,63.78,202.91,0.55642,-1,-1,-1
1003,119,1574.91,587.67,104.61,236.45,0.67498,-1,-1,-1
1003,128,304.51,474.51,73.93,200.38,0.54079,-1,-1,-1
1003,130,380.05,459.33,76.99,215.84,0.58896,-1,-1,-1
1003,146,1173.15,629.87,86.35,258.69,0.77581,-1,-1,-1
1003,149,1741.38,672.66,89.25,252.52,0.66292,-1,-1,-1
1003,160,501.34,269.70,64.59,190.20,0.57582,-1,-1,-1
1003,164,1675.76,164.16,60.65,161.40,0.34120,-1,-1,-1
1003,166,308.37,281.52,60.20,187.77,0.38658,-1,-1,-1
1003,161,397.70,265.10,70.51,211.07,0.32930,-1,-1,-1
1004,4,1718.99,458.67,76.08,210.34,0.52573,-1,-1,-1
1004,104,341.11,878.05,83.12,201.95,0.79915,-1,-1,-1
1004,117,905.57,947.68,66.75,132.32,0.73509,-1,-1,-1
1004,125,926.84,279.93,63.89,202.32,0.60232,-1,-1,-1
1004,124,841.63,293.45,63.66,204.71,0.59309,-1,-1,-1
1004,119,1574.97,587.81,104.79,236.45,0.66825,-1,-1,-1
1004,128,303.10,474.17,73.92,199.70,0.44631,-1,-1,-1
1004,130,380.02,458.72,78.01,218.39,0.62789,-1,-1,-1
1004,146,1172.18,629.28,86.18,258.38,0.77521,-1,-1,-1
1004,149,1742.44,673.04,89.28,253.48,0.63683,-1,-1,-1
1004,160,501.27,271.79,64.66,190.59,0.57926,-1,-1,-1
1004,164,1677.27,164.35,60.52,161.84,0.31674,-1,-1,-1
1004,166,308.21,283.53,59.76,184.99,0.40819,-1,-1,-1
1004,167,590.45,551.98,92.05,240.43,0.44527,-1,-1,-1
1005,4,1718.72,458.19,76.23,211.64,0.54258,-1,-1,-1
1005,104,343.24,879.30,83.18,200.70,0.80040,-1,-1,-1
1005,117,905.31,947.84,66.91,132.16,0.73493,-1,-1,-1
1005,125,927.34,279.14,63.84,202.45,0.62303,-1,-1,-1
1005,124,841.80,293.30,63.16,205.03,0.61392,-1,-1,-1
1005,119,1575.23,587.75,105.07,236.81,0.64760,-1,-1,-1
1005,128,311.25,480.66,70.04,191.82,0.40118,-1,-1,-1
1005,130,379.82,459.48,78.99,221.21,0.59168,-1,-1,-1
1005,146,1170.70,627.99,86.49,259.65,0.77793,-1,-1,-1
1005,149,1743.45,673.68,89.19,253.62,0.63636,-1,-1,-1
1005,160,500.87,274.33,64.08,188.55,0.61236,-1,-1,-1
1005,164,1678.30,165.15,59.70,159.70,0.37219,-1,-1,-1
1005,166,307.61,285.48,60.00,184.44,0.46171,-1,-1,-1
1005,167,591.77,548.76,92.50,242.50,0.45845,-1,-1,-1
1006,4,1718.57,457.99,75.87,211.15,0.52574,-1,-1,-1
1006,104,345.20,881.11,83.13,198.89,0.80210,-1,-1,-1
1006,117,905.50,948.75,66.65,131.25,0.72805,-1,-1,-1
1006,125,928.04,278.73,63.54,202.12,0.59527,-1,-1,-1
1006,124,842.32,292.23,62.51,203.95,0.65636,-1,-1,-1
1006,119,1575.29,588.46,104.94,236.13,0.66796,-1,-1,-1
1006,128,315.25,483.01,67.77,188.17,0.40315,-1,-1,-1
1006,130,380.60,460.42,79.21,222.13,0.53946,-1,-1,-1
1006,146,1169.34,627.30,86.96,260.92,0.76590,-1,-1,-1
1006,149,1744.54,671.95,89.30,254.30,0.59528,-1,-1,-1
1006,160,501.46,276.70,63.52,187.30,0.56837,-1,-1,-1
1006,164,1679.89,165.77,59.27,158.41,0.36577,-1,-1,-1
1006,166,308.30,288.10,60.26,184.64,0.43407,-1,-1,-1
1006,167,591.55,547.39,92.78,244.30,0.47698,-1,-1,-1
1007,4,1718.87,458.27,75.81,210.94,0.54889,-1,-1,-1
1007,104,347.28,882.83,83.25,197.17,0.81428,-1,-1,-1
1007,117,905.48,948.87,66.69,131.13,0.72409,-1,-1,-1
1007,125,928.45,275.84,63.81,204.98,0.65685,-1,-1,-1
1007,124,842.92,291.13,61.81,202.37,0.69350,-1,-1,-1
1007,119,1575.64,589.54,104.43,234.85,0.66487,-1,-1,-1
1007,128,316.57,482.98,66.97,187.97,0.44722,-1,-1,-1
1007,130,383.17,464.77,80.05,224.73,0.56123,-1,-1,-1
1007,146,1168.14,627.41,86.72,259.58,0.76336,-1,-1,-1
1007,149,1745.48,670.95,89.98,256.66,0.62359,-1,-1,-1
1007,160,501.68,279.28,63.52,187.65,0.60023,-1,-1,-1
1007,164,1682.08,166.12,58.84,157.88,0.35783,-1,-1,-1
1007,166,307.86,290.70,60.78,185.53,0.48286,-1,-1,-1
1007,167,591.65,547.50,92.19,244.06,0.47740,-1,-1,-1
1008,4,1718.70,458.36,75.86,211.21,0.55040,-1,-1,-1
1008,104,348.92,883.95,83.68,196.05,0.80843,-1,-1,-1
1008,117,905.41,949.23,66.65,130.77,0.73527,-1,-1,-1
1008,125,928.61,274.08,63.81,207.17,0.66313,-1,-1,-1
1008,124,843.46,289.02,61.49,202.08,0.68465,-1,-1,-1
1008,119,1575.62,589.01,104.88,235.75,0.67231,-1,-1,-1
1008,128,316.78,483.79,66.78,188.78,0.49768,-1,-1,-1
1008,130,382.50,464.49,79.82,224.16,0.57468,-1,-1,-1
1008,146,1165.99,626.41,86.79,259.62,0.76018,-1,-1,-1
1008,149,1745.72,672.21,89.62,255.93,0.59583,-1,-1,-1
1008,160,500.75,280.78,63.91,188.91,0.56724,-1,-1,-1
1008,164,1683.97,166.22,58.39,157.45,0.36164,-1,-1,-1
1008,166,307.06,292.13,61.33,186.42,0.49141,-1,-1,-1
1008,167,591.47,547.76,91.72,244.30,0.52726,-1,-1,-1
1008,161,400.85,276.15,56.35,158.50,0.33393,-1,-1,-1
1009,4,1719.55,458.18,76.21,211.98,0.55688,-1,-1,-1
1009,104,350.98,886.15,84.06,193.85,0.81060,-1,-1,-1
1009,117,905.46,949.73,66.54,130.27,0.73884,-1,-1,-1
1009,125,928.41,276.09,63.01,205.23,0.61162,-1,-1,-1
1009,124,844.40,287.80,60.29,198.04,0.64204,-1,-1,-1
1009,119,1575.83,589.29,104.94,235.65,0.68764,-1,-1,-1
1009,128,316.80,484.42,66.64,189.42,0.49073,-1,-1,-1
1009,130,382.32,465.64,80.20,224.63,0.57161,-1,-1,-1
1009,146,1161.87,624.86,86.94,260.03,0.75980,-1,-1,-1
1009,149,1745.96,672.00,89.08,253.81,0.58460,-1,-1,-1
1009,160,500.35,280.56,64.16,190.51,0.56719,-1,-1,-1
1009,164,1685.29,167.16,58.30,158.26,0.34370,-1,-1,-1
1009,166,306.56,293.98,60.67,183.58,0.45395,-1,-1,-1
1009,167,590.15,547.74,91.42,244.63,0.56803,-1,-1,-1
1010,4,1719.69,457.86,76.54,212.26,0.53792,-1,-1,-1
1010,104,352.21,888.02,84.51,191.98,0.80982,-1,-1,-1
1010,117,905.34,949.75,66.74,130.25,0.73165,-1,-1,-1
1010,125,928.55,276.14,63.04,206.05,0.62853,-1,-1,-1
1010,124,844.50,285.65,60.19,197.63,0.63189,-1,-1,-1
1010,119,1575.93,589.13,104.83,235.21,0.67600,-1,-1,-1
1010,128,316.08,484.44,67.06,191.44,0.48393,-1,-1,-1
1010,130,381.74,466.98,80.91,226.27,0.51318,-1,-1,-1
1010,146,1159.47,623.27,86.93,259.17,0.75899,-1,-1,-1
1010,149,1745.85,671.28,88.90,251.63,0.54548,-1,-1,-1
1010,160,500.17,282.45,63.63,189.89,0.51719,-1,-1,-1
1010,164,1686.83,167.47,58.12,158.68,0.31316,-1,-1,-1
1010,166,306.05,294.60,60.42,182.53,0.40887,-1,-1,-1
1010,167,589.72,549.12,90.58,243.24,0.57565,-1,-1,-1
1011,4,1719.15,457.09,77.04,213.03,0.55212,-1,-1,-1
1011,104,354.04,890.35,84.77,189.65,0.80011,-1,-1,-1
1011,117,905.04,949.76,66.89,130.24,0.73644,-1,-1,-1
1011,125,928.49,276.06,62.84,205.49,0.61774,-1,-1,-1
1011,124,845.57,283.09,59.69,195.46,0.58178,-1,-1,-1
1011,119,1575.54,589.90,104.70,234.76,0.66653,-1,-1,-1
1011,128,315.02,484.95,67.77,194.49,0.43365,-1,-1,-1
1011,130,380.87,467.86,81.63,227.95,0.45500,-1,-1,-1
1011,146,1157.73,621.44,87.43,259.87,0.75025,-1,-1,-1
1011,149,1743.56,671.77,89.83,251.28,0.42960,-1,-1,-1
1011,160,499.73,282.88,63.47,190.60,0.45153,-1,-1,-1
1011,164,1687.74,168.85,57.80,158.51,0.33002,-1,-1,-1
1011,166,305.74,295.83,60.50,183.38,0.36458,-1,-1,-1
1011,167,589.60,548.97,90.34,243.47,0.55536,-1,-1,-1
1012,4,1718.91,456.52,77.27,213.17,0.54156,-1,-1,-1
1012,104,355.64,892.95,85.21,187.05,0.80935,-1,-1,-1
1012,117,904.91,949.59,67.22,130.41,0.73064,-1,-1,-1
1012,125,929.44,274.23,62.72,205.74,0.57239,-1,-1,-1
1012,124,845.34,281.46,59.40,194.37,0.59054,-1,-1,-1
1012,119,1574.88,588.84,105.25,235.85,0.65924,-1,-1,-1
1012,128,314.15,486.12,69.09,199.42,0.40810,-1,-1,-1
1012,130,380.32,469.43,81.46,227.59,0.43231,-1,-1,-1
1012,146,1155.61,618.91,87.93,260.76,0.75426,-1,-1,-1
1012,149,1741.50,674.59,90.80,251.11,0.41122,-1,-1,-1
1012,160,499.08,283.91,62.85,189.03,0.42230,-1,-1,-1
1012,164,1688.50,170.37,57.48,157.79,0.30134,-1,-1,-1
1012,166,305.02,296.69,60.32,183.57,0.31806,-1,-1,-1
1012,167,589.02,549.82,89.98,243.00,0.56323,-1,-1,-1
1013,4,1718.63,456.22,77.51,213.06,0.57095,-1,-1,-1
1013,104,357.22,895.64,85.62,184.36,0.80339,-1,-1,-1
1013,117,904.64,949.38,67.46,130.62,0.70702,-1,-1,-1
1013,125,929.48,272.30,62.74,206.25,0.58323,-1,-1,-1
1013,124,845.19,279.82,59.77,195.94,0.61082,-1,-1,-1
1013,119,1575.26,589.36,105.13,235.33,0.66430,-1,-1,-1
1013,128,312.49,487.18,70.39,204.63,0.39686,-1,-1,-1
1013,130,380.28,471.09,81.27,227.09,0.46381,-1,-1,-1
1013,146,1154.91,616.59,87.51,259.22,0.75015,-1,-1,-1
1013,149,1739.26,673.64,93.00,253.61,0.35087,-1,-1,-1
1013,160,497.61,284.33,62.65,188.41,0.42096,-1,-1,-1
1013,166,302.10,297.68,61.47,186.66,0.38340,-1,-1,-1
1013,167,588.59,550.39,89.81,242.86,0.61135,-1,-1,-1
1013,169,384.88,278.09,73.26,202.43,0.36154,-1,-1,-1
1014,4,1718.80,456.20,77.76,212.83,0.54919,-1,-1,-1
1014,104,358.01,897.67,86.33,182.33,0.80278,-1,-1,-1
1014,117,904.97,948.97,67.79,131.03,0.71221,-1,-1,-1
1014,125,929.75,270.86,61.27,201.35,0.53606,-1,-1,-1
1014,124,844.00,278.45,60.17,197.12,0.59948,-1,-1,-1
1014,119,1573.95,588.01,105.70,236.37,0.64947,-1,-1,-1
1014,128,303.58,488.74,72.44,206.93,0.44900,-1,-1,-1
1014,130,379.75,473.00,80.72,226.70,0.45306,-1,-1,-1
1014,146,1153.46,613.54,87.80,260.04,0.74374,-1,-1,-1
1014,149,1733.30,671.26,95.78,255.84,0.47438,-1,-1,-1
1014,160,496.47,285.24,62.77,188.04,0.44620,-1,-1,-1
1014,166,302.28,298.10,61.00,185.41,0.35173,-1,-1,-1
1014,167,587.73,550.87,89.64,242.78,0.59391,-1,-1,-1
1015,4,1718.91,455.92,78.15,212.83,0.54602,-1,-1,-1
1015,104,358.90,900.53,86.54,179.47,0.79343,-1,-1,-1
1015,117,904.65,949.18,67.85,130.82,0.70815,-1,-1,-1
1015,125,929.10,270.08,60.87,200.80,0.54785,-1,-1,-1
1015,124,842.76,275.34,61.52,201.48,0.59424,-1,-1,-1
1015,119,1574.21,588.81,105.69,235.97,0.66035,-1,-1,-1
1015,128,299.07,491.50,73.58,207.45,0.48448,-1,-1,-1
1015,130,380.15,474.06,80.64,226.50,0.50798,-1,-1,-1
1015,146,1153.15,611.34,86.29,256.37,0.75747,-1,-1,-1
1015,149,1729.84,670.95,98.32,257.40,0.40767,-1,-1,-1
1015,160,496.51,286.22,62.75,188.05,0.44774,-1,-1,-1
1015,166,300.83,299.59,61.11,185.04,0.30081,-1,-1,-1
1015,167,587.29,551.57,89.02,241.78,0.55674,-1,-1,-1
1016,4,1718.76,456.04,78.32,212.25,0.51799,-1,-1,-1
1016,104,359.90,903.42,86.76,176.45,0.80843,-1,-1,-1
1016,117,904.19,948.81,68.04,131.19,0.72215,-1,-1,-1
1016,125,929.01,268.82,59.99,198.45,0.54645,-1,-1,-1
1016,124,843.03,275.82,61.10,199.72,0.58483,-1,-1,-1
1016,119,1573.80,588.12,106.11,236.77,0.65351,-1,-1,-1
1016,128,297.21,494.90,73.90,206.22,0.49587,-1,-1,-1
1016,130,379.14,476.88,80.04,225.22,0.51862,-1,-1,-1
1016,146,1152.94,607.87,84.46,251.19,0.77333,-1,-1,-1
1016,149,1726.40,669.07,100.99,259.53,0.38971,-1,-1,-1
1016,160,495.95,286.50,62.78,188.14,0.45026,-1,-1,-1
1016,166,298.99,299.61,62.46,188.41,0.36012,-1,-1,-1
1016,167,586.25,551.19,89.03,242.40,0.55749,-1,-1,-1
1016,164,1693.62,176.57,56.47,156.22,0.32582,-1,-1,-1
1017,4,1718.54,456.53,78.79,212.74,0.47165,-1,-1,-1
1017,104,361.08,907.10,86.38,172.22,0.81476,-1,-1,-1
1017,117,904.00,948.73,68.09,131.27,0.70811,-1,-1,-1
1017,125,929.10,266.32,59.60,197.31,0.52797,-1,-1,-1
1017,124,843.79,275.96,61.17,199.81,0.59283,-1,-1,-1
1017,119,1573.51,588.23,106.13,236.98,0.66872,-1,-1,-1
1017,128,296.05,502.16,73.26,201.63,0.46885,-1,-1,-1
1017,130,378.67,478.91,79.38,223.66,0.47482,-1,-1,-1
1017,146,1152.31,604.26,83.16,247.22,0.76496,-1,-1,-1
1017,149,1726.37,673.72,100.19,255.22,0.43523,-1,-1,-1
1017,160,494.91,287.21,63.10,188.60,0.47126,-1,-1,-1
1017,166,297.97,299.45,63.35,190.27,0.35386,-1,-1,-1
1017,167,585.61,551.65,87.87,240.26,0.58369,-1,-1,-1
1017,164,1694.31,177.87,57.24,158.83,0.31352,-1,-1,-1
1018,4,1718.61,457.32,78.60,210.75,0.46762,-1,-1,-1
1018,104,362.32,910.92,86.10,168.00,0.80286,-1,-1,-1
1018,117,904.00,948.60,68.10,131.40,0.71674,-1,-1,-1
1018,125,929.74,262.97,60.18,199.18,0.52106,-1,-1,-1
1018,124,843.69,275.72,61.51,200.74,0.58600,-1,-1,-1
1018,119,1573.51,590.22,105.21,234.98,0.64615,-1,-1,-1
1018,128,294.74,506.39,73.72,199.95,0.49767,-1,-1,-1
1018,130,378.94,480.07,78.24,220.84,0.53773,-1,-1,-1
1018,146,1151.66,601.16,82.81,246.92,0.74835,-1,-1,-1
1018,149,1725.37,678.39,98.18,248.87,0.44704,-1,-1,-1
1018,160,494.05,288.36,63.68,190.19,0.48350,-1,-1,-1
1018,166,297.42,299.57,63.46,190.12,0.35889,-1,-1,-1
1018,167,585.03,551.67,87.26,239.52,0.53415,-1,-1,-1
1018,164,1697.34,178.18,57.05,159.33,0.33834,-1,-1,-1
1019,4,1718.48,457.41,78.79,209.98,0.48695,-1,-1,-1
1019,104,362.80,914.30,85.98,164.23,0.80149,-1,-1,-1
1019,117,903.21,948.35,68.18,131.65,0.71660,-1,-1,-1
1019,125,928.96,260.72,60.95,200.14,0.57718,-1,-1,-1
1019,124,843.22,273.60,62.02,202.60,0.58049,-1,-1,-1
1019,119,1573.20,590.45,105.18,235.20,0.66350,-1,-1,-1
1019,128,293.34,508.55,74.35,199.09,0.53611,-1,-1,-1
1019,130,379.47,481.93,77.04,217.44,0.55300,-1,-1,-1
1019,146,1151.38,598.80,82.66,247.02,0.73609,-1,-1,-1
1019,149,1722.67,677.60,97.68,247.55,0.46171,-1,-1,-1
1019,160,493.31,289.01,64.84,193.67,0.46406,-1,-1,-1
1019,166,295.61,299.41,63.79,190.84,0.38327,-1,-1,-1
1019,167,584.95,551.12,87.45,241.10,0.48672,-1,-1,-1
1019,164,1699.40,177.58,57.13,160.60,0.37004,-1,-1,-1
1020,4,1719.46,455.61,77.83,206.34,0.48711,-1,-1,-1
1020,104,363.22,917.14,86.33,161.60,0.80490,-1,-1,-1
1020,117,903.07,947.68,68.41,132.27,0.70946,-1,-1,-1
1020,125,927.70,259.78,61.25,199.15,0.53356,-1,-1,-1
1020,124,843.71,274.69,61.51,200.62,0.59351,-1,-1,-1
1020,119,1573.75,589.78,105.36,236.09,0.64354,-1,-1,-1
1020,128,291.78,509.20,74.86,198.06,0.43084,-1,-1,-1
1020,130,379.89,483.07,76.47,215.46,0.54385,-1,-1,-1
1020,146,1150.22,596.24,83.27,248.89,0.72707,-1,-1,-1
1020,149,1719.74,674.00,98.67,250.90,0.46529,-1,-1,-1
1020,160,493.77,291.39,64.68,193.06,0.46910,-1,-1,-1
1020,166,294.68,299.08,63.89,190.93,0.40013,-1,-1,-1
1020,167,584.20,551.41,87.05,240.49,0.53273,-1,-1,-1
1020,164,1701.01,177.68,56.92,161.33,0.43618,-1,-1,-1
1021,4,1720.32,454.90,77.26,203.71,0.50345,-1,-1,-1
1021,104,363.56,918.75,86.92,159.98,0.80752,-1,-1,-1
1021,117,902.29,946.30,69.08,133.68,0.70170,-1,-1,-1
1021,125,928.35,258.26,61.10,196.98,0.53829,-1,-1,-1
1021,124,843.87,274.35,61.42,200.12,0.60599,-1,-1,-1
1021,119,1573.82,589.58,105.52,237.01,0.65291,-1,-1,-1
1021,128,289.96,508.16,76.37,198.76,0.53188,-1,-1,-1
1021,130,379.67,484.61,76.70,215.44,0.55725,-1,-1,-1
1021,146,1148.34,593.74,83.81,250.52,0.72170,-1,-1,-1
1021,149,1715.06,672.99,97.95,250.57,0.54064,-1,-1,-1
1021,160,493.43,293.98,64.25,190.93,0.49204,-1,-1,-1
1021,166,293.36,299.65,64.66,192.76,0.43317,-1,-1,-1
1021,167,583.62,550.82,86.95,240.39,0.51730,-1,-1,-1
1021,164,1702.33,178.28,56.73,161.56,0.43186,-1,-1,-1
1022,4,1720.84,454.69,76.28,199.79,0.51264,-1,-1,-1
1022,104,364.31,920.53,87.23,158.30,0.81636,-1,-1,-1
1022,117,902.15,946.36,68.84,133.47,0.71229,-1,-1,-1
1022,125,928.00,257.93,61.64,196.99,0.57245,-1,-1,-1
1022,124,843.90,273.34,61.26,199.40,0.60948,-1,-1,-1
1022,119,1574.52,589.30,105.27,237.39,0.64965,-1,-1,-1
1022,128,298.60,509.29,74.31,196.24,0.41754,-1,-1,-1
1022,130,378.62,485.59,79.24,222.54,0.56893,-1,-1,-1
1022,146,1147.79,592.70,84.38,251.89,0.73016,-1,-1,-1
1022,149,1712.87,672.25,96.66,248.41,0.59918,-1,-1,-1
1022,160,493.46,296.05,63.92,189.16,0.49474,-1,-1,-1
1022,166,292.51,299.79,64.94,193.51,0.44406,-1,-1,-1
1022,167,582.85,550.12,86.87,240.67,0.52960,-1,-1,-1
1022,164,1702.85,178.37,57.19,162.83,0.43901,-1,-1,-1
1022,169,377.24,296.21,70.84,195.12,0.34717,-1,-1,-1
1023,4,1721.77,454.88,75.18,195.18,0.53041,-1,-1,-1
1023,104,364.65,922.67,87.25,156.09,0.80954,-1,-1,-1
1023,117,901.88,945.94,68.78,133.76,0.71079,-1,-1,-1
1023,125,928.00,257.17,62.37,198.60,0.53749,-1,-1,-1
1023,124,844.09,273.19,60.44,196.14,0.59670,-1,-1,-1
1023,119,1573.92,588.18,105.63,238.69,0.59521,-1,-1,-1
1023,128,293.13,506.30,76.32,199.69,0.44457,-1,-1,-1
1023,130,378.02,486.11,80.88,227.42,0.56286,-1,-1,-1
1023,146,1147.28,590.85,85.03,254.02,0.71267,-1,-1,-1
1023,149,1711.49,673.84,95.60,246.34,0.64084,-1,-1,-1
1023,160,492.68,297.76,64.76,191.02,0.50144,-1,-1,-1
1023,166,291.24,300.59,64.85,192.57,0.47017,-1,-1,-1
1023,167,582.22,550.04,86.35,239.90,0.46992,-1,-1,-1
1023,164,1702.76,178.77,57.97,164.94,0.42389,-1,-1,-1
1023,169,375.80,297.85,71.11,196.21,0.34586,-1,-1,-1
1024,4,1721.87,454.65,74.49,191.95,0.56420,-1,-1,-1
1024,104,365.11,924.87,87.37,154.11,0.80896,-1,-1,-1
1024,117,902.32,946.21,68.56,133.66,0.72277,-1,-1,-1
1024,125,927.97,256.84,63.18,201.14,0.58903,-1,-1,-1
1024,124,844.03,271.93,59.94,193.66,0.62171,-1,-1,-1
1024,119,1573.74,587.74,105.57,239.10,0.60019,-1,-1,-1
1024,128,290.55,505.83,77.15,200.07,0.46596,-1,-1,-1
1024,130,377.92,487.43,81.27,228.80,0.55543,-1,-1,-1
1024,146,1146.46,589.34,85.34,254.59,0.68979,-1,-1,-1
1024,149,1710.35,675.21,94.69,244.64,0.59336,-1,-1,-1
1024,160,492.08,298.78,65.67,193.66,0.53408,-1,-1,-1
1024,166,290.02,301.85,64.94,192.32,0.48196,-1,-1,-1
1024,167,582.28,549.73,85.83,239.84,0.48880,-1,-1,-1
1024,164,1702.72,179.99,58.66,166.41,0.35512,-1,-1,-1
1025,4,1721.71,454.40,75.01,191.79,0.54320,-1,-1,-1
1025,104,365.59,926.49,87.77,152.92,0.81122,-1,-1,-1
1025,117,901.88,946.04,68.34,133.75,0.71405,-1,-1,-1
1025,125,928.78,256.92,63.50,203.30,0.58041,-1,-1,-1
1025,124,843.56,269.01,60.51,195.16,0.66546,-1,-1,-1
1025,119,1573.29,587.52,105.42,239.47,0.57148,-1,-1,-1
1025,128,289.33,506.59,77.28,199.02,0.47884,-1,-1,-1
1025,130,376.68,488.44,81.84,231.47,0.51653,-1,-1,-1
1025,146,1145.36,588.17,85.63,254.39,0.68832,-1,-1,-1
1025,149,1708.71,677.26,93.40,242.73,0.60337,-1,-1,-1
1025,160,492.29,300.21,66.01,194.67,0.50577,-1,-1,-1
1025,166,288.91,302.86,65.41,193.30,0.48117,-1,-1,-1
1025,167,581.23,547.53,85.78,241.85,0.46280,-1,-1,-1
1025,164,1701.10,181.52,60.51,171.24,0.36189,-1,-1,-1
1026,4,1721.65,454.19,75.08,190.49,0.56624,-1,-1,-1
1026,104,366.61,928.25,87.63,150.96,0.80782,-1,-1,-1
1026,117,901.34,945.80,68.29,134.01,0.71785,-1,-1,-1
1026,125,930.12,256.51,63.23,203.80,0.59983,-1,-1,-1
1026,124,844.40,267.33,59.61,191.53,0.63408,-1,-1,-1
1026,119,1574.26,588.52,104.73,238.64,0.61863,-1,-1,-1
1026,128,289.50,505.17,77.74,199.70,0.48424,-1,-1,-1
1026,130,375.80,491.01,81.61,232.18,0.53765,-1,-1,-1
1026,146,1144.53,587.85,84.95,251.52,0.69149,-1,-1,-1
1026,149,1707.19,681.57,91.51,239.67,0.62379,-1,-1,-1
1026,160,492.69,300.71,66.34,195.52,0.59928,-1,-1,-1
1026,166,288.81,304.18,65.75,194.07,0.45937,-1,-1,-1
1026,167,581.06,546.78,84.99,242.08,0.43353,-1,-1,-1
1026,164,1700.17,183.91,62.08,174.71,0.37472,-1,-1,-1
1026,169,371.94,300.55,69.76,192.34,0.43505,-1,-1,-1
1027,4,1721.91,454.54,75.41,189.71,0.53756,-1,-1,-1
1027,104,368.46,930.08,87.40,148.82,0.81226,-1,-1,-1
1027,117,900.93,945.77,67.84,133.84,0.71822,-1,-1,-1
1027,125,931.18,256.21,63.04,205.01,0.57898,-1,-1,-1
1027,124,845.30,265.54,58.88,189.01,0.63307,-1,-1,-1
1027,119,1574.44,589.14,104.40,238.18,0.67240,-1,-1,-1
1027,128,290.46,505.48,77.51,199.50,0.56158,-1,-1,-1
1027,130,373.98,493.53,81.01,232.59,0.56586,-1,-1,-1
1027,146,1142.98,587.71,85.24,252.13,0.72527,-1,-1,-1
1027,149,1702.91,675.79,91.61,242.12,0.57350,-1,-1,-1
1027,160,493.21,302.16,66.03,194.53,0.60464,-1,-1,-1
1027,166,289.35,306.20,65.54,193.45,0.44441,-1,-1,-1
1027,167,579.75,546.78,83.90,242.45,0.44000,-1,-1,-1
1027,164,1700.17,187.02,62.72,175.21,0.34288,-1,-1,-1
1027,169,370.51,302.08,70.02,192.98,0.52054,-1,-1,-1
1028,4,1719.81,456.64,78.68,197.38,0.57539,-1,-1,-1
1028,104,369.58,931.98,87.30,147.10,0.82040,-1,-1,-1
1028,117,900.70,945.66,67.66,134.20,0.71318,-1,-1,-1
1028,125,933.57,255.92,61.39,200.55,0.58553,-1,-1,-1
1028,124,846.19,263.14,58.69,188.26,0.60169,-1,-1,-1
1028,119,1574.14,589.23,104.21,238.19,0.67385,-1,-1,-1
1028,128,292.65,508.60,76.18,197.47,0.56452,-1,-1,-1
1028,130,373.69,496.41,80.21,231.19,0.59855,-1,-1,-1
1028,146,1141.79,586.70,84.54,249.90,0.72295,-1,-1,-1
1028,149,1699.77,664.12,93.69,251.23,0.52060,-1,-1,-1
1028,160,494.42,303.56,65.32,192.99,0.51280,-1,-1,-1
1028,166,288.88,308.11,65.19,192.91,0.44240,-1,-1,-1
1028,167,579.57,546.39,82.79,242.98,0.47685,-1,-1,-1
1028,164,1700.52,190.37,62.42,173.13,0.35047,-1,-1,-1
1028,169,370.30,305.51,69.60,191.44,0.53296,-1,-1,-1
1029,4,1719.56,458.33,79.99,199.81,0.58292,-1,-1,-1
1029,104,371.25,933.17,87.21,145.57,0.81270,-1,-1,-1
1029,117,900.01,945.41,67.42,134.54,0.69925,-1,-1,-1
1029,125,934.75,255.37,61.37,201.49,0.62219,-1,-1,-1
1029,124,847.03,261.72,58.87,189.08,0.59684,-1,-1,-1
1029,119,1573.90,589.54,104.01,237.93,0.68886,-1,-1,-1
1029,128,292.73,511.55,75.59,197.27,0.59825,-1,-1,-1
1029,130,373.78,499.24,79.34,229.12,0.61665,-1,-1,-1
1029,146,1140.35,585.84,84.04,249.18,0.73958,-1,-1,-1
1029,149,1695.58,647.50,97.60,266.39,0.40421,-1,-1,-1
1029,160,494.09,304.59,64.94,191.84,0.53349,-1,-1,-1
1029,166,288.92,310.53,64.86,192.73,0.36683,-1,-1,-1
1029,167,578.69,545.63,81.48,244.19,0.50031,-1,-1,-1
1029,164,1701.28,192.72,62.01,170.66,0.35574,-1,-1,-1
1029,169,369.54,307.30,69.76,192.48,0.50657,-1,-1,-1
1030,4,1718.96,458.17,80.73,201.19,0.57887,-1,-1,-1
1030,104,372.49,935.63,86.59,142.93,0.80028,-1,-1,-1
1030,117,899.20,945.08,67.07,134.90,0.71717,-1,-1,-1
1030,125,935.64,254.42,60.94,200.66,0.56289,-1,-1,-1
1030,124,847.13,260.76,59.29,191.35,0.58676,-1,-1,-1
1030,119,1573.07,588.74,104.25,239.13,0.64562,-1,-1,-1
1030,128,292.30,512.23,76.33,200.76,0.64988,-1,-1,-1
1030,130,371.41,500.82,78.21,227.71,0.61211,-1,-1,-1
1030,146,1138.78,584.14,83.59,249.27,0.77551,-1,-1,-1
1030,149,1694.13,641.09,98.03,271.81,0.45415,-1,-1,-1
1030,160,493.54,303.76,65.26,192.82,0.53388,-1,-1,-1
1030,166,290.30,311.92,63.98,190.54,0.40575,-1,-1,-1
1030,167,578.73,544.78,80.34,245.30,0.47147,-1,-1,-1
1030,164,1702.50,195.60,60.53,165.02,0.31740,-1,-1,-1
1030,169,368.23,308.57,70.07,193.69,0.56559,-1,-1,-1
1031,4,1718.34,458.50,81.91,204.02,0.60156,-1,-1,-1
1031,104,374.33,937.42,86.09,140.94,0.79507,-1,-1,-1
1031,117,898.02,944.64,66.77,135.36,0.72125,-1,-1,-1
1031,125,937.07,251.69,59.99,198.27,0.56902,-1,-1,-1
1031,124,847.26,259.36,59.58,193.16,0.56951,-1,-1,-1
1031,119,1572.94,589.99,103.66,237.75,0.65664,-1,-1,-1
1031,128,291.00,513.69,78.18,207.94,0.68029,-1,-1,-1
1031,130,372.48,501.12,78.62,228.79,0.63730,-1,-1,-1
1031,146,1137.73,579.66,82.88,248.58,0.77853,-1,-1,-1
1031,149,1686.30,637.82,99.59,276.57,0.53040,-1,-1,-1
1031,160,493.41,303.10,64.70,190.86,0.57133,-1,-1,-1
1031,166,291.66,314.03,63.84,190.50,0.40006,-1,-1,-1
1031,167,578.19,544.34,79.11,246.39,0.47366,-1,-1,-1
1031,164,1702.93,197.95,60.49,163.90,0.33756,-1,-1,-1
1031,169,367.34,309.89,70.03,193.66,0.56576,-1,-1,-1
1032,4,1717.91,458.61,82.91,206.64,0.59727,-1,-1,-1
1032,104,376.04,940.55,84.87,137.80,0.77072,-1,-1,-1
1032,117,897.11,944.17,66.42,135.83,0.70047,-1,-1,-1
1032,125,938.38,249.30,58.92,195.36,0.61928,-1,-1,-1
1032,124,847.63,256.80,59.67,194.00,0.57996,-1,-1,-1
1032,119,1572.73,590.22,103.41,237.64,0.63999,-1,-1,-1
1032,128,290.82,515.73,78.73,211.64,0.68699,-1,-1,-1
1032,130,372.90,501.39,78.79,229.62,0.66235,-1,-1,-1
1032,146,1137.13,575.86,81.72,246.45,0.76999,-1,-1,-1
1032,149,1681.04,638.85,99.70,277.13,0.48792,-1,-1,-1
1032,160,493.66,304.50,63.85,188.43,0.48736,-1,-1,-1
1032,166,292.90,315.96,63.86,190.22,0.41004,-1,-1,-1
1032,167,578.16,543.74,77.70,247.08,0.47211,-1,-1,-1
1032,164,1702.80,200.10,60.86,164.37,0.37299,-1,-1,-1
1032,169,366.48,310.98,69.94,193.42,0.50616,-1,-1,-1
1033,4,1717.88,458.51,82.98,207.05,0.58835,-1,-1,-1
1033,104,377.49,943.55,83.63,134.27,0.76089,-1,-1,-1
1033,117,896.11,943.98,65.88,136.02,0.69570,-1,-1,-1
1033,125,939.73,247.47,58.67,194.63,0.63424,-1,-1,-1
1033,124,847.67,255.60,59.85,194.91,0.55286,-1,-1,-1
1033,119,1572.85,591.28,102.72,236.95,0.62511,-1,-1,-1
1033,128,290.67,517.74,78.60,213.35,0.66818,-1,-1,-1
1033,130,372.56,502.02,78.54,229.13,0.64435,-1,-1,-1
1033,146,1137.06,572.71,80.30,243.29,0.77038,-1,-1,-1
1033,149,1676.88,637.65,100.57,279.39,0.53922,-1,-1,-1
1033,160,492.84,305.96,64.25,189.52,0.46570,-1,-1,-1
1033,166,293.52,317.49,64.07,190.48,0.35467,-1,-1,-1
1033,167,578.86,542.50,74.54,241.10,0.43117,-1,-1,-1
1033,169,365.72,311.86,69.78,192.82,0.53228,-1,-1,-1
1034,4,1717.42,458.04,82.84,206.73,0.58602,-1,-1,-1
1034,104,379.26,946.96,82.53,131.46,0.75459,-1,-1,-1
1034,117,895.14,943.73,65.52,136.27,0.70884,-1,-1,-1
1034,125,939.92,244.99,58.67,194.98,0.60280,-1,-1,-1
1034,124,847.98,255.49,59.75,194.49,0.55864,-1,-1,-1
1034,119,1573.51,593.98,101.30,233.59,0.58935,-1,-1,-1
1034,128,291.20,520.37,78.12,213.38,0.67056,-1,-1,-1
1034,130,371.28,503.33,77.68,227.72,0.62482,-1,-1,-1
1034,146,1137.19,569.44,79.54,242.58,0.76891,-1,-1,-1
1034,149,1674.51,636.84,100.89,280.45,0.53901,-1,-1,-1
1034,160,490.87,307.69,65.04,191.58,0.48682,-1,-1,-1
1034,166,294.75,319.11,64.10,190.02,0.38310,-1,-1,-1
1034,167,577.63,541.63,74.45,246.21,0.45067,-1,-1,-1
1034,169,365.11,312.66,69.94,193.46,0.57470,-1,-1,-1
1035,4,1717.72,458.43,81.86,204.59,0.59535,-1,-1,-1
1035,104,381.18,950.38,81.65,128.80,0.74388,-1,-1,-1
1035,117,894.14,943.09,65.23,136.91,0.70500,-1,-1,-1
1035,125,939.88,243.03,59.12,196.65,0.64545,-1,-1,-1
1035,124,848.22,254.85,59.66,194.44,0.56584,-1,-1,-1
1035,119,1572.86,594.25,101.01,233.04,0.60636,-1,-1,-1
1035,128,291.61,523.00,78.04,212.46,0.64234,-1,-1,-1
1035,130,371.55,504.33,76.98,225.42,0.62054,-1,-1,-1
1035,146,1136.75,567.75,78.92,241.67,0.76081,-1,-1,-1
1035,149,1672.24,635.05,100.20,280.82,0.60253,-1,-1,-1
1035,160,489.82,310.71,65.59,192.63,0.45380,-1,-1,-1
1035,166,295.29,320.63,63.83,188.62,0.42620,-1,-1,-1
1035,167,577.71,540.71,73.75,248.95,0.40847,-1,-1,-1
1035,169,364.81,312.94,70.21,194.70,0.55522,-1,-1,-1
1036,4,1718.21,459.95,81.20,203.08,0.58427,-1,-1,-1
1036,104,383.78,953.53,80.88,126.23,0.73175,-1,-1,-1
1036,117,892.97,941.89,65.20,138.11,0.71969,-1,-1,-1
1036,125,939.58,241.18,59.13,197.20,0.65926,-1,-1,-1
1036,124,848.66,254.11,59.67,195.18,0.57637,-1,-1,-1
1036,119,1572.88,595.10,100.59,232.35,0.60518,-1,-1,-1
1036,128,292.13,525.41,77.44,210.50,0.58321,-1,-1,-1
1036,130,371.49,504.67,76.79,224.62,0.63115,-1,-1,-1
1036,146,1135.59,565.84,79.47,244.93,0.73628,-1,-1,-1
1036,149,1670.60,633.37,99.46,281.87,0.63125,-1,-1,-1
1036,160,489.58,310.03,66.53,194.89,0.44819,-1,-1,-1
1036,166,294.98,320.77,64.80,190.67,0.40737,-1,-1,-1
1036,167,578.29,541.18,72.54,249.33,0.40986,-1,-1,-1
1036,169,365.28,314.40,67.86,187.39,0.38222,-1,-1,-1
1037,4,1718.18,460.14,81.01,202.92,0.63061,-1,-1,-1
1037,104,386.93,956.30,80.08,123.66,0.75712,-1,-1,-1
1037,117,892.14,940.78,64.95,139.22,0.72971,-1,-1,-1
1037,125,939.72,240.44,59.15,197.74,0.68713,-1,-1,-1
1037,124,848.94,252.83,59.79,195.98,0.57380,-1,-1,-1
1037,119,1572.42,595.39,100.20,231.82,0.63025,-1,-1,-1
1037,128,290.62,527.61,77.27,208.38,0.55209,-1,-1,-1
1037,130,372.02,505.43,76.59,223.07,0.66945,-1,-1,-1
1037,146,1134.51,563.85,79.88,247.68,0.75013,-1,-1,-1
1037,149,1669.18,631.26,98.22,281.46,0.61898,-1,-1,-1
1037,160,490.04,310.90,67.17,195.65,0.44975,-1,-1,-1
1037,166,294.70,321.49,64.65,189.11,0.41848,-1,-1,-1
1037,167,579.07,540.12,71.52,251.15,0.44728,-1,-1,-1
1037,169,368.02,318.21,61.92,166.54,0.30624,-1,-1,-1
1037,174,1274.92,179.94,59.83,142.64,0.33056,-1,-1,-1
1037,164,1707.73,203.64,59.95,161.46,0.40354,-1,-1,-1
1038,4,1718.36,460.45,80.55,202.05,0.63060,-1,-1,-1
1038,104,389.86,958.80,79.66,121.20,0.78109,-1,-1,-1
1038,117,890.52,939.21,64.90,140.79,0.72299,-1,-1,-1
1038,125,939.53,239.66,59.19,198.59,0.68379,-1,-1,-1
1038,124,849.32,251.84,59.91,196.49,0.56398,-1,-1,-1
1038,119,1572.37,595.35,99.95,231.78,0.63148,-1,-1,-1
1038,128,293.40,530.67,75.36,205.20,0.49059,-1,-1,-1
1038,130,371.95,505.78,76.78,223.05,0.66560,-1,-1,-1
1038,146,1133.37,562.75,80.90,251.58,0.75350,-1,-1,-1
1038,149,1667.31,630.54,97.60,280.85,0.62178,-1,-1,-1
1038,160,489.97,313.00,67.57,195.99,0.44312,-1,-1,-1
1038,166,294.43,322.07,64.14,188.04,0.37798,-1,-1,-1
1038,167,579.97,539.55,70.36,251.78,0.45762,-1,-1,-1
1038,169,368.71,319.59,61.05,160.01,0.31168,-1,-1,-1
1038,164,1709.06,204.38,60.03,162.09,0.32500,-1,-1,-1
1039,4,1718.06,460.23,80.86,203.32,0.63551,-1,-1,-1
1039,104,392.53,959.90,79.72,120.10,0.74625,-1,-1,-1
1039,117,889.98,939.16,64.34,140.84,0.72826,-1,-1,-1
1039,125,939.29,238.68,59.13,199.20,0.65896,-1,-1,-1
1039,124,849.89,251.23,59.65,195.82,0.53789,-1,-1,-1
1039,119,1571.99,594.29,100.11,232.61,0.60425,-1,-1,-1
1039,128,295.17,532.42,73.43,203.14,0.53664,-1,-1,-1
1039,130,371.30,506.41,76.82,223.05,0.65752,-1,-1,-1
1039,146,1130.93,561.98,81.59,253.46,0.76559,-1,-1,-1
1039,149,1663.72,630.93,97.20,279.84,0.62597,-1,-1,-1
1039,160,488.51,314.48,67.91,197.04,0.44200,-1,-1,-1
1039,166,294.08,322.29,64.22,188.26,0.39289,-1,-1,-1
1039,167,580.71,539.16,69.23,252.44,0.45503,-1,-1,-1
1039,169,368.26,319.50,61.56,157.01,0.34042,-1,-1,-1
1039,164,1710.80,205.90,59.67,161.76,0.33276,-1,-1,-1
1040,4,1717.95,459.94,81.02,204.43,0.65426,-1,-1,-1
1040,104,395.53,961.63,79.43,118.37,0.72457,-1,-1,-1
1040,117,889.02,938.62,64.09,141.38,0.72878,-1,-1,-1
1040,125,939.00,238.07,59.03,199.34,0.62559,-1,-1,-1
1040,124,851.05,249.30,59.14,193.86,0.53345,-1,-1,-1
1040,119,1572.23,595.33,99.47,231.24,0.60233,-1,-1,-1
1040,128,295.98,535.26,71.33,200.62,0.45559,-1,-1,-1
1040,130,371.67,507.85,77.54,224.69,0.68605,-1,-1,-1
1040,146,1127.90,561.73,81.96,254.42,0.77635,-1,-1,-1
1040,149,1660.65,632.14,97.21,280.12,0.62869,-1,-1,-1
1040,160,487.57,318.48,67.35,195.69,0.44913,-1,-1,-1
1040,166,294.68,323.52,64.95,188.04,0.38382,-1,-1,-1
1040,167,581.60,538.67,67.96,252.39,0.49552,-1,-1,-1
1040,169,367.79,320.56,62.36,155.00,0.31748,-1,-1,-1
1040,164,1712.60,207.00,58.54,158.89,0.37080,-1,-1,-1
1041,4,1718.01,459.64,81.18,205.43,0.65791,-1,-1,-1
1041,104,399.53,963.80,79.09,116.20,0.74769,-1,-1,-1
1041,117,886.77,938.32,63.58,141.68,0.71284,-1,-1,-1
1041,125,939.05,237.34,59.11,200.09,0.64974,-1,-1,-1
1041,124,851.63,247.42,58.78,191.51,0.54084,-1,-1,-1
1041,119,1572.50,594.28,99.66,231.75,0.60391,-1,-1,-1
1041,128,296.92,535.57,69.79,199.60,0.44827,-1,-1,-1
1041,130,371.65,509.93,78.16,226.41,0.65198,-1,-1,-1
1041,146,1126.90,560.65,81.95,253.56,0.79331,-1,-1,-1
1041,149,1659.05,634.35,96.00,277.55,0.54639,-1,-1,-1
1041,160,486.68,322.39,66.37,192.89,0.46008,-1,-1,-1
1041,166,295.51,324.59,65.29,186.44,0.41032,-1,-1,-1
1041,167,582.42,538.63,67.14,253.65,0.49934,-1,-1,-1
1041,164,1714.10,208.82,57.47,155.53,0.35549,-1,-1,-1
1042,4,1717.87,460.20,80.85,205.51,0.61963,-1,-1,-1
1042,104,402.95,965.00,79.65,114.98,0.75336,-1,-1,-1
1042,117,885.03,937.78,63.24,142.22,0.72621,-1,-1,-1
1042,125,939.55,237.26,58.95,200.03,0.63574,-1,-1,-1
1042,124,852.69,244.93,58.49,188.87,0.51376,-1,-1,-1
1042,119,1572.55,592.89,99.89,232.30,0.58407,-1,-1,-1
1042,128,296.66,536.59,67.81,196.57,0.38479,-1,-1,-1
1042,130,371.55,510.52,79.19,229.40,0.66360,-1,-1,-1
1042,146,1126.18,559.56,81.41,251.13,0.78398,-1,-1,-1
1042,149,1657.66,636.45,94.86,274.60,0.54798,-1,-1,-1
1042,160,486.43,324.98,65.47,190.69,0.43356,-1,-1,-1
1042,166,295.09,325.51,66.28,187.17,0.38743,-1,-1,-1
1042,167,583.22,538.69,65.97,252.81,0.49165,-1,-1,-1
1043,4,1717.89,459.14,81.11,207.18,0.60467,-1,-1,-1
1043,104,404.78,966.32,80.36,113.68,0.75608,-1,-1,-1
1043,117,883.83,937.49,62.95,142.51,0.71794,-1,-1,-1
1043,125,939.99,236.99,58.59,199.62,0.63153,-1,-1,-1
1043,124,852.71,242.22,59.26,189.75,0.50411,-1,-1,-1
1043,119,1572.46,592.97,99.96,231.95,0.54147,-1,-1,-1
1043,128,297.26,536.49,66.92,196.43,0.38428,-1,-1,-1
1043,130,371.61,511.46,79.91,231.44,0.67715,-1,-1,-1
1043,146,1124.94,558.80,80.94,248.69,0.78163,-1,-1,-1
1043,149,1658.06,639.22,93.73,272.68,0.46111,-1,-1,-1
1043,160,484.71,325.31,65.32,190.20,0.43683,-1,-1,-1
1043,166,293.56,326.06,68.33,192.35,0.36372,-1,-1,-1
1043,167,583.78,538.27,65.01,252.89,0.50363,-1,-1,-1
1043,169,364.98,323.64,63.18,153.27,0.31467,-1,-1,-1
1044,4,1717.67,459.14,80.86,207.57,0.60352,-1,-1,-1
1044,104,406.74,968.20,80.79,111.80,0.74570,-1,-1,-1
1044,117,882.45,937.37,62.63,142.63,0.70117,-1,-1,-1
1044,125,940.25,236.33,58.24,199.29,0.62685,-1,-1,-1
1044,124,853.29,240.27,59.69,189.64,0.48861,-1,-1,-1
1044,119,1572.48,590.76,100.84,233.26,0.45942,-1,-1,-1
1044,128,289.77,534.66,69.45,199.58,0.34948,-1,-1,-1
1044,130,371.60,513.98,80.28,233.23,0.65262,-1,-1,-1
1044,146,1123.17,557.35,80.84,248.18,0.77604,-1,-1,-1
1044,149,1656.78,641.16,94.09,273.57,0.52084,-1,-1,-1
1044,160,484.63,325.04,65.61,191.16,0.44342,-1,-1,-1
1044,166,290.95,325.85,70.56,199.13,0.40630,-1,-1,-1
1044,167,584.52,538.56,64.13,252.41,0.49688,-1,-1,-1
1044,169,357.41,322.89,77.70,188.14,0.38634,-1,-1,-1
1045,4,1717.78,460.57,80.28,206.93,0.60230,-1,-1,-1
1045,104,408.40,969.11,82.20,110.89,0.74856,-1,-1,-1
1045,117,882.36,937.13,62.51,142.87,0.70892,-1,-1,-1
1045,125,940.23,235.16,58.06,199.59,0.60475,-1,-1,-1
1045,124,853.32,238.72,60.53,191.36,0.55644,-1,-1,-1
1045,119,1572.41,591.92,100.60,231.81,0.47303,-1,-1,-1
1045,128,294.15,537.26,68.53,198.99,0.40124,-1,-1,-1
1045,130,372.36,516.84,80.18,233.18,0.65100,-1,-1,-1
1045,146,1120.91,554.91,81.37,249.45,0.77545,-1,-1,-1
1045,149,1653.30,642.28,94.06,272.39,0.54918,-1,-1,-1
1045,160,483.67,325.34,65.61,191.17,0.40354,-1,-1,-1
1045,166,289.65,326.03,71.07,201.22,0.43417,-1,-1,-1
1045,167,584.78,538.24,63.40,252.81,0.49901,-1,-1,-1
1045,169,353.86,323.36,82.85,201.52,0.53347,-1,-1,-1
1045,164,1716.64,214.33,60.14,164.04,0.31177,-1,-1,-1
1046,4,1717.48,460.96,79.93,206.63,0.60278,-1,-1,-1
1046,104,410.02,970.95,83.01,109.05,0.74474,-1,-1,-1
1046,117,880.72,936.23,62.55,143.77,0.66913,-1,-1,-1
1046,125,939.87,234.30,57.86,200.09,0.59468,-1,-1,-1
1046,124,852.95,238.08,61.07,191.90,0.54740,-1,-1,-1
1046,119,1574.35,592.68,100.49,231.58,0.43349,-1,-1,-1
1046,128,289.24,537.58,71.01,204.21,0.49696,-1,-1,-1
1046,130,372.17,519.57,79.96,233.83,0.63356,-1,-1,-1
1046,146,1120.11,553.36,80.80,247.59,0.77713,-1,-1,-1
1046,149,1652.09,643.32,93.63,270.74,0.54124,-1,-1,-1
1046,160,483.26,325.05,65.87,191.54,0.41638,-1,-1,-1
1046,166,288.98,327.53,70.95,202.23,0.42140,-1,-1,-1
1046,167,585.25,538.70,62.49,252.15,0.46625,-1,-1,-1
1046,169,350.28,325.69,84.58,206.40,0.51523,-1,-1,-1
1047,4,1717.34,462.21,79.29,205.33,0.61610,-1,-1,-1
1047,104,411.66,973.78,83.30,106.22,0.73916,-1,-1,-1
1047,117,879.95,935.95,62.42,144.05,0.66687,-1,-1,-1
1047,125,938.81,233.28,57.68,199.98,0.57528,-1,-1,-1
1047,124,852.73,235.85,62.33,193.94,0.54155,-1,-1,-1
1047,119,1574.06,591.51,100.94,232.80,0.39627,-1,-1,-1
1047,128,284.26,539.37,73.65,208.62,0.53571,-1,-1,-1
1047,130,372.40,521.99,79.51,233.12,0.64604,-1,-1,-1
1047,146,1118.89,551.20,81.12,248.68,0.75511,-1,-1,-1
1047,149,1653.21,649.01,91.28,264.07,0.61563,-1,-1,-1
1047,160,483.01,326.38,65.42,189.80,0.46132,-1,-1,-1
1047,166,287.70,331.57,70.16,200.92,0.43328,-1,-1,-1
1047,167,585.67,538.51,62.13,252.91,0.46606,-1,-1,-1
1047,169,348.27,328.14,84.95,208.19,0.53996,-1,-1,-1
1048,4,1717.70,462.11,79.01,205.30,0.58610,-1,-1,-1
1048,104,414.14,977.10,83.25,102.90,0.73636,-1,-1,-1
1048,117,879.53,935.27,62.38,144.73,0.64714,-1,-1,-1
1048,125,938.93,231.37,56.08,194.54,0.58070,-1,-1,-1
1048,124,853.10,234.83,63.05,194.47,0.55385,-1,-1,-1
1048,119,1574.47,590.73,101.05,233.42,0.39458,-1,-1,-1
1048,128,280.95,541.32,75.78,211.73,0.58754,-1,-1,-1
1048,130,372.05,522.62,79.22,232.81,0.63724,-1,-1,-1
1048,146,1118.06,548.10,80.58,246.65,0.74481,-1,-1,-1
1048,149,1651.78,651.68,90.13,260.11,0.64722,-1,-1,-1
1048,160,482.18,326.63,65.81,190.67,0.46133,-1,-1,-1
1048,166,286.74,334.08,69.53,200.31,0.39209,-1,-1,-1
1048,167,585.94,538.66,61.82,253.29,0.45053,-1,-1,-1
1048,169,347.24,329.76,84.30,207.36,0.45425,-1,-1,-1
1049,4,1717.69,462.24,79.02,205.87,0.62142,-1,-1,-1
1049,104,415.64,979.56,83.80,100.44,0.74777,-1,-1,-1
1049,117,878.79,934.19,62.63,145.81,0.66951,-1,-1,-1
1049,125,938.58,229.59,55.55,192.42,0.61055,-1,-1,-1
1049,124,853.59,234.59,63.44,194.15,0.56669,-1,-1,-1
1049,119,1573.24,592.55,100.52,232.17,0.44018,-1,-1,-1
1049,128,280.93,543.74,76.39,211.86,0.55390,-1,-1,-1
1049,130,371.63,523.87,78.64,231.52,0.64681,-1,-1,-1
1049,146,1117.09,545.34,79.47,243.76,0.74286,-1,-1,-1
1049,149,1650.45,649.96,90.43,260.98,0.69607,-1,-1,-1
1049,160,480.91,326.55,66.60,192.22,0.50684,-1,-1,-1
1049,166,285.00,334.96,69.15,200.66,0.39440,-1,-1,-1
1049,167,585.94,538.02,61.43,253.49,0.49533,-1,-1,-1
1049,169,345.68,330.45,84.40,207.66,0.44969,-1,-1,-1
1050,4,1717.62,461.56,79.16,206.61,0.64516,-1,-1,-1
1050,104,418.22,982.70,83.52,97.30,0.75189,-1,-1,-1
1050,117,878.14,933.23,62.87,146.77,0.66841,-1,-1,-1
1050,125,938.38,228.03,55.26,191.02,0.60845,-1,-1,-1
1050,124,854.14,234.33,63.65,193.92,0.58981,-1,-1,-1
1050,119,1572.17,592.63,100.71,232.04,0.44316,-1,-1,-1
1050,128,280.68,546.91,76.76,212.05,0.61385,-1,-1,-1
1050,130,372.23,524.41,78.26,230.27,0.66337,-1,-1,-1
1050,146,1115.66,542.67,77.86,238.66,0.75296,-1,-1,-1
1050,149,1648.98,649.52,89.96,260.03,0.68870,-1,-1,-1
1050,160,479.97,327.54,67.34,194.15,0.44952,-1,-1,-1
1050,166,285.11,336.34,68.40,199.92,0.43983,-1,-1,-1
1050,167,586.54,537.92,61.21,253.71,0.51199,-1,-1,-1
1050,169,345.45,331.51,83.42,205.09,0.43481,-1,-1,-1
1050,164,1722.25,217.92,60.59,167.40,0.30824,-1,-1,-1
